# MUSHY-60 driven closed-loop replay of 2026-08-08 (UTC). Chamber model started at the first recorded RH/temp of the day and driven FREE for 24h with the real per-second ambient AH (MUSHY-64 fixture) and real recorded chamber temperature (a DRIVEN INPUT -- this model has no thermal dynamics) at every step. No parameter tuned; Q/F are the unmodified MUSHY-60 fitted values. duty_recorded is the time-weighted held state of the edge-published fc.humidifier relay, NOT a bucket average. 12600 rows, 1 Hz.
time_utc,rh_recorded,rh_predicted,error,duty_recorded,duty_predicted,ambient_ah,temp_c
2026-08-29T21:09:00Z,94.2641,94.2629,-0.0012,0.0000,0.0000,7.7848,13.1998
2026-08-29T21:09:01Z,94.2641,94.2617,-0.0025,0.0000,0.0000,7.7848,13.1998
2026-08-29T21:09:02Z,94.2641,94.2604,-0.0037,0.0000,0.0000,7.7848,13.1998
2026-08-29T21:09:03Z,94.2641,94.2592,-0.0049,0.0000,0.0000,7.7847,13.1998
2026-08-29T21:09:04Z,94.2641,94.2580,-0.0061,0.0000,0.0000,7.7847,13.1998
2026-08-29T21:09:05Z,94.2641,94.2568,-0.0074,0.0000,0.0000,7.7847,13.1998
2026-08-29T21:09:06Z,94.2641,94.2555,-0.0086,0.0000,0.0000,7.7847,13.1998
2026-08-29T21:09:07Z,94.2641,94.2543,-0.0098,0.0000,0.0000,7.7847,13.1998
2026-08-29T21:09:08Z,94.2641,94.2531,-0.0111,0.0000,0.0000,7.7847,13.1998
2026-08-29T21:09:09Z,94.2641,94.2518,-0.0123,0.0000,0.0000,7.7847,13.1998
2026-08-29T21:09:10Z,94.2641,94.2506,-0.0135,0.0000,0.0000,7.7847,13.1998
2026-08-29T21:09:11Z,94.2809,94.2494,-0.0315,0.0000,0.0000,7.7847,13.1998
2026-08-29T21:09:12Z,94.2809,94.2482,-0.0328,0.0000,0.0000,7.7846,13.1998
2026-08-29T21:09:13Z,94.2489,94.2469,-0.0020,0.0000,0.0000,7.7846,13.1998
2026-08-29T21:09:14Z,94.2489,94.2457,-0.0032,0.0000,0.0000,7.7846,13.1998
2026-08-29T21:09:15Z,94.2458,94.3223,0.0765,0.0000,0.0000,7.7846,13.1865
2026-08-29T21:09:16Z,94.2458,94.3211,0.0752,0.0000,0.0000,7.7846,13.1865
2026-08-29T21:09:17Z,94.2306,94.2420,0.0114,0.0000,0.0000,7.7846,13.1998
2026-08-29T21:09:18Z,94.2306,94.2408,0.0102,0.0000,0.0000,7.7846,13.1998
2026-08-29T21:09:19Z,94.2535,94.2396,-0.0139,0.0000,0.0000,7.7846,13.1998
2026-08-29T21:09:20Z,94.2535,94.2383,-0.0151,0.0000,0.0000,7.7845,13.1998
2026-08-29T21:09:21Z,94.2412,94.2371,-0.0042,0.0000,0.0000,7.7845,13.1998
2026-08-29T21:09:22Z,94.2412,94.2359,-0.0054,0.0000,0.0000,7.7845,13.1998
2026-08-29T21:09:23Z,94.2229,94.3125,0.0895,0.0000,0.0000,7.7845,13.1865
2026-08-29T21:09:24Z,94.2229,94.3112,0.0883,0.0000,0.0000,7.7845,13.1865
2026-08-29T21:09:25Z,94.2412,94.3100,0.0687,0.0000,0.0000,7.7845,13.1865
2026-08-29T21:09:26Z,94.2412,94.3088,0.0675,0.0000,0.0000,7.7845,13.1865
2026-08-29T21:09:27Z,94.2550,94.3075,0.0526,0.0000,0.0000,7.7845,13.1865
2026-08-29T21:09:28Z,94.2550,94.3063,0.0513,0.0000,0.0000,7.7845,13.1865
2026-08-29T21:09:29Z,94.2855,94.3051,0.0196,0.0000,0.0000,7.7844,13.1865
2026-08-29T21:09:30Z,94.2855,94.3038,0.0184,0.0000,0.0000,7.7844,13.1865
2026-08-29T21:09:31Z,94.2351,94.3026,0.0675,0.0000,0.0000,7.7844,13.1865
2026-08-29T21:09:32Z,94.2351,94.3014,0.0662,0.0000,0.0000,7.7844,13.1865
2026-08-29T21:09:33Z,94.2855,94.3002,0.0147,0.0000,0.0000,7.7844,13.1865
2026-08-29T21:09:34Z,94.2855,94.2989,0.0134,0.0000,0.0000,7.7844,13.1865
2026-08-29T21:09:35Z,94.2458,94.2199,-0.0259,0.0000,0.0000,7.7844,13.1998
2026-08-29T21:09:36Z,94.2458,94.2187,-0.0271,0.0000,0.0000,7.7844,13.1998
2026-08-29T21:09:37Z,94.2992,94.3731,0.0739,0.0000,0.0000,7.7844,13.1731
2026-08-29T21:09:38Z,94.2992,94.3719,0.0727,0.0000,0.0000,7.7843,13.1731
2026-08-29T21:09:39Z,94.2763,94.2928,0.0164,0.0000,0.0000,7.7843,13.1865
2026-08-29T21:09:40Z,94.2763,94.2916,0.0152,0.0000,0.0000,7.7843,13.1865
2026-08-29T21:09:41Z,94.2733,94.4617,0.1884,0.0000,0.0000,7.7843,13.1571
2026-08-29T21:09:42Z,94.2733,94.4605,0.1872,0.0000,0.0000,7.7843,13.1571
2026-08-29T21:09:43Z,94.2489,94.3657,0.1169,0.0000,0.0000,7.7843,13.1731
2026-08-29T21:09:44Z,94.2489,94.3645,0.1156,0.0000,0.0000,7.7843,13.1731
2026-08-29T21:09:45Z,94.2550,94.3633,0.1083,0.0000,0.0000,7.7843,13.1731
2026-08-29T21:09:46Z,94.2550,94.3621,0.1071,0.0000,0.0000,7.7842,13.1731
2026-08-29T21:09:47Z,94.2809,94.3608,0.0799,0.0000,0.0000,7.7842,13.1731
2026-08-29T21:09:48Z,94.2809,94.3596,0.0787,0.0000,0.0000,7.7842,13.1731
2026-08-29T21:09:49Z,94.2626,94.4519,0.1893,0.0000,0.0000,7.7842,13.1571
2026-08-29T21:09:50Z,94.2626,94.4507,0.1881,0.0000,0.0000,7.7842,13.1571
2026-08-29T21:09:51Z,94.2687,94.4494,0.1807,0.0000,0.0000,7.7842,13.1571
2026-08-29T21:09:52Z,94.2687,94.4482,0.1795,0.0000,0.0000,7.7842,13.1571
2026-08-29T21:09:53Z,94.3008,94.5250,0.2242,0.0000,0.0000,7.7842,13.1437
2026-08-29T21:09:54Z,94.3008,94.5238,0.2230,0.0000,0.0000,7.7842,13.1437
2026-08-29T21:09:55Z,94.2687,94.3510,0.0823,0.0000,0.0000,7.7841,13.1731
2026-08-29T21:09:56Z,94.2687,94.3498,0.0811,0.0000,0.0000,7.7841,13.1731
2026-08-29T21:09:57Z,94.2947,94.4421,0.1474,0.0000,0.0000,7.7841,13.1571
2026-08-29T21:09:58Z,94.2947,94.4408,0.1462,0.0000,0.0000,7.7841,13.1571
2026-08-29T21:09:59Z,94.2580,94.4396,0.1816,0.0000,0.0000,7.7841,13.1571
2026-08-29T21:10:00Z,94.2580,94.4384,0.1803,0.0000,0.0000,7.7841,13.1571
2026-08-29T21:10:01Z,94.2809,94.3436,0.0627,0.0000,0.0000,7.7841,13.1731
2026-08-29T21:10:02Z,94.2809,94.3424,0.0615,0.0000,0.0000,7.7841,13.1731
2026-08-29T21:10:03Z,94.2763,94.4347,0.1583,0.0000,0.0000,7.7840,13.1571
2026-08-29T21:10:04Z,94.2763,94.4334,0.1571,0.0000,0.0000,7.7840,13.1571
2026-08-29T21:10:05Z,94.2855,94.3387,0.0532,0.0000,0.0000,7.7840,13.1731
2026-08-29T21:10:06Z,94.2855,94.3375,0.0520,0.0000,0.0000,7.7840,13.1731
2026-08-29T21:10:07Z,94.2916,94.5078,0.2162,0.0000,0.0000,7.7840,13.1437
2026-08-29T21:10:08Z,94.2916,94.5065,0.2149,0.0000,0.0000,7.7840,13.1437
2026-08-29T21:10:09Z,94.3084,94.4273,0.1189,0.0000,0.0000,7.7840,13.1571
2026-08-29T21:10:10Z,94.3084,94.4261,0.1177,0.0000,0.0000,7.7840,13.1571
2026-08-29T21:10:11Z,94.2916,94.5028,0.2112,0.0000,0.0000,7.7840,13.1437
2026-08-29T21:10:12Z,94.2916,94.5016,0.2100,0.0000,0.0000,7.7839,13.1437
2026-08-29T21:10:13Z,94.2504,94.3289,0.0785,0.0000,0.0000,7.7839,13.1731
2026-08-29T21:10:14Z,94.2504,94.3277,0.0773,0.0000,0.0000,7.7839,13.1731
2026-08-29T21:10:15Z,94.2870,94.4979,0.2109,0.0000,0.0000,7.7839,13.1437
2026-08-29T21:10:16Z,94.2870,94.4967,0.2097,0.0000,0.0000,7.7839,13.1437
2026-08-29T21:10:17Z,94.2962,94.4955,0.1993,0.0000,0.0000,7.7839,13.1437
2026-08-29T21:10:18Z,94.2962,94.4942,0.1981,0.0000,0.0000,7.7839,13.1437
2026-08-29T21:10:19Z,94.3145,94.5711,0.2566,0.0000,0.0000,7.7839,13.1304
2026-08-29T21:10:20Z,94.3145,94.5698,0.2553,0.0000,0.0000,7.7838,13.1304
2026-08-29T21:10:21Z,94.2809,94.4905,0.2096,0.0000,0.0000,7.7838,13.1437
2026-08-29T21:10:22Z,94.2809,94.4893,0.2084,0.0000,0.0000,7.7838,13.1437
2026-08-29T21:10:23Z,94.3130,94.4881,0.1751,0.0000,0.0000,7.7838,13.1437
2026-08-29T21:10:24Z,94.3130,94.4869,0.1739,0.0000,0.0000,7.7838,13.1437
2026-08-29T21:10:25Z,94.2763,94.5637,0.2873,0.0000,0.0000,7.7838,13.1304
2026-08-29T21:10:26Z,94.2763,94.5624,0.2861,0.0000,0.0000,7.7838,13.1304
2026-08-29T21:10:27Z,94.2641,94.5612,0.2971,0.0000,0.0000,7.7838,13.1304
2026-08-29T21:10:28Z,94.2641,94.5600,0.2959,0.0000,0.0000,7.7837,13.1304
2026-08-29T21:10:29Z,94.3038,94.4807,0.1769,0.0000,0.0000,7.7837,13.1437
2026-08-29T21:10:30Z,94.3038,94.4795,0.1757,0.0000,0.0000,7.7837,13.1437
2026-08-29T21:10:31Z,94.3191,94.5563,0.2372,0.0000,0.0000,7.7837,13.1304
2026-08-29T21:10:32Z,94.3191,94.5551,0.2360,0.0000,0.0000,7.7837,13.1304
2026-08-29T21:10:33Z,94.3267,94.5538,0.2271,0.0000,0.0000,7.7837,13.1304
2026-08-29T21:10:34Z,94.3267,94.5526,0.2259,0.0000,0.0000,7.7837,13.1304
2026-08-29T21:10:35Z,94.2947,94.6295,0.3348,0.0000,0.0000,7.7837,13.1170
2026-08-29T21:10:36Z,94.2947,94.6283,0.3336,0.0000,0.0000,7.7836,13.1170
2026-08-29T21:10:37Z,94.3145,94.5489,0.2344,0.0000,0.0000,7.7836,13.1304
2026-08-29T21:10:38Z,94.3145,94.5477,0.2332,0.0000,0.0000,7.7836,13.1304
2026-08-29T21:10:39Z,94.3008,94.5465,0.2457,0.0000,0.0000,7.7836,13.1304
2026-08-29T21:10:40Z,94.3008,94.5452,0.2445,0.0000,0.0000,7.7836,13.1304
2026-08-29T21:10:41Z,94.2947,94.5440,0.2493,0.0000,0.0000,7.7836,13.1304
2026-08-29T21:10:42Z,94.2947,94.5428,0.2481,0.0000,0.0000,7.7836,13.1304
2026-08-29T21:10:43Z,94.3145,94.5415,0.2271,0.0000,0.0000,7.7836,13.1304
2026-08-29T21:10:44Z,94.3145,94.5403,0.2258,0.0000,0.0000,7.7835,13.1304
2026-08-29T21:10:45Z,94.3084,94.7110,0.4026,0.0000,0.0000,7.7835,13.1010
2026-08-29T21:10:46Z,94.3084,94.7098,0.4014,0.0000,0.0000,7.7835,13.1010
2026-08-29T21:10:47Z,94.3404,94.6147,0.2743,0.0000,0.0000,7.7835,13.1170
2026-08-29T21:10:48Z,94.3404,94.6135,0.2731,0.0000,0.0000,7.7835,13.1170
2026-08-29T21:10:49Z,94.2672,94.5342,0.2670,0.0000,0.0000,7.7835,13.1304
2026-08-29T21:10:50Z,94.2672,94.5329,0.2658,0.0000,0.0000,7.7835,13.1304
2026-08-29T21:10:51Z,94.3282,94.7036,0.3754,0.0000,0.0000,7.7835,13.1010
2026-08-29T21:10:52Z,94.3282,94.7024,0.3742,0.0000,0.0000,7.7834,13.1010
2026-08-29T21:10:53Z,94.3221,94.5292,0.2071,0.0000,0.0000,7.7834,13.1304
2026-08-29T21:10:54Z,94.3221,94.5280,0.2059,0.0000,0.0000,7.7834,13.1304
2026-08-29T21:10:55Z,94.2947,94.4488,0.1541,0.0000,0.0000,7.7834,13.1437
2026-08-29T21:10:56Z,94.2947,94.4475,0.1529,0.0000,0.0000,7.7834,13.1437
2026-08-29T21:10:57Z,94.3420,94.6024,0.2605,0.0000,0.0000,7.7834,13.1170
2026-08-29T21:10:58Z,94.3420,94.6012,0.2592,0.0000,0.0000,7.7834,13.1170
2026-08-29T21:10:59Z,94.3404,94.6000,0.2595,0.0000,0.0000,7.7834,13.1170
2026-08-29T21:11:00Z,94.3404,94.5987,0.2583,0.0000,0.0000,7.7833,13.1170
2026-08-29T21:11:01Z,94.3359,94.5194,0.1836,0.0000,0.0000,7.7833,13.1304
2026-08-29T21:11:02Z,94.3359,94.5182,0.1823,0.0000,0.0000,7.7833,13.1304
2026-08-29T21:11:03Z,94.3191,94.6889,0.3698,0.0000,0.0000,7.7833,13.1010
2026-08-29T21:11:04Z,94.3191,94.6876,0.3686,0.0000,0.0000,7.7833,13.1010
2026-08-29T21:11:05Z,94.3313,94.5926,0.2613,0.0000,0.0000,7.7833,13.1170
2026-08-29T21:11:06Z,94.3313,94.5914,0.2601,0.0000,0.0000,7.7833,13.1170
2026-08-29T21:11:07Z,94.3267,94.5901,0.2634,0.0000,0.0000,7.7832,13.1170
2026-08-29T21:11:08Z,94.3267,94.5889,0.2622,0.0000,0.0000,7.7832,13.1170
2026-08-29T21:11:09Z,94.3511,94.5096,0.1585,0.0000,0.0000,7.7832,13.1304
2026-08-29T21:11:10Z,94.3511,94.5084,0.1573,0.0000,0.0000,7.7832,13.1304
2026-08-29T21:11:11Z,94.3084,94.5852,0.2768,0.0000,0.0000,7.7832,13.1170
2026-08-29T21:11:12Z,94.3084,94.5840,0.2756,0.0000,0.0000,7.7832,13.1170
2026-08-29T21:11:13Z,94.3191,94.6766,0.3575,0.0000,0.0000,7.7832,13.1010
2026-08-29T21:11:14Z,94.3191,94.6753,0.3563,0.0000,0.0000,7.7832,13.1010
2026-08-29T21:11:15Z,94.3313,94.8306,0.4994,0.0000,0.0000,7.7831,13.0743
2026-08-29T21:11:16Z,94.3313,94.8294,0.4981,0.0000,0.0000,7.7831,13.0743
2026-08-29T21:11:17Z,94.3511,94.5778,0.2267,0.0000,0.0000,7.7831,13.1170
2026-08-29T21:11:18Z,94.3511,94.5766,0.2255,0.0000,0.0000,7.7831,13.1170
2026-08-29T21:11:19Z,94.3511,94.6692,0.3181,0.0000,0.0000,7.7831,13.1010
2026-08-29T21:11:20Z,94.3511,94.6679,0.3168,0.0000,0.0000,7.7831,13.1010
2026-08-29T21:11:21Z,94.3465,94.7450,0.3984,0.0000,0.0000,7.7831,13.0877
2026-08-29T21:11:22Z,94.3465,94.7437,0.3972,0.0000,0.0000,7.7831,13.0877
2026-08-29T21:11:23Z,94.3221,94.7425,0.4204,0.0000,0.0000,7.7830,13.0877
2026-08-29T21:11:24Z,94.3221,94.7413,0.4191,0.0000,0.0000,7.7830,13.0877
2026-08-29T21:11:25Z,94.3603,94.6618,0.3015,0.0000,0.0000,7.7830,13.1010
2026-08-29T21:11:26Z,94.3603,94.6606,0.3003,0.0000,0.0000,7.7830,13.1010
2026-08-29T21:11:27Z,94.3587,94.6593,0.3006,0.0000,0.0000,7.7830,13.1010
2026-08-29T21:11:28Z,94.3587,94.6581,0.2994,0.0000,0.0000,7.7830,13.1010
2026-08-29T21:11:29Z,94.3359,94.7351,0.3993,0.0000,0.0000,7.7830,13.0877
2026-08-29T21:11:30Z,94.3359,94.7339,0.3980,0.0000,0.0000,7.7829,13.0877
2026-08-29T21:11:31Z,94.3465,94.7326,0.3861,0.0000,0.0000,7.7829,13.0877
2026-08-29T21:11:32Z,94.3465,94.7314,0.3849,0.0000,0.0000,7.7829,13.0877
2026-08-29T21:11:33Z,94.3740,94.7302,0.3562,0.0000,0.0000,7.7829,13.0877
2026-08-29T21:11:34Z,94.3740,94.7290,0.3550,0.0000,0.0000,7.7829,13.0877
2026-08-29T21:11:35Z,94.3603,94.6495,0.2892,0.0000,0.0000,7.7829,13.1010
2026-08-29T21:11:36Z,94.3603,94.6483,0.2880,0.0000,0.0000,7.7829,13.1010
2026-08-29T21:11:37Z,94.3740,94.8036,0.4296,0.0000,0.0000,7.7829,13.0743
2026-08-29T21:11:38Z,94.3740,94.8023,0.4283,0.0000,0.0000,7.7828,13.0743
2026-08-29T21:11:39Z,94.3771,94.6446,0.2675,0.0000,0.0000,7.7828,13.1010
2026-08-29T21:11:40Z,94.3771,94.6434,0.2663,0.0000,0.0000,7.7828,13.1010
2026-08-29T21:11:41Z,94.4198,94.7986,0.3789,0.0000,0.0000,7.7828,13.0743
2026-08-29T21:11:42Z,94.4198,94.7974,0.3776,0.0000,0.0000,7.7828,13.0743
2026-08-29T21:11:43Z,94.3694,94.7179,0.3485,0.0000,0.0000,7.7828,13.0877
2026-08-29T21:11:44Z,94.3694,94.7167,0.3472,0.0000,0.0000,7.7828,13.0877
2026-08-29T21:11:45Z,94.3633,94.7154,0.3521,0.0000,0.0000,7.7827,13.0877
2026-08-29T21:11:46Z,94.3633,94.7142,0.3509,0.0000,0.0000,7.7827,13.0877
2026-08-29T21:11:47Z,94.3740,94.7912,0.4173,0.0000,0.0000,7.7827,13.0743
2026-08-29T21:11:48Z,94.3740,94.7900,0.4160,0.0000,0.0000,7.7827,13.0743
2026-08-29T21:11:49Z,94.3175,94.6323,0.3148,0.0000,0.0000,7.7827,13.1010
2026-08-29T21:11:50Z,94.3175,94.6311,0.3135,0.0000,0.0000,7.7827,13.1010
2026-08-29T21:11:51Z,94.3740,94.7863,0.4123,0.0000,0.0000,7.7827,13.0743
2026-08-29T21:11:52Z,94.3740,94.7851,0.4111,0.0000,0.0000,7.7827,13.0743
2026-08-29T21:11:53Z,94.3969,94.7056,0.3087,0.0000,0.0000,7.7826,13.0877
2026-08-29T21:11:54Z,94.3969,94.7044,0.3075,0.0000,0.0000,7.7826,13.0877
2026-08-29T21:11:55Z,94.3786,94.7031,0.3246,0.0000,0.0000,7.7826,13.0877
2026-08-29T21:11:56Z,94.3786,94.7019,0.3233,0.0000,0.0000,7.7826,13.0877
2026-08-29T21:11:57Z,94.3740,94.8573,0.4833,0.0000,0.0000,7.7826,13.0610
2026-08-29T21:11:58Z,94.3740,94.8561,0.4821,0.0000,0.0000,7.7826,13.0610
2026-08-29T21:11:59Z,94.3969,94.8548,0.4579,0.0000,0.0000,7.7826,13.0610
2026-08-29T21:12:00Z,94.3969,94.8536,0.4567,0.0000,0.0000,7.7825,13.0610
2026-08-29T21:12:01Z,94.3740,94.7740,0.4000,0.0000,0.0000,7.7825,13.0743
2026-08-29T21:12:02Z,94.3740,94.7728,0.3988,0.0000,0.0000,7.7825,13.0743
2026-08-29T21:12:03Z,94.3633,94.8499,0.4866,0.0000,0.0000,7.7825,13.0610
2026-08-29T21:12:04Z,94.3633,94.8487,0.4854,0.0000,0.0000,7.7825,13.0610
2026-08-29T21:12:05Z,94.3603,94.8474,0.4872,0.0000,0.0000,7.7825,13.0610
2026-08-29T21:12:06Z,94.3603,94.8462,0.4860,0.0000,0.0000,7.7825,13.0610
2026-08-29T21:12:07Z,94.3862,94.7667,0.3804,0.0000,0.0000,7.7824,13.0743
2026-08-29T21:12:08Z,94.3862,94.7654,0.3792,0.0000,0.0000,7.7824,13.0743
2026-08-29T21:12:09Z,94.3679,94.8425,0.4746,0.0000,0.0000,7.7824,13.0610
2026-08-29T21:12:10Z,94.3679,94.8413,0.4734,0.0000,0.0000,7.7824,13.0610
2026-08-29T21:12:11Z,94.3404,94.8401,0.4996,0.0000,0.0000,7.7824,13.0610
2026-08-29T21:12:12Z,94.3404,94.8388,0.4984,0.0000,0.0000,7.7824,13.0610
2026-08-29T21:12:13Z,94.3465,94.8376,0.4911,0.0000,0.0000,7.7824,13.0610
2026-08-29T21:12:14Z,94.3465,94.8364,0.4898,0.0000,0.0000,7.7824,13.0610
2026-08-29T21:12:15Z,94.3786,94.8351,0.4566,0.0000,0.0000,7.7823,13.0610
2026-08-29T21:12:16Z,94.3786,94.8339,0.4553,0.0000,0.0000,7.7823,13.0610
2026-08-29T21:12:17Z,94.3862,94.9268,0.5406,0.0000,0.0000,7.7823,13.0449
2026-08-29T21:12:18Z,94.3862,94.9255,0.5393,0.0000,0.0000,7.7823,13.0449
2026-08-29T21:12:19Z,94.3908,94.9243,0.5335,0.0000,0.0000,7.7823,13.0449
2026-08-29T21:12:20Z,94.3908,94.9231,0.5323,0.0000,0.0000,7.7823,13.0449
2026-08-29T21:12:21Z,94.3908,94.8278,0.4370,0.0000,0.0000,7.7823,13.0610
2026-08-29T21:12:22Z,94.3908,94.8265,0.4358,0.0000,0.0000,7.7822,13.0610
2026-08-29T21:12:23Z,94.3908,94.8253,0.4345,0.0000,0.0000,7.7822,13.0610
2026-08-29T21:12:24Z,94.3908,94.8241,0.4333,0.0000,0.0000,7.7822,13.0610
2026-08-29T21:12:25Z,94.3999,94.9169,0.5170,0.0000,0.0000,7.7822,13.0449
2026-08-29T21:12:26Z,94.3999,94.9157,0.5158,0.0000,0.0000,7.7822,13.0449
2026-08-29T21:12:27Z,94.3954,94.8204,0.4250,0.0000,0.0000,7.7822,13.0610
2026-08-29T21:12:28Z,94.3954,94.8192,0.4238,0.0000,0.0000,7.7822,13.0610
2026-08-29T21:12:29Z,94.3908,94.8179,0.4271,0.0000,0.0000,7.7821,13.0610
2026-08-29T21:12:30Z,94.3908,94.8167,0.4259,0.0000,0.0000,7.7821,13.0610
2026-08-29T21:12:31Z,94.4289,94.9880,0.5591,0.0000,0.0000,7.7821,13.0316
2026-08-29T21:12:32Z,94.4289,94.9868,0.5578,0.0000,0.0000,7.7821,13.0316
2026-08-29T21:12:33Z,94.3816,94.9071,0.5255,0.0000,0.0000,7.7821,13.0449
2026-08-29T21:12:34Z,94.3816,94.9058,0.5242,0.0000,0.0000,7.7821,13.0449
2026-08-29T21:12:35Z,94.4060,94.9046,0.4986,0.0000,0.0000,7.7821,13.0449
2026-08-29T21:12:36Z,94.4060,94.9034,0.4973,0.0000,0.0000,7.7820,13.0449
2026-08-29T21:12:37Z,94.3908,94.9806,0.5898,0.0000,0.0000,7.7820,13.0316
2026-08-29T21:12:38Z,94.3908,94.9794,0.5886,0.0000,0.0000,7.7820,13.0316
2026-08-29T21:12:39Z,94.3786,94.8056,0.4271,0.0000,0.0000,7.7820,13.0610
2026-08-29T21:12:40Z,94.3786,94.8044,0.4258,0.0000,0.0000,7.7820,13.0610
2026-08-29T21:12:41Z,94.4152,94.9757,0.5605,0.0000,0.0000,7.7820,13.0316
2026-08-29T21:12:42Z,94.4152,94.9745,0.5593,0.0000,0.0000,7.7820,13.0316
2026-08-29T21:12:43Z,94.3816,94.8948,0.5132,0.0000,0.0000,7.7819,13.0449
2026-08-29T21:12:44Z,94.3816,94.8935,0.5119,0.0000,0.0000,7.7819,13.0449
2026-08-29T21:12:45Z,94.3862,94.9708,0.5846,0.0000,0.0000,7.7819,13.0316
2026-08-29T21:12:46Z,94.3862,94.9695,0.5833,0.0000,0.0000,7.7819,13.0316
2026-08-29T21:12:47Z,94.3999,94.8899,0.4899,0.0000,0.0000,7.7819,13.0449
2026-08-29T21:12:48Z,94.3999,94.8886,0.4887,0.0000,0.0000,7.7819,13.0449
2026-08-29T21:12:49Z,94.4060,94.9659,0.5598,0.0000,0.0000,7.7819,13.0316
2026-08-29T21:12:50Z,94.4060,94.9646,0.5586,0.0000,0.0000,7.7818,13.0316
2026-08-29T21:12:51Z,94.3877,94.9634,0.5757,0.0000,0.0000,7.7818,13.0316
2026-08-29T21:12:52Z,94.3877,94.9622,0.5744,0.0000,0.0000,7.7818,13.0316
2026-08-29T21:12:53Z,94.4091,95.0395,0.6304,0.0000,0.0000,7.7818,13.0182
2026-08-29T21:12:54Z,94.4091,95.0382,0.6291,0.0000,0.0000,7.7818,13.0182
2026-08-29T21:12:55Z,94.4091,94.9585,0.5494,0.0000,0.0000,7.7818,13.0316
2026-08-29T21:12:56Z,94.4091,94.9572,0.5481,0.0000,0.0000,7.7818,13.0316
2026-08-29T21:12:57Z,94.4244,94.8776,0.4532,0.0000,0.0000,7.7817,13.0449
2026-08-29T21:12:58Z,94.4244,94.8763,0.4520,0.0000,0.0000,7.7817,13.0449
2026-08-29T21:12:59Z,94.4091,95.0321,0.6230,0.0000,0.0000,7.7817,13.0182
2026-08-29T21:13:00Z,94.4091,95.0308,0.6217,0.0000,0.0000,7.7817,13.0182
2026-08-29T21:13:01Z,94.4335,94.9511,0.5176,0.0000,0.0000,7.7817,13.0316
2026-08-29T21:13:02Z,94.4335,94.9499,0.5164,0.0000,0.0000,7.7817,13.0316
2026-08-29T21:13:03Z,94.4244,95.0271,0.6028,0.0000,0.0000,7.7817,13.0182
2026-08-29T21:13:04Z,94.4244,95.0259,0.6016,0.0000,0.0000,7.7816,13.0182
2026-08-29T21:13:05Z,94.4152,94.9462,0.5310,0.0000,0.0000,7.7816,13.0316
2026-08-29T21:13:06Z,94.4152,94.9449,0.5297,0.0000,0.0000,7.7816,13.0316
2026-08-29T21:13:07Z,94.3969,95.1008,0.7039,0.0000,0.0000,7.7816,13.0049
2026-08-29T21:13:08Z,94.3969,95.0996,0.7027,0.0000,0.0000,7.7816,13.0049
2026-08-29T21:13:09Z,94.4182,95.0983,0.6801,0.0000,0.0000,7.7816,13.0049
2026-08-29T21:13:10Z,94.4182,95.0971,0.6789,0.0000,0.0000,7.7816,13.0049
2026-08-29T21:13:11Z,94.4182,94.9388,0.5205,0.0000,0.0000,7.7815,13.0316
2026-08-29T21:13:12Z,94.4182,94.9376,0.5193,0.0000,0.0000,7.7815,13.0316
2026-08-29T21:13:13Z,94.4411,95.0934,0.6523,0.0000,0.0000,7.7815,13.0049
2026-08-29T21:13:14Z,94.4411,95.0922,0.6510,0.0000,0.0000,7.7815,13.0049
2026-08-29T21:13:15Z,94.4274,95.0124,0.5850,0.0000,0.0000,7.7815,13.0182
2026-08-29T21:13:16Z,94.4274,95.0111,0.5837,0.0000,0.0000,7.7815,13.0182
2026-08-29T21:13:17Z,94.4366,95.0885,0.6519,0.0000,0.0000,7.7814,13.0049
2026-08-29T21:13:18Z,94.4366,95.0873,0.6507,0.0000,0.0000,7.7814,13.0049
2026-08-29T21:13:19Z,94.4472,95.0860,0.6388,0.0000,0.0000,7.7814,13.0049
2026-08-29T21:13:20Z,94.4472,95.0848,0.6376,0.0000,0.0000,7.7814,13.0049
2026-08-29T21:13:21Z,94.4335,95.0836,0.6501,0.0000,0.0000,7.7814,13.0049
2026-08-29T21:13:22Z,94.4335,95.0823,0.6488,0.0000,0.0000,7.7814,13.0049
2026-08-29T21:13:23Z,94.4182,95.0811,0.6629,0.0000,0.0000,7.7814,13.0049
2026-08-29T21:13:24Z,94.4182,95.0799,0.6616,0.0000,0.0000,7.7813,13.0049
2026-08-29T21:13:25Z,94.4427,95.1730,0.7304,0.0000,0.0000,7.7813,12.9889
2026-08-29T21:13:26Z,94.4427,95.1718,0.7291,0.0000,0.0000,7.7813,12.9889
2026-08-29T21:13:27Z,94.4274,94.9191,0.4917,0.0000,0.0000,7.7813,13.0316
2026-08-29T21:13:28Z,94.4274,94.9179,0.4905,0.0000,0.0000,7.7813,13.0316
2026-08-29T21:13:29Z,94.4091,94.9952,0.5861,0.0000,0.0000,7.7813,13.0182
2026-08-29T21:13:30Z,94.4091,94.9939,0.5848,0.0000,0.0000,7.7813,13.0182
2026-08-29T21:13:31Z,94.4640,95.1656,0.7016,0.0000,0.0000,7.7812,12.9889
2026-08-29T21:13:32Z,94.4640,95.1644,0.7004,0.0000,0.0000,7.7812,12.9889
2026-08-29T21:13:33Z,94.4335,95.1632,0.7297,0.0000,0.0000,7.7812,12.9889
2026-08-29T21:13:34Z,94.4335,95.1619,0.7284,0.0000,0.0000,7.7812,12.9889
2026-08-29T21:13:35Z,94.4366,95.3182,0.8816,0.0000,0.0000,7.7812,12.9622
2026-08-29T21:13:36Z,94.4366,95.3170,0.8804,0.0000,0.0000,7.7812,12.9622
2026-08-29T21:13:37Z,94.4274,95.1582,0.7308,0.0000,0.0000,7.7812,12.9889
2026-08-29T21:13:38Z,94.4274,95.1570,0.7296,0.0000,0.0000,7.7811,12.9889
2026-08-29T21:13:39Z,94.4411,95.1558,0.7146,0.0000,0.0000,7.7811,12.9889
2026-08-29T21:13:40Z,94.4411,95.1545,0.7134,0.0000,0.0000,7.7811,12.9889
2026-08-29T21:13:41Z,94.4366,95.1533,0.7168,0.0000,0.0000,7.7811,12.9889
2026-08-29T21:13:42Z,94.4366,95.1521,0.7155,0.0000,0.0000,7.7811,12.9889
2026-08-29T21:13:43Z,94.4427,95.1509,0.7082,0.0000,0.0000,7.7811,12.9889
2026-08-29T21:13:44Z,94.4427,95.1496,0.7070,0.0000,0.0000,7.7810,12.9889
2026-08-29T21:13:45Z,94.4106,95.1484,0.7378,0.0000,0.0000,7.7810,12.9889
2026-08-29T21:13:46Z,94.4106,95.1472,0.7365,0.0000,0.0000,7.7810,12.9889
2026-08-29T21:13:47Z,94.4335,95.1459,0.7124,0.0000,0.0000,7.7810,12.9889
2026-08-29T21:13:48Z,94.4335,95.1447,0.7112,0.0000,0.0000,7.7810,12.9889
2026-08-29T21:13:49Z,94.4182,95.1435,0.7252,0.0000,0.0000,7.7810,12.9889
2026-08-29T21:13:50Z,94.4182,95.1422,0.7240,0.0000,0.0000,7.7810,12.9889
2026-08-29T21:13:51Z,94.4747,95.2197,0.7450,0.0000,0.0000,7.7809,12.9755
2026-08-29T21:13:52Z,94.4747,95.2185,0.7438,0.0000,0.0000,7.7809,12.9755
2026-08-29T21:13:53Z,94.4503,95.3749,0.9246,0.0000,0.0000,7.7809,12.9488
2026-08-29T21:13:54Z,94.4503,95.3736,0.9233,0.0000,0.0000,7.7809,12.9488
2026-08-29T21:13:55Z,94.4518,95.2148,0.7630,0.0000,0.0000,7.7809,12.9755
2026-08-29T21:13:56Z,94.4518,95.2135,0.7617,0.0000,0.0000,7.7809,12.9755
2026-08-29T21:13:57Z,94.4640,95.1336,0.6696,0.0000,0.0000,7.7808,12.9889
2026-08-29T21:13:58Z,94.4640,95.1324,0.6684,0.0000,0.0000,7.7808,12.9889
2026-08-29T21:13:59Z,94.4732,95.3675,0.8943,0.0000,0.0000,7.7808,12.9488
2026-08-29T21:14:00Z,94.4732,95.3662,0.8930,0.0000,0.0000,7.7808,12.9488
2026-08-29T21:14:01Z,94.4610,95.2074,0.7464,0.0000,0.0000,7.7808,12.9755
2026-08-29T21:14:02Z,94.4610,95.2062,0.7452,0.0000,0.0000,7.7808,12.9755
2026-08-29T21:14:03Z,94.4564,95.2049,0.7485,0.0000,0.0000,7.7808,12.9755
2026-08-29T21:14:04Z,94.4564,95.2037,0.7473,0.0000,0.0000,7.7807,12.9755
2026-08-29T21:14:05Z,94.4503,95.2025,0.7522,0.0000,0.0000,7.7807,12.9755
2026-08-29T21:14:06Z,94.4503,95.2012,0.7509,0.0000,0.0000,7.7807,12.9755
2026-08-29T21:14:07Z,94.4686,95.2000,0.7314,0.0000,0.0000,7.7807,12.9755
2026-08-29T21:14:08Z,94.4686,95.1988,0.7302,0.0000,0.0000,7.7807,12.9755
2026-08-29T21:14:09Z,94.4335,95.4498,1.0163,0.0000,0.0000,7.7807,12.9328
2026-08-29T21:14:10Z,94.4335,95.4486,1.0151,0.0000,0.0000,7.7806,12.9328
2026-08-29T21:14:11Z,94.4823,95.3527,0.8703,0.0000,0.0000,7.7806,12.9488
2026-08-29T21:14:12Z,94.4823,95.3514,0.8691,0.0000,0.0000,7.7806,12.9488
2026-08-29T21:14:13Z,94.4503,95.2714,0.8211,0.0000,0.0000,7.7806,12.9622
2026-08-29T21:14:14Z,94.4503,95.2701,0.8198,0.0000,0.0000,7.7806,12.9622
2026-08-29T21:14:15Z,94.4503,95.1902,0.7399,0.0000,0.0000,7.7806,12.9755
2026-08-29T21:14:16Z,94.4503,95.1889,0.7386,0.0000,0.0000,7.7806,12.9755
2026-08-29T21:14:17Z,94.4656,95.3453,0.8797,0.0000,0.0000,7.7805,12.9488
2026-08-29T21:14:18Z,94.4656,95.3440,0.8785,0.0000,0.0000,7.7805,12.9488
2026-08-29T21:14:19Z,94.4747,95.3428,0.8681,0.0000,0.0000,7.7805,12.9488
2026-08-29T21:14:20Z,94.4747,95.3416,0.8669,0.0000,0.0000,7.7805,12.9488
2026-08-29T21:14:21Z,94.4549,95.3403,0.8855,0.0000,0.0000,7.7805,12.9488
2026-08-29T21:14:22Z,94.4549,95.3391,0.8842,0.0000,0.0000,7.7805,12.9488
2026-08-29T21:14:23Z,94.4686,95.2591,0.7905,0.0000,0.0000,7.7804,12.9622
2026-08-29T21:14:24Z,94.4686,95.2578,0.7892,0.0000,0.0000,7.7804,12.9622
2026-08-29T21:14:25Z,94.4884,95.2566,0.7682,0.0000,0.0000,7.7804,12.9622
2026-08-29T21:14:26Z,94.4884,95.2554,0.7669,0.0000,0.0000,7.7804,12.9622
2026-08-29T21:14:27Z,94.4686,95.4276,0.9590,0.0000,0.0000,7.7804,12.9328
2026-08-29T21:14:28Z,94.4686,95.4264,0.9578,0.0000,0.0000,7.7804,12.9328
2026-08-29T21:14:29Z,94.5006,95.1729,0.6723,0.0000,0.0000,7.7803,12.9755
2026-08-29T21:14:30Z,94.5006,95.1717,0.6711,0.0000,0.0000,7.7803,12.9755
2026-08-29T21:14:31Z,94.4884,95.3280,0.8396,0.0000,0.0000,7.7803,12.9488
2026-08-29T21:14:32Z,94.4884,95.3268,0.8383,0.0000,0.0000,7.7803,12.9488
2026-08-29T21:14:33Z,94.4823,95.3256,0.8432,0.0000,0.0000,7.7803,12.9488
2026-08-29T21:14:34Z,94.4823,95.3243,0.8420,0.0000,0.0000,7.7803,12.9488
2026-08-29T21:14:35Z,94.4747,95.3231,0.8484,0.0000,0.0000,7.7803,12.9488
2026-08-29T21:14:36Z,94.4747,95.3219,0.8472,0.0000,0.0000,7.7802,12.9488
2026-08-29T21:14:37Z,94.4564,95.3206,0.8642,0.0000,0.0000,7.7802,12.9488
2026-08-29T21:14:38Z,94.4564,95.3194,0.8630,0.0000,0.0000,7.7802,12.9488
2026-08-29T21:14:39Z,94.4686,95.2394,0.7708,0.0000,0.0000,7.7802,12.9622
2026-08-29T21:14:40Z,94.4686,95.2381,0.7695,0.0000,0.0000,7.7802,12.9622
2026-08-29T21:14:41Z,94.4915,95.4104,0.9189,0.0000,0.0000,7.7802,12.9328
2026-08-29T21:14:42Z,94.4915,95.4091,0.9176,0.0000,0.0000,7.7801,12.9328
2026-08-29T21:14:43Z,94.4610,95.4079,0.9469,0.0000,0.0000,7.7801,12.9328
2026-08-29T21:14:44Z,94.4610,95.4067,0.9457,0.0000,0.0000,7.7801,12.9328
2026-08-29T21:14:45Z,94.4839,95.3108,0.8269,0.0000,0.0000,7.7801,12.9488
2026-08-29T21:14:46Z,94.4839,95.3095,0.8257,0.0000,0.0000,7.7801,12.9488
2026-08-29T21:14:47Z,94.5022,95.4030,0.9008,0.0000,0.0000,7.7801,12.9328
2026-08-29T21:14:48Z,94.5022,95.4017,0.8996,0.0000,0.0000,7.7800,12.9328
2026-08-29T21:14:49Z,94.4915,95.3059,0.8144,0.0000,0.0000,7.7800,12.9488
2026-08-29T21:14:50Z,94.4915,95.3046,0.8131,0.0000,0.0000,7.7800,12.9488
2026-08-29T21:14:51Z,94.5190,95.3980,0.8791,0.0000,0.0000,7.7800,12.9328
2026-08-29T21:14:52Z,94.5190,95.3968,0.8778,0.0000,0.0000,7.7800,12.9328
2026-08-29T21:14:53Z,94.4839,95.4745,0.9907,0.0000,0.0000,7.7800,12.9194
2026-08-29T21:14:54Z,94.4839,95.4733,0.9894,0.0000,0.0000,7.7799,12.9194
2026-08-29T21:14:55Z,94.4839,95.4721,0.9882,0.0000,0.0000,7.7799,12.9194
2026-08-29T21:14:56Z,94.4839,95.4708,0.9870,0.0000,0.0000,7.7799,12.9194
2026-08-29T21:14:57Z,94.4823,95.4696,0.9873,0.0000,0.0000,7.7799,12.9194
2026-08-29T21:14:58Z,94.4823,95.4684,0.9860,0.0000,0.0000,7.7799,12.9194
2026-08-29T21:14:59Z,94.5068,95.3882,0.8814,0.0000,0.0000,7.7799,12.9328
2026-08-29T21:15:00Z,94.5068,95.3870,0.8802,0.0000,0.0000,7.7799,12.9328
2026-08-29T21:15:01Z,94.4778,95.5437,1.0659,0.0000,0.0000,7.7798,12.9061
2026-08-29T21:15:02Z,94.4778,95.5424,1.0647,0.0000,0.0000,7.7798,12.9061
2026-08-29T21:15:03Z,94.5190,95.4622,0.9432,0.0000,0.0000,7.7798,12.9194
2026-08-29T21:15:04Z,94.5190,95.4610,0.9420,0.0000,0.0000,7.7798,12.9194
2026-08-29T21:15:05Z,94.5022,95.4597,0.9576,0.0000,0.0000,7.7798,12.9194
2026-08-29T21:15:06Z,94.5022,95.4585,0.9563,0.0000,0.0000,7.7798,12.9194
2026-08-29T21:15:07Z,94.4915,95.4573,0.9658,0.0000,0.0000,7.7797,12.9194
2026-08-29T21:15:08Z,94.4915,95.4560,0.9645,0.0000,0.0000,7.7797,12.9194
2026-08-29T21:15:09Z,94.4884,95.5338,1.0454,0.0000,0.0000,7.7797,12.9061
2026-08-29T21:15:10Z,94.4884,95.5326,1.0441,0.0000,0.0000,7.7797,12.9061
2026-08-29T21:15:11Z,94.4884,95.3734,0.8850,0.0000,0.0000,7.7797,12.9328
2026-08-29T21:15:12Z,94.4884,95.3722,0.8837,0.0000,0.0000,7.7797,12.9328
2026-08-29T21:15:13Z,94.5190,95.3709,0.8520,0.0000,0.0000,7.7796,12.9328
2026-08-29T21:15:14Z,94.5190,95.3697,0.8508,0.0000,0.0000,7.7796,12.9328
2026-08-29T21:15:15Z,94.5144,95.4474,0.9330,0.0000,0.0000,7.7796,12.9194
2026-08-29T21:15:16Z,94.5144,95.4462,0.9318,0.0000,0.0000,7.7796,12.9194
2026-08-29T21:15:17Z,94.4930,95.5239,1.0309,0.0000,0.0000,7.7796,12.9061
2026-08-29T21:15:18Z,94.4930,95.5227,1.0297,0.0000,0.0000,7.7796,12.9061
2026-08-29T21:15:19Z,94.4930,95.5215,1.0285,0.0000,0.0000,7.7795,12.9061
2026-08-29T21:15:20Z,94.4930,95.5202,1.0272,0.0000,0.0000,7.7795,12.9061
2026-08-29T21:15:21Z,94.5098,95.5190,1.0092,0.0000,0.0000,7.7795,12.9061
2026-08-29T21:15:22Z,94.5098,95.5178,1.0080,0.0000,0.0000,7.7795,12.9061
2026-08-29T21:15:23Z,94.4778,95.4376,0.9598,0.0000,0.0000,7.7795,12.9194
2026-08-29T21:15:24Z,94.4778,95.4363,0.9586,0.0000,0.0000,7.7795,12.9194
2026-08-29T21:15:25Z,94.5159,95.5141,0.9982,0.0000,0.0000,7.7794,12.9061
2026-08-29T21:15:26Z,94.5159,95.5129,0.9969,0.0000,0.0000,7.7794,12.9061
2026-08-29T21:15:27Z,94.4747,95.5907,1.1160,0.0000,0.0000,7.7794,12.8927
2026-08-29T21:15:28Z,94.4747,95.5894,1.1147,0.0000,0.0000,7.7794,12.8927
2026-08-29T21:15:29Z,94.5296,95.5882,1.0586,0.0000,0.0000,7.7794,12.8927
2026-08-29T21:15:30Z,94.5296,95.5870,1.0573,0.0000,0.0000,7.7794,12.8927
2026-08-29T21:15:31Z,94.5068,95.4277,0.9210,0.0000,0.0000,7.7793,12.9194
2026-08-29T21:15:32Z,94.5068,95.4265,0.9197,0.0000,0.0000,7.7793,12.9194
2026-08-29T21:15:33Z,94.5235,95.5042,0.9807,0.0000,0.0000,7.7793,12.9061
2026-08-29T21:15:34Z,94.5235,95.5030,0.9795,0.0000,0.0000,7.7793,12.9061
2026-08-29T21:15:35Z,94.5022,95.5808,1.0786,0.0000,0.0000,7.7793,12.8927
2026-08-29T21:15:36Z,94.5022,95.5796,1.0774,0.0000,0.0000,7.7793,12.8927
2026-08-29T21:15:37Z,94.5418,95.4203,0.8785,0.0000,0.0000,7.7792,12.9194
2026-08-29T21:15:38Z,94.5418,95.4191,0.8772,0.0000,0.0000,7.7792,12.9194
2026-08-29T21:15:39Z,94.5022,95.5759,1.0737,0.0000,0.0000,7.7792,12.8927
2026-08-29T21:15:40Z,94.5022,95.5747,1.0725,0.0000,0.0000,7.7792,12.8927
2026-08-29T21:15:41Z,94.5281,95.5734,1.0453,0.0000,0.0000,7.7792,12.8927
2026-08-29T21:15:42Z,94.5281,95.5722,1.0441,0.0000,0.0000,7.7792,12.8927
2026-08-29T21:15:43Z,94.5342,95.4919,0.9577,0.0000,0.0000,7.7791,12.9061
2026-08-29T21:15:44Z,94.5342,95.4907,0.9565,0.0000,0.0000,7.7791,12.9061
2026-08-29T21:15:45Z,94.5190,95.6634,1.1445,0.0000,0.0000,7.7791,12.8767
2026-08-29T21:15:46Z,94.5190,95.6622,1.1432,0.0000,0.0000,7.7791,12.8767
2026-08-29T21:15:47Z,94.4930,95.6610,1.1680,0.0000,0.0000,7.7791,12.8767
2026-08-29T21:15:48Z,94.4930,95.6597,1.1667,0.0000,0.0000,7.7791,12.8767
2026-08-29T21:15:49Z,94.5235,95.7377,1.2142,0.0000,0.0000,7.7790,12.8634
2026-08-29T21:15:50Z,94.5235,95.7365,1.2129,0.0000,0.0000,7.7790,12.8634
2026-08-29T21:15:51Z,94.4823,95.4821,0.9997,0.0000,0.0000,7.7790,12.9061
2026-08-29T21:15:52Z,94.4823,95.4808,0.9985,0.0000,0.0000,7.7790,12.9061
2026-08-29T21:15:53Z,94.5113,95.5586,1.0473,0.0000,0.0000,7.7790,12.8927
2026-08-29T21:15:54Z,94.5113,95.5574,1.0461,0.0000,0.0000,7.7790,12.8927
2026-08-29T21:15:55Z,94.5464,95.5562,1.0097,0.0000,0.0000,7.7789,12.8927
2026-08-29T21:15:56Z,94.5464,95.5549,1.0085,0.0000,0.0000,7.7789,12.8927
2026-08-29T21:15:57Z,94.4884,95.6486,1.1602,0.0000,0.0000,7.7789,12.8767
2026-08-29T21:15:58Z,94.4884,95.6474,1.1590,0.0000,0.0000,7.7789,12.8767
2026-08-29T21:15:59Z,94.5113,95.5512,1.0399,0.0000,0.0000,7.7789,12.8927
2026-08-29T21:16:00Z,94.5113,95.5500,1.0387,0.0000,0.0000,7.7789,12.8927
2026-08-29T21:16:01Z,94.5342,95.6437,1.1095,0.0000,0.0000,7.7788,12.8767
2026-08-29T21:16:02Z,94.5342,95.6425,1.1083,0.0000,0.0000,7.7788,12.8767
2026-08-29T21:16:03Z,94.5022,95.5463,1.0441,0.0000,0.0000,7.7788,12.8927
2026-08-29T21:16:04Z,94.5022,95.5451,1.0429,0.0000,0.0000,7.7788,12.8927
2026-08-29T21:16:05Z,94.5464,95.7180,1.1715,0.0000,0.0000,7.7788,12.8634
2026-08-29T21:16:06Z,94.5464,95.7167,1.1703,0.0000,0.0000,7.7787,12.8634
2026-08-29T21:16:07Z,94.5388,95.7155,1.1767,0.0000,0.0000,7.7787,12.8634
2026-08-29T21:16:08Z,94.5388,95.7143,1.1755,0.0000,0.0000,7.7787,12.8634
2026-08-29T21:16:09Z,94.5480,95.5389,0.9910,0.0000,0.0000,7.7787,12.8927
2026-08-29T21:16:10Z,94.5480,95.5377,0.9898,0.0000,0.0000,7.7787,12.8927
2026-08-29T21:16:11Z,94.5739,95.6314,1.0575,0.0000,0.0000,7.7787,12.8767
2026-08-29T21:16:12Z,94.5739,95.6302,1.0563,0.0000,0.0000,7.7786,12.8767
2026-08-29T21:16:13Z,94.5235,95.7081,1.1846,0.0000,0.0000,7.7786,12.8634
2026-08-29T21:16:14Z,94.5235,95.7069,1.1833,0.0000,0.0000,7.7786,12.8634
2026-08-29T21:16:15Z,94.5296,95.6265,1.0968,0.0000,0.0000,7.7786,12.8767
2026-08-29T21:16:16Z,94.5296,95.6252,1.0956,0.0000,0.0000,7.7786,12.8767
2026-08-29T21:16:17Z,94.5480,95.7032,1.1552,0.0000,0.0000,7.7786,12.8634
2026-08-29T21:16:18Z,94.5480,95.7019,1.1540,0.0000,0.0000,7.7785,12.8634
2026-08-29T21:16:19Z,94.5510,95.6215,1.0705,0.0000,0.0000,7.7785,12.8767
2026-08-29T21:16:20Z,94.5510,95.6203,1.0693,0.0000,0.0000,7.7785,12.8767
2026-08-29T21:16:21Z,94.5113,95.6191,1.1077,0.0000,0.0000,7.7785,12.8767
2026-08-29T21:16:22Z,94.5113,95.6178,1.1065,0.0000,0.0000,7.7785,12.8767
2026-08-29T21:16:23Z,94.5388,95.6166,1.0778,0.0000,0.0000,7.7785,12.8767
2026-08-29T21:16:24Z,94.5388,95.6154,1.0766,0.0000,0.0000,7.7784,12.8767
2026-08-29T21:16:25Z,94.5388,95.7725,1.2338,0.0000,0.0000,7.7784,12.8500
2026-08-29T21:16:26Z,94.5388,95.7713,1.2325,0.0000,0.0000,7.7784,12.8500
2026-08-29T21:16:27Z,94.5556,95.7701,1.2145,0.0000,0.0000,7.7784,12.8500
2026-08-29T21:16:28Z,94.5556,95.7688,1.2133,0.0000,0.0000,7.7784,12.8500
2026-08-29T21:16:29Z,94.5480,95.8469,1.2990,0.0000,0.0000,7.7784,12.8367
2026-08-29T21:16:30Z,94.5480,95.8457,1.2977,0.0000,0.0000,7.7783,12.8367
2026-08-29T21:16:31Z,94.5388,95.7651,1.2264,0.0000,0.0000,7.7783,12.8500
2026-08-29T21:16:32Z,94.5388,95.7639,1.2251,0.0000,0.0000,7.7783,12.8500
2026-08-29T21:16:33Z,94.5418,95.7627,1.2208,0.0000,0.0000,7.7783,12.8500
2026-08-29T21:16:34Z,94.5418,95.7615,1.2196,0.0000,0.0000,7.7783,12.8500
2026-08-29T21:16:35Z,94.5281,95.6810,1.1529,0.0000,0.0000,7.7782,12.8634
2026-08-29T21:16:36Z,94.5281,95.6798,1.1516,0.0000,0.0000,7.7782,12.8634
2026-08-29T21:16:37Z,94.5754,95.8371,1.2616,0.0000,0.0000,7.7782,12.8367
2026-08-29T21:16:38Z,94.5754,95.8358,1.2604,0.0000,0.0000,7.7782,12.8367
2026-08-29T21:16:39Z,94.5342,95.7553,1.2211,0.0000,0.0000,7.7782,12.8500
2026-08-29T21:16:40Z,94.5342,95.7541,1.2198,0.0000,0.0000,7.7782,12.8500
2026-08-29T21:16:41Z,94.5800,95.8321,1.2521,0.0000,0.0000,7.7781,12.8367
2026-08-29T21:16:42Z,94.5800,95.8309,1.2509,0.0000,0.0000,7.7781,12.8367
2026-08-29T21:16:43Z,94.5739,95.6711,1.0972,0.0000,0.0000,7.7781,12.8634
2026-08-29T21:16:44Z,94.5739,95.6699,1.0960,0.0000,0.0000,7.7781,12.8634
2026-08-29T21:16:45Z,94.5693,95.6687,1.0994,0.0000,0.0000,7.7781,12.8634
2026-08-29T21:16:46Z,94.5693,95.6674,1.0981,0.0000,0.0000,7.7781,12.8634
2026-08-29T21:16:47Z,94.5571,95.6662,1.1091,0.0000,0.0000,7.7780,12.8634
2026-08-29T21:16:48Z,94.5571,95.6650,1.1079,0.0000,0.0000,7.7780,12.8634
2026-08-29T21:16:49Z,94.5754,95.8222,1.2468,0.0000,0.0000,7.7780,12.8367
2026-08-29T21:16:50Z,94.5754,95.8210,1.2456,0.0000,0.0000,7.7780,12.8367
2026-08-29T21:16:51Z,94.5937,95.8198,1.2261,0.0000,0.0000,7.7780,12.8367
2026-08-29T21:16:52Z,94.5937,95.8186,1.2248,0.0000,0.0000,7.7779,12.8367
2026-08-29T21:16:53Z,94.5434,95.7380,1.1947,0.0000,0.0000,7.7779,12.8500
2026-08-29T21:16:54Z,94.5434,95.7368,1.1934,0.0000,0.0000,7.7779,12.8500
2026-08-29T21:16:55Z,94.5663,95.8149,1.2486,0.0000,0.0000,7.7779,12.8367
2026-08-29T21:16:56Z,94.5663,95.8136,1.2474,0.0000,0.0000,7.7779,12.8367
2026-08-29T21:16:57Z,94.5510,95.8124,1.2614,0.0000,0.0000,7.7779,12.8367
2026-08-29T21:16:58Z,94.5510,95.8112,1.2601,0.0000,0.0000,7.7778,12.8367
2026-08-29T21:16:59Z,94.5342,95.8099,1.2757,0.0000,0.0000,7.7778,12.8367
2026-08-29T21:17:00Z,94.5342,95.8087,1.2745,0.0000,0.0000,7.7778,12.8367
2026-08-29T21:17:01Z,94.5434,95.8075,1.2641,0.0000,0.0000,7.7778,12.8367
2026-08-29T21:17:02Z,94.5434,95.8062,1.2628,0.0000,0.0000,7.7778,12.8367
2026-08-29T21:17:03Z,94.5510,95.8050,1.2540,0.0000,0.0000,7.7777,12.8367
2026-08-29T21:17:04Z,94.5510,95.8038,1.2528,0.0000,0.0000,7.7777,12.8367
2026-08-29T21:17:05Z,94.5937,95.8977,1.3040,0.0000,0.0000,7.7777,12.8206
2026-08-29T21:17:06Z,94.5937,95.8965,1.3028,0.0000,0.0000,7.7777,12.8206
2026-08-29T21:17:07Z,94.5480,95.8001,1.2521,0.0000,0.0000,7.7777,12.8367
2026-08-29T21:17:08Z,94.5480,95.7988,1.2509,0.0000,0.0000,7.7777,12.8367
2026-08-29T21:17:09Z,94.5571,95.7976,1.2405,0.0000,0.0000,7.7776,12.8367
2026-08-29T21:17:10Z,94.5571,95.7964,1.2393,0.0000,0.0000,7.7776,12.8367
2026-08-29T21:17:11Z,94.5663,95.8903,1.3241,0.0000,0.0000,7.7776,12.8206
2026-08-29T21:17:12Z,94.5663,95.8891,1.3229,0.0000,0.0000,7.7776,12.8206
2026-08-29T21:17:13Z,94.5480,95.7927,1.2447,0.0000,0.0000,7.7776,12.8367
2026-08-29T21:17:14Z,94.5480,95.7914,1.2435,0.0000,0.0000,7.7775,12.8367
2026-08-29T21:17:15Z,94.5693,95.8854,1.3161,0.0000,0.0000,7.7775,12.8206
2026-08-29T21:17:16Z,94.5693,95.8842,1.3149,0.0000,0.0000,7.7775,12.8206
2026-08-29T21:17:17Z,94.5617,95.7877,1.2261,0.0000,0.0000,7.7775,12.8367
2026-08-29T21:17:18Z,94.5617,95.7865,1.2248,0.0000,0.0000,7.7775,12.8367
2026-08-29T21:17:19Z,94.5830,95.9599,1.3769,0.0000,0.0000,7.7775,12.8073
2026-08-29T21:17:20Z,94.5830,95.9587,1.3756,0.0000,0.0000,7.7774,12.8073
2026-08-29T21:17:21Z,94.5785,95.9574,1.3790,0.0000,0.0000,7.7774,12.8073
2026-08-29T21:17:22Z,94.5785,95.9562,1.3777,0.0000,0.0000,7.7774,12.8073
2026-08-29T21:17:23Z,94.5754,95.8756,1.3001,0.0000,0.0000,7.7774,12.8206
2026-08-29T21:17:24Z,94.5754,95.8743,1.2989,0.0000,0.0000,7.7774,12.8206
2026-08-29T21:17:25Z,94.5785,96.0320,1.4535,0.0000,0.0000,7.7773,12.7939
2026-08-29T21:17:26Z,94.5785,96.0308,1.4523,0.0000,0.0000,7.7773,12.7939
2026-08-29T21:17:27Z,94.6151,95.9500,1.3349,0.0000,0.0000,7.7773,12.8073
2026-08-29T21:17:28Z,94.6151,95.9488,1.3337,0.0000,0.0000,7.7773,12.8073
2026-08-29T21:17:29Z,94.5754,96.0271,1.4516,0.0000,0.0000,7.7773,12.7939
2026-08-29T21:17:30Z,94.5754,96.0258,1.4504,0.0000,0.0000,7.7773,12.7939
2026-08-29T21:17:31Z,94.5968,95.9451,1.3483,0.0000,0.0000,7.7772,12.8073
2026-08-29T21:17:32Z,94.5968,95.9439,1.3471,0.0000,0.0000,7.7772,12.8073
2026-08-29T21:17:33Z,94.5617,95.9426,1.3809,0.0000,0.0000,7.7772,12.8073
2026-08-29T21:17:34Z,94.5617,95.9414,1.3797,0.0000,0.0000,7.7772,12.8073
2026-08-29T21:17:35Z,94.5510,95.9402,1.3892,0.0000,0.0000,7.7772,12.8073
2026-08-29T21:17:36Z,94.5510,95.9389,1.3879,0.0000,0.0000,7.7771,12.8073
2026-08-29T21:17:37Z,94.5937,96.0172,1.4234,0.0000,0.0000,7.7771,12.7939
2026-08-29T21:17:38Z,94.5937,96.0159,1.4222,0.0000,0.0000,7.7771,12.7939
2026-08-29T21:17:39Z,94.5693,96.0147,1.4454,0.0000,0.0000,7.7771,12.7939
2026-08-29T21:17:40Z,94.5693,96.0135,1.4442,0.0000,0.0000,7.7771,12.7939
2026-08-29T21:17:41Z,94.5693,95.8534,1.2841,0.0000,0.0000,7.7771,12.8206
2026-08-29T21:17:42Z,94.5693,95.8521,1.2828,0.0000,0.0000,7.7770,12.8206
2026-08-29T21:17:43Z,94.5510,96.0098,1.4588,0.0000,0.0000,7.7770,12.7939
2026-08-29T21:17:44Z,94.5510,96.0085,1.4575,0.0000,0.0000,7.7770,12.7939
2026-08-29T21:17:45Z,94.5754,96.0073,1.4319,0.0000,0.0000,7.7770,12.7939
2026-08-29T21:17:46Z,94.5754,96.0061,1.4307,0.0000,0.0000,7.7770,12.7939
2026-08-29T21:17:47Z,94.5937,96.0844,1.4907,0.0000,0.0000,7.7769,12.7806
2026-08-29T21:17:48Z,94.5937,96.0831,1.4894,0.0000,0.0000,7.7769,12.7806
2026-08-29T21:17:49Z,94.5846,96.0819,1.4973,0.0000,0.0000,7.7769,12.7806
2026-08-29T21:17:50Z,94.5846,96.0807,1.4961,0.0000,0.0000,7.7769,12.7806
2026-08-29T21:17:51Z,94.5937,96.1750,1.5813,0.0000,0.0000,7.7769,12.7646
2026-08-29T21:17:52Z,94.5937,96.1737,1.5800,0.0000,0.0000,7.7769,12.7646
2026-08-29T21:17:53Z,94.6059,95.9974,1.3915,0.0000,0.0000,7.7768,12.7939
2026-08-29T21:17:54Z,94.6059,95.9962,1.3903,0.0000,0.0000,7.7768,12.7939
2026-08-29T21:17:55Z,94.5785,95.9950,1.4165,0.0000,0.0000,7.7768,12.7939
2026-08-29T21:17:56Z,94.5785,95.9937,1.4153,0.0000,0.0000,7.7768,12.7939
2026-08-29T21:17:57Z,94.6304,95.9130,1.2827,0.0000,0.0000,7.7768,12.8073
2026-08-29T21:17:58Z,94.6304,95.9118,1.2815,0.0000,0.0000,7.7767,12.8073
2026-08-29T21:17:59Z,94.6059,96.0696,1.4636,0.0000,0.0000,7.7767,12.7806
2026-08-29T21:18:00Z,94.6059,96.0683,1.4624,0.0000,0.0000,7.7767,12.7806
2026-08-29T21:18:01Z,94.5892,96.0671,1.4779,0.0000,0.0000,7.7767,12.7806
2026-08-29T21:18:02Z,94.5892,96.0659,1.4767,0.0000,0.0000,7.7767,12.7806
2026-08-29T21:18:03Z,94.5830,95.9851,1.4021,0.0000,0.0000,7.7766,12.7939
2026-08-29T21:18:04Z,94.5830,95.9839,1.4008,0.0000,0.0000,7.7766,12.7939
2026-08-29T21:18:05Z,94.5937,95.9826,1.3889,0.0000,0.0000,7.7766,12.7939
2026-08-29T21:18:06Z,94.5937,95.9814,1.3877,0.0000,0.0000,7.7766,12.7939
2026-08-29T21:18:07Z,94.5937,96.0597,1.4660,0.0000,0.0000,7.7766,12.7806
2026-08-29T21:18:08Z,94.5937,96.0585,1.4647,0.0000,0.0000,7.7766,12.7806
2026-08-29T21:18:09Z,94.6075,95.9777,1.3702,0.0000,0.0000,7.7765,12.7939
2026-08-29T21:18:10Z,94.6075,95.9765,1.3690,0.0000,0.0000,7.7765,12.7939
2026-08-29T21:18:11Z,94.5968,96.1503,1.5535,0.0000,0.0000,7.7765,12.7646
2026-08-29T21:18:12Z,94.5968,96.1490,1.5523,0.0000,0.0000,7.7765,12.7646
2026-08-29T21:18:13Z,94.5968,96.0523,1.4555,0.0000,0.0000,7.7765,12.7806
2026-08-29T21:18:14Z,94.5968,96.0511,1.4543,0.0000,0.0000,7.7764,12.7806
2026-08-29T21:18:15Z,94.5785,95.9703,1.3918,0.0000,0.0000,7.7764,12.7939
2026-08-29T21:18:16Z,94.5785,95.9691,1.3906,0.0000,0.0000,7.7764,12.7939
2026-08-29T21:18:17Z,94.6029,96.1429,1.5400,0.0000,0.0000,7.7764,12.7646
2026-08-29T21:18:18Z,94.6029,96.1416,1.5388,0.0000,0.0000,7.7764,12.7646
2026-08-29T21:18:19Z,94.6105,96.0449,1.4344,0.0000,0.0000,7.7763,12.7806
2026-08-29T21:18:20Z,94.6105,96.0437,1.4332,0.0000,0.0000,7.7763,12.7806
2026-08-29T21:18:21Z,94.6166,96.1379,1.5213,0.0000,0.0000,7.7763,12.7646
2026-08-29T21:18:22Z,94.6166,96.1367,1.5201,0.0000,0.0000,7.7763,12.7646
2026-08-29T21:18:23Z,94.6151,96.0400,1.4249,0.0000,0.0000,7.7763,12.7806
2026-08-29T21:18:24Z,94.6151,96.0387,1.4236,0.0000,0.0000,7.7762,12.7806
2026-08-29T21:18:25Z,94.6151,96.0375,1.4224,0.0000,0.0000,7.7762,12.7806
2026-08-29T21:18:26Z,94.6151,96.0363,1.4212,0.0000,0.0000,7.7762,12.7806
2026-08-29T21:18:27Z,94.6166,96.2102,1.5936,0.0000,0.0000,7.7762,12.7512
2026-08-29T21:18:28Z,94.6166,96.2090,1.5923,0.0000,0.0000,7.7762,12.7512
2026-08-29T21:18:29Z,94.5846,96.1281,1.5435,0.0000,0.0000,7.7762,12.7646
2026-08-29T21:18:30Z,94.5846,96.1268,1.5423,0.0000,0.0000,7.7761,12.7646
2026-08-29T21:18:31Z,94.6212,96.1256,1.5044,0.0000,0.0000,7.7761,12.7646
2026-08-29T21:18:32Z,94.6212,96.1244,1.5032,0.0000,0.0000,7.7761,12.7646
2026-08-29T21:18:33Z,94.6349,96.1231,1.4882,0.0000,0.0000,7.7761,12.7646
2026-08-29T21:18:34Z,94.6349,96.1219,1.4870,0.0000,0.0000,7.7761,12.7646
2026-08-29T21:18:35Z,94.6059,96.0252,1.4192,0.0000,0.0000,7.7760,12.7806
2026-08-29T21:18:36Z,94.6059,96.0239,1.4180,0.0000,0.0000,7.7760,12.7806
2026-08-29T21:18:37Z,94.5830,96.1182,1.5352,0.0000,0.0000,7.7760,12.7646
2026-08-29T21:18:38Z,94.5830,96.1170,1.5339,0.0000,0.0000,7.7760,12.7646
2026-08-29T21:18:39Z,94.6532,96.1157,1.4625,0.0000,0.0000,7.7760,12.7646
2026-08-29T21:18:40Z,94.6532,96.1145,1.4613,0.0000,0.0000,7.7759,12.7646
2026-08-29T21:18:41Z,94.6242,96.1929,1.5687,0.0000,0.0000,7.7759,12.7512
2026-08-29T21:18:42Z,94.6242,96.1917,1.5674,0.0000,0.0000,7.7759,12.7512
2026-08-29T21:18:43Z,94.6059,96.1108,1.5049,0.0000,0.0000,7.7759,12.7646
2026-08-29T21:18:44Z,94.6059,96.1096,1.5036,0.0000,0.0000,7.7759,12.7646
2026-08-29T21:18:45Z,94.6166,96.1083,1.4917,0.0000,0.0000,7.7758,12.7646
2026-08-29T21:18:46Z,94.6166,96.1071,1.4905,0.0000,0.0000,7.7758,12.7646
2026-08-29T21:18:47Z,94.6166,96.1855,1.5689,0.0000,0.0000,7.7758,12.7512
2026-08-29T21:18:48Z,94.6166,96.1843,1.5677,0.0000,0.0000,7.7758,12.7512
2026-08-29T21:18:49Z,94.5830,96.1034,1.5204,0.0000,0.0000,7.7758,12.7646
2026-08-29T21:18:50Z,94.5830,96.1022,1.5191,0.0000,0.0000,7.7757,12.7646
2026-08-29T21:18:51Z,94.6029,96.1806,1.5777,0.0000,0.0000,7.7757,12.7512
2026-08-29T21:18:52Z,94.6029,96.1793,1.5765,0.0000,0.0000,7.7757,12.7512
2026-08-29T21:18:53Z,94.6578,96.0985,1.4407,0.0000,0.0000,7.7757,12.7646
2026-08-29T21:18:54Z,94.6578,96.0972,1.4394,0.0000,0.0000,7.7757,12.7646
2026-08-29T21:18:55Z,94.6166,96.1756,1.5590,0.0000,0.0000,7.7756,12.7512
2026-08-29T21:18:56Z,94.6166,96.1744,1.5578,0.0000,0.0000,7.7756,12.7512
2026-08-29T21:18:57Z,94.6029,96.2529,1.6500,0.0000,0.0000,7.7756,12.7379
2026-08-29T21:18:58Z,94.6029,96.2516,1.6488,0.0000,0.0000,7.7756,12.7379
2026-08-29T21:18:59Z,94.6151,96.2504,1.6353,0.0000,0.0000,7.7756,12.7379
2026-08-29T21:19:00Z,94.6151,96.2492,1.6341,0.0000,0.0000,7.7756,12.7379
2026-08-29T21:19:01Z,94.5892,96.1682,1.5791,0.0000,0.0000,7.7755,12.7512
2026-08-29T21:19:02Z,94.5892,96.1670,1.5779,0.0000,0.0000,7.7755,12.7512
2026-08-29T21:19:03Z,94.6288,96.2455,1.6167,0.0000,0.0000,7.7755,12.7379
2026-08-29T21:19:04Z,94.6288,96.2442,1.6154,0.0000,0.0000,7.7755,12.7379
2026-08-29T21:19:05Z,94.6380,96.3228,1.6848,0.0000,0.0000,7.7755,12.7245
2026-08-29T21:19:06Z,94.6380,96.3216,1.6836,0.0000,0.0000,7.7754,12.7245
2026-08-29T21:19:07Z,94.6242,96.2405,1.6163,0.0000,0.0000,7.7754,12.7379
2026-08-29T21:19:08Z,94.6242,96.2393,1.6151,0.0000,0.0000,7.7754,12.7379
2026-08-29T21:19:09Z,94.6578,96.1584,1.5006,0.0000,0.0000,7.7754,12.7512
2026-08-29T21:19:10Z,94.6578,96.1571,1.4993,0.0000,0.0000,7.7754,12.7512
2026-08-29T21:19:11Z,94.5983,96.2356,1.6373,0.0000,0.0000,7.7753,12.7379
2026-08-29T21:19:12Z,94.5983,96.2344,1.6361,0.0000,0.0000,7.7753,12.7379
2026-08-29T21:19:13Z,94.6151,96.4247,1.8096,0.0000,0.0000,7.7753,12.7058
2026-08-29T21:19:14Z,94.6151,96.4235,1.8084,0.0000,0.0000,7.7753,12.7058
2026-08-29T21:19:15Z,94.6258,96.3104,1.6847,0.0000,0.0000,7.7753,12.7245
2026-08-29T21:19:16Z,94.6258,96.3092,1.6834,0.0000,0.0000,7.7752,12.7245
2026-08-29T21:19:17Z,94.6334,96.0689,1.4355,0.0000,0.0000,7.7752,12.7646
2026-08-29T21:19:18Z,94.6334,96.0677,1.4343,0.0000,0.0000,7.7752,12.7646
2026-08-29T21:19:19Z,94.5892,96.4173,1.8281,0.0000,0.0000,7.7752,12.7058
2026-08-29T21:19:20Z,94.5892,96.4161,1.8269,0.0000,0.0000,7.7752,12.7058
2026-08-29T21:19:21Z,94.6288,96.2233,1.5944,0.0000,0.0000,7.7751,12.7379
2026-08-29T21:19:22Z,94.6288,96.2220,1.5932,0.0000,0.0000,7.7751,12.7379
2026-08-29T21:19:23Z,94.6304,96.3006,1.6702,0.0000,0.0000,7.7751,12.7245
2026-08-29T21:19:24Z,94.6304,96.2993,1.6690,0.0000,0.0000,7.7751,12.7245
2026-08-29T21:19:25Z,94.6212,96.2981,1.6769,0.0000,0.0000,7.7751,12.7245
2026-08-29T21:19:26Z,94.6212,96.2969,1.6757,0.0000,0.0000,7.7750,12.7245
2026-08-29T21:19:27Z,94.6380,96.2956,1.6576,0.0000,0.0000,7.7750,12.7245
2026-08-29T21:19:28Z,94.6380,96.2944,1.6564,0.0000,0.0000,7.7750,12.7245
2026-08-29T21:19:29Z,94.5968,96.2932,1.6964,0.0000,0.0000,7.7750,12.7245
2026-08-29T21:19:30Z,94.5968,96.2919,1.6951,0.0000,0.0000,7.7750,12.7245
2026-08-29T21:19:31Z,94.6426,96.2907,1.6481,0.0000,0.0000,7.7749,12.7245
2026-08-29T21:19:32Z,94.6426,96.2895,1.6469,0.0000,0.0000,7.7749,12.7245
2026-08-29T21:19:33Z,94.6166,96.2882,1.6716,0.0000,0.0000,7.7749,12.7245
2026-08-29T21:19:34Z,94.6166,96.2870,1.6704,0.0000,0.0000,7.7749,12.7245
2026-08-29T21:19:35Z,94.6212,96.2858,1.6646,0.0000,0.0000,7.7749,12.7245
2026-08-29T21:19:36Z,94.6212,96.2845,1.6633,0.0000,0.0000,7.7748,12.7245
2026-08-29T21:19:37Z,94.6212,96.2035,1.5824,0.0000,0.0000,7.7748,12.7379
2026-08-29T21:19:38Z,94.6212,96.2023,1.5811,0.0000,0.0000,7.7748,12.7379
2026-08-29T21:19:39Z,94.6029,96.2808,1.6779,0.0000,0.0000,7.7748,12.7245
2026-08-29T21:19:40Z,94.6029,96.2796,1.6767,0.0000,0.0000,7.7748,12.7245
2026-08-29T21:19:41Z,94.6487,96.4700,1.8214,0.0000,0.0000,7.7747,12.6925
2026-08-29T21:19:42Z,94.6487,96.4688,1.8201,0.0000,0.0000,7.7747,12.6925
2026-08-29T21:19:43Z,94.6059,96.2759,1.6700,0.0000,0.0000,7.7747,12.7245
2026-08-29T21:19:44Z,94.6059,96.2747,1.6687,0.0000,0.0000,7.7747,12.7245
2026-08-29T21:19:45Z,94.6563,96.3852,1.7289,0.0000,0.0000,7.7747,12.7058
2026-08-29T21:19:46Z,94.6563,96.3839,1.7277,0.0000,0.0000,7.7746,12.7058
2026-08-29T21:19:47Z,94.6487,96.3827,1.7340,0.0000,0.0000,7.7746,12.7058
2026-08-29T21:19:48Z,94.6487,96.3815,1.7328,0.0000,0.0000,7.7746,12.7058
2026-08-29T21:19:49Z,94.6517,96.2685,1.6168,0.0000,0.0000,7.7746,12.7245
2026-08-29T21:19:50Z,94.6517,96.2673,1.6155,0.0000,0.0000,7.7746,12.7245
2026-08-29T21:19:51Z,94.6029,96.1863,1.5834,0.0000,0.0000,7.7745,12.7379
2026-08-29T21:19:52Z,94.6029,96.1851,1.5822,0.0000,0.0000,7.7745,12.7379
2026-08-29T21:19:53Z,94.6105,96.3753,1.7648,0.0000,0.0000,7.7745,12.7058
2026-08-29T21:19:54Z,94.6105,96.3741,1.7636,0.0000,0.0000,7.7745,12.7058
2026-08-29T21:19:55Z,94.6807,96.3728,1.6921,0.0000,0.0000,7.7745,12.7058
2026-08-29T21:19:56Z,94.6807,96.3716,1.6909,0.0000,0.0000,7.7744,12.7058
2026-08-29T21:19:57Z,94.6304,96.4503,1.8199,0.0000,0.0000,7.7744,12.6925
2026-08-29T21:19:58Z,94.6304,96.4490,1.8187,0.0000,0.0000,7.7744,12.6925
2026-08-29T21:19:59Z,94.6654,96.2562,1.5907,0.0000,0.0000,7.7744,12.7245
2026-08-29T21:20:00Z,94.6654,96.2549,1.5895,0.0000,0.0000,7.7744,12.7245
2026-08-29T21:20:01Z,94.6029,96.3654,1.7625,0.0000,0.0000,7.7743,12.7058
2026-08-29T21:20:02Z,94.6029,96.3642,1.7613,0.0000,0.0000,7.7743,12.7058
2026-08-29T21:20:03Z,94.6563,96.2512,1.5949,0.0000,0.0000,7.7743,12.7245
2026-08-29T21:20:04Z,94.6563,96.2500,1.5937,0.0000,0.0000,7.7743,12.7245
2026-08-29T21:20:05Z,94.6105,96.2488,1.6383,0.0000,0.0000,7.7742,12.7245
2026-08-29T21:20:06Z,94.6105,96.2475,1.6370,0.0000,0.0000,7.7742,12.7245
2026-08-29T21:20:07Z,94.6609,96.4379,1.7771,0.0000,0.0000,7.7742,12.6925
2026-08-29T21:20:08Z,94.6609,96.4367,1.7758,0.0000,0.0000,7.7742,12.6925
2026-08-29T21:20:09Z,94.6059,96.2438,1.6379,0.0000,0.0000,7.7742,12.7245
2026-08-29T21:20:10Z,94.6059,96.2426,1.6367,0.0000,0.0000,7.7741,12.7245
2026-08-29T21:20:11Z,94.6517,96.5129,1.8612,0.0000,0.0000,7.7741,12.6791
2026-08-29T21:20:12Z,94.6517,96.5117,1.8600,0.0000,0.0000,7.7741,12.6791
2026-08-29T21:20:13Z,94.6151,96.4305,1.8154,0.0000,0.0000,7.7741,12.6925
2026-08-29T21:20:14Z,94.6151,96.4293,1.8142,0.0000,0.0000,7.7741,12.6925
2026-08-29T21:20:15Z,94.6334,96.3482,1.7148,0.0000,0.0000,7.7740,12.7058
2026-08-29T21:20:16Z,94.6334,96.3469,1.7135,0.0000,0.0000,7.7740,12.7058
2026-08-29T21:20:17Z,94.6563,96.5055,1.8492,0.0000,0.0000,7.7740,12.6791
2026-08-29T21:20:18Z,94.6563,96.5043,1.8480,0.0000,0.0000,7.7740,12.6791
2026-08-29T21:20:19Z,94.6304,96.2315,1.6012,0.0000,0.0000,7.7740,12.7245
2026-08-29T21:20:20Z,94.6304,96.2303,1.5999,0.0000,0.0000,7.7739,12.7245
2026-08-29T21:20:21Z,94.6334,96.3408,1.7074,0.0000,0.0000,7.7739,12.7058
2026-08-29T21:20:22Z,94.6334,96.3395,1.7061,0.0000,0.0000,7.7739,12.7058
2026-08-29T21:20:23Z,94.6517,96.3383,1.6866,0.0000,0.0000,7.7739,12.7058
2026-08-29T21:20:24Z,94.6517,96.3371,1.6854,0.0000,0.0000,7.7739,12.7058
2026-08-29T21:20:25Z,94.6517,96.4157,1.7640,0.0000,0.0000,7.7738,12.6925
2026-08-29T21:20:26Z,94.6517,96.4145,1.7628,0.0000,0.0000,7.7738,12.6925
2026-08-29T21:20:27Z,94.6578,96.4132,1.7554,0.0000,0.0000,7.7738,12.6925
2026-08-29T21:20:28Z,94.6578,96.4120,1.7542,0.0000,0.0000,7.7738,12.6925
2026-08-29T21:20:29Z,94.6334,96.4907,1.8573,0.0000,0.0000,7.7738,12.6791
2026-08-29T21:20:30Z,94.6334,96.4895,1.8561,0.0000,0.0000,7.7737,12.6791
2026-08-29T21:20:31Z,94.6715,96.4083,1.7368,0.0000,0.0000,7.7737,12.6925
2026-08-29T21:20:32Z,94.6715,96.4071,1.7355,0.0000,0.0000,7.7737,12.6925
2026-08-29T21:20:33Z,94.6426,96.4858,1.8432,0.0000,0.0000,7.7737,12.6791
2026-08-29T21:20:34Z,94.6426,96.4845,1.8420,0.0000,0.0000,7.7736,12.6791
2026-08-29T21:20:35Z,94.6838,96.4833,1.7996,0.0000,0.0000,7.7736,12.6791
2026-08-29T21:20:36Z,94.6838,96.4821,1.7983,0.0000,0.0000,7.7736,12.6791
2026-08-29T21:20:37Z,94.6578,96.5609,1.9030,0.0000,0.0000,7.7736,12.6658
2026-08-29T21:20:38Z,94.6578,96.5596,1.9018,0.0000,0.0000,7.7736,12.6658
2026-08-29T21:20:39Z,94.6700,96.5584,1.8884,0.0000,0.0000,7.7735,12.6658
2026-08-29T21:20:40Z,94.6700,96.5572,1.8871,0.0000,0.0000,7.7735,12.6658
2026-08-29T21:20:41Z,94.6349,96.5559,1.9210,0.0000,0.0000,7.7735,12.6658
2026-08-29T21:20:42Z,94.6349,96.5547,1.9198,0.0000,0.0000,7.7735,12.6658
2026-08-29T21:20:43Z,94.6700,96.4734,1.8034,0.0000,0.0000,7.7735,12.6791
2026-08-29T21:20:44Z,94.6700,96.4722,1.8022,0.0000,0.0000,7.7734,12.6791
2026-08-29T21:20:45Z,94.6654,96.4710,1.8055,0.0000,0.0000,7.7734,12.6791
2026-08-29T21:20:46Z,94.6654,96.4697,1.8043,0.0000,0.0000,7.7734,12.6791
2026-08-29T21:20:47Z,94.6700,96.7248,2.0548,0.0000,0.0000,7.7734,12.6364
2026-08-29T21:20:48Z,94.6700,96.7235,2.0535,0.0000,0.0000,7.7734,12.6364
2026-08-29T21:20:49Z,94.6838,96.5460,1.8623,0.0000,0.0000,7.7733,12.6658
2026-08-29T21:20:50Z,94.6838,96.5448,1.8610,0.0000,0.0000,7.7733,12.6658
2026-08-29T21:20:51Z,94.6578,96.5436,1.8858,0.0000,0.0000,7.7733,12.6658
2026-08-29T21:20:52Z,94.6578,96.5423,1.8845,0.0000,0.0000,7.7733,12.6658
2026-08-29T21:20:53Z,94.6715,96.6372,1.9656,0.0000,0.0000,7.7732,12.6497
2026-08-29T21:20:54Z,94.6715,96.6360,1.9644,0.0000,0.0000,7.7732,12.6497
2026-08-29T21:20:55Z,94.6609,96.5386,1.8778,0.0000,0.0000,7.7732,12.6658
2026-08-29T21:20:56Z,94.6609,96.5374,1.8765,0.0000,0.0000,7.7732,12.6658
2026-08-29T21:20:57Z,94.6975,96.7124,2.0149,0.0000,0.0000,7.7732,12.6364
2026-08-29T21:20:58Z,94.6975,96.7112,2.0137,0.0000,0.0000,7.7731,12.6364
2026-08-29T21:20:59Z,94.6700,96.7099,2.0399,0.0000,0.0000,7.7731,12.6364
2026-08-29T21:21:00Z,94.6700,96.7087,2.0387,0.0000,0.0000,7.7731,12.6364
2026-08-29T21:21:01Z,94.6578,96.6273,1.9695,0.0000,0.0000,7.7731,12.6497
2026-08-29T21:21:02Z,94.6578,96.6261,1.9683,0.0000,0.0000,7.7731,12.6497
2026-08-29T21:21:03Z,94.6654,96.5288,1.8633,0.0000,0.0000,7.7730,12.6658
2026-08-29T21:21:04Z,94.6654,96.5275,1.8621,0.0000,0.0000,7.7730,12.6658
2026-08-29T21:21:05Z,94.6700,96.7025,2.0325,0.0000,0.0000,7.7730,12.6364
2026-08-29T21:21:06Z,94.6700,96.7013,2.0313,0.0000,0.0000,7.7730,12.6364
2026-08-29T21:21:07Z,94.6654,96.6199,1.9545,0.0000,0.0000,7.7730,12.6497
2026-08-29T21:21:08Z,94.6654,96.6187,1.9532,0.0000,0.0000,7.7729,12.6497
2026-08-29T21:21:09Z,94.6609,96.6174,1.9566,0.0000,0.0000,7.7729,12.6497
2026-08-29T21:21:10Z,94.6609,96.6162,1.9553,0.0000,0.0000,7.7729,12.6497
2026-08-29T21:21:11Z,94.6761,96.5189,1.8428,0.0000,0.0000,7.7729,12.6658
2026-08-29T21:21:12Z,94.6761,96.5177,1.8415,0.0000,0.0000,7.7728,12.6658
2026-08-29T21:21:13Z,94.6578,96.6926,2.0348,0.0000,0.0000,7.7728,12.6364
2026-08-29T21:21:14Z,94.6578,96.6914,2.0336,0.0000,0.0000,7.7728,12.6364
2026-08-29T21:21:15Z,94.6792,96.6100,1.9308,0.0000,0.0000,7.7728,12.6497
2026-08-29T21:21:16Z,94.6792,96.6088,1.9296,0.0000,0.0000,7.7728,12.6497
2026-08-29T21:21:17Z,94.6715,96.5115,1.8399,0.0000,0.0000,7.7727,12.6658
2026-08-29T21:21:18Z,94.6715,96.5103,1.8387,0.0000,0.0000,7.7727,12.6658
2026-08-29T21:21:19Z,94.6929,96.6051,1.9122,0.0000,0.0000,7.7727,12.6497
2026-08-29T21:21:20Z,94.6929,96.6039,1.9109,0.0000,0.0000,7.7727,12.6497
2026-08-29T21:21:21Z,94.6929,96.7630,2.0700,0.0000,0.0000,7.7727,12.6230
2026-08-29T21:21:22Z,94.6929,96.7617,2.0688,0.0000,0.0000,7.7726,12.6230
2026-08-29T21:21:23Z,94.6609,96.6803,2.0194,0.0000,0.0000,7.7726,12.6364
2026-08-29T21:21:24Z,94.6609,96.6790,2.0182,0.0000,0.0000,7.7726,12.6364
2026-08-29T21:21:25Z,94.6715,96.6778,2.0063,0.0000,0.0000,7.7726,12.6364
2026-08-29T21:21:26Z,94.6715,96.6766,2.0050,0.0000,0.0000,7.7725,12.6364
2026-08-29T21:21:27Z,94.6609,96.6753,2.0145,0.0000,0.0000,7.7725,12.6364
2026-08-29T21:21:28Z,94.6609,96.6741,2.0132,0.0000,0.0000,7.7725,12.6364
2026-08-29T21:21:29Z,94.6578,96.7531,2.0953,0.0000,0.0000,7.7725,12.6230
2026-08-29T21:21:30Z,94.6578,96.7518,2.0940,0.0000,0.0000,7.7725,12.6230
2026-08-29T21:21:31Z,94.6883,96.6704,1.9821,0.0000,0.0000,7.7724,12.6364
2026-08-29T21:21:32Z,94.6883,96.6692,1.9808,0.0000,0.0000,7.7724,12.6364
2026-08-29T21:21:33Z,94.6700,96.5878,1.9178,0.0000,0.0000,7.7724,12.6497
2026-08-29T21:21:34Z,94.6700,96.5866,1.9166,0.0000,0.0000,7.7724,12.6497
2026-08-29T21:21:35Z,94.7112,96.7457,2.0344,0.0000,0.0000,7.7723,12.6230
2026-08-29T21:21:36Z,94.7112,96.7444,2.0332,0.0000,0.0000,7.7723,12.6230
2026-08-29T21:21:37Z,94.6883,96.5829,1.8945,0.0000,0.0000,7.7723,12.6497
2026-08-29T21:21:38Z,94.6883,96.5816,1.8933,0.0000,0.0000,7.7723,12.6497
2026-08-29T21:21:39Z,94.6700,96.7407,2.0707,0.0000,0.0000,7.7723,12.6230
2026-08-29T21:21:40Z,94.6700,96.7395,2.0695,0.0000,0.0000,7.7722,12.6230
2026-08-29T21:21:41Z,94.6471,96.6581,2.0109,0.0000,0.0000,7.7722,12.6364
2026-08-29T21:21:42Z,94.6471,96.6568,2.0097,0.0000,0.0000,7.7722,12.6364
2026-08-29T21:21:43Z,94.6975,96.6556,1.9581,0.0000,0.0000,7.7722,12.6364
2026-08-29T21:21:44Z,94.6975,96.6544,1.9569,0.0000,0.0000,7.7722,12.6364
2026-08-29T21:21:45Z,94.6517,96.6531,2.0014,0.0000,0.0000,7.7721,12.6364
2026-08-29T21:21:46Z,94.6517,96.6519,2.0002,0.0000,0.0000,7.7721,12.6364
2026-08-29T21:21:47Z,94.6853,96.7308,2.0456,0.0000,0.0000,7.7721,12.6230
2026-08-29T21:21:48Z,94.6853,96.7296,2.0443,0.0000,0.0000,7.7721,12.6230
2026-08-29T21:21:49Z,94.6975,96.7284,2.0309,0.0000,0.0000,7.7720,12.6230
2026-08-29T21:21:50Z,94.6975,96.7271,2.0296,0.0000,0.0000,7.7720,12.6230
2026-08-29T21:21:51Z,94.6426,96.6457,2.0032,0.0000,0.0000,7.7720,12.6364
2026-08-29T21:21:52Z,94.6426,96.6445,2.0019,0.0000,0.0000,7.7720,12.6364
2026-08-29T21:21:53Z,94.6654,96.7234,2.0580,0.0000,0.0000,7.7720,12.6230
2026-08-29T21:21:54Z,94.6654,96.7222,2.0567,0.0000,0.0000,7.7719,12.6230
2026-08-29T21:21:55Z,94.6883,96.8012,2.1129,0.0000,0.0000,7.7719,12.6097
2026-08-29T21:21:56Z,94.6883,96.8000,2.1116,0.0000,0.0000,7.7719,12.6097
2026-08-29T21:21:57Z,94.6883,96.7987,2.1104,0.0000,0.0000,7.7719,12.6097
2026-08-29T21:21:58Z,94.6883,96.7975,2.1092,0.0000,0.0000,7.7718,12.6097
2026-08-29T21:21:59Z,94.6761,96.7963,2.1201,0.0000,0.0000,7.7718,12.6097
2026-08-29T21:22:00Z,94.6761,96.7950,2.1189,0.0000,0.0000,7.7718,12.6097
2026-08-29T21:22:01Z,94.6715,96.6334,1.9618,0.0000,0.0000,7.7718,12.6364
2026-08-29T21:22:02Z,94.6715,96.6322,1.9606,0.0000,0.0000,7.7718,12.6364
2026-08-29T21:22:03Z,94.6654,96.7913,2.1259,0.0000,0.0000,7.7717,12.6097
2026-08-29T21:22:04Z,94.6654,96.7901,2.1246,0.0000,0.0000,7.7717,12.6097
2026-08-29T21:22:05Z,94.6624,96.7086,2.0462,0.0000,0.0000,7.7717,12.6230
2026-08-29T21:22:06Z,94.6624,96.7074,2.0450,0.0000,0.0000,7.7717,12.6230
2026-08-29T21:22:07Z,94.6517,96.7864,2.1347,0.0000,0.0000,7.7716,12.6097
2026-08-29T21:22:08Z,94.6517,96.7851,2.1334,0.0000,0.0000,7.7716,12.6097
2026-08-29T21:22:09Z,94.6792,96.7037,2.0245,0.0000,0.0000,7.7716,12.6230
2026-08-29T21:22:10Z,94.6792,96.7024,2.0233,0.0000,0.0000,7.7716,12.6230
2026-08-29T21:22:11Z,94.7036,96.7012,1.9976,0.0000,0.0000,7.7716,12.6230
2026-08-29T21:22:12Z,94.7036,96.7000,1.9964,0.0000,0.0000,7.7715,12.6230
2026-08-29T21:22:13Z,94.6853,96.8753,2.1901,0.0000,0.0000,7.7715,12.5937
2026-08-29T21:22:14Z,94.6853,96.8741,2.1888,0.0000,0.0000,7.7715,12.5937
2026-08-29T21:22:15Z,94.6929,96.8729,2.1800,0.0000,0.0000,7.7715,12.5937
2026-08-29T21:22:16Z,94.6929,96.8716,2.1787,0.0000,0.0000,7.7714,12.5937
2026-08-29T21:22:17Z,94.6532,96.8704,2.2172,0.0000,0.0000,7.7714,12.5937
2026-08-29T21:22:18Z,94.6532,96.8692,2.2159,0.0000,0.0000,7.7714,12.5937
2026-08-29T21:22:19Z,94.6624,96.6913,2.0289,0.0000,0.0000,7.7714,12.6230
2026-08-29T21:22:20Z,94.6624,96.6901,2.0277,0.0000,0.0000,7.7714,12.6230
2026-08-29T21:22:21Z,94.7265,96.8655,2.1390,0.0000,0.0000,7.7713,12.5937
2026-08-29T21:22:22Z,94.7265,96.8642,2.1377,0.0000,0.0000,7.7713,12.5937
2026-08-29T21:22:23Z,94.6715,96.9434,2.2718,0.0000,0.0000,7.7713,12.5803
2026-08-29T21:22:24Z,94.6715,96.9421,2.2706,0.0000,0.0000,7.7713,12.5803
2026-08-29T21:22:25Z,94.7036,96.8605,2.1569,0.0000,0.0000,7.7712,12.5937
2026-08-29T21:22:26Z,94.7036,96.8593,2.1557,0.0000,0.0000,7.7712,12.5937
2026-08-29T21:22:27Z,94.7158,96.7617,2.0459,0.0000,0.0000,7.7712,12.6097
2026-08-29T21:22:28Z,94.7158,96.7605,2.0447,0.0000,0.0000,7.7712,12.6097
2026-08-29T21:22:29Z,94.7204,96.7592,2.0388,0.0000,0.0000,7.7712,12.6097
2026-08-29T21:22:30Z,94.7204,96.7580,2.0376,0.0000,0.0000,7.7711,12.6097
2026-08-29T21:22:31Z,94.7311,96.9335,2.2024,0.0000,0.0000,7.7711,12.5803
2026-08-29T21:22:32Z,94.7311,96.9322,2.2012,0.0000,0.0000,7.7711,12.5803
2026-08-29T21:22:33Z,94.6990,96.9310,2.2320,0.0000,0.0000,7.7711,12.5803
2026-08-29T21:22:34Z,94.6990,96.9298,2.2308,0.0000,0.0000,7.7710,12.5803
2026-08-29T21:22:35Z,94.7036,96.6716,1.9680,0.0000,0.0000,7.7710,12.6230
2026-08-29T21:22:36Z,94.7036,96.6704,1.9668,0.0000,0.0000,7.7710,12.6230
2026-08-29T21:22:37Z,94.6990,96.9261,2.2271,0.0000,0.0000,7.7710,12.5803
2026-08-29T21:22:38Z,94.6990,96.9248,2.2258,0.0000,0.0000,7.7710,12.5803
2026-08-29T21:22:39Z,94.7265,96.8432,2.1167,0.0000,0.0000,7.7709,12.5937
2026-08-29T21:22:40Z,94.7265,96.8420,2.1155,0.0000,0.0000,7.7709,12.5937
2026-08-29T21:22:41Z,94.7158,96.8408,2.1250,0.0000,0.0000,7.7709,12.5937
2026-08-29T21:22:42Z,94.7158,96.8395,2.1237,0.0000,0.0000,7.7709,12.5937
2026-08-29T21:22:43Z,94.6853,96.9187,2.2334,0.0000,0.0000,7.7708,12.5803
2026-08-29T21:22:44Z,94.6853,96.9174,2.2321,0.0000,0.0000,7.7708,12.5803
2026-08-29T21:22:45Z,94.7204,96.9162,2.1958,0.0000,0.0000,7.7708,12.5803
2026-08-29T21:22:46Z,94.7204,96.9149,2.1946,0.0000,0.0000,7.7708,12.5803
2026-08-29T21:22:47Z,94.7204,96.9137,2.1933,0.0000,0.0000,7.7707,12.5803
2026-08-29T21:22:48Z,94.7204,96.9125,2.1921,0.0000,0.0000,7.7707,12.5803
2026-08-29T21:22:49Z,94.7204,96.8309,2.1105,0.0000,0.0000,7.7707,12.5937
2026-08-29T21:22:50Z,94.7204,96.8296,2.1093,0.0000,0.0000,7.7707,12.5937
2026-08-29T21:22:51Z,94.6929,96.8284,2.1355,0.0000,0.0000,7.7707,12.5937
2026-08-29T21:22:52Z,94.6929,96.8272,2.1343,0.0000,0.0000,7.7706,12.5937
2026-08-29T21:22:53Z,94.6975,96.9063,2.2088,0.0000,0.0000,7.7706,12.5803
2026-08-29T21:22:54Z,94.6975,96.9051,2.2076,0.0000,0.0000,7.7706,12.5803
2026-08-29T21:22:55Z,94.7036,96.9038,2.2002,0.0000,0.0000,7.7706,12.5803
2026-08-29T21:22:56Z,94.7036,96.9026,2.1990,0.0000,0.0000,7.7705,12.5803
2026-08-29T21:22:57Z,94.6883,96.8210,2.1327,0.0000,0.0000,7.7705,12.5937
2026-08-29T21:22:58Z,94.6883,96.8198,2.1314,0.0000,0.0000,7.7705,12.5937
2026-08-29T21:22:59Z,94.7524,96.9793,2.2269,0.0000,0.0000,7.7705,12.5669
2026-08-29T21:23:00Z,94.7524,96.9781,2.2257,0.0000,0.0000,7.7705,12.5669
2026-08-29T21:23:01Z,94.7158,96.9768,2.2610,0.0000,0.0000,7.7704,12.5669
2026-08-29T21:23:02Z,94.7158,96.9756,2.2598,0.0000,0.0000,7.7704,12.5669
2026-08-29T21:23:03Z,94.7204,96.8136,2.0932,0.0000,0.0000,7.7704,12.5937
2026-08-29T21:23:04Z,94.7204,96.8124,2.0920,0.0000,0.0000,7.7704,12.5937
2026-08-29T21:23:05Z,94.7112,97.0524,2.3412,0.0000,0.0000,7.7703,12.5536
2026-08-29T21:23:06Z,94.7112,97.0512,2.3399,0.0000,0.0000,7.7703,12.5536
2026-08-29T21:23:07Z,94.6746,97.0499,2.3753,0.0000,0.0000,7.7703,12.5536
2026-08-29T21:23:08Z,94.6746,97.0487,2.3741,0.0000,0.0000,7.7703,12.5536
2026-08-29T21:23:09Z,94.7036,96.8865,2.1830,0.0000,0.0000,7.7702,12.5803
2026-08-29T21:23:10Z,94.7036,96.8853,2.1817,0.0000,0.0000,7.7702,12.5803
2026-08-29T21:23:11Z,94.7036,96.8037,2.1001,0.0000,0.0000,7.7702,12.5937
2026-08-29T21:23:12Z,94.7036,96.8025,2.0989,0.0000,0.0000,7.7702,12.5937
2026-08-29T21:23:13Z,94.7127,96.9620,2.2493,0.0000,0.0000,7.7702,12.5669
2026-08-29T21:23:14Z,94.7127,96.9608,2.2480,0.0000,0.0000,7.7701,12.5669
2026-08-29T21:23:15Z,94.7127,96.8791,2.1664,0.0000,0.0000,7.7701,12.5803
2026-08-29T21:23:16Z,94.7127,96.8779,2.1652,0.0000,0.0000,7.7701,12.5803
2026-08-29T21:23:17Z,94.6990,96.9571,2.2581,0.0000,0.0000,7.7701,12.5669
2026-08-29T21:23:18Z,94.6990,96.9558,2.2568,0.0000,0.0000,7.7700,12.5669
2026-08-29T21:23:19Z,94.7036,97.0351,2.3315,0.0000,0.0000,7.7700,12.5536
2026-08-29T21:23:20Z,94.7036,97.0339,2.3303,0.0000,0.0000,7.7700,12.5536
2026-08-29T21:23:21Z,94.7265,97.1293,2.4028,0.0000,0.0000,7.7700,12.5376
2026-08-29T21:23:22Z,94.7265,97.1281,2.4016,0.0000,0.0000,7.7699,12.5376
2026-08-29T21:23:23Z,94.7127,96.8693,2.1565,0.0000,0.0000,7.7699,12.5803
2026-08-29T21:23:24Z,94.7127,96.8680,2.1553,0.0000,0.0000,7.7699,12.5803
2026-08-29T21:23:25Z,94.7250,97.0277,2.3027,0.0000,0.0000,7.7699,12.5536
2026-08-29T21:23:26Z,94.7250,97.0264,2.3015,0.0000,0.0000,7.7699,12.5536
2026-08-29T21:23:27Z,94.7066,97.0252,2.3186,0.0000,0.0000,7.7698,12.5536
2026-08-29T21:23:28Z,94.7066,97.0240,2.3173,0.0000,0.0000,7.7698,12.5536
2026-08-29T21:23:29Z,94.7158,97.1194,2.4036,0.0000,0.0000,7.7698,12.5376
2026-08-29T21:23:30Z,94.7158,97.1182,2.4024,0.0000,0.0000,7.7698,12.5376
2026-08-29T21:23:31Z,94.7250,96.9398,2.2148,0.0000,0.0000,7.7697,12.5669
2026-08-29T21:23:32Z,94.7250,96.9386,2.2136,0.0000,0.0000,7.7697,12.5669
2026-08-29T21:23:33Z,94.7585,97.0178,2.2593,0.0000,0.0000,7.7697,12.5536
2026-08-29T21:23:34Z,94.7585,97.0166,2.2580,0.0000,0.0000,7.7697,12.5536
2026-08-29T21:23:35Z,94.7478,97.0153,2.2675,0.0000,0.0000,7.7696,12.5536
2026-08-29T21:23:36Z,94.7478,97.0141,2.2662,0.0000,0.0000,7.7696,12.5536
2026-08-29T21:23:37Z,94.7250,97.0129,2.2879,0.0000,0.0000,7.7696,12.5536
2026-08-29T21:23:38Z,94.7250,97.0116,2.2867,0.0000,0.0000,7.7696,12.5536
2026-08-29T21:23:39Z,94.7662,97.0104,2.2442,0.0000,0.0000,7.7696,12.5536
2026-08-29T21:23:40Z,94.7662,97.0091,2.2430,0.0000,0.0000,7.7695,12.5536
2026-08-29T21:23:41Z,94.7356,97.0079,2.2723,0.0000,0.0000,7.7695,12.5536
2026-08-29T21:23:42Z,94.7356,97.0067,2.2710,0.0000,0.0000,7.7695,12.5536
2026-08-29T21:23:43Z,94.7250,97.0054,2.2805,0.0000,0.0000,7.7695,12.5536
2026-08-29T21:23:44Z,94.7250,97.0042,2.2793,0.0000,0.0000,7.7694,12.5536
2026-08-29T21:23:45Z,94.7082,97.0030,2.2948,0.0000,0.0000,7.7694,12.5536
2026-08-29T21:23:46Z,94.7082,97.0017,2.2936,0.0000,0.0000,7.7694,12.5536
2026-08-29T21:23:47Z,94.7539,96.9201,2.1661,0.0000,0.0000,7.7694,12.5669
2026-08-29T21:23:48Z,94.7539,96.9188,2.1649,0.0000,0.0000,7.7693,12.5669
2026-08-29T21:23:49Z,94.7204,96.9980,2.2777,0.0000,0.0000,7.7693,12.5536
2026-08-29T21:23:50Z,94.7204,96.9968,2.2764,0.0000,0.0000,7.7693,12.5536
2026-08-29T21:23:51Z,94.7158,96.9956,2.2798,0.0000,0.0000,7.7693,12.5536
2026-08-29T21:23:52Z,94.7158,96.9943,2.2785,0.0000,0.0000,7.7692,12.5536
2026-08-29T21:23:53Z,94.7631,96.9931,2.2300,0.0000,0.0000,7.7692,12.5536
2026-08-29T21:23:54Z,94.7631,96.9919,2.2288,0.0000,0.0000,7.7692,12.5536
2026-08-29T21:23:55Z,94.7066,97.0873,2.3806,0.0000,0.0000,7.7692,12.5376
2026-08-29T21:23:56Z,94.7066,97.0860,2.3794,0.0000,0.0000,7.7692,12.5376
2026-08-29T21:23:57Z,94.7158,97.0848,2.3690,0.0000,0.0000,7.7691,12.5376
2026-08-29T21:23:58Z,94.7158,97.0836,2.3678,0.0000,0.0000,7.7691,12.5376
2026-08-29T21:23:59Z,94.7524,97.1629,2.4105,0.0000,0.0000,7.7691,12.5242
2026-08-29T21:24:00Z,94.7524,97.1617,2.4093,0.0000,0.0000,7.7691,12.5242
2026-08-29T21:24:01Z,94.7433,97.1604,2.4172,0.0000,0.0000,7.7690,12.5242
2026-08-29T21:24:02Z,94.7433,97.1592,2.4159,0.0000,0.0000,7.7690,12.5242
2026-08-29T21:24:03Z,94.7250,97.0774,2.3524,0.0000,0.0000,7.7690,12.5376
2026-08-29T21:24:04Z,94.7250,97.0761,2.3512,0.0000,0.0000,7.7690,12.5376
2026-08-29T21:24:05Z,94.7311,97.0749,2.3438,0.0000,0.0000,7.7689,12.5376
2026-08-29T21:24:06Z,94.7311,97.0737,2.3426,0.0000,0.0000,7.7689,12.5376
2026-08-29T21:24:07Z,94.7433,97.1530,2.4098,0.0000,0.0000,7.7689,12.5242
2026-08-29T21:24:08Z,94.7433,97.1518,2.4085,0.0000,0.0000,7.7689,12.5242
2026-08-29T21:24:09Z,94.7265,97.2312,2.5048,0.0000,0.0000,7.7688,12.5109
2026-08-29T21:24:10Z,94.7265,97.2300,2.5035,0.0000,0.0000,7.7688,12.5109
2026-08-29T21:24:11Z,94.7539,97.0675,2.3136,0.0000,0.0000,7.7688,12.5376
2026-08-29T21:24:12Z,94.7539,97.0663,2.3123,0.0000,0.0000,7.7688,12.5376
2026-08-29T21:24:13Z,94.7478,97.0650,2.3172,0.0000,0.0000,7.7687,12.5376
2026-08-29T21:24:14Z,94.7478,97.0638,2.3159,0.0000,0.0000,7.7687,12.5376
2026-08-29T21:24:15Z,94.7478,96.9660,2.2181,0.0000,0.0000,7.7687,12.5536
2026-08-29T21:24:16Z,94.7478,96.9647,2.2169,0.0000,0.0000,7.7687,12.5536
2026-08-29T21:24:17Z,94.7631,97.1407,2.3776,0.0000,0.0000,7.7687,12.5242
2026-08-29T21:24:18Z,94.7631,97.1394,2.3763,0.0000,0.0000,7.7686,12.5242
2026-08-29T21:24:19Z,94.7402,97.1382,2.3980,0.0000,0.0000,7.7686,12.5242
2026-08-29T21:24:20Z,94.7402,97.1370,2.3968,0.0000,0.0000,7.7686,12.5242
2026-08-29T21:24:21Z,94.7341,97.2164,2.4823,0.0000,0.0000,7.7686,12.5109
2026-08-29T21:24:22Z,94.7341,97.2152,2.4810,0.0000,0.0000,7.7685,12.5109
2026-08-29T21:24:23Z,94.7158,97.2139,2.4981,0.0000,0.0000,7.7685,12.5109
2026-08-29T21:24:24Z,94.7158,97.2127,2.4969,0.0000,0.0000,7.7685,12.5109
2026-08-29T21:24:25Z,94.7478,97.1308,2.3830,0.0000,0.0000,7.7685,12.5242
2026-08-29T21:24:26Z,94.7478,97.1296,2.3817,0.0000,0.0000,7.7684,12.5242
2026-08-29T21:24:27Z,94.7265,97.2090,2.4825,0.0000,0.0000,7.7684,12.5109
2026-08-29T21:24:28Z,94.7265,97.2077,2.4813,0.0000,0.0000,7.7684,12.5109
2026-08-29T21:24:29Z,94.7662,97.0453,2.2791,0.0000,0.0000,7.7684,12.5376
2026-08-29T21:24:30Z,94.7662,97.0440,2.2779,0.0000,0.0000,7.7683,12.5376
2026-08-29T21:24:31Z,94.7433,97.2848,2.5415,0.0000,0.0000,7.7683,12.4975
2026-08-29T21:24:32Z,94.7433,97.2835,2.5403,0.0000,0.0000,7.7683,12.4975
2026-08-29T21:24:33Z,94.7402,97.1209,2.3807,0.0000,0.0000,7.7683,12.5242
2026-08-29T21:24:34Z,94.7402,97.1197,2.3795,0.0000,0.0000,7.7682,12.5242
2026-08-29T21:24:35Z,94.7356,97.1991,2.4635,0.0000,0.0000,7.7682,12.5109
2026-08-29T21:24:36Z,94.7356,97.1979,2.4622,0.0000,0.0000,7.7682,12.5109
2026-08-29T21:24:37Z,94.7524,97.1160,2.3636,0.0000,0.0000,7.7682,12.5242
2026-08-29T21:24:38Z,94.7524,97.1147,2.3623,0.0000,0.0000,7.7681,12.5242
2026-08-29T21:24:39Z,94.7356,97.1135,2.3779,0.0000,0.0000,7.7681,12.5242
2026-08-29T21:24:40Z,94.7356,97.1123,2.3766,0.0000,0.0000,7.7681,12.5242
2026-08-29T21:24:41Z,94.7341,97.1917,2.4576,0.0000,0.0000,7.7681,12.5109
2026-08-29T21:24:42Z,94.7341,97.1904,2.4563,0.0000,0.0000,7.7680,12.5109
2026-08-29T21:24:43Z,94.7524,97.2699,2.5175,0.0000,0.0000,7.7680,12.4975
2026-08-29T21:24:44Z,94.7524,97.2687,2.5163,0.0000,0.0000,7.7680,12.4975
2026-08-29T21:24:45Z,94.7539,97.1867,2.4328,0.0000,0.0000,7.7680,12.5109
2026-08-29T21:24:46Z,94.7539,97.1855,2.4316,0.0000,0.0000,7.7680,12.5109
2026-08-29T21:24:47Z,94.7539,97.2650,2.5110,0.0000,0.0000,7.7679,12.4975
2026-08-29T21:24:48Z,94.7539,97.2637,2.5098,0.0000,0.0000,7.7679,12.4975
2026-08-29T21:24:49Z,94.7539,97.1818,2.4279,0.0000,0.0000,7.7679,12.5109
2026-08-29T21:24:50Z,94.7539,97.1806,2.4266,0.0000,0.0000,7.7679,12.5109
2026-08-29T21:24:51Z,94.7402,97.1793,2.4391,0.0000,0.0000,7.7678,12.5109
2026-08-29T21:24:52Z,94.7402,97.1781,2.4379,0.0000,0.0000,7.7678,12.5109
2026-08-29T21:24:53Z,94.7311,97.2576,2.5265,0.0000,0.0000,7.7678,12.4975
2026-08-29T21:24:54Z,94.7311,97.2563,2.5253,0.0000,0.0000,7.7678,12.4975
2026-08-29T21:24:55Z,94.6990,97.3520,2.6530,0.0000,0.0000,7.7677,12.4815
2026-08-29T21:24:56Z,94.6990,97.3508,2.6518,0.0000,0.0000,7.7677,12.4815
2026-08-29T21:24:57Z,94.7723,97.2526,2.4804,0.0000,0.0000,7.7677,12.4975
2026-08-29T21:24:58Z,94.7723,97.2514,2.4791,0.0000,0.0000,7.7677,12.4975
2026-08-29T21:24:59Z,94.7631,97.2501,2.4870,0.0000,0.0000,7.7676,12.4975
2026-08-29T21:25:00Z,94.7631,97.2489,2.4858,0.0000,0.0000,7.7676,12.4975
2026-08-29T21:25:01Z,94.7478,97.2477,2.4998,0.0000,0.0000,7.7676,12.4975
2026-08-29T21:25:02Z,94.7478,97.2464,2.4986,0.0000,0.0000,7.7676,12.4975
2026-08-29T21:25:03Z,94.7631,97.3421,2.5790,0.0000,0.0000,7.7675,12.4815
2026-08-29T21:25:04Z,94.7631,97.3409,2.5778,0.0000,0.0000,7.7675,12.4815
2026-08-29T21:25:05Z,94.7265,97.2427,2.5163,0.0000,0.0000,7.7675,12.4975
2026-08-29T21:25:06Z,94.7265,97.2415,2.5150,0.0000,0.0000,7.7675,12.4975
2026-08-29T21:25:07Z,94.7173,97.2403,2.5229,0.0000,0.0000,7.7674,12.4975
2026-08-29T21:25:08Z,94.7173,97.2390,2.5217,0.0000,0.0000,7.7674,12.4975
2026-08-29T21:25:09Z,94.7906,97.2378,2.4472,0.0000,0.0000,7.7674,12.4975
2026-08-29T21:25:10Z,94.7906,97.2366,2.4460,0.0000,0.0000,7.7674,12.4975
2026-08-29T21:25:11Z,94.7356,97.2353,2.4997,0.0000,0.0000,7.7673,12.4975
2026-08-29T21:25:12Z,94.7356,97.2341,2.4985,0.0000,0.0000,7.7673,12.4975
2026-08-29T21:25:13Z,94.7433,97.3298,2.5865,0.0000,0.0000,7.7673,12.4815
2026-08-29T21:25:14Z,94.7433,97.3285,2.5853,0.0000,0.0000,7.7673,12.4815
2026-08-29T21:25:15Z,94.7539,97.2304,2.4764,0.0000,0.0000,7.7672,12.4975
2026-08-29T21:25:16Z,94.7539,97.2292,2.4752,0.0000,0.0000,7.7672,12.4975
2026-08-29T21:25:17Z,94.7356,97.2279,2.4923,0.0000,0.0000,7.7672,12.4975
2026-08-29T21:25:18Z,94.7356,97.2267,2.4910,0.0000,0.0000,7.7672,12.4975
2026-08-29T21:25:19Z,94.7433,97.2254,2.4822,0.0000,0.0000,7.7671,12.4975
2026-08-29T21:25:20Z,94.7433,97.2242,2.4809,0.0000,0.0000,7.7671,12.4975
2026-08-29T21:25:21Z,94.7539,97.4816,2.7277,0.0000,0.0000,7.7671,12.4548
2026-08-29T21:25:22Z,94.7539,97.4804,2.7265,0.0000,0.0000,7.7671,12.4548
2026-08-29T21:25:23Z,94.7341,97.3174,2.5833,0.0000,0.0000,7.7670,12.4815
2026-08-29T21:25:24Z,94.7341,97.3162,2.5821,0.0000,0.0000,7.7670,12.4815
2026-08-29T21:25:25Z,94.7631,97.3958,2.6327,0.0000,0.0000,7.7670,12.4681
2026-08-29T21:25:26Z,94.7631,97.3945,2.6314,0.0000,0.0000,7.7670,12.4681
2026-08-29T21:25:27Z,94.7402,97.3933,2.6531,0.0000,0.0000,7.7669,12.4681
2026-08-29T21:25:28Z,94.7402,97.3921,2.6519,0.0000,0.0000,7.7669,12.4681
2026-08-29T21:25:29Z,94.7341,97.3100,2.5759,0.0000,0.0000,7.7669,12.4815
2026-08-29T21:25:30Z,94.7341,97.3088,2.5747,0.0000,0.0000,7.7669,12.4815
2026-08-29T21:25:31Z,94.7402,97.3075,2.5673,0.0000,0.0000,7.7668,12.4815
2026-08-29T21:25:32Z,94.7402,97.3063,2.5661,0.0000,0.0000,7.7668,12.4815
2026-08-29T21:25:33Z,94.7662,97.3859,2.6197,0.0000,0.0000,7.7668,12.4681
2026-08-29T21:25:34Z,94.7662,97.3847,2.6185,0.0000,0.0000,7.7668,12.4681
2026-08-29T21:25:35Z,94.7631,97.4643,2.7012,0.0000,0.0000,7.7667,12.4548
2026-08-29T21:25:36Z,94.7631,97.4631,2.7000,0.0000,0.0000,7.7667,12.4548
2026-08-29T21:25:37Z,94.7127,97.4618,2.7491,0.0000,0.0000,7.7667,12.4548
2026-08-29T21:25:38Z,94.7127,97.4606,2.7479,0.0000,0.0000,7.7667,12.4548
2026-08-29T21:25:39Z,94.7631,97.3785,2.6154,0.0000,0.0000,7.7666,12.4681
2026-08-29T21:25:40Z,94.7631,97.3772,2.6141,0.0000,0.0000,7.7666,12.4681
2026-08-29T21:25:41Z,94.7539,97.3760,2.6221,0.0000,0.0000,7.7666,12.4681
2026-08-29T21:25:42Z,94.7539,97.3748,2.6208,0.0000,0.0000,7.7666,12.4681
2026-08-29T21:25:43Z,94.7723,97.1958,2.4236,0.0000,0.0000,7.7665,12.4975
2026-08-29T21:25:44Z,94.7723,97.1946,2.4223,0.0000,0.0000,7.7665,12.4975
2026-08-29T21:25:45Z,94.7402,97.3711,2.6308,0.0000,0.0000,7.7665,12.4681
2026-08-29T21:25:46Z,94.7402,97.3698,2.6296,0.0000,0.0000,7.7665,12.4681
2026-08-29T21:25:47Z,94.7677,97.2878,2.5201,0.0000,0.0000,7.7664,12.4815
2026-08-29T21:25:48Z,94.7677,97.2865,2.5189,0.0000,0.0000,7.7664,12.4815
2026-08-29T21:25:49Z,94.7631,97.5280,2.7649,0.0000,0.0000,7.7664,12.4414
2026-08-29T21:25:50Z,94.7631,97.5267,2.7636,0.0000,0.0000,7.7664,12.4414
2026-08-29T21:25:51Z,94.7295,97.4445,2.7150,0.0000,0.0000,7.7663,12.4548
2026-08-29T21:25:52Z,94.7295,97.4433,2.7138,0.0000,0.0000,7.7663,12.4548
2026-08-29T21:25:53Z,94.7631,97.4421,2.6790,0.0000,0.0000,7.7663,12.4548
2026-08-29T21:25:54Z,94.7631,97.4408,2.6777,0.0000,0.0000,7.7663,12.4548
2026-08-29T21:25:55Z,94.7677,97.3587,2.5910,0.0000,0.0000,7.7662,12.4681
2026-08-29T21:25:56Z,94.7677,97.3575,2.5898,0.0000,0.0000,7.7662,12.4681
2026-08-29T21:25:57Z,94.7860,97.4371,2.6511,0.0000,0.0000,7.7662,12.4548
2026-08-29T21:25:58Z,94.7860,97.4359,2.6499,0.0000,0.0000,7.7662,12.4548
2026-08-29T21:25:59Z,94.7356,97.4346,2.6990,0.0000,0.0000,7.7661,12.4548
2026-08-29T21:26:00Z,94.7356,97.4334,2.6978,0.0000,0.0000,7.7661,12.4548
2026-08-29T21:26:01Z,94.7631,97.6104,2.8473,0.0000,0.0000,7.7661,12.4254
2026-08-29T21:26:02Z,94.7631,97.6091,2.8460,0.0000,0.0000,7.7661,12.4254
2026-08-29T21:26:03Z,94.7539,97.6079,2.8539,0.0000,0.0000,7.7660,12.4254
2026-08-29T21:26:04Z,94.7539,97.6066,2.8527,0.0000,0.0000,7.7660,12.4254
2026-08-29T21:26:05Z,94.7814,97.4272,2.6458,0.0000,0.0000,7.7660,12.4548
2026-08-29T21:26:06Z,94.7814,97.4260,2.6446,0.0000,0.0000,7.7660,12.4548
2026-08-29T21:26:07Z,94.7524,97.3439,2.5915,0.0000,0.0000,7.7659,12.4681
2026-08-29T21:26:08Z,94.7524,97.3427,2.5902,0.0000,0.0000,7.7659,12.4681
2026-08-29T21:26:09Z,94.7631,97.5032,2.7401,0.0000,0.0000,7.7659,12.4414
2026-08-29T21:26:10Z,94.7631,97.5020,2.7389,0.0000,0.0000,7.7659,12.4414
2026-08-29T21:26:11Z,94.7478,97.4198,2.6720,0.0000,0.0000,7.7658,12.4548
2026-08-29T21:26:12Z,94.7478,97.4186,2.6707,0.0000,0.0000,7.7658,12.4548
2026-08-29T21:26:13Z,94.7478,97.4983,2.7504,0.0000,0.0000,7.7658,12.4414
2026-08-29T21:26:14Z,94.7478,97.4970,2.7492,0.0000,0.0000,7.7658,12.4414
2026-08-29T21:26:15Z,94.7677,97.5930,2.8254,0.0000,0.0000,7.7657,12.4254
2026-08-29T21:26:16Z,94.7677,97.5918,2.8241,0.0000,0.0000,7.7657,12.4254
2026-08-29T21:26:17Z,94.7799,97.5906,2.8107,0.0000,0.0000,7.7657,12.4254
2026-08-29T21:26:18Z,94.7799,97.5893,2.8094,0.0000,0.0000,7.7657,12.4254
2026-08-29T21:26:19Z,94.7860,97.5881,2.8021,0.0000,0.0000,7.7656,12.4254
2026-08-29T21:26:20Z,94.7860,97.5868,2.8009,0.0000,0.0000,7.7656,12.4254
2026-08-29T21:26:21Z,94.7860,97.5856,2.7996,0.0000,0.0000,7.7656,12.4254
2026-08-29T21:26:22Z,94.7860,97.5844,2.7984,0.0000,0.0000,7.7656,12.4254
2026-08-29T21:26:23Z,94.7478,97.4859,2.7381,0.0000,0.0000,7.7655,12.4414
2026-08-29T21:26:24Z,94.7478,97.4847,2.7368,0.0000,0.0000,7.7655,12.4414
2026-08-29T21:26:25Z,94.7524,97.5807,2.8282,0.0000,0.0000,7.7655,12.4254
2026-08-29T21:26:26Z,94.7524,97.5794,2.8270,0.0000,0.0000,7.7655,12.4254
2026-08-29T21:26:27Z,94.7814,97.4810,2.6996,0.0000,0.0000,7.7654,12.4414
2026-08-29T21:26:28Z,94.7814,97.4797,2.6983,0.0000,0.0000,7.7654,12.4414
2026-08-29T21:26:29Z,94.7127,97.4785,2.7658,0.0000,0.0000,7.7654,12.4414
2026-08-29T21:26:30Z,94.7127,97.4773,2.7645,0.0000,0.0000,7.7653,12.4414
2026-08-29T21:26:31Z,94.7677,97.5732,2.8056,0.0000,0.0000,7.7653,12.4254
2026-08-29T21:26:32Z,94.7677,97.5720,2.8043,0.0000,0.0000,7.7653,12.4254
2026-08-29T21:26:33Z,94.7295,97.5708,2.8412,0.0000,0.0000,7.7653,12.4254
2026-08-29T21:26:34Z,94.7295,97.5695,2.8400,0.0000,0.0000,7.7652,12.4254
2026-08-29T21:26:35Z,94.7402,97.5683,2.8281,0.0000,0.0000,7.7652,12.4254
2026-08-29T21:26:36Z,94.7402,97.5671,2.8268,0.0000,0.0000,7.7652,12.4254
2026-08-29T21:26:37Z,94.7707,97.4686,2.6979,0.0000,0.0000,7.7652,12.4414
2026-08-29T21:26:38Z,94.7707,97.4674,2.6967,0.0000,0.0000,7.7651,12.4414
2026-08-29T21:26:39Z,94.7616,97.6444,2.8828,0.0000,0.0000,7.7651,12.4121
2026-08-29T21:26:40Z,94.7616,97.6432,2.8816,0.0000,0.0000,7.7651,12.4121
2026-08-29T21:26:41Z,94.7753,97.6420,2.8666,0.0000,0.0000,7.7651,12.4121
2026-08-29T21:26:42Z,94.7753,97.6407,2.8654,0.0000,0.0000,7.7650,12.4121
2026-08-29T21:26:43Z,94.7997,97.6395,2.8398,0.0000,0.0000,7.7650,12.4121
2026-08-29T21:26:44Z,94.7997,97.6382,2.8385,0.0000,0.0000,7.7650,12.4121
2026-08-29T21:26:45Z,94.7677,97.6370,2.8693,0.0000,0.0000,7.7650,12.4121
2026-08-29T21:26:46Z,94.7677,97.6358,2.8681,0.0000,0.0000,7.7649,12.4121
2026-08-29T21:26:47Z,94.7631,97.6345,2.8714,0.0000,0.0000,7.7649,12.4121
2026-08-29T21:26:48Z,94.7631,97.6333,2.8702,0.0000,0.0000,7.7649,12.4121
2026-08-29T21:26:49Z,94.7616,97.6321,2.8705,0.0000,0.0000,7.7649,12.4121
2026-08-29T21:26:50Z,94.7616,97.6308,2.8692,0.0000,0.0000,7.7648,12.4121
2026-08-29T21:26:51Z,94.7799,97.6296,2.8497,0.0000,0.0000,7.7648,12.4121
2026-08-29T21:26:52Z,94.7799,97.6283,2.8485,0.0000,0.0000,7.7648,12.4121
2026-08-29T21:26:53Z,94.7753,97.7895,3.0142,0.0000,0.0000,7.7648,12.3854
2026-08-29T21:26:54Z,94.7753,97.7882,3.0129,0.0000,0.0000,7.7647,12.3854
2026-08-29T21:26:55Z,94.7753,97.6246,2.8493,0.0000,0.0000,7.7647,12.4121
2026-08-29T21:26:56Z,94.7753,97.6234,2.8481,0.0000,0.0000,7.7647,12.4121
2026-08-29T21:26:57Z,94.7539,97.6222,2.8682,0.0000,0.0000,7.7647,12.4121
2026-08-29T21:26:58Z,94.7539,97.6209,2.8670,0.0000,0.0000,7.7646,12.4121
2026-08-29T21:26:59Z,94.7570,97.7008,2.9438,0.0000,0.0000,7.7646,12.3987
2026-08-29T21:27:00Z,94.7570,97.6996,2.9426,0.0000,0.0000,7.7646,12.3987
2026-08-29T21:27:01Z,94.7631,97.9585,3.1954,0.0000,0.0000,7.7645,12.3560
2026-08-29T21:27:02Z,94.7631,97.9572,3.1941,0.0000,0.0000,7.7645,12.3560
2026-08-29T21:27:03Z,94.7845,97.6959,2.9114,0.0000,0.0000,7.7645,12.3987
2026-08-29T21:27:04Z,94.7845,97.6946,2.9102,0.0000,0.0000,7.7645,12.3987
2026-08-29T21:27:05Z,94.7631,97.6123,2.8492,0.0000,0.0000,7.7644,12.4121
2026-08-29T21:27:06Z,94.7631,97.6110,2.8479,0.0000,0.0000,7.7644,12.4121
2026-08-29T21:27:07Z,94.7753,97.6909,2.9156,0.0000,0.0000,7.7644,12.3987
2026-08-29T21:27:08Z,94.7753,97.6897,2.9144,0.0000,0.0000,7.7644,12.3987
2026-08-29T21:27:09Z,94.7951,97.7697,2.9745,0.0000,0.0000,7.7643,12.3854
2026-08-29T21:27:10Z,94.7951,97.7684,2.9733,0.0000,0.0000,7.7643,12.3854
2026-08-29T21:27:11Z,94.7539,97.6860,2.9320,0.0000,0.0000,7.7643,12.3987
2026-08-29T21:27:12Z,94.7539,97.6847,2.9308,0.0000,0.0000,7.7643,12.3987
2026-08-29T21:27:13Z,94.7494,97.8622,3.1129,0.0000,0.0000,7.7642,12.3693
2026-08-29T21:27:14Z,94.7494,97.8610,3.1116,0.0000,0.0000,7.7642,12.3693
2026-08-29T21:27:15Z,94.7677,97.7622,2.9945,0.0000,0.0000,7.7642,12.3854
2026-08-29T21:27:16Z,94.7677,97.7610,2.9933,0.0000,0.0000,7.7642,12.3854
2026-08-29T21:27:17Z,94.7631,97.7598,2.9966,0.0000,0.0000,7.7641,12.3854
2026-08-29T21:27:18Z,94.7631,97.7585,2.9954,0.0000,0.0000,7.7641,12.3854
2026-08-29T21:27:19Z,94.7539,97.5950,2.8410,0.0000,0.0000,7.7641,12.4121
2026-08-29T21:27:20Z,94.7539,97.5937,2.8398,0.0000,0.0000,7.7640,12.4121
2026-08-29T21:27:21Z,94.7845,97.7548,2.9703,0.0000,0.0000,7.7640,12.3854
2026-08-29T21:27:22Z,94.7845,97.7536,2.9691,0.0000,0.0000,7.7640,12.3854
2026-08-29T21:27:23Z,94.8180,97.7523,2.9343,0.0000,0.0000,7.7640,12.3854
2026-08-29T21:27:24Z,94.8180,97.7511,2.9331,0.0000,0.0000,7.7639,12.3854
2026-08-29T21:27:25Z,94.7951,97.7499,2.9547,0.0000,0.0000,7.7639,12.3854
2026-08-29T21:27:26Z,94.7951,97.7486,2.9535,0.0000,0.0000,7.7639,12.3854
2026-08-29T21:27:27Z,94.7768,97.7474,2.9705,0.0000,0.0000,7.7639,12.3854
2026-08-29T21:27:28Z,94.7768,97.7461,2.9693,0.0000,0.0000,7.7638,12.3854
2026-08-29T21:27:29Z,94.7616,97.8424,3.0808,0.0000,0.0000,7.7638,12.3693
2026-08-29T21:27:30Z,94.7616,97.8412,3.0796,0.0000,0.0000,7.7638,12.3693
2026-08-29T21:27:31Z,94.7631,97.6613,2.8981,0.0000,0.0000,7.7638,12.3987
2026-08-29T21:27:32Z,94.7631,97.6600,2.8969,0.0000,0.0000,7.7637,12.3987
2026-08-29T21:27:33Z,94.7494,97.6588,2.9094,0.0000,0.0000,7.7637,12.3987
2026-08-29T21:27:34Z,94.7494,97.6575,2.9082,0.0000,0.0000,7.7637,12.3987
2026-08-29T21:27:35Z,94.7402,97.9163,3.1761,0.0000,0.0000,7.7636,12.3560
2026-08-29T21:27:36Z,94.7402,97.9151,3.1749,0.0000,0.0000,7.7636,12.3560
2026-08-29T21:27:37Z,94.7768,97.8325,3.0557,0.0000,0.0000,7.7636,12.3693
2026-08-29T21:27:38Z,94.7768,97.8313,3.0544,0.0000,0.0000,7.7636,12.3693
2026-08-29T21:27:39Z,94.7723,97.8300,3.0578,0.0000,0.0000,7.7635,12.3693
2026-08-29T21:27:40Z,94.7723,97.8288,3.0565,0.0000,0.0000,7.7635,12.3693
2026-08-29T21:27:41Z,94.7631,97.8276,3.0645,0.0000,0.0000,7.7635,12.3693
2026-08-29T21:27:42Z,94.7631,97.8263,3.0632,0.0000,0.0000,7.7635,12.3693
2026-08-29T21:27:43Z,94.7677,97.9064,3.1387,0.0000,0.0000,7.7634,12.3560
2026-08-29T21:27:44Z,94.7677,97.9052,3.1375,0.0000,0.0000,7.7634,12.3560
2026-08-29T21:27:45Z,94.7906,97.9039,3.1134,0.0000,0.0000,7.7634,12.3560
2026-08-29T21:27:46Z,94.7906,97.9027,3.1121,0.0000,0.0000,7.7634,12.3560
2026-08-29T21:27:47Z,94.8089,97.9015,3.0926,0.0000,0.0000,7.7633,12.3560
2026-08-29T21:27:48Z,94.8089,97.9002,3.0913,0.0000,0.0000,7.7633,12.3560
2026-08-29T21:27:49Z,94.7845,97.8990,3.1145,0.0000,0.0000,7.7633,12.3560
2026-08-29T21:27:50Z,94.7845,97.8978,3.1133,0.0000,0.0000,7.7632,12.3560
2026-08-29T21:27:51Z,94.8089,97.9779,3.1690,0.0000,0.0000,7.7632,12.3426
2026-08-29T21:27:52Z,94.8089,97.9767,3.1678,0.0000,0.0000,7.7632,12.3426
2026-08-29T21:27:53Z,94.7814,97.8940,3.1126,0.0000,0.0000,7.7632,12.3560
2026-08-29T21:27:54Z,94.7814,97.8928,3.1114,0.0000,0.0000,7.7631,12.3560
2026-08-29T21:27:55Z,94.7890,97.8916,3.1025,0.0000,0.0000,7.7631,12.3560
2026-08-29T21:27:56Z,94.7890,97.8903,3.1013,0.0000,0.0000,7.7631,12.3560
2026-08-29T21:27:57Z,94.7768,97.8891,3.1122,0.0000,0.0000,7.7631,12.3560
2026-08-29T21:27:58Z,94.7768,97.8878,3.1110,0.0000,0.0000,7.7630,12.3560
2026-08-29T21:27:59Z,94.7616,97.7078,2.9462,0.0000,0.0000,7.7630,12.3854
2026-08-29T21:28:00Z,94.7616,97.7066,2.9450,0.0000,0.0000,7.7630,12.3854
2026-08-29T21:28:01Z,94.8074,97.9655,3.1582,0.0000,0.0000,7.7630,12.3426
2026-08-29T21:28:02Z,94.8074,97.9643,3.1569,0.0000,0.0000,7.7629,12.3426
2026-08-29T21:28:03Z,94.7631,97.9630,3.1999,0.0000,0.0000,7.7629,12.3426
2026-08-29T21:28:04Z,94.7631,97.9618,3.1987,0.0000,0.0000,7.7629,12.3426
2026-08-29T21:28:05Z,94.7616,97.9606,3.1990,0.0000,0.0000,7.7628,12.3426
2026-08-29T21:28:06Z,94.7616,97.9593,3.1978,0.0000,0.0000,7.7628,12.3426
2026-08-29T21:28:07Z,94.7433,97.9581,3.2148,0.0000,0.0000,7.7628,12.3426
2026-08-29T21:28:08Z,94.7433,97.9569,3.2136,0.0000,0.0000,7.7628,12.3426
2026-08-29T21:28:09Z,94.7707,98.0371,3.2663,0.0000,0.0000,7.7627,12.3293
2026-08-29T21:28:10Z,94.7707,98.0358,3.2651,0.0000,0.0000,7.7627,12.3293
2026-08-29T21:28:11Z,94.7616,97.9531,3.1916,0.0000,0.0000,7.7627,12.3426
2026-08-29T21:28:12Z,94.7616,97.9519,3.1903,0.0000,0.0000,7.7627,12.3426
2026-08-29T21:28:13Z,94.7707,97.9507,3.1799,0.0000,0.0000,7.7626,12.3426
2026-08-29T21:28:14Z,94.7707,97.9494,3.1787,0.0000,0.0000,7.7626,12.3426
2026-08-29T21:28:15Z,94.7814,98.0296,3.2482,0.0000,0.0000,7.7626,12.3293
2026-08-29T21:28:16Z,94.7814,98.0284,3.2470,0.0000,0.0000,7.7625,12.3293
2026-08-29T21:28:17Z,94.7906,98.0272,3.2366,0.0000,0.0000,7.7625,12.3293
2026-08-29T21:28:18Z,94.7906,98.0259,3.2354,0.0000,0.0000,7.7625,12.3293
2026-08-29T21:28:19Z,94.7814,98.1225,3.3411,0.0000,0.0000,7.7625,12.3133
2026-08-29T21:28:20Z,94.7814,98.1213,3.3399,0.0000,0.0000,7.7624,12.3133
2026-08-29T21:28:21Z,94.8028,98.0222,3.2194,0.0000,0.0000,7.7624,12.3293
2026-08-29T21:28:22Z,94.8028,98.0210,3.2182,0.0000,0.0000,7.7624,12.3293
2026-08-29T21:28:23Z,94.7768,97.9383,3.1614,0.0000,0.0000,7.7624,12.3426
2026-08-29T21:28:24Z,94.7768,97.9370,3.1602,0.0000,0.0000,7.7623,12.3426
2026-08-29T21:28:25Z,94.7662,98.1151,3.3489,0.0000,0.0000,7.7623,12.3133
2026-08-29T21:28:26Z,94.7662,98.1138,3.3477,0.0000,0.0000,7.7623,12.3133
2026-08-29T21:28:27Z,94.7890,98.1126,3.3236,0.0000,0.0000,7.7622,12.3133
2026-08-29T21:28:28Z,94.7890,98.1114,3.3223,0.0000,0.0000,7.7622,12.3133
2026-08-29T21:28:29Z,94.7539,98.0123,3.2583,0.0000,0.0000,7.7622,12.3293
2026-08-29T21:28:30Z,94.7539,98.0111,3.2571,0.0000,0.0000,7.7622,12.3293
2026-08-29T21:28:31Z,94.7997,98.0098,3.2101,0.0000,0.0000,7.7621,12.3293
2026-08-29T21:28:32Z,94.7997,98.0086,3.2089,0.0000,0.0000,7.7621,12.3293
2026-08-29T21:28:33Z,94.7768,98.0073,3.2305,0.0000,0.0000,7.7621,12.3293
2026-08-29T21:28:34Z,94.7768,98.0061,3.2293,0.0000,0.0000,7.7621,12.3293
2026-08-29T21:28:35Z,94.7845,98.0049,3.2204,0.0000,0.0000,7.7620,12.3293
2026-08-29T21:28:36Z,94.7845,98.0036,3.2192,0.0000,0.0000,7.7620,12.3293
2026-08-29T21:28:37Z,94.7768,98.1002,3.3234,0.0000,0.0000,7.7620,12.3133
2026-08-29T21:28:38Z,94.7768,98.0990,3.3221,0.0000,0.0000,7.7619,12.3133
2026-08-29T21:28:39Z,94.7662,98.0977,3.3316,0.0000,0.0000,7.7619,12.3133
2026-08-29T21:28:40Z,94.7662,98.0965,3.3303,0.0000,0.0000,7.7619,12.3133
2026-08-29T21:28:41Z,94.7906,97.9974,3.2069,0.0000,0.0000,7.7619,12.3293
2026-08-29T21:28:42Z,94.7906,97.9962,3.2056,0.0000,0.0000,7.7618,12.3293
2026-08-29T21:28:43Z,94.7570,98.1744,3.4174,0.0000,0.0000,7.7618,12.2999
2026-08-29T21:28:44Z,94.7570,98.1731,3.4161,0.0000,0.0000,7.7618,12.2999
2026-08-29T21:28:45Z,94.7890,97.9925,3.2034,0.0000,0.0000,7.7618,12.3293
2026-08-29T21:28:46Z,94.7890,97.9912,3.2022,0.0000,0.0000,7.7617,12.3293
2026-08-29T21:28:47Z,94.7768,98.0878,3.3110,0.0000,0.0000,7.7617,12.3133
2026-08-29T21:28:48Z,94.7768,98.0866,3.3097,0.0000,0.0000,7.7617,12.3133
2026-08-29T21:28:49Z,94.7524,98.2486,3.4962,0.0000,0.0000,7.7616,12.2866
2026-08-29T21:28:50Z,94.7524,98.2474,3.4949,0.0000,0.0000,7.7616,12.2866
2026-08-29T21:28:51Z,94.7616,98.2461,3.4845,0.0000,0.0000,7.7616,12.2866
2026-08-29T21:28:52Z,94.7616,98.2449,3.4833,0.0000,0.0000,7.7616,12.2866
2026-08-29T21:28:53Z,94.7723,98.2436,3.4714,0.0000,0.0000,7.7615,12.2866
2026-08-29T21:28:54Z,94.7723,98.2424,3.4701,0.0000,0.0000,7.7615,12.2866
2026-08-29T21:28:55Z,94.7524,98.0779,3.3255,0.0000,0.0000,7.7615,12.3133
2026-08-29T21:28:56Z,94.7524,98.0767,3.3242,0.0000,0.0000,7.7615,12.3133
2026-08-29T21:28:57Z,94.7997,98.2387,3.4389,0.0000,0.0000,7.7614,12.2866
2026-08-29T21:28:58Z,94.7997,98.2374,3.4377,0.0000,0.0000,7.7614,12.2866
2026-08-29T21:28:59Z,94.8089,98.2362,3.4273,0.0000,0.0000,7.7614,12.2866
2026-08-29T21:29:00Z,94.8089,98.2349,3.4261,0.0000,0.0000,7.7613,12.2866
2026-08-29T21:29:01Z,94.7662,98.2337,3.4675,0.0000,0.0000,7.7613,12.2866
2026-08-29T21:29:02Z,94.7662,98.2325,3.4663,0.0000,0.0000,7.7613,12.2866
2026-08-29T21:29:03Z,94.7707,98.2312,3.4605,0.0000,0.0000,7.7613,12.2866
2026-08-29T21:29:04Z,94.7707,98.2300,3.4592,0.0000,0.0000,7.7612,12.2866
2026-08-29T21:29:05Z,94.7906,98.1471,3.3565,0.0000,0.0000,7.7612,12.2999
2026-08-29T21:29:06Z,94.7906,98.1459,3.3553,0.0000,0.0000,7.7612,12.2999
2026-08-29T21:29:07Z,94.7890,98.3080,3.5189,0.0000,0.0000,7.7611,12.2732
2026-08-29T21:29:08Z,94.7890,98.3067,3.5177,0.0000,0.0000,7.7611,12.2732
2026-08-29T21:29:09Z,94.7997,98.3055,3.5058,0.0000,0.0000,7.7611,12.2732
2026-08-29T21:29:10Z,94.7997,98.3043,3.5045,0.0000,0.0000,7.7611,12.2732
2026-08-29T21:29:11Z,94.7906,98.1397,3.3491,0.0000,0.0000,7.7610,12.2999
2026-08-29T21:29:12Z,94.7906,98.1384,3.3478,0.0000,0.0000,7.7610,12.2999
2026-08-29T21:29:13Z,94.8119,98.0556,3.2437,0.0000,0.0000,7.7610,12.3133
2026-08-29T21:29:14Z,94.8119,98.0544,3.2424,0.0000,0.0000,7.7610,12.3133
2026-08-29T21:29:15Z,94.8272,98.2163,3.3891,0.0000,0.0000,7.7609,12.2866
2026-08-29T21:29:16Z,94.8272,98.2151,3.3879,0.0000,0.0000,7.7609,12.2866
2026-08-29T21:29:17Z,94.7997,98.2139,3.4141,0.0000,0.0000,7.7609,12.2866
2026-08-29T21:29:18Z,94.7997,98.2126,3.4129,0.0000,0.0000,7.7608,12.2866
2026-08-29T21:29:19Z,94.7707,98.2931,3.5224,0.0000,0.0000,7.7608,12.2732
2026-08-29T21:29:20Z,94.7707,98.2919,3.5211,0.0000,0.0000,7.7608,12.2732
2026-08-29T21:29:21Z,94.7890,98.1273,3.3382,0.0000,0.0000,7.7608,12.2999
2026-08-29T21:29:22Z,94.7890,98.1260,3.3370,0.0000,0.0000,7.7607,12.2999
2026-08-29T21:29:23Z,94.7890,98.2881,3.4991,0.0000,0.0000,7.7607,12.2732
2026-08-29T21:29:24Z,94.7890,98.2869,3.4978,0.0000,0.0000,7.7607,12.2732
2026-08-29T21:29:25Z,94.7768,98.2039,3.4271,0.0000,0.0000,7.7606,12.2866
2026-08-29T21:29:26Z,94.7768,98.2027,3.4259,0.0000,0.0000,7.7606,12.2866
2026-08-29T21:29:27Z,94.7890,98.2015,3.4124,0.0000,0.0000,7.7606,12.2866
2026-08-29T21:29:28Z,94.7890,98.2002,3.4112,0.0000,0.0000,7.7606,12.2866
2026-08-29T21:29:29Z,94.8043,98.1990,3.3947,0.0000,0.0000,7.7605,12.2866
2026-08-29T21:29:30Z,94.8043,98.1977,3.3934,0.0000,0.0000,7.7605,12.2866
2026-08-29T21:29:31Z,94.7982,98.2782,3.4800,0.0000,0.0000,7.7605,12.2732
2026-08-29T21:29:32Z,94.7982,98.2770,3.4788,0.0000,0.0000,7.7604,12.2732
2026-08-29T21:29:33Z,94.7845,98.3739,3.5894,0.0000,0.0000,7.7604,12.2572
2026-08-29T21:29:34Z,94.7845,98.3726,3.5882,0.0000,0.0000,7.7604,12.2572
2026-08-29T21:29:35Z,94.7814,98.3714,3.5900,0.0000,0.0000,7.7604,12.2572
2026-08-29T21:29:36Z,94.7814,98.3701,3.5887,0.0000,0.0000,7.7603,12.2572
2026-08-29T21:29:37Z,94.7753,98.2708,3.4955,0.0000,0.0000,7.7603,12.2732
2026-08-29T21:29:38Z,94.7753,98.2695,3.4942,0.0000,0.0000,7.7603,12.2732
2026-08-29T21:29:39Z,94.8043,98.3664,3.5621,0.0000,0.0000,7.7603,12.2572
2026-08-29T21:29:40Z,94.8043,98.3652,3.5609,0.0000,0.0000,7.7602,12.2572
2026-08-29T21:29:41Z,94.7585,98.2658,3.5073,0.0000,0.0000,7.7602,12.2732
2026-08-29T21:29:42Z,94.7585,98.2646,3.5060,0.0000,0.0000,7.7602,12.2732
2026-08-29T21:29:43Z,94.7585,98.2633,3.5048,0.0000,0.0000,7.7601,12.2732
2026-08-29T21:29:44Z,94.7585,98.2621,3.5036,0.0000,0.0000,7.7601,12.2732
2026-08-29T21:29:45Z,94.7936,98.2609,3.4672,0.0000,0.0000,7.7601,12.2732
2026-08-29T21:29:46Z,94.7936,98.2596,3.4660,0.0000,0.0000,7.7601,12.2732
2026-08-29T21:29:47Z,94.7707,98.4383,3.6676,0.0000,0.0000,7.7600,12.2438
2026-08-29T21:29:48Z,94.7707,98.4371,3.6664,0.0000,0.0000,7.7600,12.2438
2026-08-29T21:29:49Z,94.7768,98.3540,3.5772,0.0000,0.0000,7.7600,12.2572
2026-08-29T21:29:50Z,94.7768,98.3528,3.5759,0.0000,0.0000,7.7599,12.2572
2026-08-29T21:29:51Z,94.8302,98.4334,3.6031,0.0000,0.0000,7.7599,12.2438
2026-08-29T21:29:52Z,94.8302,98.4321,3.6019,0.0000,0.0000,7.7599,12.2438
2026-08-29T21:29:53Z,94.7997,98.3490,3.5493,0.0000,0.0000,7.7599,12.2572
2026-08-29T21:29:54Z,94.7997,98.3478,3.5481,0.0000,0.0000,7.7598,12.2572
2026-08-29T21:29:55Z,94.7997,98.5103,3.7106,0.0000,0.0000,7.7598,12.2305
2026-08-29T21:29:56Z,94.7997,98.5091,3.7094,0.0000,0.0000,7.7598,12.2305
2026-08-29T21:29:57Z,94.7936,98.4259,3.6323,0.0000,0.0000,7.7597,12.2438
2026-08-29T21:29:58Z,94.7936,98.4247,3.6311,0.0000,0.0000,7.7597,12.2438
2026-08-29T21:29:59Z,94.7707,98.4234,3.6527,0.0000,0.0000,7.7597,12.2438
2026-08-29T21:30:00Z,94.7707,98.4222,3.6515,0.0000,0.0000,7.7597,12.2438
2026-08-29T21:30:01Z,94.8226,98.3391,3.5165,0.0000,0.0000,7.7596,12.2572
2026-08-29T21:30:02Z,94.8226,98.3379,3.5153,0.0000,0.0000,7.7596,12.2572
2026-08-29T21:30:03Z,94.7890,98.4185,3.6294,0.0000,0.0000,7.7596,12.2438
2026-08-29T21:30:04Z,94.7890,98.4172,3.6282,0.0000,0.0000,7.7595,12.2438
2026-08-29T21:30:05Z,94.7799,98.3342,3.5543,0.0000,0.0000,7.7595,12.2572
2026-08-29T21:30:06Z,94.7799,98.3329,3.5530,0.0000,0.0000,7.7595,12.2572
2026-08-29T21:30:07Z,94.7936,98.4954,3.7018,0.0000,0.0000,7.7595,12.2305
2026-08-29T21:30:08Z,94.7936,98.4942,3.7006,0.0000,0.0000,7.7594,12.2305
2026-08-29T21:30:09Z,94.7860,98.4110,3.6250,0.0000,0.0000,7.7594,12.2438
2026-08-29T21:30:10Z,94.7860,98.4098,3.6238,0.0000,0.0000,7.7594,12.2438
2026-08-29T21:30:11Z,94.8165,98.4905,3.6740,0.0000,0.0000,7.7593,12.2305
2026-08-29T21:30:12Z,94.8165,98.4892,3.6727,0.0000,0.0000,7.7593,12.2305
2026-08-29T21:30:13Z,94.8211,98.4061,3.5850,0.0000,0.0000,7.7593,12.2438
2026-08-29T21:30:14Z,94.8211,98.4048,3.5837,0.0000,0.0000,7.7593,12.2438
2026-08-29T21:30:15Z,94.7936,98.4036,3.6100,0.0000,0.0000,7.7592,12.2438
2026-08-29T21:30:16Z,94.7936,98.4024,3.6087,0.0000,0.0000,7.7592,12.2438
2026-08-29T21:30:17Z,94.8180,98.5650,3.7470,0.0000,0.0000,7.7592,12.2171
2026-08-29T21:30:18Z,94.8180,98.5637,3.7457,0.0000,0.0000,7.7591,12.2171
2026-08-29T21:30:19Z,94.7814,98.3986,3.6172,0.0000,0.0000,7.7591,12.2438
2026-08-29T21:30:20Z,94.7814,98.3974,3.6160,0.0000,0.0000,7.7591,12.2438
2026-08-29T21:30:21Z,94.8165,98.5600,3.7435,0.0000,0.0000,7.7591,12.2171
2026-08-29T21:30:22Z,94.8165,98.5588,3.7423,0.0000,0.0000,7.7590,12.2171
2026-08-29T21:30:23Z,94.8089,98.3937,3.5848,0.0000,0.0000,7.7590,12.2438
2026-08-29T21:30:24Z,94.8089,98.3924,3.5836,0.0000,0.0000,7.7590,12.2438
2026-08-29T21:30:25Z,94.7982,98.3912,3.5930,0.0000,0.0000,7.7589,12.2438
2026-08-29T21:30:26Z,94.7982,98.3900,3.5918,0.0000,0.0000,7.7589,12.2438
2026-08-29T21:30:27Z,94.7707,98.6510,3.8803,0.0000,0.0000,7.7589,12.2011
2026-08-29T21:30:28Z,94.7707,98.6498,3.8791,0.0000,0.0000,7.7589,12.2011
2026-08-29T21:30:29Z,94.7707,98.4681,3.6974,0.0000,0.0000,7.7588,12.2305
2026-08-29T21:30:30Z,94.7707,98.4669,3.6961,0.0000,0.0000,7.7588,12.2305
2026-08-29T21:30:31Z,94.8089,98.5476,3.7387,0.0000,0.0000,7.7588,12.2171
2026-08-29T21:30:32Z,94.8089,98.5464,3.7375,0.0000,0.0000,7.7587,12.2171
2026-08-29T21:30:33Z,94.7936,98.5451,3.7515,0.0000,0.0000,7.7587,12.2171
2026-08-29T21:30:34Z,94.7936,98.5439,3.7503,0.0000,0.0000,7.7587,12.2171
2026-08-29T21:30:35Z,94.8043,98.4607,3.6564,0.0000,0.0000,7.7586,12.2305
2026-08-29T21:30:36Z,94.8043,98.4594,3.6551,0.0000,0.0000,7.7586,12.2305
2026-08-29T21:30:37Z,94.8211,98.4582,3.6371,0.0000,0.0000,7.7586,12.2305
2026-08-29T21:30:38Z,94.8211,98.4570,3.6359,0.0000,0.0000,7.7586,12.2305
2026-08-29T21:30:39Z,94.8043,98.5377,3.7334,0.0000,0.0000,7.7585,12.2171
2026-08-29T21:30:40Z,94.8043,98.5364,3.7321,0.0000,0.0000,7.7585,12.2171
2026-08-29T21:30:41Z,94.8165,98.6336,3.8171,0.0000,0.0000,7.7585,12.2011
2026-08-29T21:30:42Z,94.8165,98.6324,3.8159,0.0000,0.0000,7.7584,12.2011
2026-08-29T21:30:43Z,94.7814,98.6311,3.8497,0.0000,0.0000,7.7584,12.2011
2026-08-29T21:30:44Z,94.7814,98.6299,3.8485,0.0000,0.0000,7.7584,12.2011
2026-08-29T21:30:45Z,94.7753,98.5302,3.7549,0.0000,0.0000,7.7584,12.2171
2026-08-29T21:30:46Z,94.7753,98.5290,3.7537,0.0000,0.0000,7.7583,12.2171
2026-08-29T21:30:47Z,94.7707,98.6262,3.8554,0.0000,0.0000,7.7583,12.2011
2026-08-29T21:30:48Z,94.7707,98.6249,3.8542,0.0000,0.0000,7.7583,12.2011
2026-08-29T21:30:49Z,94.7799,98.4433,3.6634,0.0000,0.0000,7.7582,12.2305
2026-08-29T21:30:50Z,94.7799,98.4421,3.6622,0.0000,0.0000,7.7582,12.2305
2026-08-29T21:30:51Z,94.8028,98.4408,3.6381,0.0000,0.0000,7.7582,12.2305
2026-08-29T21:30:52Z,94.8028,98.4396,3.6368,0.0000,0.0000,7.7582,12.2305
2026-08-29T21:30:53Z,94.7906,98.6187,3.8282,0.0000,0.0000,7.7581,12.2011
2026-08-29T21:30:54Z,94.7906,98.6175,3.8269,0.0000,0.0000,7.7581,12.2011
2026-08-29T21:30:55Z,94.8119,98.6162,3.8043,0.0000,0.0000,7.7581,12.2011
2026-08-29T21:30:56Z,94.8119,98.6150,3.8031,0.0000,0.0000,7.7580,12.2011
2026-08-29T21:30:57Z,94.7982,98.6138,3.8156,0.0000,0.0000,7.7580,12.2011
2026-08-29T21:30:58Z,94.7982,98.6125,3.8143,0.0000,0.0000,7.7580,12.2011
2026-08-29T21:30:59Z,94.7906,98.6934,3.9028,0.0000,0.0000,7.7580,12.1878
2026-08-29T21:31:00Z,94.7906,98.6921,3.9016,0.0000,0.0000,7.7579,12.1878
2026-08-29T21:31:01Z,94.7906,98.7731,3.9825,0.0000,0.0000,7.7579,12.1744
2026-08-29T21:31:02Z,94.7906,98.7718,3.9813,0.0000,0.0000,7.7579,12.1744
2026-08-29T21:31:03Z,94.7631,98.6884,3.9253,0.0000,0.0000,7.7578,12.1878
2026-08-29T21:31:04Z,94.7631,98.6872,3.9241,0.0000,0.0000,7.7578,12.1878
2026-08-29T21:31:05Z,94.7631,98.7681,4.0050,0.0000,0.0000,7.7578,12.1744
2026-08-29T21:31:06Z,94.7631,98.7668,4.0037,0.0000,0.0000,7.7577,12.1744
2026-08-29T21:31:07Z,94.7860,98.6834,3.8974,0.0000,0.0000,7.7577,12.1878
2026-08-29T21:31:08Z,94.7860,98.6822,3.8962,0.0000,0.0000,7.7577,12.1878
2026-08-29T21:31:09Z,94.7662,98.5989,3.8327,0.0000,0.0000,7.7577,12.2011
2026-08-29T21:31:10Z,94.7662,98.5976,3.8315,0.0000,0.0000,7.7576,12.2011
2026-08-29T21:31:11Z,94.8043,98.7606,3.9563,0.0000,0.0000,7.7576,12.1744
2026-08-29T21:31:12Z,94.8043,98.7594,3.9551,0.0000,0.0000,7.7576,12.1744
2026-08-29T21:31:13Z,94.7799,98.7581,3.9783,0.0000,0.0000,7.7575,12.1744
2026-08-29T21:31:14Z,94.7799,98.7569,3.9770,0.0000,0.0000,7.7575,12.1744
2026-08-29T21:31:15Z,94.8257,98.6735,3.8478,0.0000,0.0000,7.7575,12.1878
2026-08-29T21:31:16Z,94.8257,98.6723,3.8466,0.0000,0.0000,7.7575,12.1878
2026-08-29T21:31:17Z,94.7936,98.6710,3.8774,0.0000,0.0000,7.7574,12.1878
2026-08-29T21:31:18Z,94.7936,98.6698,3.8761,0.0000,0.0000,7.7574,12.1878
2026-08-29T21:31:19Z,94.8455,98.7507,3.9052,0.0000,0.0000,7.7574,12.1744
2026-08-29T21:31:20Z,94.8455,98.7494,3.9039,0.0000,0.0000,7.7573,12.1744
2026-08-29T21:31:21Z,94.8135,98.7482,3.9347,0.0000,0.0000,7.7573,12.1744
2026-08-29T21:31:22Z,94.8135,98.7470,3.9335,0.0000,0.0000,7.7573,12.1744
2026-08-29T21:31:23Z,94.7860,98.7457,3.9597,0.0000,0.0000,7.7572,12.1744
2026-08-29T21:31:24Z,94.7860,98.7445,3.9585,0.0000,0.0000,7.7572,12.1744
2026-08-29T21:31:25Z,94.8135,98.7432,3.9298,0.0000,0.0000,7.7572,12.1744
2026-08-29T21:31:26Z,94.8135,98.7420,3.9285,0.0000,0.0000,7.7572,12.1744
2026-08-29T21:31:27Z,94.7936,98.6586,3.8650,0.0000,0.0000,7.7571,12.1878
2026-08-29T21:31:28Z,94.7936,98.6574,3.8637,0.0000,0.0000,7.7571,12.1878
2026-08-29T21:31:29Z,94.8089,98.8205,4.0116,0.0000,0.0000,7.7571,12.1611
2026-08-29T21:31:30Z,94.8089,98.8192,4.0104,0.0000,0.0000,7.7570,12.1611
2026-08-29T21:31:31Z,94.8089,98.6536,3.8447,0.0000,0.0000,7.7570,12.1878
2026-08-29T21:31:32Z,94.8089,98.6524,3.8435,0.0000,0.0000,7.7570,12.1878
2026-08-29T21:31:33Z,94.7936,98.9143,4.1207,0.0000,0.0000,7.7569,12.1450
2026-08-29T21:31:34Z,94.7936,98.9130,4.1194,0.0000,0.0000,7.7569,12.1450
2026-08-29T21:31:35Z,94.8043,98.7308,3.9265,0.0000,0.0000,7.7569,12.1744
2026-08-29T21:31:36Z,94.8043,98.7296,3.9253,0.0000,0.0000,7.7569,12.1744
2026-08-29T21:31:37Z,94.8074,98.9093,4.1019,0.0000,0.0000,7.7568,12.1450
2026-08-29T21:31:38Z,94.8074,98.9081,4.1007,0.0000,0.0000,7.7568,12.1450
2026-08-29T21:31:39Z,94.7753,98.7258,3.9505,0.0000,0.0000,7.7568,12.1744
2026-08-29T21:31:40Z,94.7753,98.7246,3.9493,0.0000,0.0000,7.7567,12.1744
2026-08-29T21:31:41Z,94.8074,98.8056,3.9982,0.0000,0.0000,7.7567,12.1611
2026-08-29T21:31:42Z,94.8074,98.8043,3.9970,0.0000,0.0000,7.7567,12.1611
2026-08-29T21:31:43Z,94.7753,98.9018,4.1265,0.0000,0.0000,7.7566,12.1450
2026-08-29T21:31:44Z,94.7753,98.9006,4.1253,0.0000,0.0000,7.7566,12.1450
2026-08-29T21:31:45Z,94.7631,98.8006,4.0375,0.0000,0.0000,7.7566,12.1611
2026-08-29T21:31:46Z,94.7631,98.7994,4.0362,0.0000,0.0000,7.7566,12.1611
2026-08-29T21:31:47Z,94.7631,98.7981,4.0350,0.0000,0.0000,7.7565,12.1611
2026-08-29T21:31:48Z,94.7631,98.7969,4.0338,0.0000,0.0000,7.7565,12.1611
2026-08-29T21:31:49Z,94.8318,98.8944,4.0626,0.0000,0.0000,7.7565,12.1450
2026-08-29T21:31:50Z,94.8318,98.8931,4.0614,0.0000,0.0000,7.7564,12.1450
2026-08-29T21:31:51Z,94.7982,98.7931,3.9949,0.0000,0.0000,7.7564,12.1611
2026-08-29T21:31:52Z,94.7982,98.7919,3.9937,0.0000,0.0000,7.7564,12.1611
2026-08-29T21:31:53Z,94.7753,98.8894,4.1141,0.0000,0.0000,7.7564,12.1450
2026-08-29T21:31:54Z,94.7753,98.8882,4.1128,0.0000,0.0000,7.7563,12.1450
2026-08-29T21:31:55Z,94.7997,98.8869,4.0872,0.0000,0.0000,7.7563,12.1450
2026-08-29T21:31:56Z,94.7997,98.8857,4.0859,0.0000,0.0000,7.7563,12.1450
2026-08-29T21:31:57Z,94.7997,98.8844,4.0847,0.0000,0.0000,7.7562,12.1450
2026-08-29T21:31:58Z,94.7997,98.8832,4.0835,0.0000,0.0000,7.7562,12.1450
2026-08-29T21:31:59Z,94.7982,98.8819,4.0837,0.0000,0.0000,7.7562,12.1450
2026-08-29T21:32:00Z,94.7982,98.8807,4.0825,0.0000,0.0000,7.7561,12.1450
2026-08-29T21:32:01Z,94.7982,98.9618,4.1636,0.0000,0.0000,7.7561,12.1317
2026-08-29T21:32:02Z,94.7982,98.9606,4.1624,0.0000,0.0000,7.7561,12.1317
2026-08-29T21:32:03Z,94.7616,98.8770,4.1154,0.0000,0.0000,7.7561,12.1450
2026-08-29T21:32:04Z,94.7616,98.8757,4.1141,0.0000,0.0000,7.7560,12.1450
2026-08-29T21:32:05Z,94.7814,98.8745,4.0931,0.0000,0.0000,7.7560,12.1450
2026-08-29T21:32:06Z,94.7814,98.8732,4.0918,0.0000,0.0000,7.7560,12.1450
2026-08-29T21:32:07Z,94.8135,98.8720,4.0585,0.0000,0.0000,7.7559,12.1450
2026-08-29T21:32:08Z,94.8135,98.8707,4.0573,0.0000,0.0000,7.7559,12.1450
2026-08-29T21:32:09Z,94.8257,98.9519,4.1262,0.0000,0.0000,7.7559,12.1317
2026-08-29T21:32:10Z,94.8257,98.9506,4.1250,0.0000,0.0000,7.7558,12.1317
2026-08-29T21:32:11Z,94.8074,98.8670,4.0597,0.0000,0.0000,7.7558,12.1450
2026-08-29T21:32:12Z,94.8074,98.8658,4.0584,0.0000,0.0000,7.7558,12.1450
2026-08-29T21:32:13Z,94.7570,98.9469,4.1899,0.0000,0.0000,7.7557,12.1317
2026-08-29T21:32:14Z,94.7570,98.9456,4.1886,0.0000,0.0000,7.7557,12.1317
2026-08-29T21:32:15Z,94.8135,98.8620,4.0486,0.0000,0.0000,7.7557,12.1450
2026-08-29T21:32:16Z,94.8135,98.8608,4.0473,0.0000,0.0000,7.7557,12.1450
2026-08-29T21:32:17Z,94.7997,98.9419,4.1422,0.0000,0.0000,7.7556,12.1317
2026-08-29T21:32:18Z,94.7997,98.9407,4.1409,0.0000,0.0000,7.7556,12.1317
2026-08-29T21:32:19Z,94.7997,98.8571,4.0574,0.0000,0.0000,7.7556,12.1450
2026-08-29T21:32:20Z,94.7997,98.8558,4.0561,0.0000,0.0000,7.7555,12.1450
2026-08-29T21:32:21Z,94.8028,99.0194,4.2166,0.0000,0.0000,7.7555,12.1183
2026-08-29T21:32:22Z,94.8028,99.0181,4.2153,0.0000,0.0000,7.7555,12.1183
2026-08-29T21:32:23Z,94.8180,99.0169,4.1988,0.0000,0.0000,7.7554,12.1183
2026-08-29T21:32:24Z,94.8180,99.0156,4.1976,0.0000,0.0000,7.7554,12.1183
2026-08-29T21:32:25Z,94.7478,99.0969,4.3490,0.0000,0.0000,7.7554,12.1050
2026-08-29T21:32:26Z,94.7478,99.0956,4.3478,0.0000,0.0000,7.7554,12.1050
2026-08-29T21:32:27Z,94.7951,99.0119,4.2167,0.0000,0.0000,7.7553,12.1183
2026-08-29T21:32:28Z,94.7951,99.0106,4.2155,0.0000,0.0000,7.7553,12.1183
2026-08-29T21:32:29Z,94.7951,99.0094,4.2143,0.0000,0.0000,7.7553,12.1183
2026-08-29T21:32:30Z,94.7951,99.0082,4.2130,0.0000,0.0000,7.7552,12.1183
2026-08-29T21:32:31Z,94.7631,98.9245,4.1614,0.0000,0.0000,7.7552,12.1317
2026-08-29T21:32:32Z,94.7631,98.9233,4.1602,0.0000,0.0000,7.7552,12.1317
2026-08-29T21:32:33Z,94.8028,98.9220,4.1192,0.0000,0.0000,7.7551,12.1317
2026-08-29T21:32:34Z,94.8028,98.9208,4.1180,0.0000,0.0000,7.7551,12.1317
2026-08-29T21:32:35Z,94.8089,99.0844,4.2755,0.0000,0.0000,7.7551,12.1050
2026-08-29T21:32:36Z,94.8089,99.0832,4.2743,0.0000,0.0000,7.7550,12.1050
2026-08-29T21:32:37Z,94.7936,98.9995,4.2058,0.0000,0.0000,7.7550,12.1183
2026-08-29T21:32:38Z,94.7936,98.9982,4.2046,0.0000,0.0000,7.7550,12.1183
2026-08-29T21:32:39Z,94.8257,99.1950,4.3694,0.0000,0.0000,7.7550,12.0863
2026-08-29T21:32:40Z,94.8257,99.1938,4.3681,0.0000,0.0000,7.7549,12.0863
2026-08-29T21:32:41Z,94.7890,98.9945,4.2054,0.0000,0.0000,7.7549,12.1183
2026-08-29T21:32:42Z,94.7890,98.9932,4.2042,0.0000,0.0000,7.7549,12.1183
2026-08-29T21:32:43Z,94.7906,98.9096,4.1190,0.0000,0.0000,7.7548,12.1317
2026-08-29T21:32:44Z,94.7906,98.9083,4.1178,0.0000,0.0000,7.7548,12.1317
2026-08-29T21:32:45Z,94.7860,98.9895,4.2035,0.0000,0.0000,7.7548,12.1183
2026-08-29T21:32:46Z,94.7860,98.9883,4.2023,0.0000,0.0000,7.7547,12.1183
2026-08-29T21:32:47Z,94.7723,99.0695,4.2972,0.0000,0.0000,7.7547,12.1050
2026-08-29T21:32:48Z,94.7723,99.0682,4.2960,0.0000,0.0000,7.7547,12.1050
2026-08-29T21:32:49Z,94.7890,99.0670,4.2780,0.0000,0.0000,7.7547,12.1050
2026-08-29T21:32:50Z,94.7890,99.0658,4.2767,0.0000,0.0000,7.7546,12.1050
2026-08-29T21:32:51Z,94.8028,99.0645,4.2617,0.0000,0.0000,7.7546,12.1050
2026-08-29T21:32:52Z,94.8028,99.0633,4.2605,0.0000,0.0000,7.7546,12.1050
2026-08-29T21:32:53Z,94.7448,99.0620,4.3172,0.0000,0.0000,7.7545,12.1050
2026-08-29T21:32:54Z,94.7448,99.0608,4.3160,0.0000,0.0000,7.7545,12.1050
2026-08-29T21:32:55Z,94.8028,98.9771,4.1743,0.0000,0.0000,7.7545,12.1183
2026-08-29T21:32:56Z,94.8028,98.9758,4.1731,0.0000,0.0000,7.7544,12.1183
2026-08-29T21:32:57Z,94.8180,99.1726,4.3546,0.0000,0.0000,7.7544,12.0863
2026-08-29T21:32:58Z,94.8180,99.1714,4.3533,0.0000,0.0000,7.7544,12.0863
2026-08-29T21:32:59Z,94.8028,98.9721,4.1693,0.0000,0.0000,7.7543,12.1183
2026-08-29T21:33:00Z,94.8028,98.9709,4.1681,0.0000,0.0000,7.7543,12.1183
2026-08-29T21:33:01Z,94.7677,99.1676,4.4000,0.0000,0.0000,7.7543,12.0863
2026-08-29T21:33:02Z,94.7677,99.1664,4.3987,0.0000,0.0000,7.7543,12.0863
2026-08-29T21:33:03Z,94.8135,98.9671,4.1537,0.0000,0.0000,7.7542,12.1183
2026-08-29T21:33:04Z,94.8135,98.9659,4.1524,0.0000,0.0000,7.7542,12.1183
2026-08-29T21:33:05Z,94.7799,99.0471,4.2672,0.0000,0.0000,7.7542,12.1050
2026-08-29T21:33:06Z,94.7799,99.0459,4.2660,0.0000,0.0000,7.7541,12.1050
2026-08-29T21:33:07Z,94.7982,99.1602,4.3620,0.0000,0.0000,7.7541,12.0863
2026-08-29T21:33:08Z,94.7982,99.1589,4.3607,0.0000,0.0000,7.7541,12.0863
2026-08-29T21:33:09Z,94.7448,99.2403,4.4955,0.0000,0.0000,7.7540,12.0729
2026-08-29T21:33:10Z,94.7448,99.2391,4.4943,0.0000,0.0000,7.7540,12.0729
2026-08-29T21:33:11Z,94.7890,99.2378,4.4488,0.0000,0.0000,7.7540,12.0729
2026-08-29T21:33:12Z,94.7890,99.2366,4.4475,0.0000,0.0000,7.7539,12.0729
2026-08-29T21:33:13Z,94.8028,99.0372,4.2344,0.0000,0.0000,7.7539,12.1050
2026-08-29T21:33:14Z,94.8028,99.0359,4.2331,0.0000,0.0000,7.7539,12.1050
2026-08-29T21:33:15Z,94.8135,99.0347,4.2212,0.0000,0.0000,7.7538,12.1050
2026-08-29T21:33:16Z,94.8135,99.0334,4.2200,0.0000,0.0000,7.7538,12.1050
2026-08-29T21:33:17Z,94.7494,99.0322,4.2828,0.0000,0.0000,7.7538,12.1050
2026-08-29T21:33:18Z,94.7494,99.0309,4.2816,0.0000,0.0000,7.7538,12.1050
2026-08-29T21:33:19Z,94.8135,99.3106,4.4971,0.0000,0.0000,7.7537,12.0596
2026-08-29T21:33:20Z,94.8135,99.3093,4.4959,0.0000,0.0000,7.7537,12.0596
2026-08-29T21:33:21Z,94.8135,99.2254,4.4119,0.0000,0.0000,7.7537,12.0729
2026-08-29T21:33:22Z,94.8135,99.2241,4.4107,0.0000,0.0000,7.7536,12.0729
2026-08-29T21:33:23Z,94.7845,99.1403,4.3558,0.0000,0.0000,7.7536,12.0863
2026-08-29T21:33:24Z,94.7845,99.1390,4.3545,0.0000,0.0000,7.7536,12.0863
2026-08-29T21:33:25Z,94.7951,99.2204,4.4252,0.0000,0.0000,7.7535,12.0729
2026-08-29T21:33:26Z,94.7951,99.2191,4.4240,0.0000,0.0000,7.7535,12.0729
2026-08-29T21:33:27Z,94.7890,99.2179,4.4289,0.0000,0.0000,7.7535,12.0729
2026-08-29T21:33:28Z,94.7890,99.2167,4.4276,0.0000,0.0000,7.7534,12.0729
2026-08-29T21:33:29Z,94.7890,99.2154,4.4264,0.0000,0.0000,7.7534,12.0729
2026-08-29T21:33:30Z,94.7890,99.2142,4.4251,0.0000,0.0000,7.7534,12.0729
2026-08-29T21:33:31Z,94.7951,99.3784,4.5832,0.0000,0.0000,7.7533,12.0462
2026-08-29T21:33:32Z,94.7951,99.3771,4.5820,0.0000,0.0000,7.7533,12.0462
2026-08-29T21:33:33Z,94.7524,99.2931,4.5407,0.0000,0.0000,7.7533,12.0596
2026-08-29T21:33:34Z,94.7524,99.2919,4.5395,0.0000,0.0000,7.7533,12.0596
2026-08-29T21:33:35Z,94.8257,99.2906,4.4650,0.0000,0.0000,7.7532,12.0596
2026-08-29T21:33:36Z,94.8257,99.2894,4.4637,0.0000,0.0000,7.7532,12.0596
2026-08-29T21:33:37Z,94.7753,99.2881,4.5128,0.0000,0.0000,7.7532,12.0596
2026-08-29T21:33:38Z,94.7753,99.2869,4.5116,0.0000,0.0000,7.7531,12.0596
2026-08-29T21:33:39Z,94.8165,99.2856,4.4691,0.0000,0.0000,7.7531,12.0596
2026-08-29T21:33:40Z,94.8165,99.2844,4.4679,0.0000,0.0000,7.7531,12.0596
2026-08-29T21:33:41Z,94.7387,99.2005,4.4618,0.0000,0.0000,7.7530,12.0729
2026-08-29T21:33:42Z,94.7387,99.1992,4.4605,0.0000,0.0000,7.7530,12.0729
2026-08-29T21:33:43Z,94.7906,99.1980,4.4074,0.0000,0.0000,7.7530,12.0729
2026-08-29T21:33:44Z,94.7906,99.1967,4.4062,0.0000,0.0000,7.7529,12.0729
2026-08-29T21:33:45Z,94.7982,99.2782,4.4800,0.0000,0.0000,7.7529,12.0596
2026-08-29T21:33:46Z,94.7982,99.2769,4.4787,0.0000,0.0000,7.7529,12.0596
2026-08-29T21:33:47Z,94.7753,99.3584,4.5831,0.0000,0.0000,7.7528,12.0462
2026-08-29T21:33:48Z,94.7753,99.3572,4.5819,0.0000,0.0000,7.7528,12.0462
2026-08-29T21:33:49Z,94.7723,99.2732,4.5009,0.0000,0.0000,7.7528,12.0596
2026-08-29T21:33:50Z,94.7723,99.2719,4.4997,0.0000,0.0000,7.7528,12.0596
2026-08-29T21:33:51Z,94.8257,99.2707,4.4450,0.0000,0.0000,7.7527,12.0596
2026-08-29T21:33:52Z,94.8257,99.2695,4.4438,0.0000,0.0000,7.7527,12.0596
2026-08-29T21:33:53Z,94.7616,99.2682,4.5066,0.0000,0.0000,7.7527,12.0596
2026-08-29T21:33:54Z,94.7616,99.2670,4.5054,0.0000,0.0000,7.7526,12.0596
2026-08-29T21:33:55Z,94.7723,99.3485,4.5762,0.0000,0.0000,7.7526,12.0462
2026-08-29T21:33:56Z,94.7723,99.3472,4.5750,0.0000,0.0000,7.7526,12.0462
2026-08-29T21:33:57Z,94.8028,99.3460,4.5432,0.0000,0.0000,7.7525,12.0462
2026-08-29T21:33:58Z,94.8028,99.3447,4.5420,0.0000,0.0000,7.7525,12.0462
2026-08-29T21:33:59Z,94.7845,99.3435,4.5590,0.0000,0.0000,7.7525,12.0462
2026-08-29T21:34:00Z,94.7845,99.3422,4.5578,0.0000,0.0000,7.7524,12.0462
2026-08-29T21:34:01Z,94.7768,99.2583,4.4814,0.0000,0.0000,7.7524,12.0596
2026-08-29T21:34:02Z,94.7768,99.2570,4.4802,0.0000,0.0000,7.7524,12.0596
2026-08-29T21:34:03Z,94.8135,99.3385,4.5250,0.0000,0.0000,7.7523,12.0462
2026-08-29T21:34:04Z,94.8135,99.3373,4.5238,0.0000,0.0000,7.7523,12.0462
2026-08-29T21:34:05Z,94.7890,99.6013,4.8122,0.0000,0.0000,7.7523,12.0035
2026-08-29T21:34:06Z,94.7890,99.6000,4.8110,0.0000,0.0000,7.7522,12.0035
2026-08-29T21:34:07Z,94.7906,99.4329,4.6423,0.0000,0.0000,7.7522,12.0302
2026-08-29T21:34:08Z,94.7906,99.4317,4.6411,0.0000,0.0000,7.7522,12.0302
2026-08-29T21:34:09Z,94.8409,99.3310,4.4901,0.0000,0.0000,7.7522,12.0462
2026-08-29T21:34:10Z,94.8409,99.3298,4.4889,0.0000,0.0000,7.7521,12.0462
2026-08-29T21:34:11Z,94.7768,99.5108,4.7340,0.0000,0.0000,7.7521,12.0169
2026-08-29T21:34:12Z,94.7768,99.5096,4.7327,0.0000,0.0000,7.7521,12.0169
2026-08-29T21:34:13Z,94.7845,99.4254,4.6410,0.0000,0.0000,7.7520,12.0302
2026-08-29T21:34:14Z,94.7845,99.4242,4.6397,0.0000,0.0000,7.7520,12.0302
2026-08-29T21:34:15Z,94.7951,99.4229,4.6278,0.0000,0.0000,7.7520,12.0302
2026-08-29T21:34:16Z,94.7951,99.4217,4.6265,0.0000,0.0000,7.7519,12.0302
2026-08-29T21:34:17Z,94.7951,99.4204,4.6253,0.0000,0.0000,7.7519,12.0302
2026-08-29T21:34:18Z,94.7951,99.4192,4.6240,0.0000,0.0000,7.7519,12.0302
2026-08-29T21:34:19Z,94.7723,99.3186,4.5463,0.0000,0.0000,7.7518,12.0462
2026-08-29T21:34:20Z,94.7723,99.3173,4.5451,0.0000,0.0000,7.7518,12.0462
2026-08-29T21:34:21Z,94.7845,99.4155,4.6310,0.0000,0.0000,7.7518,12.0302
2026-08-29T21:34:22Z,94.7845,99.4142,4.6297,0.0000,0.0000,7.7517,12.0302
2026-08-29T21:34:23Z,94.8028,99.4130,4.6102,0.0000,0.0000,7.7517,12.0302
2026-08-29T21:34:24Z,94.8028,99.4117,4.6089,0.0000,0.0000,7.7517,12.0302
2026-08-29T21:34:25Z,94.7723,99.4105,4.6382,0.0000,0.0000,7.7516,12.0302
2026-08-29T21:34:26Z,94.7723,99.4092,4.6370,0.0000,0.0000,7.7516,12.0302
2026-08-29T21:34:27Z,94.8089,99.4909,4.6820,0.0000,0.0000,7.7516,12.0169
2026-08-29T21:34:28Z,94.8089,99.4896,4.6807,0.0000,0.0000,7.7515,12.0169
2026-08-29T21:34:29Z,94.7616,99.4055,4.6439,0.0000,0.0000,7.7515,12.0302
2026-08-29T21:34:30Z,94.7616,99.4042,4.6427,0.0000,0.0000,7.7515,12.0302
2026-08-29T21:34:31Z,94.8089,99.4859,4.6770,0.0000,0.0000,7.7515,12.0169
2026-08-29T21:34:32Z,94.8089,99.4846,4.6757,0.0000,0.0000,7.7514,12.0169
2026-08-29T21:34:33Z,94.7997,99.4005,4.6008,0.0000,0.0000,7.7514,12.0302
2026-08-29T21:34:34Z,94.7997,99.3993,4.5995,0.0000,0.0000,7.7514,12.0302
2026-08-29T21:34:35Z,94.7951,99.4809,4.6857,0.0000,0.0000,7.7513,12.0169
2026-08-29T21:34:36Z,94.7951,99.4796,4.6845,0.0000,0.0000,7.7513,12.0169
2026-08-29T21:34:37Z,94.7616,99.5613,4.7998,0.0000,0.0000,7.7513,12.0035
2026-08-29T21:34:38Z,94.7616,99.5601,4.7985,0.0000,0.0000,7.7512,12.0035
2026-08-29T21:34:39Z,94.7662,99.4759,4.7097,0.0000,0.0000,7.7512,12.0169
2026-08-29T21:34:40Z,94.7662,99.4747,4.7085,0.0000,0.0000,7.7512,12.0169
2026-08-29T21:34:41Z,94.7814,99.5564,4.7749,0.0000,0.0000,7.7511,12.0035
2026-08-29T21:34:42Z,94.7814,99.5551,4.7737,0.0000,0.0000,7.7511,12.0035
2026-08-29T21:34:43Z,94.7906,99.5539,4.7633,0.0000,0.0000,7.7511,12.0035
2026-08-29T21:34:44Z,94.7906,99.5526,4.7620,0.0000,0.0000,7.7510,12.0035
2026-08-29T21:34:45Z,94.7814,99.5514,4.7700,0.0000,0.0000,7.7510,12.0035
2026-08-29T21:34:46Z,94.7814,99.5501,4.7687,0.0000,0.0000,7.7510,12.0035
2026-08-29T21:34:47Z,94.7707,99.3831,4.6123,0.0000,0.0000,7.7509,12.0302
2026-08-29T21:34:48Z,94.7707,99.3818,4.6111,0.0000,0.0000,7.7509,12.0302
2026-08-29T21:34:49Z,94.7845,99.6294,4.8449,0.0000,0.0000,7.7509,11.9902
2026-08-29T21:34:50Z,94.7845,99.6281,4.8437,0.0000,0.0000,7.7508,11.9902
2026-08-29T21:34:51Z,94.7494,99.5439,4.7945,0.0000,0.0000,7.7508,12.0035
2026-08-29T21:34:52Z,94.7494,99.5426,4.7933,0.0000,0.0000,7.7508,12.0035
2026-08-29T21:34:53Z,94.7951,99.5414,4.7462,0.0000,0.0000,7.7507,12.0035
2026-08-29T21:34:54Z,94.7951,99.5401,4.7450,0.0000,0.0000,7.7507,12.0035
2026-08-29T21:34:55Z,94.7997,99.5389,4.7392,0.0000,0.0000,7.7507,12.0035
2026-08-29T21:34:56Z,94.7997,99.5377,4.7379,0.0000,0.0000,7.7506,12.0035
2026-08-29T21:34:57Z,94.7570,99.5364,4.7794,0.0000,0.0000,7.7506,12.0035
2026-08-29T21:34:58Z,94.7570,99.5352,4.7782,0.0000,0.0000,7.7506,12.0035
2026-08-29T21:34:59Z,94.7906,99.6169,4.8263,0.0000,0.0000,7.7505,11.9902
2026-08-29T21:35:00Z,94.7906,99.6157,4.8251,0.0000,0.0000,7.7505,11.9902
2026-08-29T21:35:01Z,94.7662,99.5314,4.7653,0.0000,0.0000,7.7505,12.0035
2026-08-29T21:35:02Z,94.7662,99.5302,4.7640,0.0000,0.0000,7.7505,12.0035
2026-08-29T21:35:03Z,94.7890,99.4460,4.6570,0.0000,0.0000,7.7504,12.0169
2026-08-29T21:35:04Z,94.7890,99.4448,4.6557,0.0000,0.0000,7.7504,12.0169
2026-08-29T21:35:05Z,94.8089,99.6094,4.8006,0.0000,0.0000,7.7504,11.9902
2026-08-29T21:35:06Z,94.8089,99.6082,4.7993,0.0000,0.0000,7.7503,11.9902
2026-08-29T21:35:07Z,94.7906,99.6069,4.8164,0.0000,0.0000,7.7503,11.9902
2026-08-29T21:35:08Z,94.7906,99.6057,4.8151,0.0000,0.0000,7.7503,11.9902
2026-08-29T21:35:09Z,94.7768,99.7041,4.9273,0.0000,0.0000,7.7502,11.9741
2026-08-29T21:35:10Z,94.7768,99.7029,4.9261,0.0000,0.0000,7.7502,11.9741
2026-08-29T21:35:11Z,94.7631,99.5190,4.7559,0.0000,0.0000,7.7502,12.0035
2026-08-29T21:35:12Z,94.7631,99.5177,4.7546,0.0000,0.0000,7.7501,12.0035
2026-08-29T21:35:13Z,94.7890,99.5995,4.8104,0.0000,0.0000,7.7501,11.9902
2026-08-29T21:35:14Z,94.7890,99.5982,4.8092,0.0000,0.0000,7.7501,11.9902
2026-08-29T21:35:15Z,94.7570,99.5970,4.8400,0.0000,0.0000,7.7500,11.9902
2026-08-29T21:35:16Z,94.7570,99.5957,4.8387,0.0000,0.0000,7.7500,11.9902
2026-08-29T21:35:17Z,94.7631,99.6942,4.9311,0.0000,0.0000,7.7500,11.9741
2026-08-29T21:35:18Z,94.7631,99.6929,4.9298,0.0000,0.0000,7.7499,11.9741
2026-08-29T21:35:19Z,94.7539,99.6917,4.9377,0.0000,0.0000,7.7499,11.9741
2026-08-29T21:35:20Z,94.7539,99.6904,4.9365,0.0000,0.0000,7.7499,11.9741
2026-08-29T21:35:21Z,94.7906,99.6892,4.8986,0.0000,0.0000,7.7498,11.9741
2026-08-29T21:35:22Z,94.7906,99.6879,4.8974,0.0000,0.0000,7.7498,11.9741
2026-08-29T21:35:23Z,94.7906,99.6867,4.8961,0.0000,0.0000,7.7498,11.9741
2026-08-29T21:35:24Z,94.7906,99.6854,4.8949,0.0000,0.0000,7.7497,11.9741
2026-08-29T21:35:25Z,94.7631,99.7673,5.0042,0.0000,0.0000,7.7497,11.9608
2026-08-29T21:35:26Z,94.7631,99.7661,5.0030,0.0000,0.0000,7.7497,11.9608
2026-08-29T21:35:27Z,94.7997,99.7648,4.9651,0.0000,0.0000,7.7496,11.9608
2026-08-29T21:35:28Z,94.7997,99.7636,4.9639,0.0000,0.0000,7.7496,11.9608
2026-08-29T21:35:29Z,94.7997,99.8456,5.0458,0.0000,0.0000,7.7496,11.9474
2026-08-29T21:35:30Z,94.7997,99.8443,5.0446,0.0000,0.0000,7.7495,11.9474
2026-08-29T21:35:31Z,94.7539,99.6767,4.9227,0.0000,0.0000,7.7495,11.9741
2026-08-29T21:35:32Z,94.7539,99.6754,4.9215,0.0000,0.0000,7.7495,11.9741
2026-08-29T21:35:33Z,94.7539,99.7573,5.0034,0.0000,0.0000,7.7494,11.9608
2026-08-29T21:35:34Z,94.7539,99.7561,5.0021,0.0000,0.0000,7.7494,11.9608
2026-08-29T21:35:35Z,94.8119,99.7548,4.9429,0.0000,0.0000,7.7494,11.9608
2026-08-29T21:35:36Z,94.8119,99.7536,4.9417,0.0000,0.0000,7.7493,11.9608
2026-08-29T21:35:37Z,94.7585,99.5695,4.8110,0.0000,0.0000,7.7493,11.9902
2026-08-29T21:35:38Z,94.7585,99.5683,4.8098,0.0000,0.0000,7.7493,11.9902
2026-08-29T21:35:39Z,94.7707,99.7499,4.9791,0.0000,0.0000,7.7492,11.9608
2026-08-29T21:35:40Z,94.7707,99.7486,4.9779,0.0000,0.0000,7.7492,11.9608
2026-08-29T21:35:41Z,94.7936,99.5646,4.7709,0.0000,0.0000,7.7492,11.9902
2026-08-29T21:35:42Z,94.7936,99.5633,4.7697,0.0000,0.0000,7.7491,11.9902
2026-08-29T21:35:43Z,94.7906,99.6617,4.8712,0.0000,0.0000,7.7491,11.9741
2026-08-29T21:35:44Z,94.7906,99.6605,4.8699,0.0000,0.0000,7.7491,11.9741
2026-08-29T21:35:45Z,94.7662,99.6592,4.8931,0.0000,0.0000,7.7490,11.9741
2026-08-29T21:35:46Z,94.7662,99.6580,4.8918,0.0000,0.0000,7.7490,11.9741
2026-08-29T21:35:47Z,94.7890,99.8231,5.0340,0.0000,0.0000,7.7490,11.9474
2026-08-29T21:35:48Z,94.7890,99.8218,5.0328,0.0000,0.0000,7.7489,11.9474
2026-08-29T21:35:49Z,94.7585,99.8206,5.0621,0.0000,0.0000,7.7489,11.9474
2026-08-29T21:35:50Z,94.7585,99.8193,5.0608,0.0000,0.0000,7.7489,11.9474
2026-08-29T21:35:51Z,94.7768,99.7349,4.9580,0.0000,0.0000,7.7488,11.9608
2026-08-29T21:35:52Z,94.7768,99.7336,4.9568,0.0000,0.0000,7.7488,11.9608
2026-08-29T21:35:53Z,94.7845,99.8989,5.1144,0.0000,0.0000,7.7488,11.9341
2026-08-29T21:35:54Z,94.7845,99.8976,5.1132,0.0000,0.0000,7.7487,11.9341
2026-08-29T21:35:55Z,94.7539,99.6468,4.8928,0.0000,0.0000,7.7487,11.9741
2026-08-29T21:35:56Z,94.7539,99.6455,4.8916,0.0000,0.0000,7.7487,11.9741
2026-08-29T21:35:57Z,94.7799,99.6443,4.8644,0.0000,0.0000,7.7486,11.9741
2026-08-29T21:35:58Z,94.7799,99.6430,4.8631,0.0000,0.0000,7.7486,11.9741
2026-08-29T21:35:59Z,94.7585,99.8081,5.0496,0.0000,0.0000,7.7486,11.9474
2026-08-29T21:36:00Z,94.7585,99.8069,5.0483,0.0000,0.0000,7.7485,11.9474
2026-08-29T21:36:01Z,94.7906,99.8889,5.0983,0.0000,0.0000,7.7485,11.9341
2026-08-29T21:36:02Z,94.7906,99.8876,5.0971,0.0000,0.0000,7.7485,11.9341
2026-08-29T21:36:03Z,94.7890,99.8031,5.0141,0.0000,0.0000,7.7484,11.9474
2026-08-29T21:36:04Z,94.7890,99.8019,5.0128,0.0000,0.0000,7.7484,11.9474
2026-08-29T21:36:05Z,94.7707,99.7174,4.9467,0.0000,0.0000,7.7484,11.9608
2026-08-29T21:36:06Z,94.7707,99.7162,4.9454,0.0000,0.0000,7.7483,11.9608
2026-08-29T21:36:07Z,94.7433,99.7149,4.9717,0.0000,0.0000,7.7483,11.9608
2026-08-29T21:36:08Z,94.7433,99.7137,4.9704,0.0000,0.0000,7.7483,11.9608
2026-08-29T21:36:09Z,94.7631,99.7956,5.0325,0.0000,0.0000,7.7482,11.9474
2026-08-29T21:36:10Z,94.7631,99.7944,5.0313,0.0000,0.0000,7.7482,11.9474
2026-08-29T21:36:11Z,94.7814,99.7931,5.0117,0.0000,0.0000,7.7482,11.9474
2026-08-29T21:36:12Z,94.7814,99.7919,5.0105,0.0000,0.0000,7.7481,11.9474
2026-08-29T21:36:13Z,94.8043,99.7906,4.9863,0.0000,0.0000,7.7481,11.9474
2026-08-29T21:36:14Z,94.8043,99.7894,4.9851,0.0000,0.0000,7.7481,11.9474
2026-08-29T21:36:15Z,94.7723,99.7881,5.0159,0.0000,0.0000,7.7480,11.9474
2026-08-29T21:36:16Z,94.7723,99.7869,5.0146,0.0000,0.0000,7.7480,11.9474
2026-08-29T21:36:17Z,94.7631,99.8689,5.1058,0.0000,0.0000,7.7480,11.9341
2026-08-29T21:36:18Z,94.7631,99.8676,5.1045,0.0000,0.0000,7.7479,11.9341
2026-08-29T21:36:19Z,94.7707,99.8664,5.0957,0.0000,0.0000,7.7479,11.9341
2026-08-29T21:36:20Z,94.7707,99.8651,5.0944,0.0000,0.0000,7.7479,11.9341
2026-08-29T21:36:21Z,94.7539,99.8639,5.1100,0.0000,0.0000,7.7478,11.9341
2026-08-29T21:36:22Z,94.7539,99.8627,5.1087,0.0000,0.0000,7.7478,11.9341
2026-08-29T21:36:23Z,94.7845,99.7782,4.9937,0.0000,0.0000,7.7478,11.9474
2026-08-29T21:36:24Z,94.7845,99.7769,4.9924,0.0000,0.0000,7.7477,11.9474
2026-08-29T21:36:25Z,94.7723,99.8589,5.0866,0.0000,0.0000,7.7477,11.9341
2026-08-29T21:36:26Z,94.7723,99.8577,5.0854,0.0000,0.0000,7.7477,11.9341
2026-08-29T21:36:27Z,94.7585,99.8564,5.0979,0.0000,0.0000,7.7476,11.9341
2026-08-29T21:36:28Z,94.7585,99.8552,5.0966,0.0000,0.0000,7.7476,11.9341
2026-08-29T21:36:29Z,94.7723,99.7707,4.9984,0.0000,0.0000,7.7476,11.9474
2026-08-29T21:36:30Z,94.7723,99.7694,4.9972,0.0000,0.0000,7.7475,11.9474
2026-08-29T21:36:31Z,94.7433,99.8514,5.1082,0.0000,0.0000,7.7475,11.9341
2026-08-29T21:36:32Z,94.7433,99.8502,5.1069,0.0000,0.0000,7.7475,11.9341
2026-08-29T21:36:33Z,94.7707,99.8489,5.0782,0.0000,0.0000,7.7474,11.9341
2026-08-29T21:36:34Z,94.7707,99.8477,5.0769,0.0000,0.0000,7.7474,11.9341
2026-08-29T21:36:35Z,94.7478,99.8464,5.0986,0.0000,0.0000,7.7474,11.9341
2026-08-29T21:36:36Z,94.7478,99.8452,5.0973,0.0000,0.0000,7.7473,11.9341
2026-08-29T21:36:37Z,94.7707,99.8439,5.0732,0.0000,0.0000,7.7473,11.9341
2026-08-29T21:36:38Z,94.7707,99.8427,5.0720,0.0000,0.0000,7.7473,11.9341
2026-08-29T21:36:39Z,94.7478,99.9414,5.1936,0.0000,0.0000,7.7472,11.9181
2026-08-29T21:36:40Z,94.7478,99.9402,5.1923,0.0000,0.0000,7.7472,11.9181
2026-08-29T21:36:41Z,94.7585,99.8389,5.0804,0.0000,0.0000,7.7472,11.9341
2026-08-29T21:36:42Z,94.7585,99.8377,5.0792,0.0000,0.0000,7.7471,11.9341
2026-08-29T21:36:43Z,94.7860,99.9364,5.1504,0.0000,0.0000,7.7471,11.9181
2026-08-29T21:36:44Z,94.7860,99.9352,5.1492,0.0000,0.0000,7.7471,11.9181
2026-08-29T21:36:45Z,94.7936,99.8340,5.0403,0.0000,0.0000,7.7470,11.9341
2026-08-29T21:36:46Z,94.7936,99.8327,5.0391,0.0000,0.0000,7.7470,11.9341
2026-08-29T21:36:47Z,94.7616,99.8315,5.0699,0.0000,0.0000,7.7470,11.9341
2026-08-29T21:36:48Z,94.7616,99.8302,5.0686,0.0000,0.0000,7.7469,11.9341
2026-08-29T21:36:49Z,94.7616,99.9289,5.1674,0.0000,0.0000,7.7469,11.9181
2026-08-29T21:36:50Z,94.7616,99.9277,5.1661,0.0000,0.0000,7.7469,11.9181
2026-08-29T21:36:51Z,94.7662,100.0098,5.2437,0.0000,0.0000,7.7468,11.9047
2026-08-29T21:36:52Z,94.7662,100.0086,5.2424,0.0000,0.0000,7.7468,11.9047
2026-08-29T21:36:53Z,94.7433,100.0073,5.2641,0.0000,0.0000,7.7468,11.9047
2026-08-29T21:36:54Z,94.7433,100.0061,5.2628,0.0000,0.0000,7.7467,11.9047
2026-08-29T21:36:55Z,94.7539,100.0883,5.3344,0.0000,0.0000,7.7467,11.8914
2026-08-29T21:36:56Z,94.7539,100.0871,5.3331,0.0000,0.0000,7.7467,11.8914
2026-08-29T21:36:57Z,94.7539,99.9190,5.1650,0.0000,0.0000,7.7466,11.9181
2026-08-29T21:36:58Z,94.7539,99.9177,5.1638,0.0000,0.0000,7.7466,11.9181
2026-08-29T21:36:59Z,94.7524,99.9998,5.2474,0.0000,0.0000,7.7466,11.9047
2026-08-29T21:37:00Z,94.7524,99.9986,5.2462,0.0000,0.0000,7.7465,11.9047
2026-08-29T21:37:01Z,94.7585,99.9140,5.1554,0.0000,0.0000,7.7465,11.9181
2026-08-29T21:37:02Z,94.7585,99.9127,5.1542,0.0000,0.0000,7.7465,11.9181
2026-08-29T21:37:03Z,94.7204,99.9948,5.2745,0.0000,0.0000,7.7464,11.9047
2026-08-29T21:37:04Z,94.7204,99.9936,5.2732,0.0000,0.0000,7.7464,11.9047
2026-08-29T21:37:05Z,94.7524,100.0758,5.3234,0.0000,0.0000,7.7464,11.8914
2026-08-29T21:37:06Z,94.7524,100.0746,5.3221,0.0000,0.0000,7.7463,11.8914
2026-08-29T21:37:07Z,94.7250,99.9065,5.1815,0.0000,0.0000,7.7463,11.9181
2026-08-29T21:37:08Z,94.7250,99.9052,5.1803,0.0000,0.0000,7.7463,11.9181
2026-08-29T21:37:09Z,94.7402,99.9874,5.2471,0.0000,0.0000,7.7462,11.9047
2026-08-29T21:37:10Z,94.7402,99.9861,5.2459,0.0000,0.0000,7.7462,11.9047
2026-08-29T21:37:11Z,94.7524,100.0683,5.3159,0.0000,0.0000,7.7462,11.8914
2026-08-29T21:37:12Z,94.7524,100.0671,5.3146,0.0000,0.0000,7.7461,11.8914
2026-08-29T21:37:13Z,94.7341,100.0658,5.3317,0.0000,0.0000,7.7461,11.8914
2026-08-29T21:37:14Z,94.7341,100.0646,5.3304,0.0000,0.0000,7.7461,11.8914
2026-08-29T21:37:15Z,94.7723,100.0633,5.2911,0.0000,0.0000,7.7460,11.8914
2026-08-29T21:37:16Z,94.7723,100.0621,5.2898,0.0000,0.0000,7.7460,11.8914
2026-08-29T21:37:17Z,94.7478,100.1443,5.3965,0.0000,0.0000,7.7460,11.8780
2026-08-29T21:37:18Z,94.7478,100.1431,5.3952,0.0000,0.0000,7.7459,11.8780
2026-08-29T21:37:19Z,94.7707,100.0583,5.2876,0.0000,0.0000,7.7459,11.8914
2026-08-29T21:37:20Z,94.7707,100.0571,5.2863,0.0000,0.0000,7.7459,11.8914
2026-08-29T21:37:21Z,94.7616,100.1393,5.3778,0.0000,0.0000,7.7458,11.8780
2026-08-29T21:37:22Z,94.7616,100.1381,5.3765,0.0000,0.0000,7.7458,11.8780
2026-08-29T21:37:23Z,94.7402,100.0533,5.3131,0.0000,0.0000,7.7458,11.8914
2026-08-29T21:37:24Z,94.7402,100.0521,5.3119,0.0000,0.0000,7.7457,11.8914
2026-08-29T21:37:25Z,94.7478,100.0508,5.3030,0.0000,0.0000,7.7457,11.8914
2026-08-29T21:37:26Z,94.7478,100.0496,5.3017,0.0000,0.0000,7.7456,11.8914
2026-08-29T21:37:27Z,94.7539,100.0483,5.2944,0.0000,0.0000,7.7456,11.8914
2026-08-29T21:37:28Z,94.7539,100.0471,5.2931,0.0000,0.0000,7.7456,11.8914
2026-08-29T21:37:29Z,94.7127,100.1293,5.4166,0.0000,0.0000,7.7455,11.8780
2026-08-29T21:37:30Z,94.7127,100.1281,5.4153,0.0000,0.0000,7.7455,11.8780
2026-08-29T21:37:31Z,94.7707,100.0433,5.2726,0.0000,0.0000,7.7455,11.8914
2026-08-29T21:37:32Z,94.7707,100.0421,5.2713,0.0000,0.0000,7.7454,11.8914
2026-08-29T21:37:33Z,94.7478,100.0408,5.2930,0.0000,0.0000,7.7454,11.8914
2026-08-29T21:37:34Z,94.7478,100.0396,5.2917,0.0000,0.0000,7.7454,11.8914
2026-08-29T21:37:35Z,94.7585,100.1218,5.3633,0.0000,0.0000,7.7453,11.8780
2026-08-29T21:37:36Z,94.7585,100.1206,5.3621,0.0000,0.0000,7.7453,11.8780
2026-08-29T21:37:37Z,94.7341,100.1193,5.3852,0.0000,0.0000,7.7453,11.8780
2026-08-29T21:37:38Z,94.7341,100.1181,5.3840,0.0000,0.0000,7.7452,11.8780
2026-08-29T21:37:39Z,94.7707,100.1168,5.3461,0.0000,0.0000,7.7452,11.8780
2026-08-29T21:37:40Z,94.7707,100.1156,5.3449,0.0000,0.0000,7.7452,11.8780
2026-08-29T21:37:41Z,94.7585,100.2146,5.4561,0.0000,0.0000,7.7451,11.8620
2026-08-29T21:37:42Z,94.7585,100.2134,5.4549,0.0000,0.0000,7.7451,11.8620
2026-08-29T21:37:43Z,94.7448,100.1118,5.3671,0.0000,0.0000,7.7451,11.8780
2026-08-29T21:37:44Z,94.7448,100.1106,5.3658,0.0000,0.0000,7.7450,11.8780
2026-08-29T21:37:45Z,94.7616,99.9424,5.1809,0.0000,0.0000,7.7450,11.9047
2026-08-29T21:37:46Z,94.7616,99.9412,5.1796,0.0000,0.0000,7.7450,11.9047
2026-08-29T21:37:47Z,94.7341,100.1068,5.3727,0.0000,0.0000,7.7449,11.8780
2026-08-29T21:37:48Z,94.7341,100.1056,5.3715,0.0000,0.0000,7.7449,11.8780
2026-08-29T21:37:49Z,94.7707,100.2046,5.4339,0.0000,0.0000,7.7449,11.8620
2026-08-29T21:37:50Z,94.7707,100.2034,5.4327,0.0000,0.0000,7.7448,11.8620
2026-08-29T21:37:51Z,94.7524,100.0184,5.2659,0.0000,0.0000,7.7448,11.8914
2026-08-29T21:37:52Z,94.7524,100.0171,5.2647,0.0000,0.0000,7.7448,11.8914
2026-08-29T21:37:53Z,94.7662,100.0994,5.3332,0.0000,0.0000,7.7447,11.8780
2026-08-29T21:37:54Z,94.7662,100.0981,5.3320,0.0000,0.0000,7.7447,11.8780
2026-08-29T21:37:55Z,94.7707,100.2808,5.5101,0.0000,0.0000,7.7446,11.8486
2026-08-29T21:37:56Z,94.7707,100.2795,5.5088,0.0000,0.0000,7.7446,11.8486
2026-08-29T21:37:57Z,94.7173,100.2783,5.5610,0.0000,0.0000,7.7446,11.8486
2026-08-29T21:37:58Z,94.7173,100.2770,5.5597,0.0000,0.0000,7.7445,11.8486
2026-08-29T21:37:59Z,94.7662,100.0919,5.3257,0.0000,0.0000,7.7445,11.8780
2026-08-29T21:38:00Z,94.7662,100.0906,5.3245,0.0000,0.0000,7.7445,11.8780
2026-08-29T21:38:01Z,94.7616,100.2733,5.5117,0.0000,0.0000,7.7444,11.8486
2026-08-29T21:38:02Z,94.7616,100.2720,5.5105,0.0000,0.0000,7.7444,11.8486
2026-08-29T21:38:03Z,94.7753,100.1871,5.4118,0.0000,0.0000,7.7444,11.8620
2026-08-29T21:38:04Z,94.7753,100.1859,5.4106,0.0000,0.0000,7.7443,11.8620
2026-08-29T21:38:05Z,94.7127,100.0844,5.3716,0.0000,0.0000,7.7443,11.8780
2026-08-29T21:38:06Z,94.7127,100.0831,5.3704,0.0000,0.0000,7.7443,11.8780
2026-08-29T21:38:07Z,94.7539,100.1821,5.4282,0.0000,0.0000,7.7442,11.8620
2026-08-29T21:38:08Z,94.7539,100.1809,5.4270,0.0000,0.0000,7.7442,11.8620
2026-08-29T21:38:09Z,94.7448,100.1797,5.4349,0.0000,0.0000,7.7442,11.8620
2026-08-29T21:38:10Z,94.7448,100.1784,5.4336,0.0000,0.0000,7.7441,11.8620
2026-08-29T21:38:11Z,94.7677,100.2608,5.4931,0.0000,0.0000,7.7441,11.8486
2026-08-29T21:38:12Z,94.7677,100.2595,5.4919,0.0000,0.0000,7.7441,11.8486
2026-08-29T21:38:13Z,94.7204,100.2583,5.5379,0.0000,0.0000,7.7440,11.8486
2026-08-29T21:38:14Z,94.7204,100.2570,5.5367,0.0000,0.0000,7.7440,11.8486
2026-08-29T21:38:15Z,94.7356,100.1722,5.4365,0.0000,0.0000,7.7440,11.8620
2026-08-29T21:38:16Z,94.7356,100.1709,5.4353,0.0000,0.0000,7.7439,11.8620
2026-08-29T21:38:17Z,94.7341,100.2533,5.5192,0.0000,0.0000,7.7439,11.8486
2026-08-29T21:38:18Z,94.7341,100.2520,5.5179,0.0000,0.0000,7.7438,11.8486
2026-08-29T21:38:19Z,94.7524,100.2508,5.4984,0.0000,0.0000,7.7438,11.8486
2026-08-29T21:38:20Z,94.7524,100.2495,5.4971,0.0000,0.0000,7.7438,11.8486
2026-08-29T21:38:21Z,94.7127,100.2483,5.5355,0.0000,0.0000,7.7437,11.8486
2026-08-29T21:38:22Z,94.7127,100.2470,5.5343,0.0000,0.0000,7.7437,11.8486
2026-08-29T21:38:23Z,94.7448,100.2458,5.5010,0.0000,0.0000,7.7437,11.8486
2026-08-29T21:38:24Z,94.7448,100.2445,5.4998,0.0000,0.0000,7.7436,11.8486
2026-08-29T21:38:25Z,94.7219,100.2433,5.5214,0.0000,0.0000,7.7436,11.8486
2026-08-29T21:38:26Z,94.7219,100.2420,5.5201,0.0000,0.0000,7.7436,11.8486
2026-08-29T21:38:27Z,94.7677,100.3245,5.5568,0.0000,0.0000,7.7435,11.8353
2026-08-29T21:38:28Z,94.7677,100.3232,5.5556,0.0000,0.0000,7.7435,11.8353
2026-08-29T21:38:29Z,94.7539,100.3220,5.5680,0.0000,0.0000,7.7435,11.8353
2026-08-29T21:38:30Z,94.7539,100.3207,5.5668,0.0000,0.0000,7.7434,11.8353
2026-08-29T21:38:31Z,94.7250,100.2358,5.5108,0.0000,0.0000,7.7434,11.8486
2026-08-29T21:38:32Z,94.7250,100.2345,5.5096,0.0000,0.0000,7.7434,11.8486
2026-08-29T21:38:33Z,94.7356,100.3170,5.5814,0.0000,0.0000,7.7433,11.8353
2026-08-29T21:38:34Z,94.7356,100.3157,5.5801,0.0000,0.0000,7.7433,11.8353
2026-08-29T21:38:35Z,94.7341,100.3983,5.6642,0.0000,0.0000,7.7433,11.8219
2026-08-29T21:38:36Z,94.7341,100.3970,5.6629,0.0000,0.0000,7.7432,11.8219
2026-08-29T21:38:37Z,94.6944,100.3120,5.6176,0.0000,0.0000,7.7432,11.8353
2026-08-29T21:38:38Z,94.6944,100.3107,5.6163,0.0000,0.0000,7.7431,11.8353
2026-08-29T21:38:39Z,94.7662,100.3095,5.5433,0.0000,0.0000,7.7431,11.8353
2026-08-29T21:38:40Z,94.7662,100.3082,5.5421,0.0000,0.0000,7.7431,11.8353
2026-08-29T21:38:41Z,94.7478,100.3070,5.5592,0.0000,0.0000,7.7430,11.8353
2026-08-29T21:38:42Z,94.7478,100.3057,5.5579,0.0000,0.0000,7.7430,11.8353
2026-08-29T21:38:43Z,94.7219,100.3883,5.6664,0.0000,0.0000,7.7430,11.8219
2026-08-29T21:38:44Z,94.7219,100.3870,5.6651,0.0000,0.0000,7.7429,11.8219
2026-08-29T21:38:45Z,94.7127,100.3020,5.5892,0.0000,0.0000,7.7429,11.8353
2026-08-29T21:38:46Z,94.7127,100.3007,5.5880,0.0000,0.0000,7.7429,11.8353
2026-08-29T21:38:47Z,94.7250,100.4839,5.7589,0.0000,0.0000,7.7428,11.8059
2026-08-29T21:38:48Z,94.7250,100.4826,5.7577,0.0000,0.0000,7.7428,11.8059
2026-08-29T21:38:49Z,94.7448,100.2970,5.5522,0.0000,0.0000,7.7428,11.8353
2026-08-29T21:38:50Z,94.7448,100.2957,5.5510,0.0000,0.0000,7.7427,11.8353
2026-08-29T21:38:51Z,94.7356,100.2945,5.5589,0.0000,0.0000,7.7427,11.8353
2026-08-29T21:38:52Z,94.7356,100.2932,5.5576,0.0000,0.0000,7.7427,11.8353
2026-08-29T21:38:53Z,94.7219,100.2920,5.5701,0.0000,0.0000,7.7426,11.8353
2026-08-29T21:38:54Z,94.7219,100.2908,5.5688,0.0000,0.0000,7.7426,11.8353
2026-08-29T21:38:55Z,94.7173,100.3733,5.6559,0.0000,0.0000,7.7425,11.8219
2026-08-29T21:38:56Z,94.7173,100.3720,5.6547,0.0000,0.0000,7.7425,11.8219
2026-08-29T21:38:57Z,94.7173,100.4714,5.7540,0.0000,0.0000,7.7425,11.8059
2026-08-29T21:38:58Z,94.7173,100.4701,5.7528,0.0000,0.0000,7.7424,11.8059
2026-08-29T21:38:59Z,94.6990,100.2845,5.5855,0.0000,0.0000,7.7424,11.8353
2026-08-29T21:39:00Z,94.6990,100.2833,5.5842,0.0000,0.0000,7.7424,11.8353
2026-08-29T21:39:01Z,94.7082,100.3658,5.6576,0.0000,0.0000,7.7423,11.8219
2026-08-29T21:39:02Z,94.7082,100.3645,5.6563,0.0000,0.0000,7.7423,11.8219
2026-08-29T21:39:03Z,94.7448,100.2795,5.5347,0.0000,0.0000,7.7423,11.8353
2026-08-29T21:39:04Z,94.7448,100.2783,5.5335,0.0000,0.0000,7.7422,11.8353
2026-08-29T21:39:05Z,94.7173,100.3608,5.6434,0.0000,0.0000,7.7422,11.8219
2026-08-29T21:39:06Z,94.7173,100.3595,5.6422,0.0000,0.0000,7.7422,11.8219
2026-08-29T21:39:07Z,94.7219,100.2745,5.5526,0.0000,0.0000,7.7421,11.8353
2026-08-29T21:39:08Z,94.7219,100.2733,5.5514,0.0000,0.0000,7.7421,11.8353
2026-08-29T21:39:09Z,94.7524,100.3558,5.6033,0.0000,0.0000,7.7420,11.8219
2026-08-29T21:39:10Z,94.7524,100.3545,5.6021,0.0000,0.0000,7.7420,11.8219
2026-08-29T21:39:11Z,94.7295,100.3533,5.6237,0.0000,0.0000,7.7420,11.8219
2026-08-29T21:39:12Z,94.7295,100.3520,5.6225,0.0000,0.0000,7.7419,11.8219
2026-08-29T21:39:13Z,94.7448,100.4513,5.7065,0.0000,0.0000,7.7419,11.8059
2026-08-29T21:39:14Z,94.7448,100.4501,5.7053,0.0000,0.0000,7.7419,11.8059
2026-08-29T21:39:15Z,94.7356,100.4488,5.7132,0.0000,0.0000,7.7418,11.8059
2026-08-29T21:39:16Z,94.7356,100.4476,5.7119,0.0000,0.0000,7.7418,11.8059
2026-08-29T21:39:17Z,94.7524,100.5302,5.7778,0.0000,0.0000,7.7418,11.7926
2026-08-29T21:39:18Z,94.7524,100.5290,5.7766,0.0000,0.0000,7.7417,11.7926
2026-08-29T21:39:19Z,94.7295,100.4438,5.7143,0.0000,0.0000,7.7417,11.8059
2026-08-29T21:39:20Z,94.7295,100.4426,5.7131,0.0000,0.0000,7.7417,11.8059
2026-08-29T21:39:21Z,94.7356,100.5252,5.7896,0.0000,0.0000,7.7416,11.7926
2026-08-29T21:39:22Z,94.7356,100.5240,5.7883,0.0000,0.0000,7.7416,11.7926
2026-08-29T21:39:23Z,94.7631,100.4388,5.6757,0.0000,0.0000,7.7416,11.8059
2026-08-29T21:39:24Z,94.7631,100.4376,5.6745,0.0000,0.0000,7.7415,11.8059
2026-08-29T21:39:25Z,94.7295,100.4363,5.7068,0.0000,0.0000,7.7415,11.8059
2026-08-29T21:39:26Z,94.7295,100.4351,5.7055,0.0000,0.0000,7.7414,11.8059
2026-08-29T21:39:27Z,94.7250,100.4338,5.7089,0.0000,0.0000,7.7414,11.8059
2026-08-29T21:39:28Z,94.7250,100.4326,5.7076,0.0000,0.0000,7.7414,11.8059
2026-08-29T21:39:29Z,94.7250,100.2470,5.5221,0.0000,0.0000,7.7413,11.8353
2026-08-29T21:39:30Z,94.7250,100.2458,5.5208,0.0000,0.0000,7.7413,11.8353
2026-08-29T21:39:31Z,94.6944,100.5967,5.9023,0.0000,0.0000,7.7413,11.7792
2026-08-29T21:39:32Z,94.6944,100.5954,5.9010,0.0000,0.0000,7.7412,11.7792
2026-08-29T21:39:33Z,94.7112,100.5102,5.7990,0.0000,0.0000,7.7412,11.7926
2026-08-29T21:39:34Z,94.7112,100.5090,5.7977,0.0000,0.0000,7.7412,11.7926
2026-08-29T21:39:35Z,94.7112,100.4238,5.7126,0.0000,0.0000,7.7411,11.8059
2026-08-29T21:39:36Z,94.7112,100.4226,5.7114,0.0000,0.0000,7.7411,11.8059
2026-08-29T21:39:37Z,94.6990,100.5892,5.8902,0.0000,0.0000,7.7410,11.7792
2026-08-29T21:39:38Z,94.6990,100.5879,5.8889,0.0000,0.0000,7.7410,11.7792
2026-08-29T21:39:39Z,94.7066,100.5027,5.7961,0.0000,0.0000,7.7410,11.7926
2026-08-29T21:39:40Z,94.7066,100.5015,5.7948,0.0000,0.0000,7.7409,11.7926
2026-08-29T21:39:41Z,94.7402,100.5842,5.8440,0.0000,0.0000,7.7409,11.7792
2026-08-29T21:39:42Z,94.7402,100.5829,5.8427,0.0000,0.0000,7.7409,11.7792
2026-08-29T21:39:43Z,94.6944,100.4138,5.7194,0.0000,0.0000,7.7408,11.8059
2026-08-29T21:39:44Z,94.6944,100.4126,5.7181,0.0000,0.0000,7.7408,11.8059
2026-08-29T21:39:45Z,94.7219,100.5792,5.8573,0.0000,0.0000,7.7408,11.7792
2026-08-29T21:39:46Z,94.7219,100.5779,5.8560,0.0000,0.0000,7.7407,11.7792
2026-08-29T21:39:47Z,94.6700,100.5767,5.9066,0.0000,0.0000,7.7407,11.7792
2026-08-29T21:39:48Z,94.6700,100.5754,5.9054,0.0000,0.0000,7.7407,11.7792
2026-08-29T21:39:49Z,94.7021,100.4902,5.7881,0.0000,0.0000,7.7406,11.7926
2026-08-29T21:39:50Z,94.7021,100.4890,5.7869,0.0000,0.0000,7.7406,11.7926
2026-08-29T21:39:51Z,94.7219,100.4038,5.6819,0.0000,0.0000,7.7405,11.8059
2026-08-29T21:39:52Z,94.7219,100.4026,5.6807,0.0000,0.0000,7.7405,11.8059
2026-08-29T21:39:53Z,94.6883,100.4013,5.7130,0.0000,0.0000,7.7405,11.8059
2026-08-29T21:39:54Z,94.6883,100.4001,5.7118,0.0000,0.0000,7.7404,11.8059
2026-08-29T21:39:55Z,94.7066,100.5666,5.8600,0.0000,0.0000,7.7404,11.7792
2026-08-29T21:39:56Z,94.7066,100.5654,5.8588,0.0000,0.0000,7.7404,11.7792
2026-08-29T21:39:57Z,94.7112,100.5641,5.8529,0.0000,0.0000,7.7403,11.7792
2026-08-29T21:39:58Z,94.7112,100.5629,5.8517,0.0000,0.0000,7.7403,11.7792
2026-08-29T21:39:59Z,94.6990,100.7466,6.0476,0.0000,0.0000,7.7403,11.7498
2026-08-29T21:40:00Z,94.6990,100.7453,6.0463,0.0000,0.0000,7.7402,11.7498
2026-08-29T21:40:01Z,94.7341,100.4752,5.7411,0.0000,0.0000,7.7402,11.7926
2026-08-29T21:40:02Z,94.7341,100.4740,5.7398,0.0000,0.0000,7.7401,11.7926
2026-08-29T21:40:03Z,94.6944,100.5566,5.8622,0.0000,0.0000,7.7401,11.7792
2026-08-29T21:40:04Z,94.6944,100.5554,5.8610,0.0000,0.0000,7.7401,11.7792
2026-08-29T21:40:05Z,94.6944,100.4702,5.7758,0.0000,0.0000,7.7400,11.7926
2026-08-29T21:40:06Z,94.6944,100.4690,5.7745,0.0000,0.0000,7.7400,11.7926
2026-08-29T21:40:07Z,94.7173,100.4677,5.7504,0.0000,0.0000,7.7400,11.7926
2026-08-29T21:40:08Z,94.7173,100.4665,5.7491,0.0000,0.0000,7.7399,11.7926
2026-08-29T21:40:09Z,94.6883,100.5491,5.8608,0.0000,0.0000,7.7399,11.7792
2026-08-29T21:40:10Z,94.6883,100.5479,5.8596,0.0000,0.0000,7.7399,11.7792
2026-08-29T21:40:11Z,94.7082,100.6306,5.9225,0.0000,0.0000,7.7398,11.7659
2026-08-29T21:40:12Z,94.7082,100.6294,5.9212,0.0000,0.0000,7.7398,11.7659
2026-08-29T21:40:13Z,94.6944,100.4602,5.7658,0.0000,0.0000,7.7397,11.7926
2026-08-29T21:40:14Z,94.6944,100.4590,5.7645,0.0000,0.0000,7.7397,11.7926
2026-08-29T21:40:15Z,94.7036,100.4577,5.7541,0.0000,0.0000,7.7397,11.7926
2026-08-29T21:40:16Z,94.7036,100.4565,5.7529,0.0000,0.0000,7.7396,11.7926
2026-08-29T21:40:17Z,94.7021,100.5391,5.8371,0.0000,0.0000,7.7396,11.7792
2026-08-29T21:40:18Z,94.7021,100.5379,5.8358,0.0000,0.0000,7.7396,11.7792
2026-08-29T21:40:19Z,94.7356,100.5366,5.8010,0.0000,0.0000,7.7395,11.7792
2026-08-29T21:40:20Z,94.7356,100.5354,5.7997,0.0000,0.0000,7.7395,11.7792
2026-08-29T21:40:21Z,94.6899,100.5341,5.8443,0.0000,0.0000,7.7395,11.7792
2026-08-29T21:40:22Z,94.6899,100.5329,5.8430,0.0000,0.0000,7.7394,11.7792
2026-08-29T21:40:23Z,94.6792,100.5316,5.8525,0.0000,0.0000,7.7394,11.7792
2026-08-29T21:40:24Z,94.6792,100.5304,5.8512,0.0000,0.0000,7.7393,11.7792
2026-08-29T21:40:25Z,94.6899,100.6131,5.9233,0.0000,0.0000,7.7393,11.7659
2026-08-29T21:40:26Z,94.6899,100.6119,5.9220,0.0000,0.0000,7.7393,11.7659
2026-08-29T21:40:27Z,94.7356,100.6106,5.8750,0.0000,0.0000,7.7392,11.7659
2026-08-29T21:40:28Z,94.7356,100.6094,5.8737,0.0000,0.0000,7.7392,11.7659
2026-08-29T21:40:29Z,94.6715,100.6081,5.9366,0.0000,0.0000,7.7392,11.7659
2026-08-29T21:40:30Z,94.6715,100.6069,5.9353,0.0000,0.0000,7.7391,11.7659
2026-08-29T21:40:31Z,94.6883,100.6056,5.9173,0.0000,0.0000,7.7391,11.7659
2026-08-29T21:40:32Z,94.6883,100.6044,5.9160,0.0000,0.0000,7.7391,11.7659
2026-08-29T21:40:33Z,94.7158,100.4352,5.7194,0.0000,0.0000,7.7390,11.7926
2026-08-29T21:40:34Z,94.7158,100.4340,5.7182,0.0000,0.0000,7.7390,11.7926
2026-08-29T21:40:35Z,94.6838,100.7015,6.0177,0.0000,0.0000,7.7389,11.7498
2026-08-29T21:40:36Z,94.6838,100.7002,6.0165,0.0000,0.0000,7.7389,11.7498
2026-08-29T21:40:37Z,94.6944,100.5981,5.9037,0.0000,0.0000,7.7389,11.7659
2026-08-29T21:40:38Z,94.6944,100.5969,5.9024,0.0000,0.0000,7.7388,11.7659
2026-08-29T21:40:39Z,94.7036,100.5116,5.8080,0.0000,0.0000,7.7388,11.7792
2026-08-29T21:40:40Z,94.7036,100.5104,5.8068,0.0000,0.0000,7.7388,11.7792
2026-08-29T21:40:41Z,94.7112,100.6940,5.9828,0.0000,0.0000,7.7387,11.7498
2026-08-29T21:40:42Z,94.7112,100.6927,5.9815,0.0000,0.0000,7.7387,11.7498
2026-08-29T21:40:43Z,94.7036,100.5906,5.8870,0.0000,0.0000,7.7386,11.7659
2026-08-29T21:40:44Z,94.7036,100.5894,5.8858,0.0000,0.0000,7.7386,11.7659
2026-08-29T21:40:45Z,94.6990,100.6890,5.9900,0.0000,0.0000,7.7386,11.7498
2026-08-29T21:40:46Z,94.6990,100.6877,5.9887,0.0000,0.0000,7.7385,11.7498
2026-08-29T21:40:47Z,94.6899,100.7706,6.0808,0.0000,0.0000,7.7385,11.7365
2026-08-29T21:40:48Z,94.6899,100.7694,6.0795,0.0000,0.0000,7.7385,11.7365
2026-08-29T21:40:49Z,94.7158,100.6840,5.9682,0.0000,0.0000,7.7384,11.7498
2026-08-29T21:40:50Z,94.7158,100.6827,5.9669,0.0000,0.0000,7.7384,11.7498
2026-08-29T21:40:51Z,94.7036,100.6815,5.9779,0.0000,0.0000,7.7384,11.7498
2026-08-29T21:40:52Z,94.7036,100.6802,5.9766,0.0000,0.0000,7.7383,11.7498
2026-08-29T21:40:53Z,94.6883,100.6790,5.9906,0.0000,0.0000,7.7383,11.7498
2026-08-29T21:40:54Z,94.6883,100.6777,5.9894,0.0000,0.0000,7.7382,11.7498
2026-08-29T21:40:55Z,94.6899,100.5756,5.8858,0.0000,0.0000,7.7382,11.7659
2026-08-29T21:40:56Z,94.6899,100.5744,5.8845,0.0000,0.0000,7.7382,11.7659
2026-08-29T21:40:57Z,94.6990,100.8423,6.1433,0.0000,0.0000,7.7381,11.7231
2026-08-29T21:40:58Z,94.6990,100.8411,6.1420,0.0000,0.0000,7.7381,11.7231
2026-08-29T21:40:59Z,94.6838,100.7556,6.0718,0.0000,0.0000,7.7381,11.7365
2026-08-29T21:41:00Z,94.6838,100.7543,6.0706,0.0000,0.0000,7.7380,11.7365
2026-08-29T21:41:01Z,94.6715,100.5681,5.8966,0.0000,0.0000,7.7380,11.7659
2026-08-29T21:41:02Z,94.6715,100.5669,5.8953,0.0000,0.0000,7.7379,11.7659
2026-08-29T21:41:03Z,94.7265,100.8348,6.1083,0.0000,0.0000,7.7379,11.7231
2026-08-29T21:41:04Z,94.7265,100.8335,6.1071,0.0000,0.0000,7.7379,11.7231
2026-08-29T21:41:05Z,94.6654,100.6640,5.9985,0.0000,0.0000,7.7378,11.7498
2026-08-29T21:41:06Z,94.6654,100.6627,5.9973,0.0000,0.0000,7.7378,11.7498
2026-08-29T21:41:07Z,94.6700,100.7456,6.0756,0.0000,0.0000,7.7378,11.7365
2026-08-29T21:41:08Z,94.6700,100.7443,6.0743,0.0000,0.0000,7.7377,11.7365
2026-08-29T21:41:09Z,94.6883,100.5581,5.8698,0.0000,0.0000,7.7377,11.7659
2026-08-29T21:41:10Z,94.6883,100.5569,5.8685,0.0000,0.0000,7.7377,11.7659
2026-08-29T21:41:11Z,94.7158,100.7406,6.0248,0.0000,0.0000,7.7376,11.7365
2026-08-29T21:41:12Z,94.7158,100.7393,6.0235,0.0000,0.0000,7.7376,11.7365
2026-08-29T21:41:13Z,94.7066,100.7381,6.0314,0.0000,0.0000,7.7375,11.7365
2026-08-29T21:41:14Z,94.7066,100.7368,6.0302,0.0000,0.0000,7.7375,11.7365
2026-08-29T21:41:15Z,94.6944,100.7356,6.0411,0.0000,0.0000,7.7375,11.7365
2026-08-29T21:41:16Z,94.6944,100.7343,6.0399,0.0000,0.0000,7.7374,11.7365
2026-08-29T21:41:17Z,94.6761,100.7331,6.0569,0.0000,0.0000,7.7374,11.7365
2026-08-29T21:41:18Z,94.6761,100.7318,6.0557,0.0000,0.0000,7.7374,11.7365
2026-08-29T21:41:19Z,94.6929,100.6465,5.9535,0.0000,0.0000,7.7373,11.7498
2026-08-29T21:41:20Z,94.6929,100.6452,5.9523,0.0000,0.0000,7.7373,11.7498
2026-08-29T21:41:21Z,94.6883,100.8123,6.1239,0.0000,0.0000,7.7372,11.7231
2026-08-29T21:41:22Z,94.6883,100.8110,6.1227,0.0000,0.0000,7.7372,11.7231
2026-08-29T21:41:23Z,94.6883,100.6415,5.9531,0.0000,0.0000,7.7372,11.7498
2026-08-29T21:41:24Z,94.6883,100.6402,5.9519,0.0000,0.0000,7.7371,11.7498
2026-08-29T21:41:25Z,94.6792,100.7231,6.0439,0.0000,0.0000,7.7371,11.7365
2026-08-29T21:41:26Z,94.6792,100.7218,6.0426,0.0000,0.0000,7.7371,11.7365
2026-08-29T21:41:27Z,94.6838,100.7206,6.0368,0.0000,0.0000,7.7370,11.7365
2026-08-29T21:41:28Z,94.6838,100.7193,6.0356,0.0000,0.0000,7.7370,11.7365
2026-08-29T21:41:29Z,94.6883,100.7181,6.0297,0.0000,0.0000,7.7369,11.7365
2026-08-29T21:41:30Z,94.6883,100.7168,6.0285,0.0000,0.0000,7.7369,11.7365
2026-08-29T21:41:31Z,94.6975,100.7156,6.0181,0.0000,0.0000,7.7369,11.7365
2026-08-29T21:41:32Z,94.6975,100.7143,6.0168,0.0000,0.0000,7.7368,11.7365
2026-08-29T21:41:33Z,94.6883,100.7131,6.0247,0.0000,0.0000,7.7368,11.7365
2026-08-29T21:41:34Z,94.6883,100.7118,6.0235,0.0000,0.0000,7.7368,11.7365
2026-08-29T21:41:35Z,94.6380,100.7106,6.0726,0.0000,0.0000,7.7367,11.7365
2026-08-29T21:41:36Z,94.6380,100.7093,6.0713,0.0000,0.0000,7.7367,11.7365
2026-08-29T21:41:37Z,94.6899,100.7922,6.1024,0.0000,0.0000,7.7366,11.7231
2026-08-29T21:41:38Z,94.6899,100.7910,6.1011,0.0000,0.0000,7.7366,11.7231
2026-08-29T21:41:39Z,94.6715,100.7897,6.1182,0.0000,0.0000,7.7366,11.7231
2026-08-29T21:41:40Z,94.6715,100.7885,6.1169,0.0000,0.0000,7.7365,11.7231
2026-08-29T21:41:41Z,94.6487,100.8715,6.2228,0.0000,0.0000,7.7365,11.7098
2026-08-29T21:41:42Z,94.6487,100.8702,6.2216,0.0000,0.0000,7.7365,11.7098
2026-08-29T21:41:43Z,94.6517,100.7847,6.1330,0.0000,0.0000,7.7364,11.7231
2026-08-29T21:41:44Z,94.6517,100.7835,6.1318,0.0000,0.0000,7.7364,11.7231
2026-08-29T21:41:45Z,94.6624,100.9508,6.2884,0.0000,0.0000,7.7363,11.6964
2026-08-29T21:41:46Z,94.6624,100.9495,6.2871,0.0000,0.0000,7.7363,11.6964
2026-08-29T21:41:47Z,94.6349,100.6956,6.0606,0.0000,0.0000,7.7363,11.7365
2026-08-29T21:41:48Z,94.6349,100.6943,6.0594,0.0000,0.0000,7.7362,11.7365
2026-08-29T21:41:49Z,94.6624,100.9458,6.2834,0.0000,0.0000,7.7362,11.6964
2026-08-29T21:41:50Z,94.6624,100.9445,6.2821,0.0000,0.0000,7.7362,11.6964
2026-08-29T21:41:51Z,94.6838,100.8590,6.1752,0.0000,0.0000,7.7361,11.7098
2026-08-29T21:41:52Z,94.6838,100.8577,6.1739,0.0000,0.0000,7.7361,11.7098
2026-08-29T21:41:53Z,94.6654,100.7722,6.1068,0.0000,0.0000,7.7360,11.7231
2026-08-29T21:41:54Z,94.6654,100.7710,6.1055,0.0000,0.0000,7.7360,11.7231
2026-08-29T21:41:55Z,94.6715,100.7697,6.0982,0.0000,0.0000,7.7360,11.7231
2026-08-29T21:41:56Z,94.6715,100.7685,6.0969,0.0000,0.0000,7.7359,11.7231
2026-08-29T21:41:57Z,94.6624,100.7672,6.1048,0.0000,0.0000,7.7359,11.7231
2026-08-29T21:41:58Z,94.6624,100.7660,6.1036,0.0000,0.0000,7.7359,11.7231
2026-08-29T21:41:59Z,94.6899,101.0345,6.3447,0.0000,0.0000,7.7358,11.6804
2026-08-29T21:42:00Z,94.6899,101.0333,6.3434,0.0000,0.0000,7.7358,11.6804
2026-08-29T21:42:01Z,94.6807,100.7622,6.0815,0.0000,0.0000,7.7357,11.7231
2026-08-29T21:42:02Z,94.6807,100.7610,6.0803,0.0000,0.0000,7.7357,11.7231
2026-08-29T21:42:03Z,94.6929,101.0295,6.3366,0.0000,0.0000,7.7357,11.6804
2026-08-29T21:42:04Z,94.6929,101.0283,6.3353,0.0000,0.0000,7.7356,11.6804
2026-08-29T21:42:05Z,94.6471,100.8414,6.1943,0.0000,0.0000,7.7356,11.7098
2026-08-29T21:42:06Z,94.6471,100.8402,6.1930,0.0000,0.0000,7.7356,11.7098
2026-08-29T21:42:07Z,94.6715,100.9232,6.2517,0.0000,0.0000,7.7355,11.6964
2026-08-29T21:42:08Z,94.6715,100.9220,6.2504,0.0000,0.0000,7.7355,11.6964
2026-08-29T21:42:09Z,94.6532,100.7522,6.0990,0.0000,0.0000,7.7354,11.7231
2026-08-29T21:42:10Z,94.6532,100.7510,6.0977,0.0000,0.0000,7.7354,11.7231
2026-08-29T21:42:11Z,94.6715,100.7497,6.0782,0.0000,0.0000,7.7354,11.7231
2026-08-29T21:42:12Z,94.6715,100.7485,6.0769,0.0000,0.0000,7.7353,11.7231
2026-08-29T21:42:13Z,94.6075,100.7472,6.1398,0.0000,0.0000,7.7353,11.7231
2026-08-29T21:42:14Z,94.6075,100.7460,6.1385,0.0000,0.0000,7.7353,11.7231
2026-08-29T21:42:15Z,94.6471,100.9132,6.2661,0.0000,0.0000,7.7352,11.6964
2026-08-29T21:42:16Z,94.6471,100.9120,6.2648,0.0000,0.0000,7.7352,11.6964
2026-08-29T21:42:17Z,94.6380,100.8264,6.1884,0.0000,0.0000,7.7351,11.7098
2026-08-29T21:42:18Z,94.6380,100.8252,6.1872,0.0000,0.0000,7.7351,11.7098
2026-08-29T21:42:19Z,94.6700,100.8239,6.1539,0.0000,0.0000,7.7351,11.7098
2026-08-29T21:42:20Z,94.6700,100.8227,6.1526,0.0000,0.0000,7.7350,11.7098
2026-08-29T21:42:21Z,94.6715,100.8214,6.1499,0.0000,0.0000,7.7350,11.7098
2026-08-29T21:42:22Z,94.6715,100.8202,6.1486,0.0000,0.0000,7.7349,11.7098
2026-08-29T21:42:23Z,94.6807,100.8189,6.1382,0.0000,0.0000,7.7349,11.7098
2026-08-29T21:42:24Z,94.6807,100.8177,6.1370,0.0000,0.0000,7.7349,11.7098
2026-08-29T21:42:25Z,94.6426,100.9007,6.2581,0.0000,0.0000,7.7348,11.6964
2026-08-29T21:42:26Z,94.6426,100.8994,6.2569,0.0000,0.0000,7.7348,11.6964
2026-08-29T21:42:27Z,94.6426,100.8982,6.2556,0.0000,0.0000,7.7348,11.6964
2026-08-29T21:42:28Z,94.6426,100.8969,6.2544,0.0000,0.0000,7.7347,11.6964
2026-08-29T21:42:29Z,94.6563,100.9969,6.3406,0.0000,0.0000,7.7347,11.6804
2026-08-29T21:42:30Z,94.6563,100.9957,6.3394,0.0000,0.0000,7.7346,11.6804
2026-08-29T21:42:31Z,94.6304,100.8089,6.1786,0.0000,0.0000,7.7346,11.7098
2026-08-29T21:42:32Z,94.6304,100.8077,6.1773,0.0000,0.0000,7.7346,11.7098
2026-08-29T21:42:33Z,94.6899,100.8907,6.2008,0.0000,0.0000,7.7345,11.6964
2026-08-29T21:42:34Z,94.6899,100.8894,6.1996,0.0000,0.0000,7.7345,11.6964
2026-08-29T21:42:35Z,94.6395,100.8039,6.1644,0.0000,0.0000,7.7345,11.7098
2026-08-29T21:42:36Z,94.6395,100.8027,6.1632,0.0000,0.0000,7.7344,11.7098
2026-08-29T21:42:37Z,94.6441,100.8857,6.2416,0.0000,0.0000,7.7344,11.6964
2026-08-29T21:42:38Z,94.6441,100.8844,6.2404,0.0000,0.0000,7.7343,11.6964
2026-08-29T21:42:39Z,94.6563,100.8832,6.2269,0.0000,0.0000,7.7343,11.6964
2026-08-29T21:42:40Z,94.6563,100.8819,6.2256,0.0000,0.0000,7.7343,11.6964
2026-08-29T21:42:41Z,94.6471,100.8807,6.2335,0.0000,0.0000,7.7342,11.6964
2026-08-29T21:42:42Z,94.6471,100.8794,6.2323,0.0000,0.0000,7.7342,11.6964
2026-08-29T21:42:43Z,94.6563,100.9794,6.3231,0.0000,0.0000,7.7341,11.6804
2026-08-29T21:42:44Z,94.6563,100.9781,6.3219,0.0000,0.0000,7.7341,11.6804
2026-08-29T21:42:45Z,94.6242,100.9769,6.3526,0.0000,0.0000,7.7341,11.6804
2026-08-29T21:42:46Z,94.6242,100.9756,6.3514,0.0000,0.0000,7.7340,11.6804
2026-08-29T21:42:47Z,94.6197,100.7889,6.1693,0.0000,0.0000,7.7340,11.7098
2026-08-29T21:42:48Z,94.6197,100.7877,6.1680,0.0000,0.0000,7.7340,11.7098
2026-08-29T21:42:49Z,94.6166,100.9719,6.3553,0.0000,0.0000,7.7339,11.6804
2026-08-29T21:42:50Z,94.6166,100.9706,6.3540,0.0000,0.0000,7.7339,11.6804
2026-08-29T21:42:51Z,94.6700,101.0538,6.3838,0.0000,0.0000,7.7338,11.6670
2026-08-29T21:42:52Z,94.6700,101.0526,6.3825,0.0000,0.0000,7.7338,11.6670
2026-08-29T21:42:53Z,94.6654,100.9669,6.3014,0.0000,0.0000,7.7338,11.6804
2026-08-29T21:42:54Z,94.6654,100.9656,6.3002,0.0000,0.0000,7.7337,11.6804
2026-08-29T21:42:55Z,94.6441,100.8632,6.2191,0.0000,0.0000,7.7337,11.6964
2026-08-29T21:42:56Z,94.6441,100.8619,6.2178,0.0000,0.0000,7.7336,11.6964
2026-08-29T21:42:57Z,94.6578,100.9619,6.3041,0.0000,0.0000,7.7336,11.6804
2026-08-29T21:42:58Z,94.6578,100.9606,6.3028,0.0000,0.0000,7.7336,11.6804
2026-08-29T21:42:59Z,94.6517,100.9594,6.3077,0.0000,0.0000,7.7335,11.6804
2026-08-29T21:43:00Z,94.6517,100.9581,6.3064,0.0000,0.0000,7.7335,11.6804
2026-08-29T21:43:01Z,94.6242,100.8557,6.2314,0.0000,0.0000,7.7335,11.6964
2026-08-29T21:43:02Z,94.6242,100.8544,6.2302,0.0000,0.0000,7.7334,11.6964
2026-08-29T21:43:03Z,94.5922,100.9544,6.3622,0.0000,0.0000,7.7334,11.6804
2026-08-29T21:43:04Z,94.5922,100.9531,6.3609,0.0000,0.0000,7.7333,11.6804
2026-08-29T21:43:05Z,94.6441,101.0363,6.3922,0.0000,0.0000,7.7333,11.6670
2026-08-29T21:43:06Z,94.6441,101.0350,6.3909,0.0000,0.0000,7.7333,11.6670
2026-08-29T21:43:07Z,94.6441,100.8482,6.2041,0.0000,0.0000,7.7332,11.6964
2026-08-29T21:43:08Z,94.6441,100.8469,6.2028,0.0000,0.0000,7.7332,11.6964
2026-08-29T21:43:09Z,94.6578,100.9469,6.2890,0.0000,0.0000,7.7331,11.6804
2026-08-29T21:43:10Z,94.6578,100.9456,6.2878,0.0000,0.0000,7.7331,11.6804
2026-08-29T21:43:11Z,94.6349,100.8432,6.2082,0.0000,0.0000,7.7331,11.6964
2026-08-29T21:43:12Z,94.6349,100.8419,6.2070,0.0000,0.0000,7.7330,11.6964
2026-08-29T21:43:13Z,94.6395,100.9419,6.3024,0.0000,0.0000,7.7330,11.6804
2026-08-29T21:43:14Z,94.6395,100.9406,6.3011,0.0000,0.0000,7.7330,11.6804
2026-08-29T21:43:15Z,94.6197,101.0238,6.4041,0.0000,0.0000,7.7329,11.6670
2026-08-29T21:43:16Z,94.6197,101.0225,6.4028,0.0000,0.0000,7.7329,11.6670
2026-08-29T21:43:17Z,94.6349,101.0213,6.3863,0.0000,0.0000,7.7328,11.6670
2026-08-29T21:43:18Z,94.6349,101.0200,6.3851,0.0000,0.0000,7.7328,11.6670
2026-08-29T21:43:19Z,94.6075,100.8332,6.2257,0.0000,0.0000,7.7328,11.6964
2026-08-29T21:43:20Z,94.6075,100.8319,6.2245,0.0000,0.0000,7.7327,11.6964
2026-08-29T21:43:21Z,94.6120,101.0163,6.4042,0.0000,0.0000,7.7327,11.6670
2026-08-29T21:43:22Z,94.6120,101.0150,6.4030,0.0000,0.0000,7.7326,11.6670
2026-08-29T21:43:23Z,94.6395,101.0982,6.4587,0.0000,0.0000,7.7326,11.6537
2026-08-29T21:43:24Z,94.6395,101.0970,6.4575,0.0000,0.0000,7.7326,11.6537
2026-08-29T21:43:25Z,94.6715,100.9269,6.2553,0.0000,0.0000,7.7325,11.6804
2026-08-29T21:43:26Z,94.6715,100.9256,6.2541,0.0000,0.0000,7.7325,11.6804
2026-08-29T21:43:27Z,94.6075,100.9244,6.3169,0.0000,0.0000,7.7325,11.6804
2026-08-29T21:43:28Z,94.6075,100.9231,6.3156,0.0000,0.0000,7.7324,11.6804
2026-08-29T21:43:29Z,94.6304,101.0907,6.4604,0.0000,0.0000,7.7324,11.6537
2026-08-29T21:43:30Z,94.6304,101.0895,6.4591,0.0000,0.0000,7.7323,11.6537
2026-08-29T21:43:31Z,94.6059,101.0037,6.3978,0.0000,0.0000,7.7323,11.6670
2026-08-29T21:43:32Z,94.6059,101.0025,6.3966,0.0000,0.0000,7.7323,11.6670
2026-08-29T21:43:33Z,94.6471,101.0857,6.4386,0.0000,0.0000,7.7322,11.6537
2026-08-29T21:43:34Z,94.6471,101.0845,6.4373,0.0000,0.0000,7.7322,11.6537
2026-08-29T21:43:35Z,94.6242,100.9987,6.3745,0.0000,0.0000,7.7321,11.6670
2026-08-29T21:43:36Z,94.6242,100.9975,6.3732,0.0000,0.0000,7.7321,11.6670
2026-08-29T21:43:37Z,94.6059,100.9962,6.3903,0.0000,0.0000,7.7321,11.6670
2026-08-29T21:43:38Z,94.6059,100.9950,6.3890,0.0000,0.0000,7.7320,11.6670
2026-08-29T21:43:39Z,94.6471,100.9937,6.3466,0.0000,0.0000,7.7320,11.6670
2026-08-29T21:43:40Z,94.6471,100.9925,6.3453,0.0000,0.0000,7.7319,11.6670
2026-08-29T21:43:41Z,94.6349,100.9069,6.2719,0.0000,0.0000,7.7319,11.6804
2026-08-29T21:43:42Z,94.6349,100.9056,6.2707,0.0000,0.0000,7.7319,11.6804
2026-08-29T21:43:43Z,94.6334,101.0732,6.4398,0.0000,0.0000,7.7318,11.6537
2026-08-29T21:43:44Z,94.6334,101.0719,6.4385,0.0000,0.0000,7.7318,11.6537
2026-08-29T21:43:45Z,94.6242,100.9019,6.2776,0.0000,0.0000,7.7318,11.6804
2026-08-29T21:43:46Z,94.6242,100.9006,6.2764,0.0000,0.0000,7.7317,11.6804
2026-08-29T21:43:47Z,94.5892,100.9837,6.3946,0.0000,0.0000,7.7317,11.6670
2026-08-29T21:43:48Z,94.5892,100.9825,6.3933,0.0000,0.0000,7.7316,11.6670
2026-08-29T21:43:49Z,94.6304,101.0657,6.4353,0.0000,0.0000,7.7316,11.6537
2026-08-29T21:43:50Z,94.6304,101.0644,6.4341,0.0000,0.0000,7.7316,11.6537
2026-08-29T21:43:51Z,94.5922,100.7932,6.2010,0.0000,0.0000,7.7315,11.6964
2026-08-29T21:43:52Z,94.5922,100.7920,6.1998,0.0000,0.0000,7.7315,11.6964
2026-08-29T21:43:53Z,94.6258,100.9762,6.3505,0.0000,0.0000,7.7314,11.6670
2026-08-29T21:43:54Z,94.6258,100.9750,6.3492,0.0000,0.0000,7.7314,11.6670
2026-08-29T21:43:55Z,94.6349,101.0582,6.4232,0.0000,0.0000,7.7314,11.6537
2026-08-29T21:43:56Z,94.6349,101.0569,6.4220,0.0000,0.0000,7.7313,11.6537
2026-08-29T21:43:57Z,94.5937,101.0557,6.4619,0.0000,0.0000,7.7313,11.6537
2026-08-29T21:43:58Z,94.5937,101.0544,6.4607,0.0000,0.0000,7.7312,11.6537
2026-08-29T21:43:59Z,94.6258,101.0532,6.4274,0.0000,0.0000,7.7312,11.6537
2026-08-29T21:44:00Z,94.6258,101.0519,6.4261,0.0000,0.0000,7.7312,11.6537
2026-08-29T21:44:01Z,94.5830,101.0507,6.4676,0.0000,0.0000,7.7311,11.6537
2026-08-29T21:44:02Z,94.5830,101.0494,6.4664,0.0000,0.0000,7.7311,11.6537
2026-08-29T21:44:03Z,94.6242,101.2342,6.6100,0.0000,0.0000,7.7310,11.6243
2026-08-29T21:44:04Z,94.6242,101.2329,6.6087,0.0000,0.0000,7.7310,11.6243
2026-08-29T21:44:05Z,94.5922,101.0457,6.4535,0.0000,0.0000,7.7310,11.6537
2026-08-29T21:44:06Z,94.5922,101.0444,6.4522,0.0000,0.0000,7.7309,11.6537
2026-08-29T21:44:07Z,94.5708,101.0432,6.4723,0.0000,0.0000,7.7309,11.6537
2026-08-29T21:44:08Z,94.5708,101.0419,6.4711,0.0000,0.0000,7.7309,11.6537
2026-08-29T21:44:09Z,94.6105,100.9562,6.3457,0.0000,0.0000,7.7308,11.6670
2026-08-29T21:44:10Z,94.6105,100.9550,6.3445,0.0000,0.0000,7.7308,11.6670
2026-08-29T21:44:11Z,94.6471,101.1227,6.4755,0.0000,0.0000,7.7307,11.6403
2026-08-29T21:44:12Z,94.6471,101.1214,6.4743,0.0000,0.0000,7.7307,11.6403
2026-08-29T21:44:13Z,94.5937,101.0357,6.4419,0.0000,0.0000,7.7307,11.6537
2026-08-29T21:44:14Z,94.5937,101.0344,6.4407,0.0000,0.0000,7.7306,11.6537
2026-08-29T21:44:15Z,94.6105,101.1177,6.5071,0.0000,0.0000,7.7306,11.6403
2026-08-29T21:44:16Z,94.6105,101.1164,6.5059,0.0000,0.0000,7.7305,11.6403
2026-08-29T21:44:17Z,94.6258,101.1152,6.4894,0.0000,0.0000,7.7305,11.6403
2026-08-29T21:44:18Z,94.6258,101.1139,6.4881,0.0000,0.0000,7.7305,11.6403
2026-08-29T21:44:19Z,94.6288,100.9437,6.3149,0.0000,0.0000,7.7304,11.6670
2026-08-29T21:44:20Z,94.6288,100.9425,6.3137,0.0000,0.0000,7.7304,11.6670
2026-08-29T21:44:21Z,94.5983,100.9412,6.3429,0.0000,0.0000,7.7303,11.6670
2026-08-29T21:44:22Z,94.5983,100.9400,6.3417,0.0000,0.0000,7.7303,11.6670
2026-08-29T21:44:23Z,94.5983,101.1076,6.5093,0.0000,0.0000,7.7303,11.6403
2026-08-29T21:44:24Z,94.5983,101.1064,6.5081,0.0000,0.0000,7.7302,11.6403
2026-08-29T21:44:25Z,94.6120,101.1051,6.4931,0.0000,0.0000,7.7302,11.6403
2026-08-29T21:44:26Z,94.6120,101.1039,6.4919,0.0000,0.0000,7.7301,11.6403
2026-08-29T21:44:27Z,94.5937,101.0182,6.4244,0.0000,0.0000,7.7301,11.6537
2026-08-29T21:44:28Z,94.5937,101.0169,6.4232,0.0000,0.0000,7.7301,11.6537
2026-08-29T21:44:29Z,94.5876,101.0157,6.4280,0.0000,0.0000,7.7300,11.6537
2026-08-29T21:44:30Z,94.5876,101.0144,6.4268,0.0000,0.0000,7.7300,11.6537
2026-08-29T21:44:31Z,94.6166,101.1991,6.5825,0.0000,0.0000,7.7299,11.6243
2026-08-29T21:44:32Z,94.6166,101.1979,6.5813,0.0000,0.0000,7.7299,11.6243
2026-08-29T21:44:33Z,94.5785,101.1966,6.6182,0.0000,0.0000,7.7299,11.6243
2026-08-29T21:44:34Z,94.5785,101.1954,6.6169,0.0000,0.0000,7.7298,11.6243
2026-08-29T21:44:35Z,94.5937,101.1941,6.6004,0.0000,0.0000,7.7298,11.6243
2026-08-29T21:44:36Z,94.5937,101.1929,6.5991,0.0000,0.0000,7.7297,11.6243
2026-08-29T21:44:37Z,94.5830,101.1916,6.6086,0.0000,0.0000,7.7297,11.6243
2026-08-29T21:44:38Z,94.5830,101.1904,6.6073,0.0000,0.0000,7.7297,11.6243
2026-08-29T21:44:39Z,94.5876,101.1891,6.6015,0.0000,0.0000,7.7296,11.6243
2026-08-29T21:44:40Z,94.5876,101.1879,6.6002,0.0000,0.0000,7.7296,11.6243
2026-08-29T21:44:41Z,94.6105,101.0851,6.4746,0.0000,0.0000,7.7295,11.6403
2026-08-29T21:44:42Z,94.6105,101.0839,6.4734,0.0000,0.0000,7.7295,11.6403
2026-08-29T21:44:43Z,94.5663,101.0826,6.5164,0.0000,0.0000,7.7295,11.6403
2026-08-29T21:44:44Z,94.5663,101.0814,6.5151,0.0000,0.0000,7.7294,11.6403
2026-08-29T21:44:45Z,94.6197,101.0801,6.4605,0.0000,0.0000,7.7294,11.6403
2026-08-29T21:44:46Z,94.6197,101.0789,6.4592,0.0000,0.0000,7.7293,11.6403
2026-08-29T21:44:47Z,94.6014,101.2637,6.6624,0.0000,0.0000,7.7293,11.6110
2026-08-29T21:44:48Z,94.6014,101.2625,6.6611,0.0000,0.0000,7.7293,11.6110
2026-08-29T21:44:49Z,94.5830,101.0751,6.4921,0.0000,0.0000,7.7292,11.6403
2026-08-29T21:44:50Z,94.5830,101.0739,6.4908,0.0000,0.0000,7.7292,11.6403
2026-08-29T21:44:51Z,94.5830,101.1741,6.5911,0.0000,0.0000,7.7291,11.6243
2026-08-29T21:44:52Z,94.5830,101.1728,6.5898,0.0000,0.0000,7.7291,11.6243
2026-08-29T21:44:53Z,94.6105,101.3410,6.7304,0.0000,0.0000,7.7291,11.5976
2026-08-29T21:44:54Z,94.6105,101.3397,6.7292,0.0000,0.0000,7.7290,11.5976
2026-08-29T21:44:55Z,94.5876,101.3384,6.7508,0.0000,0.0000,7.7290,11.5976
2026-08-29T21:44:56Z,94.5876,101.3372,6.7496,0.0000,0.0000,7.7289,11.5976
2026-08-29T21:44:57Z,94.5922,101.2512,6.6590,0.0000,0.0000,7.7289,11.6110
2026-08-29T21:44:58Z,94.5922,101.2500,6.6578,0.0000,0.0000,7.7289,11.6110
2026-08-29T21:44:59Z,94.5876,101.1641,6.5765,0.0000,0.0000,7.7288,11.6243
2026-08-29T21:45:00Z,94.5876,101.1628,6.5752,0.0000,0.0000,7.7288,11.6243
2026-08-29T21:45:01Z,94.5876,101.2462,6.6586,0.0000,0.0000,7.7287,11.6110
2026-08-29T21:45:02Z,94.5876,101.2450,6.6573,0.0000,0.0000,7.7287,11.6110
2026-08-29T21:45:03Z,94.5830,101.3284,6.7454,0.0000,0.0000,7.7287,11.5976
2026-08-29T21:45:04Z,94.5830,101.3272,6.7441,0.0000,0.0000,7.7286,11.5976
2026-08-29T21:45:05Z,94.5830,100.9707,6.3876,0.0000,0.0000,7.7286,11.6537
2026-08-29T21:45:06Z,94.5830,100.9694,6.3864,0.0000,0.0000,7.7285,11.6537
2026-08-29T21:45:07Z,94.5617,101.0526,6.4910,0.0000,0.0000,7.7285,11.6403
2026-08-29T21:45:08Z,94.5617,101.0514,6.4897,0.0000,0.0000,7.7285,11.6403
2026-08-29T21:45:09Z,94.6197,101.4057,6.7860,0.0000,0.0000,7.7284,11.5843
2026-08-29T21:45:10Z,94.6197,101.4044,6.7848,0.0000,0.0000,7.7284,11.5843
2026-08-29T21:45:11Z,94.5937,101.1491,6.5554,0.0000,0.0000,7.7283,11.6243
2026-08-29T21:45:12Z,94.5937,101.1478,6.5541,0.0000,0.0000,7.7283,11.6243
2026-08-29T21:45:13Z,94.5708,101.1466,6.5757,0.0000,0.0000,7.7283,11.6243
2026-08-29T21:45:14Z,94.5708,101.1453,6.5745,0.0000,0.0000,7.7282,11.6243
2026-08-29T21:45:15Z,94.6059,101.3134,6.7075,0.0000,0.0000,7.7282,11.5976
2026-08-29T21:45:16Z,94.6059,101.3121,6.7062,0.0000,0.0000,7.7281,11.5976
2026-08-29T21:45:17Z,94.5434,101.1416,6.5982,0.0000,0.0000,7.7281,11.6243
2026-08-29T21:45:18Z,94.5434,101.1403,6.5970,0.0000,0.0000,7.7281,11.6243
2026-08-29T21:45:19Z,94.5830,101.2237,6.6406,0.0000,0.0000,7.7280,11.6110
2026-08-29T21:45:20Z,94.5830,101.2224,6.6394,0.0000,0.0000,7.7280,11.6110
2026-08-29T21:45:21Z,94.5876,101.3059,6.7183,0.0000,0.0000,7.7279,11.5976
2026-08-29T21:45:22Z,94.5876,101.3046,6.7170,0.0000,0.0000,7.7279,11.5976
2026-08-29T21:45:23Z,94.5800,101.2187,6.6387,0.0000,0.0000,7.7279,11.6110
2026-08-29T21:45:24Z,94.5800,101.2174,6.6374,0.0000,0.0000,7.7278,11.6110
2026-08-29T21:45:25Z,94.5602,101.1316,6.5714,0.0000,0.0000,7.7278,11.6243
2026-08-29T21:45:26Z,94.5602,101.1303,6.5702,0.0000,0.0000,7.7277,11.6243
2026-08-29T21:45:27Z,94.6014,101.4850,6.8836,0.0000,0.0000,7.7277,11.5682
2026-08-29T21:45:28Z,94.6014,101.4837,6.8823,0.0000,0.0000,7.7277,11.5682
2026-08-29T21:45:29Z,94.5434,101.2112,6.6678,0.0000,0.0000,7.7276,11.6110
2026-08-29T21:45:30Z,94.5434,101.2099,6.6666,0.0000,0.0000,7.7276,11.6110
2026-08-29T21:45:31Z,94.5983,101.2087,6.6104,0.0000,0.0000,7.7275,11.6110
2026-08-29T21:45:32Z,94.5983,101.2074,6.6091,0.0000,0.0000,7.7275,11.6110
2026-08-29T21:45:33Z,94.5617,101.2909,6.7292,0.0000,0.0000,7.7275,11.5976
2026-08-29T21:45:34Z,94.5617,101.2896,6.7279,0.0000,0.0000,7.7274,11.5976
2026-08-29T21:45:35Z,94.5830,101.2884,6.7053,0.0000,0.0000,7.7274,11.5976
2026-08-29T21:45:36Z,94.5830,101.2871,6.7041,0.0000,0.0000,7.7273,11.5976
2026-08-29T21:45:37Z,94.5663,101.2859,6.7196,0.0000,0.0000,7.7273,11.5976
2026-08-29T21:45:38Z,94.5663,101.2846,6.7183,0.0000,0.0000,7.7273,11.5976
2026-08-29T21:45:39Z,94.5602,101.1987,6.6385,0.0000,0.0000,7.7272,11.6110
2026-08-29T21:45:40Z,94.5602,101.1974,6.6373,0.0000,0.0000,7.7272,11.6110
2026-08-29T21:45:41Z,94.5708,101.2808,6.7100,0.0000,0.0000,7.7271,11.5976
2026-08-29T21:45:42Z,94.5708,101.2796,6.7088,0.0000,0.0000,7.7271,11.5976
2026-08-29T21:45:43Z,94.5480,101.2783,6.7304,0.0000,0.0000,7.7271,11.5976
2026-08-29T21:45:44Z,94.5480,101.2771,6.7291,0.0000,0.0000,7.7270,11.5976
2026-08-29T21:45:45Z,94.5754,101.2758,6.7004,0.0000,0.0000,7.7270,11.5976
2026-08-29T21:45:46Z,94.5754,101.2746,6.6992,0.0000,0.0000,7.7269,11.5976
2026-08-29T21:45:47Z,94.5754,101.2733,6.6979,0.0000,0.0000,7.7269,11.5976
2026-08-29T21:45:48Z,94.5754,101.2721,6.6967,0.0000,0.0000,7.7269,11.5976
2026-08-29T21:45:49Z,94.5708,101.2708,6.7000,0.0000,0.0000,7.7268,11.5976
2026-08-29T21:45:50Z,94.5708,101.2696,6.6988,0.0000,0.0000,7.7268,11.5976
2026-08-29T21:45:51Z,94.5876,101.3531,6.7655,0.0000,0.0000,7.7267,11.5843
2026-08-29T21:45:52Z,94.5876,101.3518,6.7642,0.0000,0.0000,7.7267,11.5843
2026-08-29T21:45:53Z,94.5464,101.3506,6.8041,0.0000,0.0000,7.7267,11.5843
2026-08-29T21:45:54Z,94.5464,101.3493,6.8029,0.0000,0.0000,7.7266,11.5843
2026-08-29T21:45:55Z,94.5876,101.2633,6.6757,0.0000,0.0000,7.7266,11.5976
2026-08-29T21:45:56Z,94.5876,101.2621,6.6745,0.0000,0.0000,7.7265,11.5976
2026-08-29T21:45:57Z,94.5525,101.2608,6.7083,0.0000,0.0000,7.7265,11.5976
2026-08-29T21:45:58Z,94.5525,101.2596,6.7071,0.0000,0.0000,7.7265,11.5976
2026-08-29T21:45:59Z,94.5602,101.2583,6.6982,0.0000,0.0000,7.7264,11.5976
2026-08-29T21:46:00Z,94.5602,101.2571,6.6969,0.0000,0.0000,7.7264,11.5976
2026-08-29T21:46:01Z,94.6014,101.2558,6.6545,0.0000,0.0000,7.7263,11.5976
2026-08-29T21:46:02Z,94.6014,101.2546,6.6532,0.0000,0.0000,7.7263,11.5976
2026-08-29T21:46:03Z,94.5556,101.2533,6.6978,0.0000,0.0000,7.7262,11.5976
2026-08-29T21:46:04Z,94.5556,101.2521,6.6965,0.0000,0.0000,7.7262,11.5976
2026-08-29T21:46:05Z,94.5647,101.1662,6.6015,0.0000,0.0000,7.7262,11.6110
2026-08-29T21:46:06Z,94.5647,101.1649,6.6002,0.0000,0.0000,7.7261,11.6110
2026-08-29T21:46:07Z,94.5647,101.3331,6.7683,0.0000,0.0000,7.7261,11.5843
2026-08-29T21:46:08Z,94.5647,101.3318,6.7671,0.0000,0.0000,7.7260,11.5843
2026-08-29T21:46:09Z,94.5556,101.3306,6.7750,0.0000,0.0000,7.7260,11.5843
2026-08-29T21:46:10Z,94.5556,101.3293,6.7737,0.0000,0.0000,7.7260,11.5843
2026-08-29T21:46:11Z,94.5464,101.3280,6.7816,0.0000,0.0000,7.7259,11.5843
2026-08-29T21:46:12Z,94.5464,101.3268,6.7804,0.0000,0.0000,7.7259,11.5843
2026-08-29T21:46:13Z,94.5602,101.2408,6.6807,0.0000,0.0000,7.7258,11.5976
2026-08-29T21:46:14Z,94.5602,101.2396,6.6794,0.0000,0.0000,7.7258,11.5976
2026-08-29T21:46:15Z,94.5708,101.2383,6.6675,0.0000,0.0000,7.7258,11.5976
2026-08-29T21:46:16Z,94.5708,101.2371,6.6662,0.0000,0.0000,7.7257,11.5976
2026-08-29T21:46:17Z,94.5647,101.3205,6.7558,0.0000,0.0000,7.7257,11.5843
2026-08-29T21:46:18Z,94.5647,101.3193,6.7546,0.0000,0.0000,7.7256,11.5843
2026-08-29T21:46:19Z,94.5556,101.2333,6.6778,0.0000,0.0000,7.7256,11.5976
2026-08-29T21:46:20Z,94.5556,101.2321,6.6765,0.0000,0.0000,7.7256,11.5976
2026-08-29T21:46:21Z,94.5418,101.3155,6.7737,0.0000,0.0000,7.7255,11.5843
2026-08-29T21:46:22Z,94.5418,101.3143,6.7724,0.0000,0.0000,7.7255,11.5843
2026-08-29T21:46:23Z,94.5251,101.3130,6.7880,0.0000,0.0000,7.7254,11.5843
2026-08-29T21:46:24Z,94.5251,101.3118,6.7867,0.0000,0.0000,7.7254,11.5843
2026-08-29T21:46:25Z,94.5525,101.2258,6.6733,0.0000,0.0000,7.7253,11.5976
2026-08-29T21:46:26Z,94.5525,101.2246,6.6721,0.0000,0.0000,7.7253,11.5976
2026-08-29T21:46:27Z,94.5602,101.4098,6.8496,0.0000,0.0000,7.7253,11.5682
2026-08-29T21:46:28Z,94.5602,101.4085,6.8484,0.0000,0.0000,7.7252,11.5682
2026-08-29T21:46:29Z,94.5556,101.2208,6.6653,0.0000,0.0000,7.7252,11.5976
2026-08-29T21:46:30Z,94.5556,101.2196,6.6640,0.0000,0.0000,7.7251,11.5976
2026-08-29T21:46:31Z,94.5464,101.2183,6.6719,0.0000,0.0000,7.7251,11.5976
2026-08-29T21:46:32Z,94.5464,101.2171,6.6707,0.0000,0.0000,7.7251,11.5976
2026-08-29T21:46:33Z,94.5602,101.3005,6.7404,0.0000,0.0000,7.7250,11.5843
2026-08-29T21:46:34Z,94.5602,101.2993,6.7391,0.0000,0.0000,7.7250,11.5843
2026-08-29T21:46:35Z,94.5647,101.3998,6.8350,0.0000,0.0000,7.7249,11.5682
2026-08-29T21:46:36Z,94.5647,101.3985,6.8338,0.0000,0.0000,7.7249,11.5682
2026-08-29T21:46:37Z,94.5602,101.3973,6.8371,0.0000,0.0000,7.7249,11.5682
2026-08-29T21:46:38Z,94.5602,101.3960,6.8359,0.0000,0.0000,7.7248,11.5682
2026-08-29T21:46:39Z,94.5327,101.3948,6.8621,0.0000,0.0000,7.7248,11.5682
2026-08-29T21:46:40Z,94.5327,101.3935,6.8608,0.0000,0.0000,7.7247,11.5682
2026-08-29T21:46:41Z,94.5663,101.2905,6.7243,0.0000,0.0000,7.7247,11.5843
2026-08-29T21:46:42Z,94.5663,101.2893,6.7230,0.0000,0.0000,7.7247,11.5843
2026-08-29T21:46:43Z,94.5159,101.2880,6.7721,0.0000,0.0000,7.7246,11.5843
2026-08-29T21:46:44Z,94.5159,101.2868,6.7709,0.0000,0.0000,7.7246,11.5843
2026-08-29T21:46:45Z,94.5739,101.3873,6.8134,0.0000,0.0000,7.7245,11.5682
2026-08-29T21:46:46Z,94.5739,101.3860,6.8121,0.0000,0.0000,7.7245,11.5682
2026-08-29T21:46:47Z,94.5418,101.1138,6.5719,0.0000,0.0000,7.7244,11.6110
2026-08-29T21:46:48Z,94.5418,101.1125,6.5707,0.0000,0.0000,7.7244,11.6110
2026-08-29T21:46:49Z,94.5556,101.2805,6.7250,0.0000,0.0000,7.7244,11.5843
2026-08-29T21:46:50Z,94.5556,101.2793,6.7237,0.0000,0.0000,7.7243,11.5843
2026-08-29T21:46:51Z,94.5373,101.3798,6.8425,0.0000,0.0000,7.7243,11.5682
2026-08-29T21:46:52Z,94.5373,101.3785,6.8412,0.0000,0.0000,7.7242,11.5682
2026-08-29T21:46:53Z,94.5205,101.2755,6.7551,0.0000,0.0000,7.7242,11.5843
2026-08-29T21:46:54Z,94.5205,101.2743,6.7538,0.0000,0.0000,7.7242,11.5843
2026-08-29T21:46:55Z,94.5342,101.2730,6.7388,0.0000,0.0000,7.7241,11.5843
2026-08-29T21:46:56Z,94.5342,101.2718,6.7376,0.0000,0.0000,7.7241,11.5843
2026-08-29T21:46:57Z,94.5281,101.2705,6.7424,0.0000,0.0000,7.7240,11.5843
2026-08-29T21:46:58Z,94.5281,101.2693,6.7412,0.0000,0.0000,7.7240,11.5843
2026-08-29T21:46:59Z,94.5525,101.3698,6.8172,0.0000,0.0000,7.7239,11.5682
2026-08-29T21:47:00Z,94.5525,101.3685,6.8160,0.0000,0.0000,7.7239,11.5682
2026-08-29T21:47:01Z,94.5281,101.3672,6.8391,0.0000,0.0000,7.7239,11.5682
2026-08-29T21:47:02Z,94.5281,101.3660,6.8379,0.0000,0.0000,7.7238,11.5682
2026-08-29T21:47:03Z,94.5373,101.3647,6.8275,0.0000,0.0000,7.7238,11.5682
2026-08-29T21:47:04Z,94.5373,101.3635,6.8262,0.0000,0.0000,7.7237,11.5682
2026-08-29T21:47:05Z,94.5418,101.4471,6.9052,0.0000,0.0000,7.7237,11.5549
2026-08-29T21:47:06Z,94.5418,101.4458,6.9040,0.0000,0.0000,7.7237,11.5549
2026-08-29T21:47:07Z,94.5068,101.3597,6.8530,0.0000,0.0000,7.7236,11.5682
2026-08-29T21:47:08Z,94.5068,101.3585,6.8517,0.0000,0.0000,7.7236,11.5682
2026-08-29T21:47:09Z,94.5373,101.4421,6.9048,0.0000,0.0000,7.7235,11.5549
2026-08-29T21:47:10Z,94.5373,101.4408,6.9036,0.0000,0.0000,7.7235,11.5549
2026-08-29T21:47:11Z,94.5281,101.2531,6.7249,0.0000,0.0000,7.7235,11.5843
2026-08-29T21:47:12Z,94.5281,101.2518,6.7237,0.0000,0.0000,7.7234,11.5843
2026-08-29T21:47:13Z,94.5647,101.5220,6.9572,0.0000,0.0000,7.7234,11.5415
2026-08-29T21:47:14Z,94.5647,101.5207,6.9560,0.0000,0.0000,7.7233,11.5415
2026-08-29T21:47:15Z,94.5251,101.2481,6.7230,0.0000,0.0000,7.7233,11.5843
2026-08-29T21:47:16Z,94.5251,101.2468,6.7218,0.0000,0.0000,7.7232,11.5843
2026-08-29T21:47:17Z,94.5602,101.3473,6.7871,0.0000,0.0000,7.7232,11.5682
2026-08-29T21:47:18Z,94.5602,101.3460,6.7858,0.0000,0.0000,7.7232,11.5682
2026-08-29T21:47:19Z,94.5251,101.5145,6.9894,0.0000,0.0000,7.7231,11.5415
2026-08-29T21:47:20Z,94.5251,101.5132,6.9882,0.0000,0.0000,7.7231,11.5415
2026-08-29T21:47:21Z,94.5480,101.4271,6.8791,0.0000,0.0000,7.7230,11.5549
2026-08-29T21:47:22Z,94.5480,101.4258,6.8779,0.0000,0.0000,7.7230,11.5549
2026-08-29T21:47:23Z,94.5281,101.5095,6.9814,0.0000,0.0000,7.7230,11.5415
2026-08-29T21:47:24Z,94.5281,101.5082,6.9801,0.0000,0.0000,7.7229,11.5415
2026-08-29T21:47:25Z,94.5342,101.3373,6.8030,0.0000,0.0000,7.7229,11.5682
2026-08-29T21:47:26Z,94.5342,101.3360,6.8018,0.0000,0.0000,7.7228,11.5682
2026-08-29T21:47:27Z,94.5159,101.3348,6.8188,0.0000,0.0000,7.7228,11.5682
2026-08-29T21:47:28Z,94.5159,101.3335,6.8176,0.0000,0.0000,7.7227,11.5682
2026-08-29T21:47:29Z,94.5525,101.5020,6.9494,0.0000,0.0000,7.7227,11.5415
2026-08-29T21:47:30Z,94.5525,101.5007,6.9482,0.0000,0.0000,7.7227,11.5415
2026-08-29T21:47:31Z,94.5373,101.4995,6.9622,0.0000,0.0000,7.7226,11.5415
2026-08-29T21:47:32Z,94.5373,101.4982,6.9609,0.0000,0.0000,7.7226,11.5415
2026-08-29T21:47:33Z,94.5342,101.4121,6.8778,0.0000,0.0000,7.7225,11.5549
2026-08-29T21:47:34Z,94.5342,101.4108,6.8766,0.0000,0.0000,7.7225,11.5549
2026-08-29T21:47:35Z,94.4915,101.4096,6.9181,0.0000,0.0000,7.7224,11.5549
2026-08-29T21:47:36Z,94.4915,101.4083,6.9168,0.0000,0.0000,7.7224,11.5549
2026-08-29T21:47:37Z,94.5342,101.4920,6.9577,0.0000,0.0000,7.7224,11.5415
2026-08-29T21:47:38Z,94.5342,101.4907,6.9565,0.0000,0.0000,7.7223,11.5415
2026-08-29T21:47:39Z,94.5434,101.4894,6.9461,0.0000,0.0000,7.7223,11.5415
2026-08-29T21:47:40Z,94.5434,101.4882,6.9448,0.0000,0.0000,7.7222,11.5415
2026-08-29T21:47:41Z,94.5342,101.4869,6.9527,0.0000,0.0000,7.7222,11.5415
2026-08-29T21:47:42Z,94.5342,101.4857,6.9515,0.0000,0.0000,7.7222,11.5415
2026-08-29T21:47:43Z,94.5418,101.4844,6.9426,0.0000,0.0000,7.7221,11.5415
2026-08-29T21:47:44Z,94.5418,101.4832,6.9413,0.0000,0.0000,7.7221,11.5415
2026-08-29T21:47:45Z,94.5159,101.3123,6.7964,0.0000,0.0000,7.7220,11.5682
2026-08-29T21:47:46Z,94.5159,101.3110,6.7951,0.0000,0.0000,7.7220,11.5682
2026-08-29T21:47:47Z,94.4915,101.6664,7.1750,0.0000,0.0000,7.7219,11.5122
2026-08-29T21:47:48Z,94.4915,101.6652,7.1737,0.0000,0.0000,7.7219,11.5122
2026-08-29T21:47:49Z,94.4915,101.3921,6.9006,0.0000,0.0000,7.7219,11.5549
2026-08-29T21:47:50Z,94.4915,101.3908,6.8993,0.0000,0.0000,7.7218,11.5549
2026-08-29T21:47:51Z,94.5281,101.3896,6.8615,0.0000,0.0000,7.7218,11.5549
2026-08-29T21:47:52Z,94.5281,101.3883,6.8602,0.0000,0.0000,7.7217,11.5549
2026-08-29T21:47:53Z,94.5022,101.3871,6.8849,0.0000,0.0000,7.7217,11.5549
2026-08-29T21:47:54Z,94.5022,101.3858,6.8837,0.0000,0.0000,7.7217,11.5549
2026-08-29T21:47:55Z,94.5098,101.4694,6.9596,0.0000,0.0000,7.7216,11.5415
2026-08-29T21:47:56Z,94.5098,101.4682,6.9584,0.0000,0.0000,7.7216,11.5415
2026-08-29T21:47:57Z,94.5068,101.4669,6.9602,0.0000,0.0000,7.7215,11.5415
2026-08-29T21:47:58Z,94.5068,101.4657,6.9589,0.0000,0.0000,7.7215,11.5415
2026-08-29T21:47:59Z,94.5418,101.3796,6.8377,0.0000,0.0000,7.7214,11.5549
2026-08-29T21:48:00Z,94.5418,101.3783,6.8365,0.0000,0.0000,7.7214,11.5549
2026-08-29T21:48:01Z,94.5281,101.5469,7.0188,0.0000,0.0000,7.7214,11.5282
2026-08-29T21:48:02Z,94.5281,101.5456,7.0175,0.0000,0.0000,7.7213,11.5282
2026-08-29T21:48:03Z,94.5205,101.5444,7.0239,0.0000,0.0000,7.7213,11.5282
2026-08-29T21:48:04Z,94.5205,101.5431,7.0226,0.0000,0.0000,7.7212,11.5282
2026-08-29T21:48:05Z,94.5251,101.5419,7.0168,0.0000,0.0000,7.7212,11.5282
2026-08-29T21:48:06Z,94.5251,101.5406,7.0156,0.0000,0.0000,7.7211,11.5282
2026-08-29T21:48:07Z,94.5373,101.4544,6.9172,0.0000,0.0000,7.7211,11.5415
2026-08-29T21:48:08Z,94.5373,101.4532,6.9159,0.0000,0.0000,7.7211,11.5415
2026-08-29T21:48:09Z,94.5342,101.4519,6.9177,0.0000,0.0000,7.7210,11.5415
2026-08-29T21:48:10Z,94.5342,101.4507,6.9165,0.0000,0.0000,7.7210,11.5415
2026-08-29T21:48:11Z,94.5190,101.5344,7.0154,0.0000,0.0000,7.7209,11.5282
2026-08-29T21:48:12Z,94.5190,101.5331,7.0142,0.0000,0.0000,7.7209,11.5282
2026-08-29T21:48:13Z,94.5373,101.3621,6.8248,0.0000,0.0000,7.7209,11.5549
2026-08-29T21:48:14Z,94.5373,101.3608,6.8236,0.0000,0.0000,7.7208,11.5549
2026-08-29T21:48:15Z,94.5296,101.4444,6.9148,0.0000,0.0000,7.7208,11.5415
2026-08-29T21:48:16Z,94.5296,101.4432,6.9136,0.0000,0.0000,7.7207,11.5415
2026-08-29T21:48:17Z,94.5068,101.5269,7.0201,0.0000,0.0000,7.7207,11.5282
2026-08-29T21:48:18Z,94.5068,101.5256,7.0189,0.0000,0.0000,7.7206,11.5282
2026-08-29T21:48:19Z,94.5205,101.4394,6.9190,0.0000,0.0000,7.7206,11.5415
2026-08-29T21:48:20Z,94.5205,101.4382,6.9177,0.0000,0.0000,7.7206,11.5415
2026-08-29T21:48:21Z,94.5144,101.3521,6.8377,0.0000,0.0000,7.7205,11.5549
2026-08-29T21:48:22Z,94.5144,101.3509,6.8365,0.0000,0.0000,7.7205,11.5549
2026-08-29T21:48:23Z,94.5190,101.5194,7.0004,0.0000,0.0000,7.7204,11.5282
2026-08-29T21:48:24Z,94.5190,101.5181,6.9992,0.0000,0.0000,7.7204,11.5282
2026-08-29T21:48:25Z,94.5342,101.5169,6.9826,0.0000,0.0000,7.7203,11.5282
2026-08-29T21:48:26Z,94.5342,101.5156,6.9814,0.0000,0.0000,7.7203,11.5282
2026-08-29T21:48:27Z,94.5098,101.5144,7.0046,0.0000,0.0000,7.7203,11.5282
2026-08-29T21:48:28Z,94.5098,101.5131,7.0033,0.0000,0.0000,7.7202,11.5282
2026-08-29T21:48:29Z,94.5205,101.6139,7.0934,0.0000,0.0000,7.7202,11.5122
2026-08-29T21:48:30Z,94.5205,101.6126,7.0921,0.0000,0.0000,7.7201,11.5122
2026-08-29T21:48:31Z,94.5205,101.5094,6.9889,0.0000,0.0000,7.7201,11.5282
2026-08-29T21:48:32Z,94.5205,101.5081,6.9876,0.0000,0.0000,7.7200,11.5282
2026-08-29T21:48:33Z,94.5098,101.4220,6.9122,0.0000,0.0000,7.7200,11.5415
2026-08-29T21:48:34Z,94.5098,101.4207,6.9109,0.0000,0.0000,7.7200,11.5415
2026-08-29T21:48:35Z,94.5205,101.4195,6.8990,0.0000,0.0000,7.7199,11.5415
2026-08-29T21:48:36Z,94.5205,101.4182,6.8977,0.0000,0.0000,7.7199,11.5415
2026-08-29T21:48:37Z,94.5251,101.5019,6.9768,0.0000,0.0000,7.7198,11.5282
2026-08-29T21:48:38Z,94.5251,101.5006,6.9756,0.0000,0.0000,7.7198,11.5282
2026-08-29T21:48:39Z,94.4839,101.4994,7.0155,0.0000,0.0000,7.7197,11.5282
2026-08-29T21:48:40Z,94.4839,101.4981,7.0143,0.0000,0.0000,7.7197,11.5282
2026-08-29T21:48:41Z,94.4610,101.5988,7.1379,0.0000,0.0000,7.7197,11.5122
2026-08-29T21:48:42Z,94.4610,101.5976,7.1366,0.0000,0.0000,7.7196,11.5122
2026-08-29T21:48:43Z,94.5373,101.5963,7.0591,0.0000,0.0000,7.7196,11.5122
2026-08-29T21:48:44Z,94.5373,101.5951,7.0578,0.0000,0.0000,7.7195,11.5122
2026-08-29T21:48:45Z,94.5281,101.5938,7.0657,0.0000,0.0000,7.7195,11.5122
2026-08-29T21:48:46Z,94.5281,101.5926,7.0645,0.0000,0.0000,7.7194,11.5122
2026-08-29T21:48:47Z,94.5068,101.4894,6.9826,0.0000,0.0000,7.7194,11.5282
2026-08-29T21:48:48Z,94.5068,101.4881,6.9814,0.0000,0.0000,7.7194,11.5282
2026-08-29T21:48:49Z,94.5144,101.4869,6.9725,0.0000,0.0000,7.7193,11.5282
2026-08-29T21:48:50Z,94.5144,101.4856,6.9712,0.0000,0.0000,7.7193,11.5282
2026-08-29T21:48:51Z,94.5068,101.4844,6.9776,0.0000,0.0000,7.7192,11.5282
2026-08-29T21:48:52Z,94.5068,101.4831,6.9764,0.0000,0.0000,7.7192,11.5282
2026-08-29T21:48:53Z,94.5190,101.4819,6.9629,0.0000,0.0000,7.7191,11.5282
2026-08-29T21:48:54Z,94.5190,101.4806,6.9617,0.0000,0.0000,7.7191,11.5282
2026-08-29T21:48:55Z,94.5144,101.5813,7.0670,0.0000,0.0000,7.7191,11.5122
2026-08-29T21:48:56Z,94.5144,101.5801,7.0657,0.0000,0.0000,7.7190,11.5122
2026-08-29T21:48:57Z,94.5190,101.4769,6.9579,0.0000,0.0000,7.7190,11.5282
2026-08-29T21:48:58Z,94.5190,101.4756,6.9567,0.0000,0.0000,7.7189,11.5282
2026-08-29T21:48:59Z,94.4961,101.6614,7.1653,0.0000,0.0000,7.7189,11.4988
2026-08-29T21:49:00Z,94.4961,101.6601,7.1641,0.0000,0.0000,7.7188,11.4988
2026-08-29T21:49:01Z,94.4915,101.3870,6.8955,0.0000,0.0000,7.7188,11.5415
2026-08-29T21:49:02Z,94.4915,101.3858,6.8943,0.0000,0.0000,7.7188,11.5415
2026-08-29T21:49:03Z,94.5235,101.4694,6.9458,0.0000,0.0000,7.7187,11.5282
2026-08-29T21:49:04Z,94.5235,101.4681,6.9446,0.0000,0.0000,7.7187,11.5282
2026-08-29T21:49:05Z,94.4793,101.5688,7.0896,0.0000,0.0000,7.7186,11.5122
2026-08-29T21:49:06Z,94.4793,101.5676,7.0883,0.0000,0.0000,7.7186,11.5122
2026-08-29T21:49:07Z,94.4839,101.6514,7.1675,0.0000,0.0000,7.7185,11.4988
2026-08-29T21:49:08Z,94.4839,101.6501,7.1663,0.0000,0.0000,7.7185,11.4988
2026-08-29T21:49:09Z,94.4747,101.4619,6.9872,0.0000,0.0000,7.7185,11.5282
2026-08-29T21:49:10Z,94.4747,101.4606,6.9859,0.0000,0.0000,7.7184,11.5282
2026-08-29T21:49:11Z,94.5144,101.5613,7.0470,0.0000,0.0000,7.7184,11.5122
2026-08-29T21:49:12Z,94.5144,101.5601,7.0457,0.0000,0.0000,7.7183,11.5122
2026-08-29T21:49:13Z,94.4686,101.6439,7.1753,0.0000,0.0000,7.7183,11.4988
2026-08-29T21:49:14Z,94.4686,101.6426,7.1740,0.0000,0.0000,7.7182,11.4988
2026-08-29T21:49:15Z,94.4976,101.5563,7.0587,0.0000,0.0000,7.7182,11.5122
2026-08-29T21:49:16Z,94.4976,101.5551,7.0575,0.0000,0.0000,7.7182,11.5122
2026-08-29T21:49:17Z,94.5235,101.5538,7.0303,0.0000,0.0000,7.7181,11.5122
2026-08-29T21:49:18Z,94.5235,101.5526,7.0291,0.0000,0.0000,7.7181,11.5122
2026-08-29T21:49:19Z,94.4961,101.5513,7.0553,0.0000,0.0000,7.7180,11.5122
2026-08-29T21:49:20Z,94.4961,101.5501,7.0540,0.0000,0.0000,7.7180,11.5122
2026-08-29T21:49:21Z,94.5022,101.7360,7.2339,0.0000,0.0000,7.7179,11.4828
2026-08-29T21:49:22Z,94.5022,101.7348,7.2326,0.0000,0.0000,7.7179,11.4828
2026-08-29T21:49:23Z,94.5281,101.5463,7.0182,0.0000,0.0000,7.7179,11.5122
2026-08-29T21:49:24Z,94.5281,101.5451,7.0170,0.0000,0.0000,7.7178,11.5122
2026-08-29T21:49:25Z,94.4732,101.4419,6.9687,0.0000,0.0000,7.7178,11.5282
2026-08-29T21:49:26Z,94.4732,101.4407,6.9675,0.0000,0.0000,7.7177,11.5282
2026-08-29T21:49:27Z,94.5144,101.5414,7.0270,0.0000,0.0000,7.7177,11.5122
2026-08-29T21:49:28Z,94.5144,101.5401,7.0257,0.0000,0.0000,7.7176,11.5122
2026-08-29T21:49:29Z,94.4961,101.5389,7.0428,0.0000,0.0000,7.7176,11.5122
2026-08-29T21:49:30Z,94.4961,101.5376,7.0415,0.0000,0.0000,7.7176,11.5122
2026-08-29T21:49:31Z,94.4701,101.7235,7.2534,0.0000,0.0000,7.7175,11.4828
2026-08-29T21:49:32Z,94.4701,101.7223,7.2521,0.0000,0.0000,7.7175,11.4828
2026-08-29T21:49:33Z,94.4793,101.6189,7.1396,0.0000,0.0000,7.7174,11.4988
2026-08-29T21:49:34Z,94.4793,101.6176,7.1383,0.0000,0.0000,7.7174,11.4988
2026-08-29T21:49:35Z,94.5235,101.5314,7.0078,0.0000,0.0000,7.7173,11.5122
2026-08-29T21:49:36Z,94.5235,101.5301,7.0066,0.0000,0.0000,7.7173,11.5122
2026-08-29T21:49:37Z,94.5190,101.7160,7.1970,0.0000,0.0000,7.7173,11.4828
2026-08-29T21:49:38Z,94.5190,101.7148,7.1958,0.0000,0.0000,7.7172,11.4828
2026-08-29T21:49:39Z,94.4701,101.6114,7.1413,0.0000,0.0000,7.7172,11.4988
2026-08-29T21:49:40Z,94.4701,101.6101,7.1400,0.0000,0.0000,7.7171,11.4988
2026-08-29T21:49:41Z,94.4839,101.5239,7.0400,0.0000,0.0000,7.7171,11.5122
2026-08-29T21:49:42Z,94.4839,101.5226,7.0388,0.0000,0.0000,7.7170,11.5122
2026-08-29T21:49:43Z,94.4793,101.6064,7.1271,0.0000,0.0000,7.7170,11.4988
2026-08-29T21:49:44Z,94.4793,101.6051,7.1258,0.0000,0.0000,7.7170,11.4988
2026-08-29T21:49:45Z,94.5022,101.7060,7.2038,0.0000,0.0000,7.7169,11.4828
2026-08-29T21:49:46Z,94.5022,101.7047,7.2026,0.0000,0.0000,7.7169,11.4828
2026-08-29T21:49:47Z,94.5098,101.6014,7.0916,0.0000,0.0000,7.7168,11.4988
2026-08-29T21:49:48Z,94.5098,101.6001,7.0903,0.0000,0.0000,7.7168,11.4988
2026-08-29T21:49:49Z,94.4884,101.5989,7.1104,0.0000,0.0000,7.7167,11.4988
2026-08-29T21:49:50Z,94.4884,101.5976,7.1092,0.0000,0.0000,7.7167,11.4988
2026-08-29T21:49:51Z,94.4915,101.5114,7.0199,0.0000,0.0000,7.7166,11.5122
2026-08-29T21:49:52Z,94.4915,101.5101,7.0186,0.0000,0.0000,7.7166,11.5122
2026-08-29T21:49:53Z,94.4915,101.7812,7.2897,0.0000,0.0000,7.7166,11.4694
2026-08-29T21:49:54Z,94.4915,101.7799,7.2884,0.0000,0.0000,7.7165,11.4694
2026-08-29T21:49:55Z,94.4732,101.6935,7.2203,0.0000,0.0000,7.7165,11.4828
2026-08-29T21:49:56Z,94.4732,101.6922,7.2191,0.0000,0.0000,7.7164,11.4828
2026-08-29T21:49:57Z,94.4839,101.5889,7.1050,0.0000,0.0000,7.7164,11.4988
2026-08-29T21:49:58Z,94.4839,101.5876,7.1038,0.0000,0.0000,7.7163,11.4988
2026-08-29T21:49:59Z,94.4778,101.5864,7.1086,0.0000,0.0000,7.7163,11.4988
2026-08-29T21:50:00Z,94.4778,101.5851,7.1074,0.0000,0.0000,7.7163,11.4988
2026-08-29T21:50:01Z,94.5068,101.5839,7.0771,0.0000,0.0000,7.7162,11.4988
2026-08-29T21:50:02Z,94.5068,101.5827,7.0759,0.0000,0.0000,7.7162,11.4988
2026-08-29T21:50:03Z,94.4732,101.5814,7.1082,0.0000,0.0000,7.7161,11.4988
2026-08-29T21:50:04Z,94.4732,101.5802,7.1070,0.0000,0.0000,7.7161,11.4988
2026-08-29T21:50:05Z,94.4778,101.5789,7.1011,0.0000,0.0000,7.7160,11.4988
2026-08-29T21:50:06Z,94.4778,101.5777,7.0999,0.0000,0.0000,7.7160,11.4988
2026-08-29T21:50:07Z,94.4961,101.8660,7.3699,0.0000,0.0000,7.7159,11.4534
2026-08-29T21:50:08Z,94.4961,101.8647,7.3686,0.0000,0.0000,7.7159,11.4534
2026-08-29T21:50:09Z,94.4778,101.6760,7.1982,0.0000,0.0000,7.7159,11.4828
2026-08-29T21:50:10Z,94.4778,101.6747,7.1970,0.0000,0.0000,7.7158,11.4828
2026-08-29T21:50:11Z,94.4732,101.6735,7.2003,0.0000,0.0000,7.7158,11.4828
2026-08-29T21:50:12Z,94.4732,101.6722,7.1991,0.0000,0.0000,7.7157,11.4828
2026-08-29T21:50:13Z,94.4839,101.8584,7.3746,0.0000,0.0000,7.7157,11.4534
2026-08-29T21:50:14Z,94.4839,101.8572,7.3733,0.0000,0.0000,7.7156,11.4534
2026-08-29T21:50:15Z,94.4778,101.6685,7.1907,0.0000,0.0000,7.7156,11.4828
2026-08-29T21:50:16Z,94.4778,101.6672,7.1895,0.0000,0.0000,7.7156,11.4828
2026-08-29T21:50:17Z,94.4961,101.7512,7.2551,0.0000,0.0000,7.7155,11.4694
2026-08-29T21:50:18Z,94.4961,101.7499,7.2538,0.0000,0.0000,7.7155,11.4694
2026-08-29T21:50:19Z,94.5159,101.7487,7.2327,0.0000,0.0000,7.7154,11.4694
2026-08-29T21:50:20Z,94.5159,101.7474,7.2315,0.0000,0.0000,7.7154,11.4694
2026-08-29T21:50:21Z,94.4701,101.7461,7.2760,0.0000,0.0000,7.7153,11.4694
2026-08-29T21:50:22Z,94.4701,101.7449,7.2748,0.0000,0.0000,7.7153,11.4694
2026-08-29T21:50:23Z,94.4549,101.6585,7.2036,0.0000,0.0000,7.7152,11.4828
2026-08-29T21:50:24Z,94.4549,101.6573,7.2024,0.0000,0.0000,7.7152,11.4828
2026-08-29T21:50:25Z,94.4961,101.6560,7.1599,0.0000,0.0000,7.7152,11.4828
2026-08-29T21:50:26Z,94.4961,101.6548,7.1587,0.0000,0.0000,7.7151,11.4828
2026-08-29T21:50:27Z,94.4732,101.7386,7.2655,0.0000,0.0000,7.7151,11.4694
2026-08-29T21:50:28Z,94.4732,101.7374,7.2642,0.0000,0.0000,7.7150,11.4694
2026-08-29T21:50:29Z,94.4976,101.6510,7.1534,0.0000,0.0000,7.7150,11.4828
2026-08-29T21:50:30Z,94.4976,101.6498,7.1522,0.0000,0.0000,7.7149,11.4828
2026-08-29T21:50:31Z,94.4427,101.8359,7.3933,0.0000,0.0000,7.7149,11.4534
2026-08-29T21:50:32Z,94.4427,101.8347,7.3920,0.0000,0.0000,7.7149,11.4534
2026-08-29T21:50:33Z,94.4884,101.7311,7.2427,0.0000,0.0000,7.7148,11.4694
2026-08-29T21:50:34Z,94.4884,101.7299,7.2415,0.0000,0.0000,7.7148,11.4694
2026-08-29T21:50:35Z,94.5068,101.7287,7.2219,0.0000,0.0000,7.7147,11.4694
2026-08-29T21:50:36Z,94.5068,101.7274,7.2206,0.0000,0.0000,7.7147,11.4694
2026-08-29T21:50:37Z,94.4961,101.6410,7.1450,0.0000,0.0000,7.7146,11.4828
2026-08-29T21:50:38Z,94.4961,101.6398,7.1437,0.0000,0.0000,7.7146,11.4828
2026-08-29T21:50:39Z,94.4564,101.6385,7.1821,0.0000,0.0000,7.7145,11.4828
2026-08-29T21:50:40Z,94.4564,101.6373,7.1809,0.0000,0.0000,7.7145,11.4828
2026-08-29T21:50:41Z,94.5022,101.7212,7.2190,0.0000,0.0000,7.7145,11.4694
2026-08-29T21:50:42Z,94.5022,101.7199,7.2177,0.0000,0.0000,7.7144,11.4694
2026-08-29T21:50:43Z,94.4915,101.8209,7.3294,0.0000,0.0000,7.7144,11.4534
2026-08-29T21:50:44Z,94.4915,101.8197,7.3282,0.0000,0.0000,7.7143,11.4534
2026-08-29T21:50:45Z,94.4732,101.7162,7.2430,0.0000,0.0000,7.7143,11.4694
2026-08-29T21:50:46Z,94.4732,101.7149,7.2417,0.0000,0.0000,7.7142,11.4694
2026-08-29T21:50:47Z,94.4503,101.8159,7.3656,0.0000,0.0000,7.7142,11.4534
2026-08-29T21:50:48Z,94.4503,101.8147,7.3644,0.0000,0.0000,7.7141,11.4534
2026-08-29T21:50:49Z,94.4823,101.7112,7.2288,0.0000,0.0000,7.7141,11.4694
2026-08-29T21:50:50Z,94.4823,101.7099,7.2276,0.0000,0.0000,7.7141,11.4694
2026-08-29T21:50:51Z,94.4289,101.6235,7.1946,0.0000,0.0000,7.7140,11.4828
2026-08-29T21:50:52Z,94.4289,101.6223,7.1934,0.0000,0.0000,7.7140,11.4828
2026-08-29T21:50:53Z,94.4839,101.8084,7.3245,0.0000,0.0000,7.7139,11.4534
2026-08-29T21:50:54Z,94.4839,101.8072,7.3233,0.0000,0.0000,7.7139,11.4534
2026-08-29T21:50:55Z,94.4701,101.8059,7.3358,0.0000,0.0000,7.7138,11.4534
2026-08-29T21:50:56Z,94.4701,101.8047,7.3345,0.0000,0.0000,7.7138,11.4534
2026-08-29T21:50:57Z,94.4656,101.8034,7.3379,0.0000,0.0000,7.7138,11.4534
2026-08-29T21:50:58Z,94.4656,101.8022,7.3366,0.0000,0.0000,7.7137,11.4534
2026-08-29T21:50:59Z,94.4915,101.6136,7.1221,0.0000,0.0000,7.7137,11.4828
2026-08-29T21:51:00Z,94.4915,101.6123,7.1208,0.0000,0.0000,7.7136,11.4828
2026-08-29T21:51:01Z,94.4732,101.7984,7.3252,0.0000,0.0000,7.7136,11.4534
2026-08-29T21:51:02Z,94.4732,101.7972,7.3240,0.0000,0.0000,7.7135,11.4534
2026-08-29T21:51:03Z,94.4381,101.7959,7.3578,0.0000,0.0000,7.7135,11.4534
2026-08-29T21:51:04Z,94.4381,101.7947,7.3566,0.0000,0.0000,7.7134,11.4534
2026-08-29T21:51:05Z,94.4884,101.6912,7.2027,0.0000,0.0000,7.7134,11.4694
2026-08-29T21:51:06Z,94.4884,101.6899,7.2015,0.0000,0.0000,7.7134,11.4694
2026-08-29T21:51:07Z,94.4549,101.7909,7.3360,0.0000,0.0000,7.7133,11.4534
2026-08-29T21:51:08Z,94.4549,101.7897,7.3348,0.0000,0.0000,7.7133,11.4534
2026-08-29T21:51:09Z,94.4610,101.7884,7.3274,0.0000,0.0000,7.7132,11.4534
2026-08-29T21:51:10Z,94.4610,101.7872,7.3262,0.0000,0.0000,7.7132,11.4534
2026-08-29T21:51:11Z,94.4778,101.8712,7.3934,0.0000,0.0000,7.7131,11.4401
2026-08-29T21:51:12Z,94.4778,101.8699,7.3922,0.0000,0.0000,7.7131,11.4401
2026-08-29T21:51:13Z,94.4778,101.7834,7.3056,0.0000,0.0000,7.7130,11.4534
2026-08-29T21:51:14Z,94.4778,101.7822,7.3044,0.0000,0.0000,7.7130,11.4534
2026-08-29T21:51:15Z,94.4823,101.7809,7.2986,0.0000,0.0000,7.7130,11.4534
2026-08-29T21:51:16Z,94.4823,101.7797,7.2973,0.0000,0.0000,7.7129,11.4534
2026-08-29T21:51:17Z,94.4701,101.7784,7.3083,0.0000,0.0000,7.7129,11.4534
2026-08-29T21:51:18Z,94.4701,101.7772,7.3070,0.0000,0.0000,7.7128,11.4534
2026-08-29T21:51:19Z,94.5022,101.6737,7.1715,0.0000,0.0000,7.7128,11.4694
2026-08-29T21:51:20Z,94.5022,101.6725,7.1703,0.0000,0.0000,7.7127,11.4694
2026-08-29T21:51:21Z,94.4656,101.7734,7.3079,0.0000,0.0000,7.7127,11.4534
2026-08-29T21:51:22Z,94.4656,101.7722,7.3066,0.0000,0.0000,7.7126,11.4534
2026-08-29T21:51:23Z,94.4915,101.8562,7.3647,0.0000,0.0000,7.7126,11.4401
2026-08-29T21:51:24Z,94.4915,101.8549,7.3634,0.0000,0.0000,7.7126,11.4401
2026-08-29T21:51:25Z,94.4610,101.7684,7.3074,0.0000,0.0000,7.7125,11.4534
2026-08-29T21:51:26Z,94.4610,101.7672,7.3062,0.0000,0.0000,7.7125,11.4534
2026-08-29T21:51:27Z,94.4656,101.7659,7.3004,0.0000,0.0000,7.7124,11.4534
2026-08-29T21:51:28Z,94.4656,101.7647,7.2991,0.0000,0.0000,7.7124,11.4534
2026-08-29T21:51:29Z,94.4656,101.7634,7.2979,0.0000,0.0000,7.7123,11.4534
2026-08-29T21:51:30Z,94.4656,101.7622,7.2966,0.0000,0.0000,7.7123,11.4534
2026-08-29T21:51:31Z,94.4884,101.7609,7.2725,0.0000,0.0000,7.7122,11.4534
2026-08-29T21:51:32Z,94.4884,101.7597,7.2712,0.0000,0.0000,7.7122,11.4534
2026-08-29T21:51:33Z,94.4289,101.6562,7.2273,0.0000,0.0000,7.7121,11.4694
2026-08-29T21:51:34Z,94.4289,101.6550,7.2261,0.0000,0.0000,7.7121,11.4694
2026-08-29T21:51:35Z,94.4335,101.6537,7.2202,0.0000,0.0000,7.7121,11.4694
2026-08-29T21:51:36Z,94.4335,101.6525,7.2190,0.0000,0.0000,7.7120,11.4694
2026-08-29T21:51:37Z,94.4732,101.6512,7.1781,0.0000,0.0000,7.7120,11.4694
2026-08-29T21:51:38Z,94.4732,101.6500,7.1768,0.0000,0.0000,7.7119,11.4694
2026-08-29T21:51:39Z,94.4656,101.8362,7.3706,0.0000,0.0000,7.7119,11.4401
2026-08-29T21:51:40Z,94.4656,101.8349,7.3694,0.0000,0.0000,7.7118,11.4401
2026-08-29T21:51:41Z,94.4961,101.6463,7.1502,0.0000,0.0000,7.7118,11.4694
2026-08-29T21:51:42Z,94.4961,101.6450,7.1489,0.0000,0.0000,7.7117,11.4694
2026-08-29T21:51:43Z,94.4564,101.7459,7.2895,0.0000,0.0000,7.7117,11.4534
2026-08-29T21:51:44Z,94.4564,101.7447,7.2883,0.0000,0.0000,7.7117,11.4534
2026-08-29T21:51:45Z,94.4778,101.8287,7.3509,0.0000,0.0000,7.7116,11.4401
2026-08-29T21:51:46Z,94.4778,101.8274,7.3497,0.0000,0.0000,7.7116,11.4401
2026-08-29T21:51:47Z,94.4244,101.8262,7.4018,0.0000,0.0000,7.7115,11.4401
2026-08-29T21:51:48Z,94.4244,101.8249,7.4006,0.0000,0.0000,7.7115,11.4401
2026-08-29T21:51:49Z,94.4778,101.7384,7.2607,0.0000,0.0000,7.7114,11.4534
2026-08-29T21:51:50Z,94.4778,101.7372,7.2594,0.0000,0.0000,7.7114,11.4534
2026-08-29T21:51:51Z,94.4503,101.8212,7.3709,0.0000,0.0000,7.7113,11.4401
2026-08-29T21:51:52Z,94.4503,101.8199,7.3696,0.0000,0.0000,7.7113,11.4401
2026-08-29T21:51:53Z,94.4503,101.7335,7.2832,0.0000,0.0000,7.7113,11.4534
2026-08-29T21:51:54Z,94.4503,101.7322,7.2819,0.0000,0.0000,7.7112,11.4534
2026-08-29T21:51:55Z,94.4457,101.7310,7.2852,0.0000,0.0000,7.7112,11.4534
2026-08-29T21:51:56Z,94.4457,101.7297,7.2840,0.0000,0.0000,7.7111,11.4534
2026-08-29T21:51:57Z,94.4549,101.6263,7.1714,0.0000,0.0000,7.7111,11.4694
2026-08-29T21:51:58Z,94.4549,101.6251,7.1702,0.0000,0.0000,7.7110,11.4694
2026-08-29T21:51:59Z,94.4732,101.8965,7.4233,0.0000,0.0000,7.7110,11.4267
2026-08-29T21:52:00Z,94.4732,101.8952,7.4221,0.0000,0.0000,7.7109,11.4267
2026-08-29T21:52:01Z,94.4274,101.8940,7.4666,0.0000,0.0000,7.7109,11.4267
2026-08-29T21:52:02Z,94.4274,101.8927,7.4653,0.0000,0.0000,7.7108,11.4267
2026-08-29T21:52:03Z,94.4610,101.8062,7.3452,0.0000,0.0000,7.7108,11.4401
2026-08-29T21:52:04Z,94.4610,101.8049,7.3440,0.0000,0.0000,7.7108,11.4401
2026-08-29T21:52:05Z,94.4961,101.8890,7.3929,0.0000,0.0000,7.7107,11.4267
2026-08-29T21:52:06Z,94.4961,101.8877,7.3917,0.0000,0.0000,7.7107,11.4267
2026-08-29T21:52:07Z,94.4656,101.8012,7.3356,0.0000,0.0000,7.7106,11.4401
2026-08-29T21:52:08Z,94.4656,101.8000,7.3344,0.0000,0.0000,7.7106,11.4401
2026-08-29T21:52:09Z,94.4656,101.7987,7.3332,0.0000,0.0000,7.7105,11.4401
2026-08-29T21:52:10Z,94.4656,101.7975,7.3319,0.0000,0.0000,7.7105,11.4401
2026-08-29T21:52:11Z,94.4610,101.8815,7.4205,0.0000,0.0000,7.7104,11.4267
2026-08-29T21:52:12Z,94.4610,101.8802,7.4193,0.0000,0.0000,7.7104,11.4267
2026-08-29T21:52:13Z,94.4732,101.7937,7.3205,0.0000,0.0000,7.7104,11.4401
2026-08-29T21:52:14Z,94.4732,101.7925,7.3193,0.0000,0.0000,7.7103,11.4401
2026-08-29T21:52:15Z,94.4427,101.8765,7.4338,0.0000,0.0000,7.7103,11.4267
2026-08-29T21:52:16Z,94.4427,101.8752,7.4326,0.0000,0.0000,7.7102,11.4267
2026-08-29T21:52:17Z,94.4656,101.8740,7.4084,0.0000,0.0000,7.7102,11.4267
2026-08-29T21:52:18Z,94.4656,101.8728,7.4072,0.0000,0.0000,7.7101,11.4267
2026-08-29T21:52:19Z,94.4656,101.7010,7.2355,0.0000,0.0000,7.7101,11.4534
2026-08-29T21:52:20Z,94.4656,101.6998,7.2342,0.0000,0.0000,7.7100,11.4534
2026-08-29T21:52:21Z,94.4549,101.6985,7.2437,0.0000,0.0000,7.7100,11.4534
2026-08-29T21:52:22Z,94.4549,101.6973,7.2424,0.0000,0.0000,7.7099,11.4534
2026-08-29T21:52:23Z,94.4457,101.8665,7.4208,0.0000,0.0000,7.7099,11.4267
2026-08-29T21:52:24Z,94.4457,101.8653,7.4195,0.0000,0.0000,7.7099,11.4267
2026-08-29T21:52:25Z,94.4594,101.7787,7.3193,0.0000,0.0000,7.7098,11.4401
2026-08-29T21:52:26Z,94.4594,101.7775,7.3180,0.0000,0.0000,7.7098,11.4401
2026-08-29T21:52:27Z,94.4594,101.9469,7.4874,0.0000,0.0000,7.7097,11.4134
2026-08-29T21:52:28Z,94.4594,101.9456,7.4862,0.0000,0.0000,7.7097,11.4134
2026-08-29T21:52:29Z,94.4381,101.7737,7.3357,0.0000,0.0000,7.7096,11.4401
2026-08-29T21:52:30Z,94.4381,101.7725,7.3344,0.0000,0.0000,7.7096,11.4401
2026-08-29T21:52:31Z,94.4564,102.0444,7.5880,0.0000,0.0000,7.7095,11.3973
2026-08-29T21:52:32Z,94.4564,102.0431,7.5867,0.0000,0.0000,7.7095,11.3973
2026-08-29T21:52:33Z,94.4427,101.7688,7.3261,0.0000,0.0000,7.7094,11.4401
2026-08-29T21:52:34Z,94.4427,101.7675,7.3248,0.0000,0.0000,7.7094,11.4401
2026-08-29T21:52:35Z,94.4198,101.7663,7.3465,0.0000,0.0000,7.7094,11.4401
2026-08-29T21:52:36Z,94.4198,101.7650,7.3452,0.0000,0.0000,7.7093,11.4401
2026-08-29T21:52:37Z,94.4610,101.8490,7.3880,0.0000,0.0000,7.7093,11.4267
2026-08-29T21:52:38Z,94.4610,101.8478,7.3868,0.0000,0.0000,7.7092,11.4267
2026-08-29T21:52:39Z,94.4656,101.8465,7.3810,0.0000,0.0000,7.7092,11.4267
2026-08-29T21:52:40Z,94.4656,101.8453,7.3797,0.0000,0.0000,7.7091,11.4267
2026-08-29T21:52:41Z,94.4366,101.9294,7.4928,0.0000,0.0000,7.7091,11.4134
2026-08-29T21:52:42Z,94.4366,101.9281,7.4916,0.0000,0.0000,7.7090,11.4134
2026-08-29T21:52:43Z,94.4594,101.7563,7.2968,0.0000,0.0000,7.7090,11.4401
2026-08-29T21:52:44Z,94.4594,101.7550,7.2956,0.0000,0.0000,7.7089,11.4401
2026-08-29T21:52:45Z,94.4457,101.7538,7.3081,0.0000,0.0000,7.7089,11.4401
2026-08-29T21:52:46Z,94.4457,101.7525,7.3068,0.0000,0.0000,7.7089,11.4401
2026-08-29T21:52:47Z,94.4427,101.9219,7.4792,0.0000,0.0000,7.7088,11.4134
2026-08-29T21:52:48Z,94.4427,101.9206,7.4780,0.0000,0.0000,7.7088,11.4134
2026-08-29T21:52:49Z,94.4457,101.8340,7.3883,0.0000,0.0000,7.7087,11.4267
2026-08-29T21:52:50Z,94.4457,101.8328,7.3871,0.0000,0.0000,7.7087,11.4267
2026-08-29T21:52:51Z,94.4457,101.8315,7.3858,0.0000,0.0000,7.7086,11.4267
2026-08-29T21:52:52Z,94.4457,101.8303,7.3846,0.0000,0.0000,7.7086,11.4267
2026-08-29T21:52:53Z,94.4274,101.8291,7.4016,0.0000,0.0000,7.7085,11.4267
2026-08-29T21:52:54Z,94.4274,101.8278,7.4004,0.0000,0.0000,7.7085,11.4267
2026-08-29T21:52:55Z,94.4594,101.9119,7.4524,0.0000,0.0000,7.7084,11.4134
2026-08-29T21:52:56Z,94.4594,101.9106,7.4512,0.0000,0.0000,7.7084,11.4134
2026-08-29T21:52:57Z,94.4915,101.9094,7.4179,0.0000,0.0000,7.7084,11.4134
2026-08-29T21:52:58Z,94.4915,101.9081,7.4166,0.0000,0.0000,7.7083,11.4134
2026-08-29T21:52:59Z,94.4381,101.9069,7.4688,0.0000,0.0000,7.7083,11.4134
2026-08-29T21:53:00Z,94.4381,101.9056,7.4676,0.0000,0.0000,7.7082,11.4134
2026-08-29T21:53:01Z,94.4594,101.9044,7.4449,0.0000,0.0000,7.7082,11.4134
2026-08-29T21:53:02Z,94.4594,101.9031,7.4437,0.0000,0.0000,7.7081,11.4134
2026-08-29T21:53:03Z,94.4381,101.9019,7.4638,0.0000,0.0000,7.7081,11.4134
2026-08-29T21:53:04Z,94.4381,101.9006,7.4626,0.0000,0.0000,7.7080,11.4134
2026-08-29T21:53:05Z,94.4594,101.7288,7.2694,0.0000,0.0000,7.7080,11.4401
2026-08-29T21:53:06Z,94.4594,101.7276,7.2682,0.0000,0.0000,7.7079,11.4401
2026-08-29T21:53:07Z,94.4366,101.8116,7.3750,0.0000,0.0000,7.7079,11.4267
2026-08-29T21:53:08Z,94.4366,101.8103,7.3738,0.0000,0.0000,7.7078,11.4267
2026-08-29T21:53:09Z,94.4381,101.8944,7.4563,0.0000,0.0000,7.7078,11.4134
2026-08-29T21:53:10Z,94.4381,101.8932,7.4551,0.0000,0.0000,7.7078,11.4134
2026-08-29T21:53:11Z,94.4701,101.9944,7.5243,0.0000,0.0000,7.7077,11.3973
2026-08-29T21:53:12Z,94.4701,101.9931,7.5230,0.0000,0.0000,7.7077,11.3973
2026-08-29T21:53:13Z,94.4381,101.8041,7.3660,0.0000,0.0000,7.7076,11.4267
2026-08-29T21:53:14Z,94.4381,101.8029,7.3648,0.0000,0.0000,7.7076,11.4267
2026-08-29T21:53:15Z,94.4656,101.7164,7.2508,0.0000,0.0000,7.7075,11.4401
2026-08-29T21:53:16Z,94.4656,101.7151,7.2496,0.0000,0.0000,7.7075,11.4401
2026-08-29T21:53:17Z,94.4549,101.9869,7.5320,0.0000,0.0000,7.7074,11.3973
2026-08-29T21:53:18Z,94.4549,101.9856,7.5308,0.0000,0.0000,7.7074,11.3973
2026-08-29T21:53:19Z,94.4549,101.7966,7.3418,0.0000,0.0000,7.7073,11.4267
2026-08-29T21:53:20Z,94.4549,101.7954,7.3405,0.0000,0.0000,7.7073,11.4267
2026-08-29T21:53:21Z,94.4457,101.9819,7.5362,0.0000,0.0000,7.7073,11.3973
2026-08-29T21:53:22Z,94.4457,101.9806,7.5349,0.0000,0.0000,7.7072,11.3973
2026-08-29T21:53:23Z,94.4244,101.8769,7.4526,0.0000,0.0000,7.7072,11.4134
2026-08-29T21:53:24Z,94.4244,101.8757,7.4513,0.0000,0.0000,7.7071,11.4134
2026-08-29T21:53:25Z,94.4381,101.8744,7.4363,0.0000,0.0000,7.7071,11.4134
2026-08-29T21:53:26Z,94.4381,101.8732,7.4351,0.0000,0.0000,7.7070,11.4134
2026-08-29T21:53:27Z,94.4610,101.8719,7.4110,0.0000,0.0000,7.7070,11.4134
2026-08-29T21:53:28Z,94.4610,101.8707,7.4097,0.0000,0.0000,7.7069,11.4134
2026-08-29T21:53:29Z,94.4427,101.6989,7.2563,0.0000,0.0000,7.7069,11.4401
2026-08-29T21:53:30Z,94.4427,101.6977,7.2550,0.0000,0.0000,7.7068,11.4401
2026-08-29T21:53:31Z,94.4656,101.8669,7.4014,0.0000,0.0000,7.7068,11.4134
2026-08-29T21:53:32Z,94.4656,101.8657,7.4001,0.0000,0.0000,7.7067,11.4134
2026-08-29T21:53:33Z,94.4274,101.8645,7.4370,0.0000,0.0000,7.7067,11.4134
2026-08-29T21:53:34Z,94.4274,101.8632,7.4358,0.0000,0.0000,7.7067,11.4134
2026-08-29T21:53:35Z,94.4244,101.9644,7.5401,0.0000,0.0000,7.7066,11.3973
2026-08-29T21:53:36Z,94.4244,101.9632,7.5388,0.0000,0.0000,7.7066,11.3973
2026-08-29T21:53:37Z,94.4518,101.8595,7.4076,0.0000,0.0000,7.7065,11.4134
2026-08-29T21:53:38Z,94.4518,101.8582,7.4064,0.0000,0.0000,7.7065,11.4134
2026-08-29T21:53:39Z,94.4549,101.9594,7.5045,0.0000,0.0000,7.7064,11.3973
2026-08-29T21:53:40Z,94.4549,101.9582,7.5033,0.0000,0.0000,7.7064,11.3973
2026-08-29T21:53:41Z,94.4610,101.8545,7.3935,0.0000,0.0000,7.7063,11.4134
2026-08-29T21:53:42Z,94.4610,101.8532,7.3923,0.0000,0.0000,7.7063,11.4134
2026-08-29T21:53:43Z,94.4549,101.8520,7.3971,0.0000,0.0000,7.7062,11.4134
2026-08-29T21:53:44Z,94.4549,101.8507,7.3959,0.0000,0.0000,7.7062,11.4134
2026-08-29T21:53:45Z,94.4732,101.8495,7.3763,0.0000,0.0000,7.7061,11.4134
2026-08-29T21:53:46Z,94.4732,101.8482,7.3751,0.0000,0.0000,7.7061,11.4134
2026-08-29T21:53:47Z,94.4610,101.8470,7.3860,0.0000,0.0000,7.7061,11.4134
2026-08-29T21:53:48Z,94.4610,101.8457,7.3848,0.0000,0.0000,7.7060,11.4134
2026-08-29T21:53:49Z,94.4778,101.8445,7.3667,0.0000,0.0000,7.7060,11.4134
2026-08-29T21:53:50Z,94.4778,101.8433,7.3655,0.0000,0.0000,7.7059,11.4134
2026-08-29T21:53:51Z,94.4549,101.8420,7.3871,0.0000,0.0000,7.7059,11.4134
2026-08-29T21:53:52Z,94.4549,101.8408,7.3859,0.0000,0.0000,7.7058,11.4134
2026-08-29T21:53:53Z,94.4503,101.9419,7.4916,0.0000,0.0000,7.7058,11.3973
2026-08-29T21:53:54Z,94.4503,101.9407,7.4904,0.0000,0.0000,7.7057,11.3973
2026-08-29T21:53:55Z,94.4457,101.8370,7.3913,0.0000,0.0000,7.7057,11.4134
2026-08-29T21:53:56Z,94.4457,101.8358,7.3901,0.0000,0.0000,7.7056,11.4134
2026-08-29T21:53:57Z,94.4457,101.9369,7.4912,0.0000,0.0000,7.7056,11.3973
2026-08-29T21:53:58Z,94.4457,101.9357,7.4900,0.0000,0.0000,7.7055,11.3973
2026-08-29T21:53:59Z,94.4457,101.8320,7.3863,0.0000,0.0000,7.7055,11.4134
2026-08-29T21:54:00Z,94.4457,101.8308,7.3851,0.0000,0.0000,7.7054,11.4134
2026-08-29T21:54:01Z,94.4457,101.9320,7.4862,0.0000,0.0000,7.7054,11.3973
2026-08-29T21:54:02Z,94.4457,101.9307,7.4850,0.0000,0.0000,7.7054,11.3973
2026-08-29T21:54:03Z,94.4823,101.9295,7.4471,0.0000,0.0000,7.7053,11.3973
2026-08-29T21:54:04Z,94.4823,101.9282,7.4459,0.0000,0.0000,7.7053,11.3973
2026-08-29T21:54:05Z,94.4594,101.8246,7.3651,0.0000,0.0000,7.7052,11.4134
2026-08-29T21:54:06Z,94.4594,101.8233,7.3639,0.0000,0.0000,7.7052,11.4134
2026-08-29T21:54:07Z,94.4274,102.0099,7.5825,0.0000,0.0000,7.7051,11.3840
2026-08-29T21:54:08Z,94.4274,102.0087,7.5812,0.0000,0.0000,7.7051,11.3840
2026-08-29T21:54:09Z,94.4549,101.9220,7.4671,0.0000,0.0000,7.7050,11.3973
2026-08-29T21:54:10Z,94.4549,101.9207,7.4659,0.0000,0.0000,7.7050,11.3973
2026-08-29T21:54:11Z,94.4610,102.0049,7.5439,0.0000,0.0000,7.7049,11.3840
2026-08-29T21:54:12Z,94.4610,102.0037,7.5427,0.0000,0.0000,7.7049,11.3840
2026-08-29T21:54:13Z,94.4610,102.0024,7.5414,0.0000,0.0000,7.7048,11.3840
2026-08-29T21:54:14Z,94.4610,102.0012,7.5402,0.0000,0.0000,7.7048,11.3840
2026-08-29T21:54:15Z,94.4320,101.9145,7.4825,0.0000,0.0000,7.7048,11.3973
2026-08-29T21:54:16Z,94.4320,101.9132,7.4813,0.0000,0.0000,7.7047,11.3973
2026-08-29T21:54:17Z,94.4381,101.8096,7.3715,0.0000,0.0000,7.7047,11.4134
2026-08-29T21:54:18Z,94.4381,101.8084,7.3703,0.0000,0.0000,7.7046,11.4134
2026-08-29T21:54:19Z,94.4381,101.8071,7.3690,0.0000,0.0000,7.7046,11.4134
2026-08-29T21:54:20Z,94.4381,101.8059,7.3678,0.0000,0.0000,7.7045,11.4134
2026-08-29T21:54:21Z,94.4320,101.8046,7.3726,0.0000,0.0000,7.7045,11.4134
2026-08-29T21:54:22Z,94.4320,101.8034,7.3714,0.0000,0.0000,7.7044,11.4134
2026-08-29T21:54:23Z,94.4549,101.9899,7.5351,0.0000,0.0000,7.7044,11.3840
2026-08-29T21:54:24Z,94.4549,101.9887,7.5338,0.0000,0.0000,7.7043,11.3840
2026-08-29T21:54:25Z,94.4549,101.9874,7.5326,0.0000,0.0000,7.7043,11.3840
2026-08-29T21:54:26Z,94.4549,101.9862,7.5313,0.0000,0.0000,7.7042,11.3840
2026-08-29T21:54:27Z,94.4427,101.8995,7.4569,0.0000,0.0000,7.7042,11.3973
2026-08-29T21:54:28Z,94.4427,101.8983,7.4556,0.0000,0.0000,7.7041,11.3973
2026-08-29T21:54:29Z,94.4320,101.9824,7.5505,0.0000,0.0000,7.7041,11.3840
2026-08-29T21:54:30Z,94.4320,101.9812,7.5492,0.0000,0.0000,7.7041,11.3840
2026-08-29T21:54:31Z,94.4610,101.8945,7.4336,0.0000,0.0000,7.7040,11.3973
2026-08-29T21:54:32Z,94.4610,101.8933,7.4323,0.0000,0.0000,7.7040,11.3973
2026-08-29T21:54:33Z,94.4137,101.8921,7.4784,0.0000,0.0000,7.7039,11.3973
2026-08-29T21:54:34Z,94.4137,101.8908,7.4771,0.0000,0.0000,7.7039,11.3973
2026-08-29T21:54:35Z,94.4457,101.9750,7.5292,0.0000,0.0000,7.7038,11.3840
2026-08-29T21:54:36Z,94.4457,101.9737,7.5280,0.0000,0.0000,7.7038,11.3840
2026-08-29T21:54:37Z,94.4060,101.9725,7.5664,0.0000,0.0000,7.7037,11.3840
2026-08-29T21:54:38Z,94.4060,101.9712,7.5652,0.0000,0.0000,7.7037,11.3840
2026-08-29T21:54:39Z,94.4366,101.9700,7.5334,0.0000,0.0000,7.7036,11.3840
2026-08-29T21:54:40Z,94.4366,101.9687,7.5322,0.0000,0.0000,7.7036,11.3840
2026-08-29T21:54:41Z,94.4274,101.9675,7.5401,0.0000,0.0000,7.7035,11.3840
2026-08-29T21:54:42Z,94.4274,101.9662,7.5388,0.0000,0.0000,7.7035,11.3840
2026-08-29T21:54:43Z,94.4381,102.0504,7.6124,0.0000,0.0000,7.7034,11.3706
2026-08-29T21:54:44Z,94.4381,102.0492,7.6111,0.0000,0.0000,7.7034,11.3706
2026-08-29T21:54:45Z,94.4549,101.9625,7.5076,0.0000,0.0000,7.7033,11.3840
2026-08-29T21:54:46Z,94.4549,101.9612,7.5064,0.0000,0.0000,7.7033,11.3840
2026-08-29T21:54:47Z,94.4503,101.9600,7.5097,0.0000,0.0000,7.7033,11.3840
2026-08-29T21:54:48Z,94.4503,101.9587,7.5084,0.0000,0.0000,7.7032,11.3840
2026-08-29T21:54:49Z,94.4198,101.9575,7.5377,0.0000,0.0000,7.7032,11.3840
2026-08-29T21:54:50Z,94.4198,101.9562,7.5365,0.0000,0.0000,7.7031,11.3840
2026-08-29T21:54:51Z,94.4549,101.7673,7.3124,0.0000,0.0000,7.7031,11.4134
2026-08-29T21:54:52Z,94.4549,101.7660,7.3112,0.0000,0.0000,7.7030,11.4134
2026-08-29T21:54:53Z,94.4518,102.0380,7.5862,0.0000,0.0000,7.7030,11.3706
2026-08-29T21:54:54Z,94.4518,102.0367,7.5849,0.0000,0.0000,7.7029,11.3706
2026-08-29T21:54:55Z,94.4472,101.9500,7.5028,0.0000,0.0000,7.7029,11.3840
2026-08-29T21:54:56Z,94.4472,101.9488,7.5015,0.0000,0.0000,7.7028,11.3840
2026-08-29T21:54:57Z,94.4549,101.9475,7.4927,0.0000,0.0000,7.7028,11.3840
2026-08-29T21:54:58Z,94.4549,101.9463,7.4914,0.0000,0.0000,7.7027,11.3840
2026-08-29T21:54:59Z,94.4518,101.8597,7.4078,0.0000,0.0000,7.7027,11.3973
2026-08-29T21:55:00Z,94.4518,101.8584,7.4066,0.0000,0.0000,7.7026,11.3973
2026-08-29T21:55:01Z,94.4457,101.7548,7.3091,0.0000,0.0000,7.7026,11.4134
2026-08-29T21:55:02Z,94.4457,101.7536,7.3079,0.0000,0.0000,7.7025,11.4134
2026-08-29T21:55:03Z,94.4656,102.0255,7.5599,0.0000,0.0000,7.7025,11.3706
2026-08-29T21:55:04Z,94.4656,102.0242,7.5587,0.0000,0.0000,7.7025,11.3706
2026-08-29T21:55:05Z,94.4472,101.9376,7.4903,0.0000,0.0000,7.7024,11.3840
2026-08-29T21:55:06Z,94.4472,101.9363,7.4891,0.0000,0.0000,7.7024,11.3840
2026-08-29T21:55:07Z,94.4381,101.9351,7.4970,0.0000,0.0000,7.7023,11.3840
2026-08-29T21:55:08Z,94.4381,101.9338,7.4957,0.0000,0.0000,7.7023,11.3840
2026-08-29T21:55:09Z,94.4366,101.9326,7.4960,0.0000,0.0000,7.7022,11.3840
2026-08-29T21:55:10Z,94.4366,101.9313,7.4948,0.0000,0.0000,7.7022,11.3840
2026-08-29T21:55:11Z,94.4594,101.9301,7.4706,0.0000,0.0000,7.7021,11.3840
2026-08-29T21:55:12Z,94.4594,101.9288,7.4694,0.0000,0.0000,7.7021,11.3840
2026-08-29T21:55:13Z,94.4594,101.8422,7.3828,0.0000,0.0000,7.7020,11.3973
2026-08-29T21:55:14Z,94.4594,101.8410,7.3815,0.0000,0.0000,7.7020,11.3973
2026-08-29T21:55:15Z,94.4091,101.9251,7.5160,0.0000,0.0000,7.7019,11.3840
2026-08-29T21:55:16Z,94.4091,101.9238,7.5147,0.0000,0.0000,7.7019,11.3840
2026-08-29T21:55:17Z,94.4137,101.9226,7.5089,0.0000,0.0000,7.7018,11.3840
2026-08-29T21:55:18Z,94.4137,101.9214,7.5077,0.0000,0.0000,7.7018,11.3840
2026-08-29T21:55:19Z,94.4182,102.0055,7.5873,0.0000,0.0000,7.7017,11.3706
2026-08-29T21:55:20Z,94.4182,102.0043,7.5860,0.0000,0.0000,7.7017,11.3706
2026-08-29T21:55:21Z,94.4457,102.0886,7.6428,0.0000,0.0000,7.7016,11.3573
2026-08-29T21:55:22Z,94.4457,102.0873,7.6416,0.0000,0.0000,7.7016,11.3573
2026-08-29T21:55:23Z,94.4472,101.9151,7.4679,0.0000,0.0000,7.7016,11.3840
2026-08-29T21:55:24Z,94.4472,101.9139,7.4666,0.0000,0.0000,7.7015,11.3840
2026-08-29T21:55:25Z,94.4732,101.9126,7.4394,0.0000,0.0000,7.7015,11.3840
2026-08-29T21:55:26Z,94.4732,101.9114,7.4382,0.0000,0.0000,7.7014,11.3840
2026-08-29T21:55:27Z,94.4518,101.9101,7.4583,0.0000,0.0000,7.7014,11.3840
2026-08-29T21:55:28Z,94.4518,101.9089,7.4571,0.0000,0.0000,7.7013,11.3840
2026-08-29T21:55:29Z,94.4366,102.0786,7.6420,0.0000,0.0000,7.7013,11.3573
2026-08-29T21:55:30Z,94.4366,102.0773,7.6408,0.0000,0.0000,7.7012,11.3573
2026-08-29T21:55:31Z,94.4594,101.9052,7.4457,0.0000,0.0000,7.7012,11.3840
2026-08-29T21:55:32Z,94.4594,101.9039,7.4445,0.0000,0.0000,7.7011,11.3840
2026-08-29T21:55:33Z,94.4366,101.9027,7.4661,0.0000,0.0000,7.7011,11.3840
2026-08-29T21:55:34Z,94.4366,101.9014,7.4649,0.0000,0.0000,7.7010,11.3840
2026-08-29T21:55:35Z,94.4182,101.9856,7.5673,0.0000,0.0000,7.7010,11.3706
2026-08-29T21:55:36Z,94.4182,101.9843,7.5661,0.0000,0.0000,7.7009,11.3706
2026-08-29T21:55:37Z,94.4366,101.9831,7.5465,0.0000,0.0000,7.7009,11.3706
2026-08-29T21:55:38Z,94.4366,101.9819,7.5453,0.0000,0.0000,7.7008,11.3706
2026-08-29T21:55:39Z,94.4549,101.9806,7.5257,0.0000,0.0000,7.7008,11.3706
2026-08-29T21:55:40Z,94.4549,101.9794,7.5245,0.0000,0.0000,7.7007,11.3706
2026-08-29T21:55:41Z,94.4320,102.0636,7.6316,0.0000,0.0000,7.7007,11.3573
2026-08-29T21:55:42Z,94.4320,102.0624,7.6304,0.0000,0.0000,7.7007,11.3573
2026-08-29T21:55:43Z,94.4244,102.0611,7.6368,0.0000,0.0000,7.7006,11.3573
2026-08-29T21:55:44Z,94.4244,102.0599,7.6355,0.0000,0.0000,7.7006,11.3573
2026-08-29T21:55:45Z,94.4274,102.0586,7.6312,0.0000,0.0000,7.7005,11.3573
2026-08-29T21:55:46Z,94.4274,102.0574,7.6300,0.0000,0.0000,7.7005,11.3573
2026-08-29T21:55:47Z,94.4366,102.1588,7.7223,0.0000,0.0000,7.7004,11.3413
2026-08-29T21:55:48Z,94.4366,102.1576,7.7210,0.0000,0.0000,7.7004,11.3413
2026-08-29T21:55:49Z,94.4366,102.0536,7.6171,0.0000,0.0000,7.7003,11.3573
2026-08-29T21:55:50Z,94.4366,102.0524,7.6158,0.0000,0.0000,7.7003,11.3573
2026-08-29T21:55:51Z,94.4610,101.9657,7.5047,0.0000,0.0000,7.7002,11.3706
2026-08-29T21:55:52Z,94.4610,101.9644,7.5034,0.0000,0.0000,7.7002,11.3706
2026-08-29T21:55:53Z,94.4549,101.9632,7.5083,0.0000,0.0000,7.7001,11.3706
2026-08-29T21:55:54Z,94.4549,101.9619,7.5071,0.0000,0.0000,7.7001,11.3706
2026-08-29T21:55:55Z,94.4198,102.0462,7.6264,0.0000,0.0000,7.7000,11.3573
2026-08-29T21:55:56Z,94.4198,102.0449,7.6251,0.0000,0.0000,7.7000,11.3573
2026-08-29T21:55:57Z,94.4411,102.0437,7.6025,0.0000,0.0000,7.6999,11.3573
2026-08-29T21:55:58Z,94.4411,102.0424,7.6013,0.0000,0.0000,7.6999,11.3573
2026-08-29T21:55:59Z,94.3862,101.9557,7.5695,0.0000,0.0000,7.6998,11.3706
2026-08-29T21:56:00Z,94.3862,101.9544,7.5682,0.0000,0.0000,7.6998,11.3706
2026-08-29T21:56:01Z,94.4320,101.9532,7.5212,0.0000,0.0000,7.6997,11.3706
2026-08-29T21:56:02Z,94.4320,101.9520,7.5200,0.0000,0.0000,7.6997,11.3706
2026-08-29T21:56:03Z,94.4366,101.9507,7.5142,0.0000,0.0000,7.6996,11.3706
2026-08-29T21:56:04Z,94.4366,101.9495,7.5129,0.0000,0.0000,7.6996,11.3706
2026-08-29T21:56:05Z,94.4106,102.1364,7.7257,0.0000,0.0000,7.6996,11.3413
2026-08-29T21:56:06Z,94.4106,102.1351,7.7245,0.0000,0.0000,7.6995,11.3413
2026-08-29T21:56:07Z,94.4182,102.1339,7.7156,0.0000,0.0000,7.6995,11.3413
2026-08-29T21:56:08Z,94.4182,102.1326,7.7144,0.0000,0.0000,7.6994,11.3413
2026-08-29T21:56:09Z,94.4244,101.9432,7.5189,0.0000,0.0000,7.6994,11.3706
2026-08-29T21:56:10Z,94.4244,101.9420,7.5176,0.0000,0.0000,7.6993,11.3706
2026-08-29T21:56:11Z,94.4274,102.1289,7.7015,0.0000,0.0000,7.6993,11.3413
2026-08-29T21:56:12Z,94.4274,102.1276,7.7002,0.0000,0.0000,7.6992,11.3413
2026-08-29T21:56:13Z,94.4244,102.1264,7.7020,0.0000,0.0000,7.6992,11.3413
2026-08-29T21:56:14Z,94.4244,102.1251,7.7008,0.0000,0.0000,7.6991,11.3413
2026-08-29T21:56:15Z,94.4137,102.0212,7.6076,0.0000,0.0000,7.6991,11.3573
2026-08-29T21:56:16Z,94.4137,102.0200,7.6063,0.0000,0.0000,7.6990,11.3573
2026-08-29T21:56:17Z,94.4793,102.1214,7.6421,0.0000,0.0000,7.6990,11.3413
2026-08-29T21:56:18Z,94.4793,102.1201,7.6409,0.0000,0.0000,7.6989,11.3413
2026-08-29T21:56:19Z,94.4320,102.2045,7.7725,0.0000,0.0000,7.6989,11.3279
2026-08-29T21:56:20Z,94.4320,102.2033,7.7713,0.0000,0.0000,7.6988,11.3279
2026-08-29T21:56:21Z,94.4106,102.0138,7.6031,0.0000,0.0000,7.6988,11.3573
2026-08-29T21:56:22Z,94.4106,102.0125,7.6019,0.0000,0.0000,7.6987,11.3573
2026-08-29T21:56:23Z,94.4320,102.1139,7.6819,0.0000,0.0000,7.6987,11.3413
2026-08-29T21:56:24Z,94.4320,102.1127,7.6807,0.0000,0.0000,7.6986,11.3413
2026-08-29T21:56:25Z,94.4320,102.0088,7.5768,0.0000,0.0000,7.6986,11.3573
2026-08-29T21:56:26Z,94.4320,102.0075,7.5755,0.0000,0.0000,7.6985,11.3573
2026-08-29T21:56:27Z,94.4366,101.9208,7.4843,0.0000,0.0000,7.6985,11.3706
2026-08-29T21:56:28Z,94.4366,101.9196,7.4830,0.0000,0.0000,7.6984,11.3706
2026-08-29T21:56:29Z,94.4320,101.9183,7.4864,0.0000,0.0000,7.6984,11.3706
2026-08-29T21:56:30Z,94.4320,101.9171,7.4851,0.0000,0.0000,7.6984,11.3706
2026-08-29T21:56:31Z,94.4320,102.0013,7.5693,0.0000,0.0000,7.6983,11.3573
2026-08-29T21:56:32Z,94.4320,102.0001,7.5681,0.0000,0.0000,7.6983,11.3573
2026-08-29T21:56:33Z,94.4060,102.1871,7.7810,0.0000,0.0000,7.6982,11.3279
2026-08-29T21:56:34Z,94.4060,102.1858,7.7798,0.0000,0.0000,7.6982,11.3279
2026-08-29T21:56:35Z,94.4198,101.9963,7.5765,0.0000,0.0000,7.6981,11.3573
2026-08-29T21:56:36Z,94.4198,101.9951,7.5753,0.0000,0.0000,7.6981,11.3573
2026-08-29T21:56:37Z,94.4060,101.9938,7.5878,0.0000,0.0000,7.6980,11.3573
2026-08-29T21:56:38Z,94.4060,101.9926,7.5865,0.0000,0.0000,7.6980,11.3573
2026-08-29T21:56:39Z,94.4366,102.0940,7.6574,0.0000,0.0000,7.6979,11.3413
2026-08-29T21:56:40Z,94.4366,102.0927,7.6562,0.0000,0.0000,7.6979,11.3413
2026-08-29T21:56:41Z,94.4106,102.0915,7.6809,0.0000,0.0000,7.6978,11.3413
2026-08-29T21:56:42Z,94.4106,102.0902,7.6796,0.0000,0.0000,7.6978,11.3413
2026-08-29T21:56:43Z,94.4015,101.9864,7.5849,0.0000,0.0000,7.6977,11.3573
2026-08-29T21:56:44Z,94.4015,101.9851,7.5836,0.0000,0.0000,7.6977,11.3573
2026-08-29T21:56:45Z,94.4518,102.0865,7.6347,0.0000,0.0000,7.6976,11.3413
2026-08-29T21:56:46Z,94.4518,102.0852,7.6334,0.0000,0.0000,7.6976,11.3413
2026-08-29T21:56:47Z,94.4549,102.0840,7.6291,0.0000,0.0000,7.6975,11.3413
2026-08-29T21:56:48Z,94.4549,102.0827,7.6279,0.0000,0.0000,7.6975,11.3413
2026-08-29T21:56:49Z,94.4411,101.9789,7.5378,0.0000,0.0000,7.6974,11.3573
2026-08-29T21:56:50Z,94.4411,101.9776,7.5365,0.0000,0.0000,7.6974,11.3573
2026-08-29T21:56:51Z,94.4518,102.0790,7.6272,0.0000,0.0000,7.6973,11.3413
2026-08-29T21:56:52Z,94.4518,102.0778,7.6259,0.0000,0.0000,7.6973,11.3413
2026-08-29T21:56:53Z,94.4182,102.1621,7.7439,0.0000,0.0000,7.6972,11.3279
2026-08-29T21:56:54Z,94.4182,102.1609,7.7426,0.0000,0.0000,7.6972,11.3279
2026-08-29T21:56:55Z,94.3999,102.0740,7.6741,0.0000,0.0000,7.6971,11.3413
2026-08-29T21:56:56Z,94.3999,102.0728,7.6728,0.0000,0.0000,7.6971,11.3413
2026-08-29T21:56:57Z,94.4244,101.9689,7.5446,0.0000,0.0000,7.6970,11.3573
2026-08-29T21:56:58Z,94.4244,101.9677,7.5433,0.0000,0.0000,7.6970,11.3573
2026-08-29T21:56:59Z,94.4198,101.9664,7.5467,0.0000,0.0000,7.6969,11.3573
2026-08-29T21:57:00Z,94.4198,101.9652,7.5454,0.0000,0.0000,7.6969,11.3573
2026-08-29T21:57:01Z,94.4594,101.9640,7.5045,0.0000,0.0000,7.6969,11.3573
2026-08-29T21:57:02Z,94.4594,101.9627,7.5033,0.0000,0.0000,7.6968,11.3573
2026-08-29T21:57:03Z,94.4198,102.0641,7.6443,0.0000,0.0000,7.6968,11.3413
2026-08-29T21:57:04Z,94.4198,102.0628,7.6430,0.0000,0.0000,7.6967,11.3413
2026-08-29T21:57:05Z,94.4137,102.0616,7.6479,0.0000,0.0000,7.6967,11.3413
2026-08-29T21:57:06Z,94.4137,102.0603,7.6467,0.0000,0.0000,7.6966,11.3413
2026-08-29T21:57:07Z,94.4320,101.9565,7.5245,0.0000,0.0000,7.6966,11.3573
2026-08-29T21:57:08Z,94.4320,101.9552,7.5233,0.0000,0.0000,7.6965,11.3573
2026-08-29T21:57:09Z,94.4335,102.2278,7.7943,0.0000,0.0000,7.6965,11.3146
2026-08-29T21:57:10Z,94.4335,102.2266,7.7931,0.0000,0.0000,7.6964,11.3146
2026-08-29T21:57:11Z,94.4457,102.0541,7.6084,0.0000,0.0000,7.6964,11.3413
2026-08-29T21:57:12Z,94.4457,102.0529,7.6071,0.0000,0.0000,7.6963,11.3413
2026-08-29T21:57:13Z,94.4015,102.0516,7.6501,0.0000,0.0000,7.6963,11.3413
2026-08-29T21:57:14Z,94.4015,102.0504,7.6489,0.0000,0.0000,7.6962,11.3413
2026-08-29T21:57:15Z,94.4472,101.9465,7.4993,0.0000,0.0000,7.6962,11.3573
2026-08-29T21:57:16Z,94.4472,101.9453,7.4981,0.0000,0.0000,7.6961,11.3573
2026-08-29T21:57:17Z,94.4335,101.9441,7.5105,0.0000,0.0000,7.6961,11.3573
2026-08-29T21:57:18Z,94.4335,101.9428,7.5093,0.0000,0.0000,7.6960,11.3573
2026-08-29T21:57:19Z,94.4335,102.1297,7.6962,0.0000,0.0000,7.6960,11.3279
2026-08-29T21:57:20Z,94.4335,102.1285,7.6950,0.0000,0.0000,7.6959,11.3279
2026-08-29T21:57:21Z,94.4182,102.1272,7.7090,0.0000,0.0000,7.6959,11.3279
2026-08-29T21:57:22Z,94.4182,102.1260,7.7077,0.0000,0.0000,7.6958,11.3279
2026-08-29T21:57:23Z,94.4366,102.1247,7.6882,0.0000,0.0000,7.6958,11.3279
2026-08-29T21:57:24Z,94.4366,102.1235,7.6869,0.0000,0.0000,7.6957,11.3279
2026-08-29T21:57:25Z,94.4549,101.9341,7.4792,0.0000,0.0000,7.6957,11.3573
2026-08-29T21:57:26Z,94.4549,101.9329,7.4780,0.0000,0.0000,7.6956,11.3573
2026-08-29T21:57:27Z,94.4091,102.2054,7.7963,0.0000,0.0000,7.6956,11.3146
2026-08-29T21:57:28Z,94.4091,102.2041,7.7950,0.0000,0.0000,7.6955,11.3146
2026-08-29T21:57:29Z,94.4015,102.1173,7.7158,0.0000,0.0000,7.6955,11.3279
2026-08-29T21:57:30Z,94.4015,102.1160,7.7145,0.0000,0.0000,7.6954,11.3279
2026-08-29T21:57:31Z,94.4335,102.0292,7.5957,0.0000,0.0000,7.6954,11.3413
2026-08-29T21:57:32Z,94.4335,102.0280,7.5945,0.0000,0.0000,7.6953,11.3413
2026-08-29T21:57:33Z,94.4060,102.1123,7.7062,0.0000,0.0000,7.6953,11.3279
2026-08-29T21:57:34Z,94.4060,102.1110,7.7050,0.0000,0.0000,7.6952,11.3279
2026-08-29T21:57:35Z,94.4549,102.0242,7.5694,0.0000,0.0000,7.6952,11.3413
2026-08-29T21:57:36Z,94.4549,102.0230,7.5681,0.0000,0.0000,7.6951,11.3413
2026-08-29T21:57:37Z,94.4289,102.0217,7.5928,0.0000,0.0000,7.6951,11.3413
2026-08-29T21:57:38Z,94.4289,102.0205,7.5916,0.0000,0.0000,7.6950,11.3413
2026-08-29T21:57:39Z,94.4274,102.2761,7.8487,0.0000,0.0000,7.6950,11.3012
2026-08-29T21:57:40Z,94.4274,102.2749,7.8475,0.0000,0.0000,7.6949,11.3012
2026-08-29T21:57:41Z,94.4518,102.1023,7.6505,0.0000,0.0000,7.6949,11.3279
2026-08-29T21:57:42Z,94.4518,102.1011,7.6492,0.0000,0.0000,7.6949,11.3279
2026-08-29T21:57:43Z,94.3908,102.0998,7.7090,0.0000,0.0000,7.6948,11.3279
2026-08-29T21:57:44Z,94.3908,102.0986,7.7078,0.0000,0.0000,7.6948,11.3279
2026-08-29T21:57:45Z,94.4137,102.0118,7.5981,0.0000,0.0000,7.6947,11.3413
2026-08-29T21:57:46Z,94.4137,102.0105,7.5969,0.0000,0.0000,7.6947,11.3413
2026-08-29T21:57:47Z,94.4518,102.0948,7.6430,0.0000,0.0000,7.6946,11.3279
2026-08-29T21:57:48Z,94.4518,102.0936,7.6418,0.0000,0.0000,7.6946,11.3279
2026-08-29T21:57:49Z,94.4137,102.0068,7.5931,0.0000,0.0000,7.6945,11.3413
2026-08-29T21:57:50Z,94.4137,102.0056,7.5919,0.0000,0.0000,7.6945,11.3413
2026-08-29T21:57:51Z,94.3999,102.0899,7.6899,0.0000,0.0000,7.6944,11.3279
2026-08-29T21:57:52Z,94.3999,102.0886,7.6887,0.0000,0.0000,7.6944,11.3279
2026-08-29T21:57:53Z,94.3954,102.0874,7.6920,0.0000,0.0000,7.6943,11.3279
2026-08-29T21:57:54Z,94.3954,102.0861,7.6908,0.0000,0.0000,7.6943,11.3279
2026-08-29T21:57:55Z,94.4244,102.1705,7.7461,0.0000,0.0000,7.6942,11.3146
2026-08-29T21:57:56Z,94.4244,102.1692,7.7449,0.0000,0.0000,7.6942,11.3146
2026-08-29T21:57:57Z,94.3877,102.1680,7.7803,0.0000,0.0000,7.6941,11.3146
2026-08-29T21:57:58Z,94.3877,102.1668,7.7790,0.0000,0.0000,7.6941,11.3146
2026-08-29T21:57:59Z,94.4366,102.0799,7.6433,0.0000,0.0000,7.6940,11.3279
2026-08-29T21:58:00Z,94.4366,102.0787,7.6421,0.0000,0.0000,7.6940,11.3279
2026-08-29T21:58:01Z,94.4137,102.0774,7.6637,0.0000,0.0000,7.6939,11.3279
2026-08-29T21:58:02Z,94.4137,102.0762,7.6625,0.0000,0.0000,7.6939,11.3279
2026-08-29T21:58:03Z,94.4411,102.0749,7.6338,0.0000,0.0000,7.6938,11.3279
2026-08-29T21:58:04Z,94.4411,102.0737,7.6325,0.0000,0.0000,7.6938,11.3279
2026-08-29T21:58:05Z,94.4198,102.1580,7.7383,0.0000,0.0000,7.6937,11.3146
2026-08-29T21:58:06Z,94.4198,102.1568,7.7370,0.0000,0.0000,7.6937,11.3146
2026-08-29T21:58:07Z,94.4015,102.0699,7.6685,0.0000,0.0000,7.6936,11.3279
2026-08-29T21:58:08Z,94.4015,102.0687,7.6672,0.0000,0.0000,7.6936,11.3279
2026-08-29T21:58:09Z,94.4198,102.2387,7.8190,0.0000,0.0000,7.6935,11.3012
2026-08-29T21:58:10Z,94.4198,102.2375,7.8177,0.0000,0.0000,7.6935,11.3012
2026-08-29T21:58:11Z,94.3816,102.1506,7.7689,0.0000,0.0000,7.6934,11.3146
2026-08-29T21:58:12Z,94.3816,102.1493,7.7677,0.0000,0.0000,7.6934,11.3146
2026-08-29T21:58:13Z,94.4015,102.0625,7.6610,0.0000,0.0000,7.6933,11.3279
2026-08-29T21:58:14Z,94.4015,102.0612,7.6598,0.0000,0.0000,7.6933,11.3279
2026-08-29T21:58:15Z,94.4091,102.2313,7.8222,0.0000,0.0000,7.6932,11.3012
2026-08-29T21:58:16Z,94.4091,102.2300,7.8209,0.0000,0.0000,7.6932,11.3012
2026-08-29T21:58:17Z,94.3999,102.3317,7.9317,0.0000,0.0000,7.6931,11.2852
2026-08-29T21:58:18Z,94.3999,102.3304,7.9305,0.0000,0.0000,7.6931,11.2852
2026-08-29T21:58:19Z,94.4198,102.1406,7.7208,0.0000,0.0000,7.6930,11.3146
2026-08-29T21:58:20Z,94.4198,102.1394,7.7196,0.0000,0.0000,7.6930,11.3146
2026-08-29T21:58:21Z,94.4457,102.0525,7.6068,0.0000,0.0000,7.6929,11.3279
2026-08-29T21:58:22Z,94.4457,102.0513,7.6056,0.0000,0.0000,7.6929,11.3279
2026-08-29T21:58:23Z,94.4244,102.1356,7.7113,0.0000,0.0000,7.6928,11.3146
2026-08-29T21:58:24Z,94.4244,102.1344,7.7100,0.0000,0.0000,7.6928,11.3146
2026-08-29T21:58:25Z,94.3877,102.1331,7.7454,0.0000,0.0000,7.6927,11.3146
2026-08-29T21:58:26Z,94.3877,102.1319,7.7442,0.0000,0.0000,7.6927,11.3146
2026-08-29T21:58:27Z,94.3877,102.2163,7.8286,0.0000,0.0000,7.6926,11.3012
2026-08-29T21:58:28Z,94.3877,102.2151,7.8273,0.0000,0.0000,7.6926,11.3012
2026-08-29T21:58:29Z,94.4289,102.1282,7.6992,0.0000,0.0000,7.6925,11.3146
2026-08-29T21:58:30Z,94.4289,102.1269,7.6980,0.0000,0.0000,7.6925,11.3146
2026-08-29T21:58:31Z,94.4198,102.2113,7.7916,0.0000,0.0000,7.6924,11.3012
2026-08-29T21:58:32Z,94.4198,102.2101,7.7903,0.0000,0.0000,7.6924,11.3012
2026-08-29T21:58:33Z,94.4015,102.2088,7.8074,0.0000,0.0000,7.6923,11.3012
2026-08-29T21:58:34Z,94.4015,102.2076,7.8061,0.0000,0.0000,7.6923,11.3012
2026-08-29T21:58:35Z,94.4091,102.1207,7.7116,0.0000,0.0000,7.6922,11.3146
2026-08-29T21:58:36Z,94.4091,102.1195,7.7104,0.0000,0.0000,7.6922,11.3146
2026-08-29T21:58:37Z,94.4198,102.2039,7.7841,0.0000,0.0000,7.6921,11.3012
2026-08-29T21:58:38Z,94.4198,102.2026,7.7828,0.0000,0.0000,7.6921,11.3012
2026-08-29T21:58:39Z,94.4411,102.1157,7.6746,0.0000,0.0000,7.6920,11.3146
2026-08-29T21:58:40Z,94.4411,102.1145,7.6733,0.0000,0.0000,7.6920,11.3146
2026-08-29T21:58:41Z,94.4060,102.3018,7.8957,0.0000,0.0000,7.6919,11.2852
2026-08-29T21:58:42Z,94.4060,102.3005,7.8945,0.0000,0.0000,7.6919,11.2852
2026-08-29T21:58:43Z,94.4060,102.0252,7.6191,0.0000,0.0000,7.6918,11.3279
2026-08-29T21:58:44Z,94.4060,102.0239,7.6179,0.0000,0.0000,7.6918,11.3279
2026-08-29T21:58:45Z,94.3908,102.1083,7.7175,0.0000,0.0000,7.6917,11.3146
2026-08-29T21:58:46Z,94.3908,102.1070,7.7162,0.0000,0.0000,7.6917,11.3146
2026-08-29T21:58:47Z,94.3999,102.1914,7.7915,0.0000,0.0000,7.6916,11.3012
2026-08-29T21:58:48Z,94.3999,102.1902,7.7902,0.0000,0.0000,7.6916,11.3012
2026-08-29T21:58:49Z,94.3740,102.2918,7.9178,0.0000,0.0000,7.6915,11.2852
2026-08-29T21:58:50Z,94.3740,102.2905,7.9165,0.0000,0.0000,7.6915,11.2852
2026-08-29T21:58:51Z,94.4182,102.1864,7.7682,0.0000,0.0000,7.6914,11.3012
2026-08-29T21:58:52Z,94.4182,102.1852,7.7669,0.0000,0.0000,7.6914,11.3012
2026-08-29T21:58:53Z,94.4182,102.1839,7.7657,0.0000,0.0000,7.6913,11.3012
2026-08-29T21:58:54Z,94.4182,102.1827,7.7644,0.0000,0.0000,7.6913,11.3012
2026-08-29T21:58:55Z,94.3877,102.1815,7.7937,0.0000,0.0000,7.6912,11.3012
2026-08-29T21:58:56Z,94.3877,102.1802,7.7925,0.0000,0.0000,7.6912,11.3012
2026-08-29T21:58:57Z,94.3999,102.0078,7.6078,0.0000,0.0000,7.6911,11.3279
2026-08-29T21:58:58Z,94.3999,102.0065,7.6066,0.0000,0.0000,7.6911,11.3279
2026-08-29T21:58:59Z,94.4060,102.0908,7.6848,0.0000,0.0000,7.6910,11.3146
2026-08-29T21:59:00Z,94.4060,102.0896,7.6836,0.0000,0.0000,7.6910,11.3146
2026-08-29T21:59:01Z,94.4335,102.1740,7.7405,0.0000,0.0000,7.6909,11.3012
2026-08-29T21:59:02Z,94.4335,102.1727,7.7392,0.0000,0.0000,7.6909,11.3012
2026-08-29T21:59:03Z,94.3954,102.1715,7.7761,0.0000,0.0000,7.6908,11.3012
2026-08-29T21:59:04Z,94.3954,102.1703,7.7749,0.0000,0.0000,7.6908,11.3012
2026-08-29T21:59:05Z,94.4472,102.2719,7.8246,0.0000,0.0000,7.6907,11.2852
2026-08-29T21:59:06Z,94.4472,102.2706,7.8234,0.0000,0.0000,7.6907,11.2852
2026-08-29T21:59:07Z,94.4091,102.1665,7.7574,0.0000,0.0000,7.6906,11.3012
2026-08-29T21:59:08Z,94.4091,102.1653,7.7562,0.0000,0.0000,7.6906,11.3012
2026-08-29T21:59:09Z,94.4289,102.2669,7.8379,0.0000,0.0000,7.6905,11.2852
2026-08-29T21:59:10Z,94.4289,102.2656,7.8367,0.0000,0.0000,7.6905,11.2852
2026-08-29T21:59:11Z,94.4137,102.1615,7.7479,0.0000,0.0000,7.6904,11.3012
2026-08-29T21:59:12Z,94.4137,102.1603,7.7466,0.0000,0.0000,7.6904,11.3012
2026-08-29T21:59:13Z,94.3908,102.3477,7.9569,0.0000,0.0000,7.6903,11.2718
2026-08-29T21:59:14Z,94.3908,102.3464,7.9557,0.0000,0.0000,7.6903,11.2718
2026-08-29T21:59:15Z,94.4137,102.0710,7.6573,0.0000,0.0000,7.6902,11.3146
2026-08-29T21:59:16Z,94.4137,102.0697,7.6560,0.0000,0.0000,7.6902,11.3146
2026-08-29T21:59:17Z,94.3999,102.0685,7.6685,0.0000,0.0000,7.6901,11.3146
2026-08-29T21:59:18Z,94.3999,102.0672,7.6673,0.0000,0.0000,7.6901,11.3146
2026-08-29T21:59:19Z,94.3954,102.0660,7.6706,0.0000,0.0000,7.6900,11.3146
2026-08-29T21:59:20Z,94.3954,102.0647,7.6694,0.0000,0.0000,7.6900,11.3146
2026-08-29T21:59:21Z,94.3999,102.2519,7.8520,0.0000,0.0000,7.6899,11.2852
2026-08-29T21:59:22Z,94.3999,102.2507,7.8508,0.0000,0.0000,7.6899,11.2852
2026-08-29T21:59:23Z,94.4091,102.1466,7.7375,0.0000,0.0000,7.6898,11.3012
2026-08-29T21:59:24Z,94.4091,102.1454,7.7363,0.0000,0.0000,7.6898,11.3012
2026-08-29T21:59:25Z,94.3999,102.2470,7.8470,0.0000,0.0000,7.6897,11.2852
2026-08-29T21:59:26Z,94.3999,102.2457,7.8458,0.0000,0.0000,7.6897,11.2852
2026-08-29T21:59:27Z,94.4198,102.2445,7.8247,0.0000,0.0000,7.6896,11.2852
2026-08-29T21:59:28Z,94.4198,102.2432,7.8234,0.0000,0.0000,7.6896,11.2852
2026-08-29T21:59:29Z,94.3877,102.1392,7.7514,0.0000,0.0000,7.6895,11.3012
2026-08-29T21:59:30Z,94.3877,102.1379,7.7502,0.0000,0.0000,7.6895,11.3012
2026-08-29T21:59:31Z,94.3877,102.2395,7.8518,0.0000,0.0000,7.6894,11.2852
2026-08-29T21:59:32Z,94.3877,102.2382,7.8505,0.0000,0.0000,7.6894,11.2852
2026-08-29T21:59:33Z,94.3999,102.1342,7.7342,0.0000,0.0000,7.6893,11.3012
2026-08-29T21:59:34Z,94.3999,102.1329,7.7330,0.0000,0.0000,7.6893,11.3012
2026-08-29T21:59:35Z,94.4182,102.2345,7.8163,0.0000,0.0000,7.6892,11.2852
2026-08-29T21:59:36Z,94.4182,102.2333,7.8150,0.0000,0.0000,7.6892,11.2852
2026-08-29T21:59:37Z,94.4060,102.3178,7.9117,0.0000,0.0000,7.6891,11.2718
2026-08-29T21:59:38Z,94.4060,102.3165,7.9105,0.0000,0.0000,7.6891,11.2718
2026-08-29T21:59:39Z,94.4518,102.2295,7.7777,0.0000,0.0000,7.6890,11.2852
2026-08-29T21:59:40Z,94.4518,102.2283,7.7765,0.0000,0.0000,7.6890,11.2852
2026-08-29T21:59:41Z,94.4274,102.2270,7.7996,0.0000,0.0000,7.6889,11.2852
2026-08-29T21:59:42Z,94.4274,102.2258,7.7984,0.0000,0.0000,7.6889,11.2852
2026-08-29T21:59:43Z,94.3954,102.3103,7.9150,0.0000,0.0000,7.6888,11.2718
2026-08-29T21:59:44Z,94.3954,102.3091,7.9137,0.0000,0.0000,7.6888,11.2718
2026-08-29T21:59:45Z,94.4015,102.2221,7.8206,0.0000,0.0000,7.6887,11.2852
2026-08-29T21:59:46Z,94.4015,102.2208,7.8194,0.0000,0.0000,7.6887,11.2852
2026-08-29T21:59:47Z,94.3832,102.2196,7.8364,0.0000,0.0000,7.6886,11.2852
2026-08-29T21:59:48Z,94.3832,102.2183,7.8352,0.0000,0.0000,7.6886,11.2852
2026-08-29T21:59:49Z,94.3954,102.0287,7.6334,0.0000,0.0000,7.6885,11.3146
2026-08-29T21:59:50Z,94.3954,102.0275,7.6321,0.0000,0.0000,7.6885,11.3146
2026-08-29T21:59:51Z,94.4060,102.3004,7.8943,0.0000,0.0000,7.6884,11.2718
2026-08-29T21:59:52Z,94.4060,102.2991,7.8931,0.0000,0.0000,7.6884,11.2718
2026-08-29T21:59:53Z,94.3877,102.1093,7.7216,0.0000,0.0000,7.6883,11.3012
2026-08-29T21:59:54Z,94.3877,102.1081,7.7204,0.0000,0.0000,7.6883,11.3012
2026-08-29T21:59:55Z,94.3740,102.2096,7.8356,0.0000,0.0000,7.6882,11.2852
2026-08-29T21:59:56Z,94.3740,102.2084,7.8344,0.0000,0.0000,7.6882,11.2852
2026-08-29T21:59:57Z,94.4137,102.2071,7.7935,0.0000,0.0000,7.6881,11.2852
2026-08-29T21:59:58Z,94.4137,102.2059,7.7922,0.0000,0.0000,7.6881,11.2852
2026-08-29T21:59:59Z,94.4091,102.2047,7.7956,0.0000,0.0000,7.6880,11.2852
2026-08-29T22:00:00Z,94.4091,102.2034,7.7943,0.0000,0.0000,7.6880,11.2852
2026-08-29T22:00:01Z,94.4137,102.2879,7.8742,0.0000,0.0000,7.6881,11.2718
2026-08-29T22:00:02Z,94.4137,102.2867,7.8730,0.0000,0.0000,7.6881,11.2718
2026-08-29T22:00:03Z,94.3771,102.0969,7.7199,0.0000,0.0000,7.6882,11.3012
2026-08-29T22:00:04Z,94.3771,102.0957,7.7186,0.0000,0.0000,7.6883,11.3012
2026-08-29T22:00:05Z,94.4091,102.2829,7.8738,0.0000,0.0000,7.6884,11.2718
2026-08-29T22:00:06Z,94.4091,102.2817,7.8726,0.0000,0.0000,7.6885,11.2718
2026-08-29T22:00:07Z,94.4015,102.0919,7.6905,0.0000,0.0000,7.6886,11.3012
2026-08-29T22:00:08Z,94.4015,102.0907,7.6892,0.0000,0.0000,7.6886,11.3012
2026-08-29T22:00:09Z,94.3877,102.1922,7.8045,0.0000,0.0000,7.6887,11.2852
2026-08-29T22:00:10Z,94.3877,102.1910,7.8032,0.0000,0.0000,7.6888,11.2852
2026-08-29T22:00:11Z,94.4091,102.2755,7.8664,0.0000,0.0000,7.6889,11.2718
2026-08-29T22:00:12Z,94.4091,102.2742,7.8651,0.0000,0.0000,7.6890,11.2718
2026-08-29T22:00:13Z,94.4015,102.2730,7.8715,0.0000,0.0000,7.6890,11.2718
2026-08-29T22:00:14Z,94.4015,102.2717,7.8703,0.0000,0.0000,7.6891,11.2718
2026-08-29T22:00:15Z,94.3908,102.1848,7.7940,0.0000,0.0000,7.6892,11.2852
2026-08-29T22:00:16Z,94.3908,102.1835,7.7927,0.0000,0.0000,7.6893,11.2852
2026-08-29T22:00:17Z,94.3908,102.2680,7.8772,0.0000,0.0000,7.6894,11.2718
2026-08-29T22:00:18Z,94.3908,102.2668,7.8760,0.0000,0.0000,7.6895,11.2718
2026-08-29T22:00:19Z,94.4182,102.0770,7.6588,0.0000,0.0000,7.6895,11.3012
2026-08-29T22:00:20Z,94.4182,102.0758,7.6576,0.0000,0.0000,7.6896,11.3012
2026-08-29T22:00:21Z,94.3999,102.1773,7.7774,0.0000,0.0000,7.6897,11.2852
2026-08-29T22:00:22Z,94.3999,102.1761,7.7761,0.0000,0.0000,7.6898,11.2852
2026-08-29T22:00:23Z,94.4228,102.1748,7.7520,0.0000,0.0000,7.6899,11.2852
2026-08-29T22:00:24Z,94.4228,102.1736,7.7508,0.0000,0.0000,7.6900,11.2852
2026-08-29T22:00:25Z,94.4091,102.2581,7.8490,0.0000,0.0000,7.6900,11.2718
2026-08-29T22:00:26Z,94.4091,102.2568,7.8477,0.0000,0.0000,7.6901,11.2718
2026-08-29T22:00:27Z,94.4137,102.4273,8.0136,0.0000,0.0000,7.6902,11.2451
2026-08-29T22:00:28Z,94.4137,102.4260,8.0123,0.0000,0.0000,7.6903,11.2451
2026-08-29T22:00:29Z,94.3694,102.2531,7.8837,0.0000,0.0000,7.6904,11.2718
2026-08-29T22:00:30Z,94.3694,102.2519,7.8824,0.0000,0.0000,7.6905,11.2718
2026-08-29T22:00:31Z,94.4137,102.2506,7.8369,0.0000,0.0000,7.6905,11.2718
2026-08-29T22:00:32Z,94.4137,102.2494,7.8357,0.0000,0.0000,7.6906,11.2718
2026-08-29T22:00:33Z,94.4060,102.3339,7.9279,0.0000,0.0000,7.6907,11.2585
2026-08-29T22:00:34Z,94.4060,102.3327,7.9266,0.0000,0.0000,7.6908,11.2585
2026-08-29T22:00:35Z,94.4015,102.2457,7.8442,0.0000,0.0000,7.6909,11.2718
2026-08-29T22:00:36Z,94.4015,102.2444,7.8429,0.0000,0.0000,7.6909,11.2718
2026-08-29T22:00:37Z,94.4137,102.1575,7.7438,0.0000,0.0000,7.6910,11.2852
2026-08-29T22:00:38Z,94.4137,102.1562,7.7426,0.0000,0.0000,7.6911,11.2852
2026-08-29T22:00:39Z,94.3877,102.2407,7.8530,0.0000,0.0000,7.6912,11.2718
2026-08-29T22:00:40Z,94.3877,102.2394,7.8517,0.0000,0.0000,7.6913,11.2718
2026-08-29T22:00:41Z,94.3694,102.3240,7.9546,0.0000,0.0000,7.6914,11.2585
2026-08-29T22:00:42Z,94.3694,102.3227,7.9533,0.0000,0.0000,7.6914,11.2585
2026-08-29T22:00:43Z,94.3877,102.3215,7.9338,0.0000,0.0000,7.6915,11.2585
2026-08-29T22:00:44Z,94.3877,102.3203,7.9325,0.0000,0.0000,7.6916,11.2585
2026-08-29T22:00:45Z,94.3771,102.2332,7.8562,0.0000,0.0000,7.6917,11.2718
2026-08-29T22:00:46Z,94.3771,102.2320,7.8550,0.0000,0.0000,7.6918,11.2718
2026-08-29T22:00:47Z,94.4182,102.1451,7.7268,0.0000,0.0000,7.6919,11.2852
2026-08-29T22:00:48Z,94.4182,102.1438,7.7256,0.0000,0.0000,7.6919,11.2852
2026-08-29T22:00:49Z,94.3771,102.1426,7.7655,0.0000,0.0000,7.6920,11.2852
2026-08-29T22:00:50Z,94.3771,102.1414,7.7643,0.0000,0.0000,7.6921,11.2852
2026-08-29T22:00:51Z,94.4091,102.2258,7.8167,0.0000,0.0000,7.6922,11.2718
2026-08-29T22:00:52Z,94.4091,102.2246,7.8155,0.0000,0.0000,7.6923,11.2718
2026-08-29T22:00:53Z,94.4091,102.2233,7.8142,0.0000,0.0000,7.6924,11.2718
2026-08-29T22:00:54Z,94.4091,102.2221,7.8130,0.0000,0.0000,7.6924,11.2718
2026-08-29T22:00:55Z,94.3877,102.3066,7.9189,0.0000,0.0000,7.6925,11.2585
2026-08-29T22:00:56Z,94.3877,102.3054,7.9176,0.0000,0.0000,7.6926,11.2585
2026-08-29T22:00:57Z,94.3725,102.3041,7.9317,0.0000,0.0000,7.6927,11.2585
2026-08-29T22:00:58Z,94.3725,102.3029,7.9304,0.0000,0.0000,7.6928,11.2585
2026-08-29T22:00:59Z,94.3877,102.4906,8.1029,0.0000,0.0000,7.6928,11.2291
2026-08-29T22:01:00Z,94.3877,102.4894,8.1016,0.0000,0.0000,7.6929,11.2291
2026-08-29T22:01:01Z,94.3771,102.2992,7.9221,0.0000,0.0000,7.6930,11.2585
2026-08-29T22:01:02Z,94.3771,102.2979,7.9209,0.0000,0.0000,7.6931,11.2585
2026-08-29T22:01:03Z,94.4015,102.2967,7.8952,0.0000,0.0000,7.6932,11.2585
2026-08-29T22:01:04Z,94.4015,102.2955,7.8940,0.0000,0.0000,7.6933,11.2585
2026-08-29T22:01:05Z,94.3694,102.1228,7.7534,0.0000,0.0000,7.6933,11.2852
2026-08-29T22:01:06Z,94.3694,102.1215,7.7521,0.0000,0.0000,7.6934,11.2852
2026-08-29T22:01:07Z,94.4015,102.2060,7.8045,0.0000,0.0000,7.6935,11.2718
2026-08-29T22:01:08Z,94.4015,102.2047,7.8033,0.0000,0.0000,7.6936,11.2718
2026-08-29T22:01:09Z,94.3954,102.2035,7.8081,0.0000,0.0000,7.6937,11.2718
2026-08-29T22:01:10Z,94.3954,102.2023,7.8069,0.0000,0.0000,7.6938,11.2718
2026-08-29T22:01:11Z,94.3725,102.2010,7.8286,0.0000,0.0000,7.6938,11.2718
2026-08-29T22:01:12Z,94.3725,102.1998,7.8273,0.0000,0.0000,7.6939,11.2718
2026-08-29T22:01:13Z,94.3877,102.2843,7.8966,0.0000,0.0000,7.6940,11.2585
2026-08-29T22:01:14Z,94.3877,102.2831,7.8953,0.0000,0.0000,7.6941,11.2585
2026-08-29T22:01:15Z,94.3633,102.1961,7.8328,0.0000,0.0000,7.6942,11.2718
2026-08-29T22:01:16Z,94.3633,102.1948,7.8315,0.0000,0.0000,7.6942,11.2718
2026-08-29T22:01:17Z,94.3954,102.2793,7.8840,0.0000,0.0000,7.6943,11.2585
2026-08-29T22:01:18Z,94.3954,102.2781,7.8827,0.0000,0.0000,7.6944,11.2585
2026-08-29T22:01:19Z,94.3877,102.2769,7.8891,0.0000,0.0000,7.6945,11.2585
2026-08-29T22:01:20Z,94.3877,102.2756,7.8879,0.0000,0.0000,7.6946,11.2585
2026-08-29T22:01:21Z,94.3633,102.1030,7.7397,0.0000,0.0000,7.6947,11.2852
2026-08-29T22:01:22Z,94.3633,102.1018,7.7384,0.0000,0.0000,7.6947,11.2852
2026-08-29T22:01:23Z,94.4091,102.1862,7.7771,0.0000,0.0000,7.6948,11.2718
2026-08-29T22:01:24Z,94.4091,102.1849,7.7759,0.0000,0.0000,7.6949,11.2718
2026-08-29T22:01:25Z,94.4091,102.2694,7.8603,0.0000,0.0000,7.6950,11.2585
2026-08-29T22:01:26Z,94.4091,102.2682,7.8591,0.0000,0.0000,7.6951,11.2585
2026-08-29T22:01:27Z,94.4182,102.3528,7.9345,0.0000,0.0000,7.6952,11.2451
2026-08-29T22:01:28Z,94.4182,102.3515,7.9333,0.0000,0.0000,7.6952,11.2451
2026-08-29T22:01:29Z,94.3877,102.2645,7.8768,0.0000,0.0000,7.6953,11.2585
2026-08-29T22:01:30Z,94.3877,102.2633,7.8755,0.0000,0.0000,7.6954,11.2585
2026-08-29T22:01:31Z,94.3923,102.4509,8.0586,0.0000,0.0000,7.6955,11.2291
2026-08-29T22:01:32Z,94.3923,102.4497,8.0574,0.0000,0.0000,7.6956,11.2291
2026-08-29T22:01:33Z,94.3771,102.2595,7.8825,0.0000,0.0000,7.6956,11.2585
2026-08-29T22:01:34Z,94.3771,102.2583,7.8813,0.0000,0.0000,7.6957,11.2585
2026-08-29T22:01:35Z,94.4060,102.4460,8.0399,0.0000,0.0000,7.6958,11.2291
2026-08-29T22:01:36Z,94.4060,102.4447,8.0387,0.0000,0.0000,7.6959,11.2291
2026-08-29T22:01:37Z,94.3725,102.1689,7.7964,0.0000,0.0000,7.6960,11.2718
2026-08-29T22:01:38Z,94.3725,102.1676,7.7952,0.0000,0.0000,7.6961,11.2718
2026-08-29T22:01:39Z,94.3877,102.3379,7.9502,0.0000,0.0000,7.6961,11.2451
2026-08-29T22:01:40Z,94.3877,102.3367,7.9490,0.0000,0.0000,7.6962,11.2451
2026-08-29T22:01:41Z,94.3877,102.2497,7.8619,0.0000,0.0000,7.6963,11.2585
2026-08-29T22:01:42Z,94.3877,102.2484,7.8607,0.0000,0.0000,7.6964,11.2585
2026-08-29T22:01:43Z,94.3694,102.2472,7.8778,0.0000,0.0000,7.6965,11.2585
2026-08-29T22:01:44Z,94.3694,102.2459,7.8765,0.0000,0.0000,7.6966,11.2585
2026-08-29T22:01:45Z,94.3816,102.3305,7.9489,0.0000,0.0000,7.6966,11.2451
2026-08-29T22:01:46Z,94.3816,102.3293,7.9476,0.0000,0.0000,7.6967,11.2451
2026-08-29T22:01:47Z,94.3954,102.4311,8.0357,0.0000,0.0000,7.6968,11.2291
2026-08-29T22:01:48Z,94.3954,102.4299,8.0345,0.0000,0.0000,7.6969,11.2291
2026-08-29T22:01:49Z,94.3954,102.3256,7.9302,0.0000,0.0000,7.6970,11.2451
2026-08-29T22:01:50Z,94.3954,102.3243,7.9290,0.0000,0.0000,7.6970,11.2451
2026-08-29T22:01:51Z,94.3954,102.1516,7.7562,0.0000,0.0000,7.6971,11.2718
2026-08-29T22:01:52Z,94.3954,102.1504,7.7550,0.0000,0.0000,7.6972,11.2718
2026-08-29T22:01:53Z,94.3694,102.2348,7.8654,0.0000,0.0000,7.6973,11.2585
2026-08-29T22:01:54Z,94.3694,102.2336,7.8642,0.0000,0.0000,7.6974,11.2585
2026-08-29T22:01:55Z,94.3954,102.3181,7.9228,0.0000,0.0000,7.6975,11.2451
2026-08-29T22:01:56Z,94.3954,102.3169,7.9216,0.0000,0.0000,7.6975,11.2451
2026-08-29T22:01:57Z,94.3679,102.4187,8.0508,0.0000,0.0000,7.6976,11.2291
2026-08-29T22:01:58Z,94.3679,102.4175,8.0496,0.0000,0.0000,7.6977,11.2291
2026-08-29T22:01:59Z,94.3725,102.2274,7.8550,0.0000,0.0000,7.6978,11.2585
2026-08-29T22:02:00Z,94.3725,102.2262,7.8537,0.0000,0.0000,7.6979,11.2585
2026-08-29T22:02:01Z,94.3816,102.2250,7.8433,0.0000,0.0000,7.6980,11.2585
2026-08-29T22:02:02Z,94.3816,102.2237,7.8421,0.0000,0.0000,7.6980,11.2585
2026-08-29T22:02:03Z,94.3954,102.4113,8.0159,0.0000,0.0000,7.6981,11.2291
2026-08-29T22:02:04Z,94.3954,102.4101,8.0147,0.0000,0.0000,7.6982,11.2291
2026-08-29T22:02:05Z,94.3694,102.4088,8.0394,0.0000,0.0000,7.6983,11.2291
2026-08-29T22:02:06Z,94.3694,102.4076,8.0382,0.0000,0.0000,7.6984,11.2291
2026-08-29T22:02:07Z,94.3954,102.2176,7.8222,0.0000,0.0000,7.6985,11.2585
2026-08-29T22:02:08Z,94.3954,102.2163,7.8210,0.0000,0.0000,7.6985,11.2585
2026-08-29T22:02:09Z,94.3694,102.2151,7.8457,0.0000,0.0000,7.6986,11.2585
2026-08-29T22:02:10Z,94.3694,102.2139,7.8444,0.0000,0.0000,7.6987,11.2585
2026-08-29T22:02:11Z,94.3725,102.4014,8.0289,0.0000,0.0000,7.6988,11.2291
2026-08-29T22:02:12Z,94.3725,102.4002,8.0277,0.0000,0.0000,7.6989,11.2291
2026-08-29T22:02:13Z,94.3816,102.2959,7.9143,0.0000,0.0000,7.6989,11.2451
2026-08-29T22:02:14Z,94.3816,102.2947,7.9131,0.0000,0.0000,7.6990,11.2451
2026-08-29T22:02:15Z,94.3832,102.3965,8.0133,0.0000,0.0000,7.6991,11.2291
2026-08-29T22:02:16Z,94.3832,102.3952,8.0121,0.0000,0.0000,7.6992,11.2291
2026-08-29T22:02:17Z,94.3923,102.2910,7.8987,0.0000,0.0000,7.6993,11.2451
2026-08-29T22:02:18Z,94.3923,102.2898,7.8974,0.0000,0.0000,7.6994,11.2451
2026-08-29T22:02:19Z,94.3954,102.3915,7.9962,0.0000,0.0000,7.6994,11.2291
2026-08-29T22:02:20Z,94.3954,102.3903,7.9949,0.0000,0.0000,7.6995,11.2291
2026-08-29T22:02:21Z,94.3450,102.4750,8.1300,0.0000,0.0000,7.6996,11.2158
2026-08-29T22:02:22Z,94.3450,102.4738,8.1288,0.0000,0.0000,7.6997,11.2158
2026-08-29T22:02:23Z,94.3694,102.3866,8.0172,0.0000,0.0000,7.6998,11.2291
2026-08-29T22:02:24Z,94.3694,102.3854,8.0159,0.0000,0.0000,7.6998,11.2291
2026-08-29T22:02:25Z,94.3694,102.4701,8.1006,0.0000,0.0000,7.6999,11.2158
2026-08-29T22:02:26Z,94.3694,102.4688,8.0994,0.0000,0.0000,7.7000,11.2158
2026-08-29T22:02:27Z,94.3923,102.4676,8.0753,0.0000,0.0000,7.7001,11.2158
2026-08-29T22:02:28Z,94.3923,102.4664,8.0741,0.0000,0.0000,7.7002,11.2158
2026-08-29T22:02:29Z,94.3832,102.2762,7.8930,0.0000,0.0000,7.7003,11.2451
2026-08-29T22:02:30Z,94.3832,102.2750,7.8918,0.0000,0.0000,7.7003,11.2451
2026-08-29T22:02:31Z,94.3816,102.3767,7.9951,0.0000,0.0000,7.7004,11.2291
2026-08-29T22:02:32Z,94.3816,102.3755,7.9939,0.0000,0.0000,7.7005,11.2291
2026-08-29T22:02:33Z,94.3969,102.1855,7.7886,0.0000,0.0000,7.7006,11.2585
2026-08-29T22:02:34Z,94.3969,102.1843,7.7874,0.0000,0.0000,7.7007,11.2585
2026-08-29T22:02:35Z,94.3725,102.2688,7.8963,0.0000,0.0000,7.7008,11.2451
2026-08-29T22:02:36Z,94.3725,102.2676,7.8951,0.0000,0.0000,7.7008,11.2451
2026-08-29T22:02:37Z,94.3648,102.3693,8.0045,0.0000,0.0000,7.7009,11.2291
2026-08-29T22:02:38Z,94.3648,102.3681,8.0033,0.0000,0.0000,7.7010,11.2291
2026-08-29T22:02:39Z,94.3603,102.2639,7.9036,0.0000,0.0000,7.7011,11.2451
2026-08-29T22:02:40Z,94.3603,102.2626,7.9024,0.0000,0.0000,7.7012,11.2451
2026-08-29T22:02:41Z,94.3771,102.2614,7.8844,0.0000,0.0000,7.7012,11.2451
2026-08-29T22:02:42Z,94.3771,102.2602,7.8831,0.0000,0.0000,7.7013,11.2451
2026-08-29T22:02:43Z,94.3771,102.3619,7.9849,0.0000,0.0000,7.7014,11.2291
2026-08-29T22:02:44Z,94.3771,102.3607,7.9837,0.0000,0.0000,7.7015,11.2291
2026-08-29T22:02:45Z,94.3557,102.3595,8.0038,0.0000,0.0000,7.7016,11.2291
2026-08-29T22:02:46Z,94.3557,102.3582,8.0025,0.0000,0.0000,7.7017,11.2291
2026-08-29T22:02:47Z,94.3771,102.4429,8.0659,0.0000,0.0000,7.7017,11.2158
2026-08-29T22:02:48Z,94.3771,102.4417,8.0646,0.0000,0.0000,7.7018,11.2158
2026-08-29T22:02:49Z,94.3877,102.4404,8.0527,0.0000,0.0000,7.7019,11.2158
2026-08-29T22:02:50Z,94.3877,102.4392,8.0515,0.0000,0.0000,7.7020,11.2158
2026-08-29T22:02:51Z,94.3877,102.4380,8.0503,0.0000,0.0000,7.7021,11.2158
2026-08-29T22:02:52Z,94.3877,102.4368,8.0490,0.0000,0.0000,7.7022,11.2158
2026-08-29T22:02:53Z,94.3877,102.3496,7.9619,0.0000,0.0000,7.7022,11.2291
2026-08-29T22:02:54Z,94.3877,102.3484,7.9607,0.0000,0.0000,7.7023,11.2291
2026-08-29T22:02:55Z,94.3557,102.3472,7.9915,0.0000,0.0000,7.7024,11.2291
2026-08-29T22:02:56Z,94.3557,102.3459,7.9902,0.0000,0.0000,7.7025,11.2291
2026-08-29T22:02:57Z,94.3633,102.3447,7.9814,0.0000,0.0000,7.7026,11.2291
2026-08-29T22:02:58Z,94.3633,102.3435,7.9801,0.0000,0.0000,7.7026,11.2291
2026-08-29T22:02:59Z,94.3496,102.4281,8.0785,0.0000,0.0000,7.7027,11.2158
2026-08-29T22:03:00Z,94.3496,102.4269,8.0773,0.0000,0.0000,7.7028,11.2158
2026-08-29T22:03:01Z,94.3603,102.4257,8.0654,0.0000,0.0000,7.7029,11.2158
2026-08-29T22:03:02Z,94.3603,102.4244,8.0642,0.0000,0.0000,7.7030,11.2158
2026-08-29T22:03:03Z,94.3648,102.3373,7.9725,0.0000,0.0000,7.7031,11.2291
2026-08-29T22:03:04Z,94.3648,102.3361,7.9712,0.0000,0.0000,7.7031,11.2291
2026-08-29T22:03:05Z,94.3648,102.3348,7.9700,0.0000,0.0000,7.7032,11.2291
2026-08-29T22:03:06Z,94.3648,102.3336,7.9688,0.0000,0.0000,7.7033,11.2291
2026-08-29T22:03:07Z,94.3648,102.4183,8.0534,0.0000,0.0000,7.7034,11.2158
2026-08-29T22:03:08Z,94.3648,102.4170,8.0522,0.0000,0.0000,7.7035,11.2158
2026-08-29T22:03:09Z,94.3648,102.2270,7.8621,0.0000,0.0000,7.7036,11.2451
2026-08-29T22:03:10Z,94.3648,102.2257,7.8609,0.0000,0.0000,7.7036,11.2451
2026-08-29T22:03:11Z,94.3832,102.4993,8.1162,0.0000,0.0000,7.7037,11.2024
2026-08-29T22:03:12Z,94.3832,102.4981,8.1149,0.0000,0.0000,7.7038,11.2024
2026-08-29T22:03:13Z,94.3633,102.3250,7.9617,0.0000,0.0000,7.7039,11.2291
2026-08-29T22:03:14Z,94.3633,102.3238,7.9605,0.0000,0.0000,7.7040,11.2291
2026-08-29T22:03:15Z,94.3359,102.3225,7.9867,0.0000,0.0000,7.7040,11.2291
2026-08-29T22:03:16Z,94.3359,102.3213,7.9855,0.0000,0.0000,7.7041,11.2291
2026-08-29T22:03:17Z,94.3877,102.3201,7.9324,0.0000,0.0000,7.7042,11.2291
2026-08-29T22:03:18Z,94.3877,102.3189,7.9311,0.0000,0.0000,7.7043,11.2291
2026-08-29T22:03:19Z,94.3954,102.3176,7.9223,0.0000,0.0000,7.7044,11.2291
2026-08-29T22:03:20Z,94.3954,102.3164,7.9210,0.0000,0.0000,7.7045,11.2291
2026-08-29T22:03:21Z,94.3725,102.4870,8.1145,0.0000,0.0000,7.7045,11.2024
2026-08-29T22:03:22Z,94.3725,102.4858,8.1133,0.0000,0.0000,7.7046,11.2024
2026-08-29T22:03:23Z,94.3648,102.3127,7.9479,0.0000,0.0000,7.7047,11.2291
2026-08-29T22:03:24Z,94.3648,102.3115,7.9466,0.0000,0.0000,7.7048,11.2291
2026-08-29T22:03:25Z,94.3923,102.3961,8.0038,0.0000,0.0000,7.7049,11.2158
2026-08-29T22:03:26Z,94.3923,102.3949,8.0026,0.0000,0.0000,7.7049,11.2158
2026-08-29T22:03:27Z,94.3694,102.4796,8.1102,0.0000,0.0000,7.7050,11.2024
2026-08-29T22:03:28Z,94.3694,102.4784,8.1090,0.0000,0.0000,7.7051,11.2024
2026-08-29T22:03:29Z,94.3542,102.4772,8.1230,0.0000,0.0000,7.7052,11.2024
2026-08-29T22:03:30Z,94.3542,102.4759,8.1218,0.0000,0.0000,7.7053,11.2024
2026-08-29T22:03:31Z,94.3587,102.3888,8.0300,0.0000,0.0000,7.7054,11.2158
2026-08-29T22:03:32Z,94.3587,102.3875,8.0288,0.0000,0.0000,7.7054,11.2158
2026-08-29T22:03:33Z,94.3557,102.3863,8.0306,0.0000,0.0000,7.7055,11.2158
2026-08-29T22:03:34Z,94.3557,102.3851,8.0294,0.0000,0.0000,7.7056,11.2158
2026-08-29T22:03:35Z,94.3954,102.3838,7.9885,0.0000,0.0000,7.7057,11.2158
2026-08-29T22:03:36Z,94.3954,102.3826,7.9873,0.0000,0.0000,7.7058,11.2158
2026-08-29T22:03:37Z,94.3587,102.3814,8.0226,0.0000,0.0000,7.7059,11.2158
2026-08-29T22:03:38Z,94.3587,102.3802,8.0214,0.0000,0.0000,7.7059,11.2158
2026-08-29T22:03:39Z,94.3771,102.2931,7.9160,0.0000,0.0000,7.7060,11.2291
2026-08-29T22:03:40Z,94.3771,102.2918,7.9148,0.0000,0.0000,7.7061,11.2291
2026-08-29T22:03:41Z,94.3633,102.2906,7.9273,0.0000,0.0000,7.7062,11.2291
2026-08-29T22:03:42Z,94.3633,102.2894,7.9261,0.0000,0.0000,7.7063,11.2291
2026-08-29T22:03:43Z,94.3694,102.2882,7.9187,0.0000,0.0000,7.7063,11.2291
2026-08-29T22:03:44Z,94.3694,102.2869,7.9175,0.0000,0.0000,7.7064,11.2291
2026-08-29T22:03:45Z,94.3542,102.3716,8.0174,0.0000,0.0000,7.7065,11.2158
2026-08-29T22:03:46Z,94.3542,102.3703,8.0162,0.0000,0.0000,7.7066,11.2158
2026-08-29T22:03:47Z,94.3359,102.4550,8.1192,0.0000,0.0000,7.7067,11.2024
2026-08-29T22:03:48Z,94.3359,102.4538,8.1180,0.0000,0.0000,7.7068,11.2024
2026-08-29T22:03:49Z,94.3587,102.4526,8.0938,0.0000,0.0000,7.7068,11.2024
2026-08-29T22:03:50Z,94.3587,102.4514,8.0926,0.0000,0.0000,7.7069,11.2024
2026-08-29T22:03:51Z,94.3633,102.3642,8.0009,0.0000,0.0000,7.7070,11.2158
2026-08-29T22:03:52Z,94.3633,102.3630,7.9997,0.0000,0.0000,7.7071,11.2158
2026-08-29T22:03:53Z,94.3450,102.3617,8.0167,0.0000,0.0000,7.7072,11.2158
2026-08-29T22:03:54Z,94.3450,102.3605,8.0155,0.0000,0.0000,7.7072,11.2158
2026-08-29T22:03:55Z,94.3557,102.7207,8.3650,0.0000,0.0000,7.7073,11.1597
2026-08-29T22:03:56Z,94.3557,102.7195,8.3638,0.0000,0.0000,7.7074,11.1597
2026-08-29T22:03:57Z,94.3542,102.3568,8.0027,0.0000,0.0000,7.7075,11.2158
2026-08-29T22:03:58Z,94.3542,102.3556,8.0014,0.0000,0.0000,7.7076,11.2158
2026-08-29T22:03:59Z,94.3282,102.5263,8.1981,0.0000,0.0000,7.7077,11.1891
2026-08-29T22:04:00Z,94.3282,102.5251,8.1969,0.0000,0.0000,7.7077,11.1891
2026-08-29T22:04:01Z,94.3633,102.3519,7.9886,0.0000,0.0000,7.7078,11.2158
2026-08-29T22:04:02Z,94.3633,102.3507,7.9874,0.0000,0.0000,7.7079,11.2158
2026-08-29T22:04:03Z,94.3496,102.4354,8.0858,0.0000,0.0000,7.7080,11.2024
2026-08-29T22:04:04Z,94.3496,102.4342,8.0846,0.0000,0.0000,7.7081,11.2024
2026-08-29T22:04:05Z,94.3359,102.4329,8.0971,0.0000,0.0000,7.7082,11.2024
2026-08-29T22:04:06Z,94.3359,102.4317,8.0959,0.0000,0.0000,7.7082,11.2024
2026-08-29T22:04:07Z,94.3542,102.4305,8.0763,0.0000,0.0000,7.7083,11.2024
2026-08-29T22:04:08Z,94.3542,102.4293,8.0751,0.0000,0.0000,7.7084,11.2024
2026-08-29T22:04:09Z,94.3496,102.5140,8.1644,0.0000,0.0000,7.7085,11.1891
2026-08-29T22:04:10Z,94.3496,102.5128,8.1632,0.0000,0.0000,7.7086,11.1891
2026-08-29T22:04:11Z,94.3587,102.3397,7.9809,0.0000,0.0000,7.7086,11.2158
2026-08-29T22:04:12Z,94.3587,102.3385,7.9797,0.0000,0.0000,7.7087,11.2158
2026-08-29T22:04:13Z,94.3496,102.3372,7.9876,0.0000,0.0000,7.7088,11.2158
2026-08-29T22:04:14Z,94.3496,102.3360,7.9864,0.0000,0.0000,7.7089,11.2158
2026-08-29T22:04:15Z,94.3694,102.4207,8.0513,0.0000,0.0000,7.7090,11.2024
2026-08-29T22:04:16Z,94.3694,102.4195,8.0500,0.0000,0.0000,7.7091,11.2024
2026-08-29T22:04:17Z,94.3420,102.3323,7.9904,0.0000,0.0000,7.7091,11.2158
2026-08-29T22:04:18Z,94.3420,102.3311,7.9891,0.0000,0.0000,7.7092,11.2158
2026-08-29T22:04:19Z,94.3587,102.3299,7.9711,0.0000,0.0000,7.7093,11.2158
2026-08-29T22:04:20Z,94.3587,102.3287,7.9699,0.0000,0.0000,7.7094,11.2158
2026-08-29T22:04:21Z,94.3374,102.3274,7.9901,0.0000,0.0000,7.7095,11.2158
2026-08-29T22:04:22Z,94.3374,102.3262,7.9888,0.0000,0.0000,7.7095,11.2158
2026-08-29T22:04:23Z,94.3557,102.4109,8.0552,0.0000,0.0000,7.7096,11.2024
2026-08-29T22:04:24Z,94.3557,102.4097,8.0540,0.0000,0.0000,7.7097,11.2024
2026-08-29T22:04:25Z,94.3587,102.4084,8.0497,0.0000,0.0000,7.7098,11.2024
2026-08-29T22:04:26Z,94.3587,102.4072,8.0485,0.0000,0.0000,7.7099,11.2024
2026-08-29T22:04:27Z,94.3282,102.4919,8.1637,0.0000,0.0000,7.7100,11.1891
2026-08-29T22:04:28Z,94.3282,102.4907,8.1625,0.0000,0.0000,7.7100,11.1891
2026-08-29T22:04:29Z,94.3496,102.3176,7.9681,0.0000,0.0000,7.7101,11.2158
2026-08-29T22:04:30Z,94.3496,102.3164,7.9668,0.0000,0.0000,7.7102,11.2158
2026-08-29T22:04:31Z,94.3420,102.4011,8.0591,0.0000,0.0000,7.7103,11.2024
2026-08-29T22:04:32Z,94.3420,102.3999,8.0579,0.0000,0.0000,7.7104,11.2024
2026-08-29T22:04:33Z,94.3908,102.3986,8.0078,0.0000,0.0000,7.7105,11.2024
2026-08-29T22:04:34Z,94.3908,102.3974,8.0066,0.0000,0.0000,7.7105,11.2024
2026-08-29T22:04:35Z,94.3282,102.3962,8.0680,0.0000,0.0000,7.7106,11.2024
2026-08-29T22:04:36Z,94.3282,102.3950,8.0667,0.0000,0.0000,7.7107,11.2024
2026-08-29T22:04:37Z,94.3725,102.5830,8.2105,0.0000,0.0000,7.7108,11.1730
2026-08-29T22:04:38Z,94.3725,102.5817,8.2093,0.0000,0.0000,7.7109,11.1730
2026-08-29T22:04:39Z,94.3465,102.3913,8.0448,0.0000,0.0000,7.7109,11.2024
2026-08-29T22:04:40Z,94.3465,102.3901,8.0435,0.0000,0.0000,7.7110,11.2024
2026-08-29T22:04:41Z,94.3587,102.3888,8.0301,0.0000,0.0000,7.7111,11.2024
2026-08-29T22:04:42Z,94.3587,102.3876,8.0289,0.0000,0.0000,7.7112,11.2024
2026-08-29T22:04:43Z,94.3191,102.3864,8.0673,0.0000,0.0000,7.7113,11.2024
2026-08-29T22:04:44Z,94.3191,102.3852,8.0661,0.0000,0.0000,7.7114,11.2024
2026-08-29T22:04:45Z,94.3313,102.4699,8.1386,0.0000,0.0000,7.7114,11.1891
2026-08-29T22:04:46Z,94.3313,102.4687,8.1374,0.0000,0.0000,7.7115,11.1891
2026-08-29T22:04:47Z,94.3282,102.5707,8.2425,0.0000,0.0000,7.7116,11.1730
2026-08-29T22:04:48Z,94.3282,102.5695,8.2413,0.0000,0.0000,7.7117,11.1730
2026-08-29T22:04:49Z,94.3496,102.3791,8.0295,0.0000,0.0000,7.7118,11.2024
2026-08-29T22:04:50Z,94.3496,102.3778,8.0283,0.0000,0.0000,7.7118,11.2024
2026-08-29T22:04:51Z,94.3633,102.4626,8.0992,0.0000,0.0000,7.7119,11.1891
2026-08-29T22:04:52Z,94.3633,102.4613,8.0980,0.0000,0.0000,7.7120,11.1891
2026-08-29T22:04:53Z,94.3130,102.4601,8.1472,0.0000,0.0000,7.7121,11.1891
2026-08-29T22:04:54Z,94.3130,102.4589,8.1459,0.0000,0.0000,7.7122,11.1891
2026-08-29T22:04:55Z,94.3465,102.4577,8.1111,0.0000,0.0000,7.7123,11.1891
2026-08-29T22:04:56Z,94.3465,102.4564,8.1099,0.0000,0.0000,7.7123,11.1891
2026-08-29T22:04:57Z,94.3557,102.4552,8.0995,0.0000,0.0000,7.7124,11.1891
2026-08-29T22:04:58Z,94.3557,102.4540,8.0983,0.0000,0.0000,7.7125,11.1891
2026-08-29T22:04:59Z,94.3359,102.4528,8.1169,0.0000,0.0000,7.7126,11.1891
2026-08-29T22:05:00Z,94.3359,102.4516,8.1157,0.0000,0.0000,7.7127,11.1891
2026-08-29T22:05:01Z,94.3587,102.5536,8.1948,0.0000,0.0000,7.7127,11.1730
2026-08-29T22:05:02Z,94.3587,102.5523,8.1936,0.0000,0.0000,7.7128,11.1730
2026-08-29T22:05:03Z,94.3282,102.5511,8.2229,0.0000,0.0000,7.7129,11.1730
2026-08-29T22:05:04Z,94.3282,102.5499,8.2217,0.0000,0.0000,7.7130,11.1730
2026-08-29T22:05:05Z,94.3420,102.5487,8.2067,0.0000,0.0000,7.7131,11.1730
2026-08-29T22:05:06Z,94.3420,102.5474,8.2055,0.0000,0.0000,7.7132,11.1730
2026-08-29T22:05:07Z,94.3359,102.4430,8.1071,0.0000,0.0000,7.7132,11.1891
2026-08-29T22:05:08Z,94.3359,102.4418,8.1059,0.0000,0.0000,7.7133,11.1891
2026-08-29T22:05:09Z,94.3465,102.5438,8.1972,0.0000,0.0000,7.7134,11.1730
2026-08-29T22:05:10Z,94.3465,102.5426,8.1960,0.0000,0.0000,7.7135,11.1730
2026-08-29T22:05:11Z,94.3511,102.5413,8.1902,0.0000,0.0000,7.7136,11.1730
2026-08-29T22:05:12Z,94.3511,102.5401,8.1890,0.0000,0.0000,7.7136,11.1730
2026-08-29T22:05:13Z,94.3832,102.4357,8.0525,0.0000,0.0000,7.7137,11.1891
2026-08-29T22:05:14Z,94.3832,102.4344,8.0513,0.0000,0.0000,7.7138,11.1891
2026-08-29T22:05:15Z,94.3359,102.4332,8.0974,0.0000,0.0000,7.7139,11.1891
2026-08-29T22:05:16Z,94.3359,102.4320,8.0962,0.0000,0.0000,7.7140,11.1891
2026-08-29T22:05:17Z,94.3282,102.4308,8.1026,0.0000,0.0000,7.7141,11.1891
2026-08-29T22:05:18Z,94.3282,102.4296,8.1013,0.0000,0.0000,7.7141,11.1891
2026-08-29T22:05:19Z,94.3359,102.5316,8.1957,0.0000,0.0000,7.7142,11.1730
2026-08-29T22:05:20Z,94.3359,102.5303,8.1945,0.0000,0.0000,7.7143,11.1730
2026-08-29T22:05:21Z,94.3420,102.4259,8.0839,0.0000,0.0000,7.7144,11.1891
2026-08-29T22:05:22Z,94.3420,102.4247,8.0827,0.0000,0.0000,7.7145,11.1891
2026-08-29T22:05:23Z,94.3374,102.6989,8.3616,0.0000,0.0000,7.7145,11.1463
2026-08-29T22:05:24Z,94.3374,102.6977,8.3603,0.0000,0.0000,7.7146,11.1463
2026-08-29T22:05:25Z,94.3359,102.6103,8.2745,0.0000,0.0000,7.7147,11.1597
2026-08-29T22:05:26Z,94.3359,102.6091,8.2732,0.0000,0.0000,7.7148,11.1597
2026-08-29T22:05:27Z,94.3313,102.6079,8.2766,0.0000,0.0000,7.7149,11.1597
2026-08-29T22:05:28Z,94.3313,102.6066,8.2754,0.0000,0.0000,7.7150,11.1597
2026-08-29T22:05:29Z,94.3175,102.5193,8.2018,0.0000,0.0000,7.7150,11.1730
2026-08-29T22:05:30Z,94.3175,102.5181,8.2006,0.0000,0.0000,7.7151,11.1730
2026-08-29T22:05:31Z,94.3465,102.6030,8.2564,0.0000,0.0000,7.7152,11.1597
2026-08-29T22:05:32Z,94.3465,102.6018,8.2552,0.0000,0.0000,7.7153,11.1597
2026-08-29T22:05:33Z,94.3359,102.5145,8.1786,0.0000,0.0000,7.7154,11.1730
2026-08-29T22:05:34Z,94.3359,102.5132,8.1774,0.0000,0.0000,7.7155,11.1730
2026-08-29T22:05:35Z,94.3557,102.4088,8.0531,0.0000,0.0000,7.7155,11.1891
2026-08-29T22:05:36Z,94.3557,102.4076,8.0519,0.0000,0.0000,7.7156,11.1891
2026-08-29T22:05:37Z,94.3282,102.5957,8.2674,0.0000,0.0000,7.7157,11.1597
2026-08-29T22:05:38Z,94.3282,102.5944,8.2662,0.0000,0.0000,7.7158,11.1597
2026-08-29T22:05:39Z,94.3084,102.5071,8.1987,0.0000,0.0000,7.7159,11.1730
2026-08-29T22:05:40Z,94.3084,102.5059,8.1975,0.0000,0.0000,7.7159,11.1730
2026-08-29T22:05:41Z,94.3313,102.3156,7.9843,0.0000,0.0000,7.7160,11.2024
2026-08-29T22:05:42Z,94.3313,102.3144,7.9831,0.0000,0.0000,7.7161,11.2024
2026-08-29T22:05:43Z,94.3465,102.5023,8.1557,0.0000,0.0000,7.7162,11.1730
2026-08-29T22:05:44Z,94.3465,102.5010,8.1545,0.0000,0.0000,7.7163,11.1730
2026-08-29T22:05:45Z,94.3313,102.3966,8.0654,0.0000,0.0000,7.7164,11.1891
2026-08-29T22:05:46Z,94.3313,102.3954,8.0641,0.0000,0.0000,7.7164,11.1891
2026-08-29T22:05:47Z,94.3420,102.5834,8.2415,0.0000,0.0000,7.7165,11.1597
2026-08-29T22:05:48Z,94.3420,102.5822,8.2403,0.0000,0.0000,7.7166,11.1597
2026-08-29T22:05:49Z,94.3633,102.4949,8.1316,0.0000,0.0000,7.7167,11.1730
2026-08-29T22:05:50Z,94.3633,102.4937,8.1304,0.0000,0.0000,7.7168,11.1730
2026-08-29T22:05:51Z,94.3084,102.4925,8.1841,0.0000,0.0000,7.7168,11.1730
2026-08-29T22:05:52Z,94.3084,102.4913,8.1829,0.0000,0.0000,7.7169,11.1730
2026-08-29T22:05:53Z,94.3175,102.5761,8.2586,0.0000,0.0000,7.7170,11.1597
2026-08-29T22:05:54Z,94.3175,102.5749,8.2574,0.0000,0.0000,7.7171,11.1597
2026-08-29T22:05:55Z,94.3175,102.4876,8.1701,0.0000,0.0000,7.7172,11.1730
2026-08-29T22:05:56Z,94.3175,102.4864,8.1689,0.0000,0.0000,7.7173,11.1730
2026-08-29T22:05:57Z,94.3313,102.5712,8.2400,0.0000,0.0000,7.7173,11.1597
2026-08-29T22:05:58Z,94.3313,102.5700,8.2388,0.0000,0.0000,7.7174,11.1597
2026-08-29T22:05:59Z,94.3420,102.5688,8.2269,0.0000,0.0000,7.7175,11.1597
2026-08-29T22:06:00Z,94.3420,102.5676,8.2256,0.0000,0.0000,7.7176,11.1597
2026-08-29T22:06:01Z,94.2992,102.4803,8.1811,0.0000,0.0000,7.7177,11.1730
2026-08-29T22:06:02Z,94.2992,102.4791,8.1799,0.0000,0.0000,7.7177,11.1730
2026-08-29T22:06:03Z,94.3374,102.6501,8.3127,0.0000,0.0000,7.7178,11.1463
2026-08-29T22:06:04Z,94.3374,102.6488,8.3115,0.0000,0.0000,7.7179,11.1463
2026-08-29T22:06:05Z,94.3374,102.4754,8.1381,0.0000,0.0000,7.7180,11.1730
2026-08-29T22:06:06Z,94.3374,102.4742,8.1369,0.0000,0.0000,7.7181,11.1730
2026-08-29T22:06:07Z,94.3191,102.6452,8.3261,0.0000,0.0000,7.7182,11.1463
2026-08-29T22:06:08Z,94.3191,102.6440,8.3249,0.0000,0.0000,7.7182,11.1463
2026-08-29T22:06:09Z,94.3191,102.6427,8.3237,0.0000,0.0000,7.7183,11.1463
2026-08-29T22:06:10Z,94.3191,102.6415,8.3225,0.0000,0.0000,7.7184,11.1463
2026-08-29T22:06:11Z,94.3557,102.6403,8.2846,0.0000,0.0000,7.7185,11.1463
2026-08-29T22:06:12Z,94.3557,102.6391,8.2834,0.0000,0.0000,7.7186,11.1463
2026-08-29T22:06:13Z,94.3359,102.6379,8.3020,0.0000,0.0000,7.7186,11.1463
2026-08-29T22:06:14Z,94.3359,102.6367,8.3008,0.0000,0.0000,7.7187,11.1463
2026-08-29T22:06:15Z,94.3053,102.5493,8.2440,0.0000,0.0000,7.7188,11.1597
2026-08-29T22:06:16Z,94.3053,102.5481,8.2428,0.0000,0.0000,7.7189,11.1597
2026-08-29T22:06:17Z,94.3175,102.4608,8.1433,0.0000,0.0000,7.7190,11.1730
2026-08-29T22:06:18Z,94.3175,102.4596,8.1421,0.0000,0.0000,7.7191,11.1730
2026-08-29T22:06:19Z,94.3374,102.5444,8.2071,0.0000,0.0000,7.7191,11.1597
2026-08-29T22:06:20Z,94.3374,102.5432,8.2058,0.0000,0.0000,7.7192,11.1597
2026-08-29T22:06:21Z,94.3267,102.6281,8.3014,0.0000,0.0000,7.7193,11.1463
2026-08-29T22:06:22Z,94.3267,102.6269,8.3002,0.0000,0.0000,7.7194,11.1463
2026-08-29T22:06:23Z,94.3267,102.6257,8.2990,0.0000,0.0000,7.7195,11.1463
2026-08-29T22:06:24Z,94.3267,102.6245,8.2978,0.0000,0.0000,7.7195,11.1463
2026-08-29T22:06:25Z,94.3130,102.7094,8.3965,0.0000,0.0000,7.7196,11.1330
2026-08-29T22:06:26Z,94.3130,102.7082,8.3953,0.0000,0.0000,7.7197,11.1330
2026-08-29T22:06:27Z,94.3175,102.7070,8.3895,0.0000,0.0000,7.7198,11.1330
2026-08-29T22:06:28Z,94.3175,102.7058,8.3882,0.0000,0.0000,7.7199,11.1330
2026-08-29T22:06:29Z,94.3084,102.5323,8.2239,0.0000,0.0000,7.7200,11.1597
2026-08-29T22:06:30Z,94.3084,102.5311,8.2227,0.0000,0.0000,7.7200,11.1597
2026-08-29T22:06:31Z,94.3175,102.7021,8.3846,0.0000,0.0000,7.7201,11.1330
2026-08-29T22:06:32Z,94.3175,102.7009,8.3834,0.0000,0.0000,7.7202,11.1330
2026-08-29T22:06:33Z,94.3191,102.5274,8.2083,0.0000,0.0000,7.7203,11.1597
2026-08-29T22:06:34Z,94.3191,102.5262,8.2071,0.0000,0.0000,7.7204,11.1597
2026-08-29T22:06:35Z,94.3053,102.5250,8.2196,0.0000,0.0000,7.7204,11.1597
2026-08-29T22:06:36Z,94.3053,102.5238,8.2184,0.0000,0.0000,7.7205,11.1597
2026-08-29T22:06:37Z,94.3008,102.5225,8.2218,0.0000,0.0000,7.7206,11.1597
2026-08-29T22:06:38Z,94.3008,102.5213,8.2206,0.0000,0.0000,7.7207,11.1597
2026-08-29T22:06:39Z,94.3557,102.6062,8.2505,0.0000,0.0000,7.7208,11.1463
2026-08-29T22:06:40Z,94.3557,102.6050,8.2493,0.0000,0.0000,7.7209,11.1463
2026-08-29T22:06:41Z,94.3130,102.6900,8.3770,0.0000,0.0000,7.7209,11.1330
2026-08-29T22:06:42Z,94.3130,102.6887,8.3758,0.0000,0.0000,7.7210,11.1330
2026-08-29T22:06:43Z,94.3175,102.6013,8.2838,0.0000,0.0000,7.7211,11.1463
2026-08-29T22:06:44Z,94.3175,102.6001,8.2826,0.0000,0.0000,7.7212,11.1463
2026-08-29T22:06:45Z,94.3313,102.6851,8.3538,0.0000,0.0000,7.7213,11.1330
2026-08-29T22:06:46Z,94.3313,102.6839,8.3526,0.0000,0.0000,7.7213,11.1330
2026-08-29T22:06:47Z,94.2916,102.7862,8.4946,0.0000,0.0000,7.7214,11.1170
2026-08-29T22:06:48Z,94.2916,102.7850,8.4934,0.0000,0.0000,7.7215,11.1170
2026-08-29T22:06:49Z,94.3008,102.5941,8.2933,0.0000,0.0000,7.7216,11.1463
2026-08-29T22:06:50Z,94.3008,102.5928,8.2921,0.0000,0.0000,7.7217,11.1463
2026-08-29T22:06:51Z,94.3236,102.5916,8.2680,0.0000,0.0000,7.7218,11.1463
2026-08-29T22:06:52Z,94.3236,102.5904,8.2668,0.0000,0.0000,7.7218,11.1463
2026-08-29T22:06:53Z,94.3236,102.5892,8.2655,0.0000,0.0000,7.7219,11.1463
2026-08-29T22:06:54Z,94.3236,102.5880,8.2643,0.0000,0.0000,7.7220,11.1463
2026-08-29T22:06:55Z,94.2916,102.5007,8.2091,0.0000,0.0000,7.7221,11.1597
2026-08-29T22:06:56Z,94.2916,102.4995,8.2079,0.0000,0.0000,7.7222,11.1597
2026-08-29T22:06:57Z,94.3130,102.6705,8.3575,0.0000,0.0000,7.7222,11.1330
2026-08-29T22:06:58Z,94.3130,102.6693,8.3563,0.0000,0.0000,7.7223,11.1330
2026-08-29T22:06:59Z,94.3374,102.7716,8.4342,0.0000,0.0000,7.7224,11.1170
2026-08-29T22:07:00Z,94.3374,102.7703,8.4330,0.0000,0.0000,7.7225,11.1170
2026-08-29T22:07:01Z,94.3267,102.5795,8.2528,0.0000,0.0000,7.7226,11.1463
2026-08-29T22:07:02Z,94.3267,102.5783,8.2516,0.0000,0.0000,7.7227,11.1463
2026-08-29T22:07:03Z,94.2901,102.6632,8.3731,0.0000,0.0000,7.7227,11.1330
2026-08-29T22:07:04Z,94.2901,102.6620,8.3719,0.0000,0.0000,7.7228,11.1330
2026-08-29T22:07:05Z,94.3359,102.6608,8.3249,0.0000,0.0000,7.7229,11.1330
2026-08-29T22:07:06Z,94.3359,102.6596,8.3237,0.0000,0.0000,7.7230,11.1330
2026-08-29T22:07:07Z,94.2779,102.6583,8.3805,0.0000,0.0000,7.7231,11.1330
2026-08-29T22:07:08Z,94.2779,102.6571,8.3793,0.0000,0.0000,7.7231,11.1330
2026-08-29T22:07:09Z,94.3450,102.6559,8.3109,0.0000,0.0000,7.7232,11.1330
2026-08-29T22:07:10Z,94.3450,102.6547,8.3097,0.0000,0.0000,7.7233,11.1330
2026-08-29T22:07:11Z,94.3053,102.6535,8.3481,0.0000,0.0000,7.7234,11.1330
2026-08-29T22:07:12Z,94.3053,102.6523,8.3469,0.0000,0.0000,7.7235,11.1330
2026-08-29T22:07:13Z,94.3008,102.5649,8.2642,0.0000,0.0000,7.7235,11.1463
2026-08-29T22:07:14Z,94.3008,102.5637,8.2629,0.0000,0.0000,7.7236,11.1463
2026-08-29T22:07:15Z,94.3191,102.6486,8.3296,0.0000,0.0000,7.7237,11.1330
2026-08-29T22:07:16Z,94.3191,102.6474,8.3283,0.0000,0.0000,7.7238,11.1330
2026-08-29T22:07:17Z,94.3175,102.5601,8.2425,0.0000,0.0000,7.7239,11.1463
2026-08-29T22:07:18Z,94.3175,102.5588,8.2413,0.0000,0.0000,7.7240,11.1463
2026-08-29T22:07:19Z,94.3099,102.5576,8.2477,0.0000,0.0000,7.7240,11.1463
2026-08-29T22:07:20Z,94.3099,102.5564,8.2465,0.0000,0.0000,7.7241,11.1463
2026-08-29T22:07:21Z,94.3053,102.6413,8.3360,0.0000,0.0000,7.7242,11.1330
2026-08-29T22:07:22Z,94.3053,102.6401,8.3348,0.0000,0.0000,7.7243,11.1330
2026-08-29T22:07:23Z,94.3099,102.7424,8.4325,0.0000,0.0000,7.7244,11.1170
2026-08-29T22:07:24Z,94.3099,102.7412,8.4313,0.0000,0.0000,7.7244,11.1170
2026-08-29T22:07:25Z,94.2779,102.7400,8.4621,0.0000,0.0000,7.7245,11.1170
2026-08-29T22:07:26Z,94.2779,102.7387,8.4609,0.0000,0.0000,7.7246,11.1170
2026-08-29T22:07:27Z,94.2992,102.7375,8.4383,0.0000,0.0000,7.7247,11.1170
2026-08-29T22:07:28Z,94.2992,102.7363,8.4371,0.0000,0.0000,7.7248,11.1170
2026-08-29T22:07:29Z,94.2947,102.7351,8.4404,0.0000,0.0000,7.7249,11.1170
2026-08-29T22:07:30Z,94.2947,102.7339,8.4392,0.0000,0.0000,7.7249,11.1170
2026-08-29T22:07:31Z,94.2992,102.7327,8.4334,0.0000,0.0000,7.7250,11.1170
2026-08-29T22:07:32Z,94.2992,102.7315,8.4322,0.0000,0.0000,7.7251,11.1170
2026-08-29T22:07:33Z,94.2718,102.5407,8.2689,0.0000,0.0000,7.7252,11.1463
2026-08-29T22:07:34Z,94.2718,102.5395,8.2677,0.0000,0.0000,7.7253,11.1463
2026-08-29T22:07:35Z,94.3191,102.7278,8.4088,0.0000,0.0000,7.7253,11.1170
2026-08-29T22:07:36Z,94.3191,102.7266,8.4075,0.0000,0.0000,7.7254,11.1170
2026-08-29T22:07:37Z,94.3191,102.6219,8.3029,0.0000,0.0000,7.7255,11.1330
2026-08-29T22:07:38Z,94.3191,102.6207,8.3017,0.0000,0.0000,7.7256,11.1330
2026-08-29T22:07:39Z,94.3099,102.6195,8.3096,0.0000,0.0000,7.7257,11.1330
2026-08-29T22:07:40Z,94.3099,102.6183,8.3084,0.0000,0.0000,7.7258,11.1330
2026-08-29T22:07:41Z,94.3236,102.8068,8.4832,0.0000,0.0000,7.7258,11.1036
2026-08-29T22:07:42Z,94.3236,102.8056,8.4820,0.0000,0.0000,7.7259,11.1036
2026-08-29T22:07:43Z,94.3313,102.8044,8.4731,0.0000,0.0000,7.7260,11.1036
2026-08-29T22:07:44Z,94.3313,102.8032,8.4719,0.0000,0.0000,7.7261,11.1036
2026-08-29T22:07:45Z,94.3359,102.7157,8.3798,0.0000,0.0000,7.7262,11.1170
2026-08-29T22:07:46Z,94.3359,102.7145,8.3786,0.0000,0.0000,7.7262,11.1170
2026-08-29T22:07:47Z,94.3130,102.7133,8.4003,0.0000,0.0000,7.7263,11.1170
2026-08-29T22:07:48Z,94.3130,102.7121,8.3991,0.0000,0.0000,7.7264,11.1170
2026-08-29T22:07:49Z,94.2901,102.7108,8.4208,0.0000,0.0000,7.7265,11.1170
2026-08-29T22:07:50Z,94.2901,102.7096,8.4196,0.0000,0.0000,7.7266,11.1170
2026-08-29T22:07:51Z,94.2992,102.7084,8.4092,0.0000,0.0000,7.7267,11.1170
2026-08-29T22:07:52Z,94.2992,102.7072,8.4080,0.0000,0.0000,7.7267,11.1170
2026-08-29T22:07:53Z,94.2992,102.7060,8.4068,0.0000,0.0000,7.7268,11.1170
2026-08-29T22:07:54Z,94.2992,102.7048,8.4056,0.0000,0.0000,7.7269,11.1170
2026-08-29T22:07:55Z,94.2992,102.7036,8.4043,0.0000,0.0000,7.7270,11.1170
2026-08-29T22:07:56Z,94.2992,102.7024,8.4031,0.0000,0.0000,7.7271,11.1170
2026-08-29T22:07:57Z,94.3465,102.7011,8.3546,0.0000,0.0000,7.7271,11.1170
2026-08-29T22:07:58Z,94.3465,102.6999,8.3534,0.0000,0.0000,7.7272,11.1170
2026-08-29T22:07:59Z,94.3267,102.6987,8.3720,0.0000,0.0000,7.7273,11.1170
2026-08-29T22:08:00Z,94.3267,102.6975,8.3708,0.0000,0.0000,7.7274,11.1170
2026-08-29T22:08:01Z,94.3236,102.8689,8.5453,0.0000,0.0000,7.7275,11.0903
2026-08-29T22:08:02Z,94.3236,102.8677,8.5441,0.0000,0.0000,7.7275,11.0903
2026-08-29T22:08:03Z,94.3099,102.6939,8.3840,0.0000,0.0000,7.7276,11.1170
2026-08-29T22:08:04Z,94.3099,102.6927,8.3828,0.0000,0.0000,7.7277,11.1170
2026-08-29T22:08:05Z,94.3313,102.6915,8.3602,0.0000,0.0000,7.7278,11.1170
2026-08-29T22:08:06Z,94.3313,102.6902,8.3590,0.0000,0.0000,7.7279,11.1170
2026-08-29T22:08:07Z,94.3053,102.4995,8.1942,0.0000,0.0000,7.7280,11.1463
2026-08-29T22:08:08Z,94.3053,102.4983,8.1930,0.0000,0.0000,7.7280,11.1463
2026-08-29T22:08:09Z,94.2733,102.6866,8.4133,0.0000,0.0000,7.7281,11.1170
2026-08-29T22:08:10Z,94.2733,102.6854,8.4121,0.0000,0.0000,7.7282,11.1170
2026-08-29T22:08:11Z,94.2779,102.7705,8.4926,0.0000,0.0000,7.7283,11.1036
2026-08-29T22:08:12Z,94.2779,102.7692,8.4914,0.0000,0.0000,7.7284,11.1036
2026-08-29T22:08:13Z,94.3099,102.6818,8.3719,0.0000,0.0000,7.7284,11.1170
2026-08-29T22:08:14Z,94.3099,102.6806,8.3707,0.0000,0.0000,7.7285,11.1170
2026-08-29T22:08:15Z,94.2824,102.6794,8.3969,0.0000,0.0000,7.7286,11.1170
2026-08-29T22:08:16Z,94.2824,102.6781,8.3957,0.0000,0.0000,7.7287,11.1170
2026-08-29T22:08:17Z,94.3404,102.6769,8.3365,0.0000,0.0000,7.7288,11.1170
2026-08-29T22:08:18Z,94.3404,102.6757,8.3353,0.0000,0.0000,7.7289,11.1170
2026-08-29T22:08:19Z,94.3191,102.7608,8.4417,0.0000,0.0000,7.7289,11.1036
2026-08-29T22:08:20Z,94.3191,102.7596,8.4405,0.0000,0.0000,7.7290,11.1036
2026-08-29T22:08:21Z,94.2992,102.5687,8.2695,0.0000,0.0000,7.7291,11.1330
2026-08-29T22:08:22Z,94.2992,102.5675,8.2683,0.0000,0.0000,7.7292,11.1330
2026-08-29T22:08:23Z,94.2947,102.6697,8.3750,0.0000,0.0000,7.7293,11.1170
2026-08-29T22:08:24Z,94.2947,102.6685,8.3738,0.0000,0.0000,7.7293,11.1170
2026-08-29T22:08:25Z,94.3099,102.4778,8.1679,0.0000,0.0000,7.7294,11.1463
2026-08-29T22:08:26Z,94.3099,102.4766,8.1667,0.0000,0.0000,7.7295,11.1463
2026-08-29T22:08:27Z,94.2916,102.6648,8.3732,0.0000,0.0000,7.7296,11.1170
2026-08-29T22:08:28Z,94.2916,102.6636,8.3720,0.0000,0.0000,7.7297,11.1170
2026-08-29T22:08:29Z,94.3053,102.7487,8.4433,0.0000,0.0000,7.7298,11.1036
2026-08-29T22:08:30Z,94.3053,102.7475,8.4421,0.0000,0.0000,7.7298,11.1036
2026-08-29T22:08:31Z,94.2718,102.6600,8.3883,0.0000,0.0000,7.7299,11.1170
2026-08-29T22:08:32Z,94.2718,102.6588,8.3870,0.0000,0.0000,7.7300,11.1170
2026-08-29T22:08:33Z,94.3359,102.5542,8.2184,0.0000,0.0000,7.7301,11.1330
2026-08-29T22:08:34Z,94.3359,102.5530,8.2172,0.0000,0.0000,7.7302,11.1330
2026-08-29T22:08:35Z,94.2947,102.6552,8.3605,0.0000,0.0000,7.7302,11.1170
2026-08-29T22:08:36Z,94.2947,102.6540,8.3593,0.0000,0.0000,7.7303,11.1170
2026-08-29T22:08:37Z,94.2947,102.7390,8.4444,0.0000,0.0000,7.7304,11.1036
2026-08-29T22:08:38Z,94.2947,102.7378,8.4431,0.0000,0.0000,7.7305,11.1036
2026-08-29T22:08:39Z,94.2947,102.7366,8.4419,0.0000,0.0000,7.7306,11.1036
2026-08-29T22:08:40Z,94.2947,102.7354,8.4407,0.0000,0.0000,7.7306,11.1036
2026-08-29T22:08:41Z,94.2718,102.7342,8.4624,0.0000,0.0000,7.7307,11.1036
2026-08-29T22:08:42Z,94.2718,102.7330,8.4612,0.0000,0.0000,7.7308,11.1036
2026-08-29T22:08:43Z,94.2824,102.7318,8.4493,0.0000,0.0000,7.7309,11.1036
2026-08-29T22:08:44Z,94.2824,102.7305,8.4481,0.0000,0.0000,7.7310,11.1036
2026-08-29T22:08:45Z,94.3175,102.6431,8.3256,0.0000,0.0000,7.7311,11.1170
2026-08-29T22:08:46Z,94.3175,102.6419,8.3244,0.0000,0.0000,7.7311,11.1170
2026-08-29T22:08:47Z,94.3053,102.7269,8.4216,0.0000,0.0000,7.7312,11.1036
2026-08-29T22:08:48Z,94.3053,102.7257,8.4204,0.0000,0.0000,7.7313,11.1036
2026-08-29T22:08:49Z,94.2992,102.5349,8.2357,0.0000,0.0000,7.7314,11.1330
2026-08-29T22:08:50Z,94.2992,102.5337,8.2345,0.0000,0.0000,7.7315,11.1330
2026-08-29T22:08:51Z,94.2916,102.8084,8.5168,0.0000,0.0000,7.7315,11.0903
2026-08-29T22:08:52Z,94.2916,102.8072,8.5156,0.0000,0.0000,7.7316,11.0903
2026-08-29T22:08:53Z,94.3053,102.8060,8.5007,0.0000,0.0000,7.7317,11.0903
2026-08-29T22:08:54Z,94.3053,102.8048,8.4994,0.0000,0.0000,7.7318,11.0903
2026-08-29T22:08:55Z,94.2870,102.6310,8.3440,0.0000,0.0000,7.7319,11.1170
2026-08-29T22:08:56Z,94.2870,102.6298,8.3428,0.0000,0.0000,7.7320,11.1170
2026-08-29T22:08:57Z,94.3236,102.7149,8.3912,0.0000,0.0000,7.7320,11.1036
2026-08-29T22:08:58Z,94.3236,102.7136,8.3900,0.0000,0.0000,7.7321,11.1036
2026-08-29T22:08:59Z,94.2916,102.7124,8.4208,0.0000,0.0000,7.7322,11.1036
2026-08-29T22:09:00Z,94.2916,102.7112,8.4196,0.0000,0.0000,7.7323,11.1036
2026-08-29T22:09:01Z,94.3008,102.6238,8.3231,0.0000,0.0000,7.7324,11.1170
2026-08-29T22:09:02Z,94.3008,102.6226,8.3219,0.0000,0.0000,7.7324,11.1170
2026-08-29T22:09:03Z,94.2916,102.7939,8.5023,0.0000,0.0000,7.7325,11.0903
2026-08-29T22:09:04Z,94.2916,102.7927,8.5011,0.0000,0.0000,7.7326,11.0903
2026-08-29T22:09:05Z,94.2733,102.7915,8.5182,0.0000,0.0000,7.7327,11.0903
2026-08-29T22:09:06Z,94.2733,102.7903,8.5170,0.0000,0.0000,7.7328,11.0903
2026-08-29T22:09:07Z,94.3267,102.7891,8.4624,0.0000,0.0000,7.7328,11.0903
2026-08-29T22:09:08Z,94.3267,102.7879,8.4612,0.0000,0.0000,7.7329,11.0903
2026-08-29T22:09:09Z,94.2779,102.7867,8.5088,0.0000,0.0000,7.7330,11.0903
2026-08-29T22:09:10Z,94.2779,102.7855,8.5076,0.0000,0.0000,7.7331,11.0903
2026-08-29T22:09:11Z,94.2779,102.6118,8.3339,0.0000,0.0000,7.7332,11.1170
2026-08-29T22:09:12Z,94.2779,102.6106,8.3327,0.0000,0.0000,7.7333,11.1170
2026-08-29T22:09:13Z,94.3130,102.7818,8.4689,0.0000,0.0000,7.7333,11.0903
2026-08-29T22:09:14Z,94.3130,102.7806,8.4677,0.0000,0.0000,7.7334,11.0903
2026-08-29T22:09:15Z,94.2779,102.7794,8.5016,0.0000,0.0000,7.7335,11.0903
2026-08-29T22:09:16Z,94.2779,102.7782,8.5004,0.0000,0.0000,7.7336,11.0903
2026-08-29T22:09:17Z,94.2870,102.7770,8.4900,0.0000,0.0000,7.7337,11.0903
2026-08-29T22:09:18Z,94.2870,102.7758,8.4888,0.0000,0.0000,7.7337,11.0903
2026-08-29T22:09:19Z,94.3099,102.6883,8.3784,0.0000,0.0000,7.7338,11.1036
2026-08-29T22:09:20Z,94.3099,102.6871,8.3772,0.0000,0.0000,7.7339,11.1036
2026-08-29T22:09:21Z,94.2596,102.6859,8.4264,0.0000,0.0000,7.7340,11.1036
2026-08-29T22:09:22Z,94.2596,102.6847,8.4252,0.0000,0.0000,7.7341,11.1036
2026-08-29T22:09:23Z,94.2992,102.7698,8.4706,0.0000,0.0000,7.7342,11.0903
2026-08-29T22:09:24Z,94.2992,102.7686,8.4693,0.0000,0.0000,7.7342,11.0903
2026-08-29T22:09:25Z,94.2779,102.7674,8.4895,0.0000,0.0000,7.7343,11.0903
2026-08-29T22:09:26Z,94.2779,102.7662,8.4883,0.0000,0.0000,7.7344,11.0903
2026-08-29T22:09:27Z,94.2824,102.7650,8.4825,0.0000,0.0000,7.7345,11.0903
2026-08-29T22:09:28Z,94.2824,102.7638,8.4813,0.0000,0.0000,7.7346,11.0903
2026-08-29T22:09:29Z,94.2596,102.5901,8.3305,0.0000,0.0000,7.7346,11.1170
2026-08-29T22:09:30Z,94.2596,102.5889,8.3293,0.0000,0.0000,7.7347,11.1170
2026-08-29T22:09:31Z,94.3008,102.6739,8.3731,0.0000,0.0000,7.7348,11.1036
2026-08-29T22:09:32Z,94.3008,102.6727,8.3719,0.0000,0.0000,7.7349,11.1036
2026-08-29T22:09:33Z,94.2992,102.7577,8.4585,0.0000,0.0000,7.7350,11.0903
2026-08-29T22:09:34Z,94.2992,102.7565,8.4573,0.0000,0.0000,7.7350,11.0903
2026-08-29T22:09:35Z,94.2641,102.7553,8.4912,0.0000,0.0000,7.7351,11.0903
2026-08-29T22:09:36Z,94.2641,102.7541,8.4900,0.0000,0.0000,7.7352,11.0903
2026-08-29T22:09:37Z,94.2779,102.7529,8.4751,0.0000,0.0000,7.7353,11.0903
2026-08-29T22:09:38Z,94.2779,102.7517,8.4738,0.0000,0.0000,7.7354,11.0903
2026-08-29T22:09:39Z,94.2992,102.9406,8.6413,0.0000,0.0000,7.7355,11.0609
2026-08-29T22:09:40Z,94.2992,102.9394,8.6401,0.0000,0.0000,7.7355,11.0609
2026-08-29T22:09:41Z,94.3053,102.9382,8.6328,0.0000,0.0000,7.7356,11.0609
2026-08-29T22:09:42Z,94.3053,102.9369,8.6316,0.0000,0.0000,7.7357,11.0609
2026-08-29T22:09:43Z,94.2824,102.7457,8.4633,0.0000,0.0000,7.7358,11.0903
2026-08-29T22:09:44Z,94.2824,102.7445,8.4620,0.0000,0.0000,7.7359,11.0903
2026-08-29T22:09:45Z,94.3191,102.7433,8.4242,0.0000,0.0000,7.7359,11.0903
2026-08-29T22:09:46Z,94.3191,102.7421,8.4230,0.0000,0.0000,7.7360,11.0903
2026-08-29T22:09:47Z,94.3130,102.7409,8.4279,0.0000,0.0000,7.7361,11.0903
2026-08-29T22:09:48Z,94.3130,102.7397,8.4267,0.0000,0.0000,7.7362,11.0903
2026-08-29T22:09:49Z,94.3099,102.8248,8.5149,0.0000,0.0000,7.7363,11.0769
2026-08-29T22:09:50Z,94.3099,102.8236,8.5137,0.0000,0.0000,7.7363,11.0769
2026-08-29T22:09:51Z,94.2596,102.7361,8.4765,0.0000,0.0000,7.7364,11.0903
2026-08-29T22:09:52Z,94.2596,102.7349,8.4753,0.0000,0.0000,7.7365,11.0903
2026-08-29T22:09:53Z,94.3008,102.8200,8.5192,0.0000,0.0000,7.7366,11.0769
2026-08-29T22:09:54Z,94.3008,102.8188,8.5180,0.0000,0.0000,7.7367,11.0769
2026-08-29T22:09:55Z,94.3053,102.8176,8.5123,0.0000,0.0000,7.7368,11.0769
2026-08-29T22:09:56Z,94.3053,102.8164,8.5110,0.0000,0.0000,7.7368,11.0769
2026-08-29T22:09:57Z,94.2824,102.6426,8.3602,0.0000,0.0000,7.7369,11.1036
2026-08-29T22:09:58Z,94.2824,102.6414,8.3590,0.0000,0.0000,7.7370,11.1036
2026-08-29T22:09:59Z,94.2992,102.8128,8.5135,0.0000,0.0000,7.7371,11.0769
2026-08-29T22:10:00Z,94.2992,102.8116,8.5123,0.0000,0.0000,7.7372,11.0769
2026-08-29T22:10:01Z,94.2916,102.8104,8.5188,0.0000,0.0000,7.7372,11.0769
2026-08-29T22:10:02Z,94.2916,102.8092,8.5176,0.0000,0.0000,7.7373,11.0769
2026-08-29T22:10:03Z,94.3175,102.6354,8.3179,0.0000,0.0000,7.7374,11.1036
2026-08-29T22:10:04Z,94.3175,102.6342,8.3167,0.0000,0.0000,7.7375,11.1036
2026-08-29T22:10:05Z,94.3053,102.7192,8.4139,0.0000,0.0000,7.7376,11.0903
2026-08-29T22:10:06Z,94.3053,102.7180,8.4127,0.0000,0.0000,7.7377,11.0903
2026-08-29T22:10:07Z,94.2779,102.8032,8.5253,0.0000,0.0000,7.7377,11.0769
2026-08-29T22:10:08Z,94.2779,102.8020,8.5241,0.0000,0.0000,7.7378,11.0769
2026-08-29T22:10:09Z,94.3008,102.8007,8.5000,0.0000,0.0000,7.7379,11.0769
2026-08-29T22:10:10Z,94.3008,102.7995,8.4988,0.0000,0.0000,7.7380,11.0769
2026-08-29T22:10:11Z,94.2641,102.7120,8.4479,0.0000,0.0000,7.7381,11.0903
2026-08-29T22:10:12Z,94.2641,102.7108,8.4467,0.0000,0.0000,7.7381,11.0903
2026-08-29T22:10:13Z,94.2992,102.7959,8.4967,0.0000,0.0000,7.7382,11.0769
2026-08-29T22:10:14Z,94.2992,102.7947,8.4955,0.0000,0.0000,7.7383,11.0769
2026-08-29T22:10:15Z,94.2870,102.8972,8.6102,0.0000,0.0000,7.7384,11.0609
2026-08-29T22:10:16Z,94.2870,102.8960,8.6090,0.0000,0.0000,7.7385,11.0609
2026-08-29T22:10:17Z,94.2870,102.7911,8.5041,0.0000,0.0000,7.7385,11.0769
2026-08-29T22:10:18Z,94.2870,102.7899,8.5029,0.0000,0.0000,7.7386,11.0769
2026-08-29T22:10:19Z,94.2672,102.7024,8.4352,0.0000,0.0000,7.7387,11.0903
2026-08-29T22:10:20Z,94.2672,102.7012,8.4340,0.0000,0.0000,7.7388,11.0903
2026-08-29T22:10:21Z,94.2733,102.8900,8.6167,0.0000,0.0000,7.7389,11.0609
2026-08-29T22:10:22Z,94.2733,102.8888,8.6155,0.0000,0.0000,7.7390,11.0609
2026-08-29T22:10:23Z,94.2824,102.8876,8.6051,0.0000,0.0000,7.7390,11.0609
2026-08-29T22:10:24Z,94.2824,102.8864,8.6039,0.0000,0.0000,7.7391,11.0609
2026-08-29T22:10:25Z,94.2779,102.8852,8.6073,0.0000,0.0000,7.7392,11.0609
2026-08-29T22:10:26Z,94.2779,102.8840,8.6061,0.0000,0.0000,7.7393,11.0609
2026-08-29T22:10:27Z,94.2672,102.7791,8.5119,0.0000,0.0000,7.7394,11.0769
2026-08-29T22:10:28Z,94.2672,102.7779,8.5107,0.0000,0.0000,7.7394,11.0769
2026-08-29T22:10:29Z,94.2596,102.7767,8.5172,0.0000,0.0000,7.7395,11.0769
2026-08-29T22:10:30Z,94.2596,102.7755,8.5160,0.0000,0.0000,7.7396,11.0769
2026-08-29T22:10:31Z,94.2779,102.8780,8.6001,0.0000,0.0000,7.7397,11.0609
2026-08-29T22:10:32Z,94.2779,102.8768,8.5989,0.0000,0.0000,7.7398,11.0609
2026-08-29T22:10:33Z,94.3053,102.7719,8.4666,0.0000,0.0000,7.7398,11.0769
2026-08-29T22:10:34Z,94.3053,102.7707,8.4654,0.0000,0.0000,7.7399,11.0769
2026-08-29T22:10:35Z,94.2947,102.7695,8.4749,0.0000,0.0000,7.7400,11.0769
2026-08-29T22:10:36Z,94.2947,102.7683,8.4737,0.0000,0.0000,7.7401,11.0769
2026-08-29T22:10:37Z,94.2947,102.7671,8.4725,0.0000,0.0000,7.7402,11.0769
2026-08-29T22:10:38Z,94.2947,102.7659,8.4713,0.0000,0.0000,7.7403,11.0769
2026-08-29T22:10:39Z,94.2809,102.8684,8.5875,0.0000,0.0000,7.7403,11.0609
2026-08-29T22:10:40Z,94.2809,102.8672,8.5863,0.0000,0.0000,7.7404,11.0609
2026-08-29T22:10:41Z,94.3053,102.8660,8.5606,0.0000,0.0000,7.7405,11.0609
2026-08-29T22:10:42Z,94.3053,102.8648,8.5594,0.0000,0.0000,7.7406,11.0609
2026-08-29T22:10:43Z,94.2596,102.7599,8.5004,0.0000,0.0000,7.7407,11.0769
2026-08-29T22:10:44Z,94.2596,102.7587,8.4992,0.0000,0.0000,7.7407,11.0769
2026-08-29T22:10:45Z,94.2824,102.7575,8.4751,0.0000,0.0000,7.7408,11.0769
2026-08-29T22:10:46Z,94.2824,102.7563,8.4739,0.0000,0.0000,7.7409,11.0769
2026-08-29T22:10:47Z,94.2733,102.9452,8.6719,0.0000,0.0000,7.7410,11.0475
2026-08-29T22:10:48Z,94.2733,102.9440,8.6707,0.0000,0.0000,7.7411,11.0475
2026-08-29T22:10:49Z,94.2718,102.7527,8.4810,0.0000,0.0000,7.7411,11.0769
2026-08-29T22:10:50Z,94.2718,102.7515,8.4798,0.0000,0.0000,7.7412,11.0769
2026-08-29T22:10:51Z,94.2718,102.8540,8.5822,0.0000,0.0000,7.7413,11.0609
2026-08-29T22:10:52Z,94.2718,102.8528,8.5810,0.0000,0.0000,7.7414,11.0609
2026-08-29T22:10:53Z,94.2870,102.7480,8.4609,0.0000,0.0000,7.7415,11.0769
2026-08-29T22:10:54Z,94.2870,102.7468,8.4597,0.0000,0.0000,7.7416,11.0769
2026-08-29T22:10:55Z,94.2733,102.9356,8.6623,0.0000,0.0000,7.7416,11.0475
2026-08-29T22:10:56Z,94.2733,102.9344,8.6611,0.0000,0.0000,7.7417,11.0475
2026-08-29T22:10:57Z,94.2992,102.7432,8.4439,0.0000,0.0000,7.7418,11.0769
2026-08-29T22:10:58Z,94.2992,102.7420,8.4427,0.0000,0.0000,7.7419,11.0769
2026-08-29T22:10:59Z,94.2641,102.7408,8.4766,0.0000,0.0000,7.7420,11.0769
2026-08-29T22:11:00Z,94.2641,102.7396,8.4754,0.0000,0.0000,7.7420,11.0769
2026-08-29T22:11:01Z,94.2809,103.0149,8.7340,0.0000,0.0000,7.7421,11.0342
2026-08-29T22:11:02Z,94.2809,103.0137,8.7328,0.0000,0.0000,7.7422,11.0342
2026-08-29T22:11:03Z,94.2779,102.7360,8.4581,0.0000,0.0000,7.7423,11.0769
2026-08-29T22:11:04Z,94.2779,102.7348,8.4569,0.0000,0.0000,7.7424,11.0769
2026-08-29T22:11:05Z,94.3267,102.9236,8.5969,0.0000,0.0000,7.7424,11.0475
2026-08-29T22:11:06Z,94.3267,102.9224,8.5957,0.0000,0.0000,7.7425,11.0475
2026-08-29T22:11:07Z,94.2947,102.9212,8.6266,0.0000,0.0000,7.7426,11.0475
2026-08-29T22:11:08Z,94.2947,102.9200,8.6254,0.0000,0.0000,7.7427,11.0475
2026-08-29T22:11:09Z,94.3053,102.8324,8.5271,0.0000,0.0000,7.7428,11.0609
2026-08-29T22:11:10Z,94.3053,102.8312,8.5259,0.0000,0.0000,7.7429,11.0609
2026-08-29T22:11:11Z,94.3053,102.9164,8.6111,0.0000,0.0000,7.7429,11.0475
2026-08-29T22:11:12Z,94.3053,102.9152,8.6099,0.0000,0.0000,7.7430,11.0475
2026-08-29T22:11:13Z,94.2718,102.7240,8.4522,0.0000,0.0000,7.7431,11.0769
2026-08-29T22:11:14Z,94.2718,102.7228,8.4511,0.0000,0.0000,7.7432,11.0769
2026-08-29T22:11:15Z,94.2489,102.7216,8.4727,0.0000,0.0000,7.7433,11.0769
2026-08-29T22:11:16Z,94.2489,102.7204,8.4715,0.0000,0.0000,7.7433,11.0769
2026-08-29T22:11:17Z,94.2489,102.7192,8.4704,0.0000,0.0000,7.7434,11.0769
2026-08-29T22:11:18Z,94.2489,102.7180,8.4692,0.0000,0.0000,7.7435,11.0769
2026-08-29T22:11:19Z,94.2672,102.9069,8.6397,0.0000,0.0000,7.7436,11.0475
2026-08-29T22:11:20Z,94.2672,102.9057,8.6385,0.0000,0.0000,7.7437,11.0475
2026-08-29T22:11:21Z,94.2641,102.9045,8.6403,0.0000,0.0000,7.7437,11.0475
2026-08-29T22:11:22Z,94.2641,102.9033,8.6391,0.0000,0.0000,7.7438,11.0475
2026-08-29T22:11:23Z,94.2596,102.9886,8.7290,0.0000,0.0000,7.7439,11.0342
2026-08-29T22:11:24Z,94.2596,102.9874,8.7278,0.0000,0.0000,7.7440,11.0342
2026-08-29T22:11:25Z,94.3175,102.8997,8.5821,0.0000,0.0000,7.7441,11.0475
2026-08-29T22:11:26Z,94.3175,102.8985,8.5809,0.0000,0.0000,7.7442,11.0475
2026-08-29T22:11:27Z,94.2901,102.8109,8.5208,0.0000,0.0000,7.7442,11.0609
2026-08-29T22:11:28Z,94.2901,102.8097,8.5196,0.0000,0.0000,7.7443,11.0609
2026-08-29T22:11:29Z,94.2870,102.8949,8.6079,0.0000,0.0000,7.7444,11.0475
2026-08-29T22:11:30Z,94.2870,102.8937,8.6067,0.0000,0.0000,7.7445,11.0475
2026-08-29T22:11:31Z,94.2489,102.8061,8.5572,0.0000,0.0000,7.7446,11.0609
2026-08-29T22:11:32Z,94.2489,102.8049,8.5560,0.0000,0.0000,7.7446,11.0609
2026-08-29T22:11:33Z,94.2718,102.8901,8.6183,0.0000,0.0000,7.7447,11.0475
2026-08-29T22:11:34Z,94.2718,102.8889,8.6171,0.0000,0.0000,7.7448,11.0475
2026-08-29T22:11:35Z,94.2535,102.8013,8.5478,0.0000,0.0000,7.7449,11.0609
2026-08-29T22:11:36Z,94.2535,102.8001,8.5466,0.0000,0.0000,7.7450,11.0609
2026-08-29T22:11:37Z,94.2763,102.8853,8.6090,0.0000,0.0000,7.7450,11.0475
2026-08-29T22:11:38Z,94.2763,102.8841,8.6078,0.0000,0.0000,7.7451,11.0475
2026-08-29T22:11:39Z,94.2672,102.7965,8.5293,0.0000,0.0000,7.7452,11.0609
2026-08-29T22:11:40Z,94.2672,102.7953,8.5281,0.0000,0.0000,7.7453,11.0609
2026-08-29T22:11:41Z,94.2550,102.7941,8.5391,0.0000,0.0000,7.7454,11.0609
2026-08-29T22:11:42Z,94.2550,102.7929,8.5380,0.0000,0.0000,7.7454,11.0609
2026-08-29T22:11:43Z,94.2718,102.7917,8.5200,0.0000,0.0000,7.7455,11.0609
2026-08-29T22:11:44Z,94.2718,102.7905,8.5188,0.0000,0.0000,7.7456,11.0609
2026-08-29T22:11:45Z,94.3008,102.8757,8.5750,0.0000,0.0000,7.7457,11.0475
2026-08-29T22:11:46Z,94.3008,102.8745,8.5738,0.0000,0.0000,7.7458,11.0475
2026-08-29T22:11:47Z,94.2718,102.8734,8.6016,0.0000,0.0000,7.7459,11.0475
2026-08-29T22:11:48Z,94.2718,102.8722,8.6004,0.0000,0.0000,7.7459,11.0475
2026-08-29T22:11:49Z,94.2718,102.7846,8.5128,0.0000,0.0000,7.7460,11.0609
2026-08-29T22:11:50Z,94.2718,102.7834,8.5116,0.0000,0.0000,7.7461,11.0609
2026-08-29T22:11:51Z,94.2458,102.9550,8.7092,0.0000,0.0000,7.7462,11.0342
2026-08-29T22:11:52Z,94.2458,102.9538,8.7080,0.0000,0.0000,7.7463,11.0342
2026-08-29T22:11:53Z,94.2489,102.8662,8.6173,0.0000,0.0000,7.7463,11.0475
2026-08-29T22:11:54Z,94.2489,102.8650,8.6161,0.0000,0.0000,7.7464,11.0475
2026-08-29T22:11:55Z,94.2809,102.8638,8.5829,0.0000,0.0000,7.7465,11.0475
2026-08-29T22:11:56Z,94.2809,102.8626,8.5817,0.0000,0.0000,7.7466,11.0475
2026-08-29T22:11:57Z,94.2763,102.7750,8.4987,0.0000,0.0000,7.7467,11.0609
2026-08-29T22:11:58Z,94.2763,102.7738,8.4975,0.0000,0.0000,7.7467,11.0609
2026-08-29T22:11:59Z,94.2718,102.9455,8.6737,0.0000,0.0000,7.7468,11.0342
2026-08-29T22:12:00Z,94.2718,102.9443,8.6725,0.0000,0.0000,7.7469,11.0342
2026-08-29T22:12:01Z,94.2901,102.8566,8.5666,0.0000,0.0000,7.7470,11.0475
2026-08-29T22:12:02Z,94.2901,102.8554,8.5654,0.0000,0.0000,7.7471,11.0475
2026-08-29T22:12:03Z,94.2641,102.8542,8.5901,0.0000,0.0000,7.7472,11.0475
2026-08-29T22:12:04Z,94.2641,102.8531,8.5889,0.0000,0.0000,7.7472,11.0475
2026-08-29T22:12:05Z,94.2672,102.8519,8.5847,0.0000,0.0000,7.7473,11.0475
2026-08-29T22:12:06Z,94.2672,102.8507,8.5835,0.0000,0.0000,7.7474,11.0475
2026-08-29T22:12:07Z,94.2672,102.9359,8.6687,0.0000,0.0000,7.7475,11.0342
2026-08-29T22:12:08Z,94.2672,102.9347,8.6675,0.0000,0.0000,7.7476,11.0342
2026-08-29T22:12:09Z,94.2550,102.8471,8.5921,0.0000,0.0000,7.7476,11.0475
2026-08-29T22:12:10Z,94.2550,102.8459,8.5909,0.0000,0.0000,7.7477,11.0475
2026-08-29T22:12:11Z,94.2824,102.8447,8.5623,0.0000,0.0000,7.7478,11.0475
2026-08-29T22:12:12Z,94.2824,102.8435,8.5611,0.0000,0.0000,7.7479,11.0475
2026-08-29T22:12:13Z,94.2947,102.8423,8.5477,0.0000,0.0000,7.7480,11.0475
2026-08-29T22:12:14Z,94.2947,102.8411,8.5465,0.0000,0.0000,7.7480,11.0475
2026-08-29T22:12:15Z,94.2763,102.8399,8.5636,0.0000,0.0000,7.7481,11.0475
2026-08-29T22:12:16Z,94.2763,102.8387,8.5624,0.0000,0.0000,7.7482,11.0475
2026-08-29T22:12:17Z,94.2641,102.8375,8.5734,0.0000,0.0000,7.7483,11.0475
2026-08-29T22:12:18Z,94.2641,102.8364,8.5722,0.0000,0.0000,7.7484,11.0475
2026-08-29T22:12:19Z,94.2550,102.9216,8.6666,0.0000,0.0000,7.7484,11.0342
2026-08-29T22:12:20Z,94.2550,102.9204,8.6654,0.0000,0.0000,7.7485,11.0342
2026-08-29T22:12:21Z,94.2733,102.8328,8.5595,0.0000,0.0000,7.7486,11.0475
2026-08-29T22:12:22Z,94.2733,102.8316,8.5583,0.0000,0.0000,7.7487,11.0475
2026-08-29T22:12:23Z,94.2824,102.9168,8.6344,0.0000,0.0000,7.7488,11.0342
2026-08-29T22:12:24Z,94.2824,102.9156,8.6332,0.0000,0.0000,7.7489,11.0342
2026-08-29T22:12:25Z,94.2733,102.8280,8.5547,0.0000,0.0000,7.7489,11.0475
2026-08-29T22:12:26Z,94.2733,102.8268,8.5535,0.0000,0.0000,7.7490,11.0475
2026-08-29T22:12:27Z,94.2809,102.9121,8.6311,0.0000,0.0000,7.7491,11.0342
2026-08-29T22:12:28Z,94.2809,102.9109,8.6299,0.0000,0.0000,7.7492,11.0342
2026-08-29T22:12:29Z,94.2550,102.6334,8.3784,0.0000,0.0000,7.7493,11.0769
2026-08-29T22:12:30Z,94.2550,102.6322,8.3772,0.0000,0.0000,7.7493,11.0769
2026-08-29T22:12:31Z,94.2809,102.9938,8.7129,0.0000,0.0000,7.7494,11.0208
2026-08-29T22:12:32Z,94.2809,102.9926,8.7117,0.0000,0.0000,7.7495,11.0208
2026-08-29T22:12:33Z,94.2824,102.9049,8.6225,0.0000,0.0000,7.7496,11.0342
2026-08-29T22:12:34Z,94.2824,102.9037,8.6213,0.0000,0.0000,7.7497,11.0342
2026-08-29T22:12:35Z,94.2596,102.8161,8.5565,0.0000,0.0000,7.7497,11.0475
2026-08-29T22:12:36Z,94.2596,102.8149,8.5553,0.0000,0.0000,7.7498,11.0475
2026-08-29T22:12:37Z,94.2596,102.9866,8.7271,0.0000,0.0000,7.7499,11.0208
2026-08-29T22:12:38Z,94.2596,102.9855,8.7259,0.0000,0.0000,7.7500,11.0208
2026-08-29T22:12:39Z,94.2718,102.8978,8.6260,0.0000,0.0000,7.7501,11.0342
2026-08-29T22:12:40Z,94.2718,102.8966,8.6248,0.0000,0.0000,7.7502,11.0342
2026-08-29T22:12:41Z,94.2535,102.8954,8.6419,0.0000,0.0000,7.7502,11.0342
2026-08-29T22:12:42Z,94.2535,102.8942,8.6407,0.0000,0.0000,7.7503,11.0342
2026-08-29T22:12:43Z,94.2397,102.8930,8.6533,0.0000,0.0000,7.7504,11.0342
2026-08-29T22:12:44Z,94.2397,102.8918,8.6521,0.0000,0.0000,7.7505,11.0342
2026-08-29T22:12:45Z,94.2733,102.8042,8.5309,0.0000,0.0000,7.7506,11.0475
2026-08-29T22:12:46Z,94.2733,102.8030,8.5297,0.0000,0.0000,7.7506,11.0475
2026-08-29T22:12:47Z,94.2550,102.9747,8.7197,0.0000,0.0000,7.7507,11.0208
2026-08-29T22:12:48Z,94.2550,102.9735,8.7186,0.0000,0.0000,7.7508,11.0208
2026-08-29T22:12:49Z,94.2458,103.0762,8.8304,0.0000,0.0000,7.7509,11.0048
2026-08-29T22:12:50Z,94.2458,103.0751,8.8292,0.0000,0.0000,7.7510,11.0048
2026-08-29T22:12:51Z,94.2733,102.7971,8.5238,0.0000,0.0000,7.7510,11.0475
2026-08-29T22:12:52Z,94.2733,102.7959,8.5226,0.0000,0.0000,7.7511,11.0475
2026-08-29T22:12:53Z,94.2824,102.8811,8.5986,0.0000,0.0000,7.7512,11.0342
2026-08-29T22:12:54Z,94.2824,102.8799,8.5975,0.0000,0.0000,7.7513,11.0342
2026-08-29T22:12:55Z,94.2733,103.0691,8.7958,0.0000,0.0000,7.7514,11.0048
2026-08-29T22:12:56Z,94.2733,103.0679,8.7946,0.0000,0.0000,7.7514,11.0048
2026-08-29T22:12:57Z,94.2535,103.0667,8.8133,0.0000,0.0000,7.7515,11.0048
2026-08-29T22:12:58Z,94.2535,103.0655,8.8121,0.0000,0.0000,7.7516,11.0048
2026-08-29T22:12:59Z,94.3053,102.9604,8.6551,0.0000,0.0000,7.7517,11.0208
2026-08-29T22:13:00Z,94.3053,102.9592,8.6539,0.0000,0.0000,7.7518,11.0208
2026-08-29T22:13:01Z,94.2916,102.8716,8.5800,0.0000,0.0000,7.7519,11.0342
2026-08-29T22:13:02Z,94.2916,102.8704,8.5788,0.0000,0.0000,7.7519,11.0342
2026-08-29T22:13:03Z,94.2992,102.9557,8.6564,0.0000,0.0000,7.7520,11.0208
2026-08-29T22:13:04Z,94.2992,102.9545,8.6553,0.0000,0.0000,7.7521,11.0208
2026-08-29T22:13:05Z,94.3053,102.8668,8.5615,0.0000,0.0000,7.7522,11.0342
2026-08-29T22:13:06Z,94.3053,102.8656,8.5603,0.0000,0.0000,7.7523,11.0342
2026-08-29T22:13:07Z,94.2458,102.8644,8.6186,0.0000,0.0000,7.7523,11.0342
2026-08-29T22:13:08Z,94.2458,102.8632,8.6174,0.0000,0.0000,7.7524,11.0342
2026-08-29T22:13:09Z,94.2412,102.9485,8.7073,0.0000,0.0000,7.7525,11.0208
2026-08-29T22:13:10Z,94.2412,102.9473,8.7061,0.0000,0.0000,7.7526,11.0208
2026-08-29T22:13:11Z,94.2306,102.7733,8.5427,0.0000,0.0000,7.7527,11.0475
2026-08-29T22:13:12Z,94.2306,102.7721,8.5415,0.0000,0.0000,7.7527,11.0475
2026-08-29T22:13:13Z,94.2824,103.0477,8.7652,0.0000,0.0000,7.7528,11.0048
2026-08-29T22:13:14Z,94.2824,103.0465,8.7640,0.0000,0.0000,7.7529,11.0048
2026-08-29T22:13:15Z,94.2687,102.9414,8.6727,0.0000,0.0000,7.7530,11.0208
2026-08-29T22:13:16Z,94.2687,102.9402,8.6715,0.0000,0.0000,7.7531,11.0208
2026-08-29T22:13:17Z,94.2947,102.9390,8.6444,0.0000,0.0000,7.7531,11.0208
2026-08-29T22:13:18Z,94.2947,102.9378,8.6432,0.0000,0.0000,7.7532,11.0208
2026-08-29T22:13:19Z,94.2550,103.0405,8.7855,0.0000,0.0000,7.7533,11.0048
2026-08-29T22:13:20Z,94.2550,103.0393,8.7843,0.0000,0.0000,7.7534,11.0048
2026-08-29T22:13:21Z,94.2763,102.9343,8.6579,0.0000,0.0000,7.7535,11.0208
2026-08-29T22:13:22Z,94.2763,102.9331,8.6567,0.0000,0.0000,7.7536,11.0208
2026-08-29T22:13:23Z,94.2733,103.0358,8.7625,0.0000,0.0000,7.7536,11.0048
2026-08-29T22:13:24Z,94.2733,103.0346,8.7613,0.0000,0.0000,7.7537,11.0048
2026-08-29T22:13:25Z,94.2596,102.9295,8.6700,0.0000,0.0000,7.7538,11.0208
2026-08-29T22:13:26Z,94.2596,102.9283,8.6688,0.0000,0.0000,7.7539,11.0208
2026-08-29T22:13:27Z,94.2596,102.9271,8.6676,0.0000,0.0000,7.7540,11.0208
2026-08-29T22:13:28Z,94.2596,102.9260,8.6664,0.0000,0.0000,7.7540,11.0208
2026-08-29T22:13:29Z,94.2596,102.8383,8.5788,0.0000,0.0000,7.7541,11.0342
2026-08-29T22:13:30Z,94.2596,102.8371,8.5776,0.0000,0.0000,7.7542,11.0342
2026-08-29T22:13:31Z,94.2596,102.9224,8.6628,0.0000,0.0000,7.7543,11.0208
2026-08-29T22:13:32Z,94.2596,102.9212,8.6616,0.0000,0.0000,7.7544,11.0208
2026-08-29T22:13:33Z,94.2489,103.0239,8.7750,0.0000,0.0000,7.7544,11.0048
2026-08-29T22:13:34Z,94.2489,103.0227,8.7738,0.0000,0.0000,7.7545,11.0048
2026-08-29T22:13:35Z,94.2489,103.0215,8.7726,0.0000,0.0000,7.7546,11.0048
2026-08-29T22:13:36Z,94.2489,103.0203,8.7714,0.0000,0.0000,7.7547,11.0048
2026-08-29T22:13:37Z,94.2535,102.8288,8.5754,0.0000,0.0000,7.7548,11.0342
2026-08-29T22:13:38Z,94.2535,102.8276,8.5742,0.0000,0.0000,7.7548,11.0342
2026-08-29T22:13:39Z,94.2412,102.7401,8.4988,0.0000,0.0000,7.7549,11.0475
2026-08-29T22:13:40Z,94.2412,102.7389,8.4977,0.0000,0.0000,7.7550,11.0475
2026-08-29T22:13:41Z,94.3008,102.7377,8.4370,0.0000,0.0000,7.7551,11.0475
2026-08-29T22:13:42Z,94.3008,102.7365,8.4358,0.0000,0.0000,7.7552,11.0475
2026-08-29T22:13:43Z,94.2947,102.9081,8.6135,0.0000,0.0000,7.7552,11.0208
2026-08-29T22:13:44Z,94.2947,102.9070,8.6123,0.0000,0.0000,7.7553,11.0208
2026-08-29T22:13:45Z,94.2458,103.0096,8.7638,0.0000,0.0000,7.7554,11.0048
2026-08-29T22:13:46Z,94.2458,103.0084,8.7626,0.0000,0.0000,7.7555,11.0048
2026-08-29T22:13:47Z,94.2687,102.8170,8.5483,0.0000,0.0000,7.7556,11.0342
2026-08-29T22:13:48Z,94.2687,102.8158,8.5471,0.0000,0.0000,7.7557,11.0342
2026-08-29T22:13:49Z,94.2687,102.9010,8.6323,0.0000,0.0000,7.7557,11.0208
2026-08-29T22:13:50Z,94.2687,102.8998,8.6311,0.0000,0.0000,7.7558,11.0208
2026-08-29T22:13:51Z,94.2596,103.0025,8.7429,0.0000,0.0000,7.7559,11.0048
2026-08-29T22:13:52Z,94.2596,103.0013,8.7417,0.0000,0.0000,7.7560,11.0048
2026-08-29T22:13:53Z,94.2824,103.0001,8.7177,0.0000,0.0000,7.7561,11.0048
2026-08-29T22:13:54Z,94.2824,102.9989,8.7165,0.0000,0.0000,7.7561,11.0048
2026-08-29T22:13:55Z,94.2458,102.8939,8.6481,0.0000,0.0000,7.7562,11.0208
2026-08-29T22:13:56Z,94.2458,102.8927,8.6469,0.0000,0.0000,7.7563,11.0208
2026-08-29T22:13:57Z,94.2596,102.8915,8.6320,0.0000,0.0000,7.7564,11.0208
2026-08-29T22:13:58Z,94.2596,102.8904,8.6308,0.0000,0.0000,7.7565,11.0208
2026-08-29T22:13:59Z,94.2733,102.9930,8.7197,0.0000,0.0000,7.7565,11.0048
2026-08-29T22:14:00Z,94.2733,102.9918,8.7185,0.0000,0.0000,7.7566,11.0048
2026-08-29T22:14:01Z,94.2412,103.0772,8.8360,0.0000,0.0000,7.7567,10.9915
2026-08-29T22:14:02Z,94.2412,103.0760,8.8348,0.0000,0.0000,7.7568,10.9915
2026-08-29T22:14:03Z,94.2733,102.8844,8.6111,0.0000,0.0000,7.7569,11.0208
2026-08-29T22:14:04Z,94.2733,102.8833,8.6100,0.0000,0.0000,7.7569,11.0208
2026-08-29T22:14:05Z,94.2809,103.0725,8.7916,0.0000,0.0000,7.7570,10.9915
2026-08-29T22:14:06Z,94.2809,103.0713,8.7904,0.0000,0.0000,7.7571,10.9915
2026-08-29T22:14:07Z,94.2824,102.9835,8.7011,0.0000,0.0000,7.7572,11.0048
2026-08-29T22:14:08Z,94.2824,102.9823,8.6999,0.0000,0.0000,7.7573,11.0048
2026-08-29T22:14:09Z,94.2809,102.9811,8.7002,0.0000,0.0000,7.7574,11.0048
2026-08-29T22:14:10Z,94.2809,102.9800,8.6990,0.0000,0.0000,7.7574,11.0048
2026-08-29T22:14:11Z,94.2489,102.9788,8.7299,0.0000,0.0000,7.7575,11.0048
2026-08-29T22:14:12Z,94.2489,102.9776,8.7287,0.0000,0.0000,7.7576,11.0048
2026-08-29T22:14:13Z,94.2641,102.9764,8.7123,0.0000,0.0000,7.7577,11.0048
2026-08-29T22:14:14Z,94.2641,102.9752,8.7111,0.0000,0.0000,7.7578,11.0048
2026-08-29T22:14:15Z,94.2763,103.0606,8.7843,0.0000,0.0000,7.7578,10.9915
2026-08-29T22:14:16Z,94.2763,103.0594,8.7831,0.0000,0.0000,7.7579,10.9915
2026-08-29T22:14:17Z,94.2687,102.9717,8.7029,0.0000,0.0000,7.7580,11.0048
2026-08-29T22:14:18Z,94.2687,102.9705,8.7018,0.0000,0.0000,7.7581,11.0048
2026-08-29T22:14:19Z,94.2550,102.9693,8.7143,0.0000,0.0000,7.7582,11.0048
2026-08-29T22:14:20Z,94.2550,102.9681,8.7131,0.0000,0.0000,7.7582,11.0048
2026-08-29T22:14:21Z,94.2916,102.9669,8.6753,0.0000,0.0000,7.7583,11.0048
2026-08-29T22:14:22Z,94.2916,102.9657,8.6741,0.0000,0.0000,7.7584,11.0048
2026-08-29T22:14:23Z,94.2489,102.8608,8.6119,0.0000,0.0000,7.7585,11.0208
2026-08-29T22:14:24Z,94.2489,102.8596,8.6107,0.0000,0.0000,7.7586,11.0208
2026-08-29T22:14:25Z,94.3084,102.8584,8.5500,0.0000,0.0000,7.7586,11.0208
2026-08-29T22:14:26Z,94.3084,102.8572,8.5488,0.0000,0.0000,7.7587,11.0208
2026-08-29T22:14:27Z,94.2763,103.0464,8.7701,0.0000,0.0000,7.7588,10.9915
2026-08-29T22:14:28Z,94.2763,103.0452,8.7689,0.0000,0.0000,7.7589,10.9915
2026-08-29T22:14:29Z,94.2535,103.0440,8.7906,0.0000,0.0000,7.7590,10.9915
2026-08-29T22:14:30Z,94.2535,103.0428,8.7894,0.0000,0.0000,7.7590,10.9915
2026-08-29T22:14:31Z,94.2641,102.8513,8.5872,0.0000,0.0000,7.7591,11.0208
2026-08-29T22:14:32Z,94.2641,102.8501,8.5860,0.0000,0.0000,7.7592,11.0208
2026-08-29T22:14:33Z,94.2550,103.1259,8.8710,0.0000,0.0000,7.7593,10.9781
2026-08-29T22:14:34Z,94.2550,103.1248,8.8698,0.0000,0.0000,7.7594,10.9781
2026-08-29T22:14:35Z,94.2626,102.9504,8.6877,0.0000,0.0000,7.7595,11.0048
2026-08-29T22:14:36Z,94.2626,102.9492,8.6866,0.0000,0.0000,7.7595,11.0048
2026-08-29T22:14:37Z,94.2626,102.7578,8.4952,0.0000,0.0000,7.7596,11.0342
2026-08-29T22:14:38Z,94.2626,102.7567,8.4940,0.0000,0.0000,7.7597,11.0342
2026-08-29T22:14:39Z,94.2580,103.0322,8.7742,0.0000,0.0000,7.7598,10.9915
2026-08-29T22:14:40Z,94.2580,103.0310,8.7730,0.0000,0.0000,7.7599,10.9915
2026-08-29T22:14:41Z,94.2550,102.9433,8.6883,0.0000,0.0000,7.7599,11.0048
2026-08-29T22:14:42Z,94.2550,102.9421,8.6871,0.0000,0.0000,7.7600,11.0048
2026-08-29T22:14:43Z,94.2184,102.8371,8.6188,0.0000,0.0000,7.7601,11.0208
2026-08-29T22:14:44Z,94.2184,102.8360,8.6176,0.0000,0.0000,7.7602,11.0208
2026-08-29T22:14:45Z,94.2535,102.9385,8.6851,0.0000,0.0000,7.7603,11.0048
2026-08-29T22:14:46Z,94.2535,102.9374,8.6839,0.0000,0.0000,7.7603,11.0048
2026-08-29T22:14:47Z,94.2641,103.1961,8.9320,0.0000,0.0000,7.7604,10.9648
2026-08-29T22:14:48Z,94.2641,103.1949,8.9308,0.0000,0.0000,7.7605,10.9648
2026-08-29T22:14:49Z,94.2275,102.8301,8.6025,0.0000,0.0000,7.7606,11.0208
2026-08-29T22:14:50Z,94.2275,102.8289,8.6014,0.0000,0.0000,7.7607,11.0208
2026-08-29T22:14:51Z,94.2596,103.0180,8.7584,0.0000,0.0000,7.7607,10.9915
2026-08-29T22:14:52Z,94.2596,103.0168,8.7573,0.0000,0.0000,7.7608,10.9915
2026-08-29T22:14:53Z,94.2641,102.8253,8.5612,0.0000,0.0000,7.7609,11.0208
2026-08-29T22:14:54Z,94.2641,102.8242,8.5600,0.0000,0.0000,7.7610,11.0208
2026-08-29T22:14:55Z,94.2763,103.0999,8.8236,0.0000,0.0000,7.7611,10.9781
2026-08-29T22:14:56Z,94.2763,103.0987,8.8224,0.0000,0.0000,7.7611,10.9781
2026-08-29T22:14:57Z,94.2306,102.9244,8.6938,0.0000,0.0000,7.7612,11.0048
2026-08-29T22:14:58Z,94.2306,102.9232,8.6926,0.0000,0.0000,7.7613,11.0048
2026-08-29T22:14:59Z,94.2535,102.9220,8.6685,0.0000,0.0000,7.7614,11.0048
2026-08-29T22:15:00Z,94.2535,102.9208,8.6674,0.0000,0.0000,7.7615,11.0048
2026-08-29T22:15:01Z,94.2641,103.1795,8.9154,0.0000,0.0000,7.7615,10.9648
2026-08-29T22:15:02Z,94.2641,103.1783,8.9142,0.0000,0.0000,7.7616,10.9648
2026-08-29T22:15:03Z,94.2397,103.0038,8.7641,0.0000,0.0000,7.7617,10.9915
2026-08-29T22:15:04Z,94.2397,103.0026,8.7629,0.0000,0.0000,7.7618,10.9915
2026-08-29T22:15:05Z,94.2626,103.0881,8.8255,0.0000,0.0000,7.7619,10.9781
2026-08-29T22:15:06Z,94.2626,103.0869,8.8243,0.0000,0.0000,7.7620,10.9781
2026-08-29T22:15:07Z,94.2763,102.9126,8.6362,0.0000,0.0000,7.7620,11.0048
2026-08-29T22:15:08Z,94.2763,102.9114,8.6350,0.0000,0.0000,7.7621,11.0048
2026-08-29T22:15:09Z,94.2397,102.9967,8.7570,0.0000,0.0000,7.7622,10.9915
2026-08-29T22:15:10Z,94.2397,102.9956,8.7558,0.0000,0.0000,7.7623,10.9915
2026-08-29T22:15:11Z,94.2687,102.9078,8.6391,0.0000,0.0000,7.7624,11.0048
2026-08-29T22:15:12Z,94.2687,102.9067,8.6379,0.0000,0.0000,7.7624,11.0048
2026-08-29T22:15:13Z,94.2535,103.0786,8.8252,0.0000,0.0000,7.7625,10.9781
2026-08-29T22:15:14Z,94.2535,103.0774,8.8240,0.0000,0.0000,7.7626,10.9781
2026-08-29T22:15:15Z,94.2947,102.9897,8.6950,0.0000,0.0000,7.7627,10.9915
2026-08-29T22:15:16Z,94.2947,102.9885,8.6938,0.0000,0.0000,7.7628,10.9915
2026-08-29T22:15:17Z,94.2626,103.0739,8.8113,0.0000,0.0000,7.7628,10.9781
2026-08-29T22:15:18Z,94.2626,103.0727,8.8101,0.0000,0.0000,7.7629,10.9781
2026-08-29T22:15:19Z,94.2641,102.9849,8.7208,0.0000,0.0000,7.7630,10.9915
2026-08-29T22:15:20Z,94.2641,102.9838,8.7196,0.0000,0.0000,7.7631,10.9915
2026-08-29T22:15:21Z,94.2580,102.9826,8.7245,0.0000,0.0000,7.7632,10.9915
2026-08-29T22:15:22Z,94.2580,102.9814,8.7234,0.0000,0.0000,7.7632,10.9915
2026-08-29T22:15:23Z,94.2489,102.9802,8.7313,0.0000,0.0000,7.7633,10.9915
2026-08-29T22:15:24Z,94.2489,102.9790,8.7302,0.0000,0.0000,7.7634,10.9915
2026-08-29T22:15:25Z,94.2275,102.8913,8.6638,0.0000,0.0000,7.7635,11.0048
2026-08-29T22:15:26Z,94.2275,102.8902,8.6626,0.0000,0.0000,7.7636,11.0048
2026-08-29T22:15:27Z,94.2367,102.9755,8.7388,0.0000,0.0000,7.7636,10.9915
2026-08-29T22:15:28Z,94.2367,102.9743,8.7377,0.0000,0.0000,7.7637,10.9915
2026-08-29T22:15:29Z,94.2733,102.9731,8.6999,0.0000,0.0000,7.7638,10.9915
2026-08-29T22:15:30Z,94.2733,102.9720,8.6987,0.0000,0.0000,7.7639,10.9915
2026-08-29T22:15:31Z,94.2733,102.9708,8.6975,0.0000,0.0000,7.7640,10.9915
2026-08-29T22:15:32Z,94.2733,102.9696,8.6963,0.0000,0.0000,7.7641,10.9915
2026-08-29T22:15:33Z,94.2367,102.7782,8.5415,0.0000,0.0000,7.7641,11.0208
2026-08-29T22:15:34Z,94.2367,102.7770,8.5404,0.0000,0.0000,7.7642,11.0208
2026-08-29T22:15:35Z,94.2412,102.9661,8.7248,0.0000,0.0000,7.7643,10.9915
2026-08-29T22:15:36Z,94.2412,102.9649,8.7236,0.0000,0.0000,7.7644,10.9915
2026-08-29T22:15:37Z,94.2412,103.0503,8.8091,0.0000,0.0000,7.7645,10.9781
2026-08-29T22:15:38Z,94.2412,103.0491,8.8079,0.0000,0.0000,7.7645,10.9781
2026-08-29T22:15:39Z,94.2412,102.8749,8.6336,0.0000,0.0000,7.7646,11.0048
2026-08-29T22:15:40Z,94.2412,102.8737,8.6324,0.0000,0.0000,7.7647,11.0048
2026-08-29T22:15:41Z,94.2367,103.1323,8.8956,0.0000,0.0000,7.7648,10.9648
2026-08-29T22:15:42Z,94.2367,103.1311,8.8944,0.0000,0.0000,7.7649,10.9648
2026-08-29T22:15:43Z,94.2626,102.9566,8.6940,0.0000,0.0000,7.7649,10.9915
2026-08-29T22:15:44Z,94.2626,102.9555,8.6929,0.0000,0.0000,7.7650,10.9915
2026-08-29T22:15:45Z,94.2641,103.1275,8.8634,0.0000,0.0000,7.7651,10.9648
2026-08-29T22:15:46Z,94.2641,103.1264,8.8622,0.0000,0.0000,7.7652,10.9648
2026-08-29T22:15:47Z,94.2687,103.1252,8.8565,0.0000,0.0000,7.7653,10.9648
2026-08-29T22:15:48Z,94.2687,103.1240,8.8553,0.0000,0.0000,7.7653,10.9648
2026-08-29T22:15:49Z,94.2489,103.0362,8.7873,0.0000,0.0000,7.7654,10.9781
2026-08-29T22:15:50Z,94.2489,103.0350,8.7861,0.0000,0.0000,7.7655,10.9781
2026-08-29T22:15:51Z,94.2412,102.9472,8.7060,0.0000,0.0000,7.7656,10.9915
2026-08-29T22:15:52Z,94.2412,102.9461,8.7048,0.0000,0.0000,7.7657,10.9915
2026-08-29T22:15:53Z,94.2733,102.9449,8.6716,0.0000,0.0000,7.7657,10.9915
2026-08-29T22:15:54Z,94.2733,102.9437,8.6704,0.0000,0.0000,7.7658,10.9915
2026-08-29T22:15:55Z,94.2870,103.0291,8.7421,0.0000,0.0000,7.7659,10.9781
2026-08-29T22:15:56Z,94.2870,103.0279,8.7409,0.0000,0.0000,7.7660,10.9781
2026-08-29T22:15:57Z,94.2489,103.2175,8.9686,0.0000,0.0000,7.7661,10.9487
2026-08-29T22:15:58Z,94.2489,103.2163,8.9674,0.0000,0.0000,7.7661,10.9487
2026-08-29T22:15:59Z,94.2412,103.1110,8.8698,0.0000,0.0000,7.7662,10.9648
2026-08-29T22:16:00Z,94.2412,103.1099,8.8686,0.0000,0.0000,7.7663,10.9648
2026-08-29T22:16:01Z,94.2809,103.0220,8.7411,0.0000,0.0000,7.7664,10.9781
2026-08-29T22:16:02Z,94.2809,103.0209,8.7399,0.0000,0.0000,7.7665,10.9781
2026-08-29T22:16:03Z,94.2687,103.0197,8.7510,0.0000,0.0000,7.7665,10.9781
2026-08-29T22:16:04Z,94.2687,103.0185,8.7498,0.0000,0.0000,7.7666,10.9781
2026-08-29T22:16:05Z,94.2489,103.1040,8.8551,0.0000,0.0000,7.7667,10.9648
2026-08-29T22:16:06Z,94.2489,103.1028,8.8539,0.0000,0.0000,7.7668,10.9648
2026-08-29T22:16:07Z,94.2367,103.0150,8.7783,0.0000,0.0000,7.7669,10.9781
2026-08-29T22:16:08Z,94.2367,103.0138,8.7771,0.0000,0.0000,7.7670,10.9781
2026-08-29T22:16:09Z,94.2489,103.0993,8.8504,0.0000,0.0000,7.7670,10.9648
2026-08-29T22:16:10Z,94.2489,103.0981,8.8492,0.0000,0.0000,7.7671,10.9648
2026-08-29T22:16:11Z,94.2458,103.0103,8.7645,0.0000,0.0000,7.7672,10.9781
2026-08-29T22:16:12Z,94.2458,103.0091,8.7633,0.0000,0.0000,7.7673,10.9781
2026-08-29T22:16:13Z,94.2733,103.0079,8.7346,0.0000,0.0000,7.7674,10.9781
2026-08-29T22:16:14Z,94.2733,103.0067,8.7335,0.0000,0.0000,7.7674,10.9781
2026-08-29T22:16:15Z,94.2458,103.0056,8.7597,0.0000,0.0000,7.7675,10.9781
2026-08-29T22:16:16Z,94.2458,103.0044,8.7586,0.0000,0.0000,7.7676,10.9781
2026-08-29T22:16:17Z,94.2550,103.0899,8.8349,0.0000,0.0000,7.7677,10.9648
2026-08-29T22:16:18Z,94.2550,103.0887,8.8337,0.0000,0.0000,7.7678,10.9648
2026-08-29T22:16:19Z,94.2641,103.0875,8.8234,0.0000,0.0000,7.7678,10.9648
2026-08-29T22:16:20Z,94.2641,103.0863,8.8222,0.0000,0.0000,7.7679,10.9648
2026-08-29T22:16:21Z,94.2733,103.1892,8.9159,0.0000,0.0000,7.7680,10.9487
2026-08-29T22:16:22Z,94.2733,103.1880,8.9147,0.0000,0.0000,7.7681,10.9487
2026-08-29T22:16:23Z,94.2412,102.9962,8.7549,0.0000,0.0000,7.7682,10.9781
2026-08-29T22:16:24Z,94.2412,102.9950,8.7538,0.0000,0.0000,7.7682,10.9781
2026-08-29T22:16:25Z,94.2412,102.9938,8.7526,0.0000,0.0000,7.7683,10.9781
2026-08-29T22:16:26Z,94.2412,102.9926,8.7514,0.0000,0.0000,7.7684,10.9781
2026-08-29T22:16:27Z,94.2870,102.9915,8.7045,0.0000,0.0000,7.7685,10.9781
2026-08-29T22:16:28Z,94.2870,102.9903,8.7033,0.0000,0.0000,7.7686,10.9781
2026-08-29T22:16:29Z,94.2947,102.9891,8.6945,0.0000,0.0000,7.7686,10.9781
2026-08-29T22:16:30Z,94.2947,102.9879,8.6933,0.0000,0.0000,7.7687,10.9781
2026-08-29T22:16:31Z,94.2306,103.0734,8.8428,0.0000,0.0000,7.7688,10.9648
2026-08-29T22:16:32Z,94.2306,103.0722,8.8417,0.0000,0.0000,7.7689,10.9648
2026-08-29T22:16:33Z,94.2458,103.0710,8.8252,0.0000,0.0000,7.7690,10.9648
2026-08-29T22:16:34Z,94.2458,103.0699,8.8240,0.0000,0.0000,7.7690,10.9648
2026-08-29T22:16:35Z,94.2641,103.0687,8.8046,0.0000,0.0000,7.7691,10.9648
2026-08-29T22:16:36Z,94.2641,103.0675,8.8034,0.0000,0.0000,7.7692,10.9648
2026-08-29T22:16:37Z,94.2351,103.0663,8.8312,0.0000,0.0000,7.7693,10.9648
2026-08-29T22:16:38Z,94.2351,103.0652,8.8300,0.0000,0.0000,7.7694,10.9648
2026-08-29T22:16:39Z,94.2626,103.0640,8.8014,0.0000,0.0000,7.7694,10.9648
2026-08-29T22:16:40Z,94.2626,103.0628,8.8002,0.0000,0.0000,7.7695,10.9648
2026-08-29T22:16:41Z,94.2580,102.9750,8.7170,0.0000,0.0000,7.7696,10.9781
2026-08-29T22:16:42Z,94.2580,102.9739,8.7158,0.0000,0.0000,7.7697,10.9781
2026-08-29T22:16:43Z,94.2687,102.9727,8.7040,0.0000,0.0000,7.7698,10.9781
2026-08-29T22:16:44Z,94.2687,102.9715,8.7028,0.0000,0.0000,7.7699,10.9781
2026-08-29T22:16:45Z,94.2306,103.0570,8.8264,0.0000,0.0000,7.7699,10.9648
2026-08-29T22:16:46Z,94.2306,103.0558,8.8252,0.0000,0.0000,7.7700,10.9648
2026-08-29T22:16:47Z,94.2367,102.9680,8.7313,0.0000,0.0000,7.7701,10.9781
2026-08-29T22:16:48Z,94.2367,102.9668,8.7302,0.0000,0.0000,7.7702,10.9781
2026-08-29T22:16:49Z,94.2550,102.9657,8.7107,0.0000,0.0000,7.7703,10.9781
2026-08-29T22:16:50Z,94.2550,102.9645,8.7095,0.0000,0.0000,7.7703,10.9781
2026-08-29T22:16:51Z,94.2641,103.0499,8.7858,0.0000,0.0000,7.7704,10.9648
2026-08-29T22:16:52Z,94.2641,103.0487,8.7846,0.0000,0.0000,7.7705,10.9648
2026-08-29T22:16:53Z,94.2580,103.2384,8.9803,0.0000,0.0000,7.7706,10.9354
2026-08-29T22:16:54Z,94.2580,103.2372,8.9792,0.0000,0.0000,7.7707,10.9354
2026-08-29T22:16:55Z,94.2031,103.0452,8.8421,0.0000,0.0000,7.7707,10.9648
2026-08-29T22:16:56Z,94.2031,103.0440,8.8410,0.0000,0.0000,7.7708,10.9648
2026-08-29T22:16:57Z,94.2412,103.1469,8.9057,0.0000,0.0000,7.7709,10.9487
2026-08-29T22:16:58Z,94.2412,103.1457,8.9045,0.0000,0.0000,7.7710,10.9487
2026-08-29T22:16:59Z,94.2687,103.1446,8.8758,0.0000,0.0000,7.7711,10.9487
2026-08-29T22:17:00Z,94.2687,103.1434,8.8747,0.0000,0.0000,7.7711,10.9487
2026-08-29T22:17:01Z,94.2489,103.1422,8.8933,0.0000,0.0000,7.7712,10.9487
2026-08-29T22:17:02Z,94.2489,103.1410,8.8922,0.0000,0.0000,7.7713,10.9487
2026-08-29T22:17:03Z,94.2550,103.1399,8.8849,0.0000,0.0000,7.7714,10.9487
2026-08-29T22:17:04Z,94.2550,103.1387,8.8837,0.0000,0.0000,7.7715,10.9487
2026-08-29T22:17:05Z,94.2550,103.0335,8.7785,0.0000,0.0000,7.7715,10.9648
2026-08-29T22:17:06Z,94.2550,103.0323,8.7773,0.0000,0.0000,7.7716,10.9648
2026-08-29T22:17:07Z,94.2351,103.0312,8.7960,0.0000,0.0000,7.7717,10.9648
2026-08-29T22:17:08Z,94.2351,103.0300,8.7948,0.0000,0.0000,7.7718,10.9648
2026-08-29T22:17:09Z,94.2458,103.1328,8.8870,0.0000,0.0000,7.7719,10.9487
2026-08-29T22:17:10Z,94.2458,103.1316,8.8858,0.0000,0.0000,7.7719,10.9487
2026-08-29T22:17:11Z,94.2412,103.0265,8.7852,0.0000,0.0000,7.7720,10.9648
2026-08-29T22:17:12Z,94.2412,103.0253,8.7841,0.0000,0.0000,7.7721,10.9648
2026-08-29T22:17:13Z,94.2458,102.9375,8.6917,0.0000,0.0000,7.7722,10.9781
2026-08-29T22:17:14Z,94.2458,102.9364,8.6906,0.0000,0.0000,7.7723,10.9781
2026-08-29T22:17:15Z,94.2550,103.1258,8.8708,0.0000,0.0000,7.7723,10.9487
2026-08-29T22:17:16Z,94.2550,103.1246,8.8696,0.0000,0.0000,7.7724,10.9487
2026-08-29T22:17:17Z,94.2458,103.0194,8.7736,0.0000,0.0000,7.7725,10.9648
2026-08-29T22:17:18Z,94.2458,103.0183,8.7725,0.0000,0.0000,7.7726,10.9648
2026-08-29T22:17:19Z,94.2168,103.0171,8.8003,0.0000,0.0000,7.7727,10.9648
2026-08-29T22:17:20Z,94.2168,103.0159,8.7991,0.0000,0.0000,7.7727,10.9648
2026-08-29T22:17:21Z,94.2550,103.0148,8.7598,0.0000,0.0000,7.7728,10.9648
2026-08-29T22:17:22Z,94.2550,103.0136,8.7586,0.0000,0.0000,7.7729,10.9648
2026-08-29T22:17:23Z,94.2275,103.1164,8.8889,0.0000,0.0000,7.7730,10.9487
2026-08-29T22:17:24Z,94.2275,103.1152,8.8877,0.0000,0.0000,7.7731,10.9487
2026-08-29T22:17:25Z,94.2458,103.2008,8.9550,0.0000,0.0000,7.7731,10.9354
2026-08-29T22:17:26Z,94.2458,103.1996,8.9538,0.0000,0.0000,7.7732,10.9354
2026-08-29T22:17:27Z,94.2504,103.0077,8.7573,0.0000,0.0000,7.7733,10.9648
2026-08-29T22:17:28Z,94.2504,103.0066,8.7562,0.0000,0.0000,7.7734,10.9648
2026-08-29T22:17:29Z,94.2412,103.1961,8.9549,0.0000,0.0000,7.7735,10.9354
2026-08-29T22:17:30Z,94.2412,103.1950,8.9537,0.0000,0.0000,7.7736,10.9354
2026-08-29T22:17:31Z,94.2641,103.1070,8.8429,0.0000,0.0000,7.7736,10.9487
2026-08-29T22:17:32Z,94.2641,103.1059,8.8417,0.0000,0.0000,7.7737,10.9487
2026-08-29T22:17:33Z,94.2718,103.1914,8.9197,0.0000,0.0000,7.7738,10.9354
2026-08-29T22:17:34Z,94.2718,103.1903,8.9185,0.0000,0.0000,7.7739,10.9354
2026-08-29T22:17:35Z,94.2504,103.1891,8.9387,0.0000,0.0000,7.7740,10.9354
2026-08-29T22:17:36Z,94.2504,103.1879,8.9375,0.0000,0.0000,7.7740,10.9354
2026-08-29T22:17:37Z,94.2626,103.1000,8.8374,0.0000,0.0000,7.7741,10.9487
2026-08-29T22:17:38Z,94.2626,103.0989,8.8362,0.0000,0.0000,7.7742,10.9487
2026-08-29T22:17:39Z,94.2351,102.9937,8.7586,0.0000,0.0000,7.7743,10.9648
2026-08-29T22:17:40Z,94.2351,102.9925,8.7574,0.0000,0.0000,7.7744,10.9648
2026-08-29T22:17:41Z,94.2504,103.0953,8.8449,0.0000,0.0000,7.7744,10.9487
2026-08-29T22:17:42Z,94.2504,103.0942,8.8438,0.0000,0.0000,7.7745,10.9487
2026-08-29T22:17:43Z,94.2184,102.9890,8.7707,0.0000,0.0000,7.7746,10.9648
2026-08-29T22:17:44Z,94.2184,102.9879,8.7695,0.0000,0.0000,7.7747,10.9648
2026-08-29T22:17:45Z,94.2351,103.1774,8.9422,0.0000,0.0000,7.7748,10.9354
2026-08-29T22:17:46Z,94.2351,103.1762,8.9411,0.0000,0.0000,7.7748,10.9354
2026-08-29T22:17:47Z,94.2458,103.2619,9.0160,0.0000,0.0000,7.7749,10.9220
2026-08-29T22:17:48Z,94.2458,103.2607,9.0149,0.0000,0.0000,7.7750,10.9220
2026-08-29T22:17:49Z,94.2412,103.0860,8.8447,0.0000,0.0000,7.7751,10.9487
2026-08-29T22:17:50Z,94.2412,103.0848,8.8436,0.0000,0.0000,7.7752,10.9487
2026-08-29T22:17:51Z,94.2184,103.0836,8.8653,0.0000,0.0000,7.7752,10.9487
2026-08-29T22:17:52Z,94.2184,103.0825,8.8641,0.0000,0.0000,7.7753,10.9487
2026-08-29T22:17:53Z,94.2458,103.1680,8.9222,0.0000,0.0000,7.7754,10.9354
2026-08-29T22:17:54Z,94.2458,103.1669,8.9210,0.0000,0.0000,7.7755,10.9354
2026-08-29T22:17:55Z,94.2580,103.1657,8.9077,0.0000,0.0000,7.7756,10.9354
2026-08-29T22:17:56Z,94.2580,103.1645,8.9065,0.0000,0.0000,7.7756,10.9354
2026-08-29T22:17:57Z,94.2458,103.0766,8.8308,0.0000,0.0000,7.7757,10.9487
2026-08-29T22:17:58Z,94.2458,103.0755,8.8296,0.0000,0.0000,7.7758,10.9487
2026-08-29T22:17:59Z,94.2306,103.1610,8.9305,0.0000,0.0000,7.7759,10.9354
2026-08-29T22:18:00Z,94.2306,103.1598,8.9293,0.0000,0.0000,7.7760,10.9354
2026-08-29T22:18:01Z,94.2412,103.0720,8.8307,0.0000,0.0000,7.7760,10.9487
2026-08-29T22:18:02Z,94.2412,103.0708,8.8296,0.0000,0.0000,7.7761,10.9487
2026-08-29T22:18:03Z,94.2367,103.1563,8.9197,0.0000,0.0000,7.7762,10.9354
2026-08-29T22:18:04Z,94.2367,103.1552,8.9185,0.0000,0.0000,7.7763,10.9354
2026-08-29T22:18:05Z,94.2367,103.0673,8.8306,0.0000,0.0000,7.7764,10.9487
2026-08-29T22:18:06Z,94.2367,103.0661,8.8295,0.0000,0.0000,7.7764,10.9487
2026-08-29T22:18:07Z,94.2763,103.2385,8.9621,0.0000,0.0000,7.7765,10.9220
2026-08-29T22:18:08Z,94.2763,103.2373,8.9609,0.0000,0.0000,7.7766,10.9220
2026-08-29T22:18:09Z,94.2092,103.1493,8.9401,0.0000,0.0000,7.7767,10.9354
2026-08-29T22:18:10Z,94.2092,103.1482,8.9390,0.0000,0.0000,7.7768,10.9354
2026-08-29T22:18:11Z,94.2351,103.2338,8.9986,0.0000,0.0000,7.7768,10.9220
2026-08-29T22:18:12Z,94.2351,103.2326,8.9975,0.0000,0.0000,7.7769,10.9220
2026-08-29T22:18:13Z,94.2351,103.1447,8.9095,0.0000,0.0000,7.7770,10.9354
2026-08-29T22:18:14Z,94.2351,103.1435,8.9083,0.0000,0.0000,7.7771,10.9354
2026-08-29T22:18:15Z,94.2275,103.1423,8.9148,0.0000,0.0000,7.7772,10.9354
2026-08-29T22:18:16Z,94.2275,103.1412,8.9136,0.0000,0.0000,7.7772,10.9354
2026-08-29T22:18:17Z,94.2275,103.1400,8.9125,0.0000,0.0000,7.7773,10.9354
2026-08-29T22:18:18Z,94.2275,103.1388,8.9113,0.0000,0.0000,7.7774,10.9354
2026-08-29T22:18:19Z,94.2626,103.1377,8.8750,0.0000,0.0000,7.7775,10.9354
2026-08-29T22:18:20Z,94.2626,103.1365,8.8739,0.0000,0.0000,7.7776,10.9354
2026-08-29T22:18:21Z,94.2412,103.3090,9.0677,0.0000,0.0000,7.7776,10.9087
2026-08-29T22:18:22Z,94.2412,103.3078,9.0665,0.0000,0.0000,7.7777,10.9087
2026-08-29T22:18:23Z,94.2367,103.0463,8.8096,0.0000,0.0000,7.7778,10.9487
2026-08-29T22:18:24Z,94.2367,103.0451,8.8085,0.0000,0.0000,7.7779,10.9487
2026-08-29T22:18:25Z,94.2367,103.1307,8.8940,0.0000,0.0000,7.7780,10.9354
2026-08-29T22:18:26Z,94.2367,103.1295,8.8928,0.0000,0.0000,7.7780,10.9354
2026-08-29T22:18:27Z,94.2351,103.1283,8.8932,0.0000,0.0000,7.7781,10.9354
2026-08-29T22:18:28Z,94.2351,103.1272,8.8920,0.0000,0.0000,7.7782,10.9354
2026-08-29T22:18:29Z,94.2626,103.2128,8.9501,0.0000,0.0000,7.7783,10.9220
2026-08-29T22:18:30Z,94.2626,103.2116,8.9490,0.0000,0.0000,7.7784,10.9220
2026-08-29T22:18:31Z,94.2123,103.0370,8.8247,0.0000,0.0000,7.7785,10.9487
2026-08-29T22:18:32Z,94.2123,103.0358,8.8236,0.0000,0.0000,7.7785,10.9487
2026-08-29T22:18:33Z,94.2351,103.2081,8.9729,0.0000,0.0000,7.7786,10.9220
2026-08-29T22:18:34Z,94.2351,103.2069,8.9718,0.0000,0.0000,7.7787,10.9220
2026-08-29T22:18:35Z,94.2809,103.0323,8.7514,0.0000,0.0000,7.7788,10.9487
2026-08-29T22:18:36Z,94.2809,103.0311,8.7502,0.0000,0.0000,7.7789,10.9487
2026-08-29T22:18:37Z,94.2275,103.0300,8.8025,0.0000,0.0000,7.7789,10.9487
2026-08-29T22:18:38Z,94.2275,103.0288,8.8013,0.0000,0.0000,7.7790,10.9487
2026-08-29T22:18:39Z,94.2443,103.1143,8.8700,0.0000,0.0000,7.7791,10.9354
2026-08-29T22:18:40Z,94.2443,103.1132,8.8689,0.0000,0.0000,7.7792,10.9354
2026-08-29T22:18:41Z,94.2458,103.1120,8.8662,0.0000,0.0000,7.7793,10.9354
2026-08-29T22:18:42Z,94.2458,103.1108,8.8650,0.0000,0.0000,7.7793,10.9354
2026-08-29T22:18:43Z,94.2229,103.1097,8.8867,0.0000,0.0000,7.7794,10.9354
2026-08-29T22:18:44Z,94.2229,103.1085,8.8856,0.0000,0.0000,7.7795,10.9354
2026-08-29T22:18:45Z,94.2504,103.1941,8.9437,0.0000,0.0000,7.7796,10.9220
2026-08-29T22:18:46Z,94.2504,103.1929,8.9425,0.0000,0.0000,7.7797,10.9220
2026-08-29T22:18:47Z,94.2275,103.0183,8.7908,0.0000,0.0000,7.7797,10.9487
2026-08-29T22:18:48Z,94.2275,103.0172,8.7897,0.0000,0.0000,7.7798,10.9487
2026-08-29T22:18:49Z,94.2351,103.1027,8.8675,0.0000,0.0000,7.7799,10.9354
2026-08-29T22:18:50Z,94.2351,103.1015,8.8664,0.0000,0.0000,7.7800,10.9354
2026-08-29T22:18:51Z,94.2443,103.2739,9.0296,0.0000,0.0000,7.7801,10.9087
2026-08-29T22:18:52Z,94.2443,103.2728,9.0285,0.0000,0.0000,7.7801,10.9087
2026-08-29T22:18:53Z,94.2168,103.0114,8.7945,0.0000,0.0000,7.7802,10.9487
2026-08-29T22:18:54Z,94.2168,103.0102,8.7934,0.0000,0.0000,7.7803,10.9487
2026-08-29T22:18:55Z,94.2275,103.2693,9.0417,0.0000,0.0000,7.7804,10.9087
2026-08-29T22:18:56Z,94.2275,103.2681,9.0406,0.0000,0.0000,7.7805,10.9087
2026-08-29T22:18:57Z,94.2168,103.0934,8.8765,0.0000,0.0000,7.7805,10.9354
2026-08-29T22:18:58Z,94.2168,103.0922,8.8754,0.0000,0.0000,7.7806,10.9354
2026-08-29T22:18:59Z,94.2275,103.0910,8.8635,0.0000,0.0000,7.7807,10.9354
2026-08-29T22:19:00Z,94.2275,103.0899,8.8624,0.0000,0.0000,7.7808,10.9354
2026-08-29T22:19:01Z,94.2229,103.0887,8.8658,0.0000,0.0000,7.7809,10.9354
2026-08-29T22:19:02Z,94.2229,103.0875,8.8646,0.0000,0.0000,7.7809,10.9354
2026-08-29T22:19:03Z,94.2458,103.1731,8.9273,0.0000,0.0000,7.7810,10.9220
2026-08-29T22:19:04Z,94.2458,103.1720,8.9261,0.0000,0.0000,7.7811,10.9220
2026-08-29T22:19:05Z,94.2550,103.1708,8.9158,0.0000,0.0000,7.7812,10.9220
2026-08-29T22:19:06Z,94.2550,103.1696,8.9146,0.0000,0.0000,7.7813,10.9220
2026-08-29T22:19:07Z,94.2550,103.1685,8.9135,0.0000,0.0000,7.7813,10.9220
2026-08-29T22:19:08Z,94.2550,103.1673,8.9123,0.0000,0.0000,7.7814,10.9220
2026-08-29T22:19:09Z,94.2550,103.2529,8.9980,0.0000,0.0000,7.7815,10.9087
2026-08-29T22:19:10Z,94.2550,103.2518,8.9968,0.0000,0.0000,7.7816,10.9087
2026-08-29T22:19:11Z,94.2443,103.1638,8.9195,0.0000,0.0000,7.7817,10.9220
2026-08-29T22:19:12Z,94.2443,103.1626,8.9183,0.0000,0.0000,7.7817,10.9220
2026-08-29T22:19:13Z,94.2580,103.1615,8.9034,0.0000,0.0000,7.7818,10.9220
2026-08-29T22:19:14Z,94.2580,103.1603,8.9023,0.0000,0.0000,7.7819,10.9220
2026-08-29T22:19:15Z,94.2550,103.0724,8.8175,0.0000,0.0000,7.7820,10.9354
2026-08-29T22:19:16Z,94.2550,103.0713,8.8163,0.0000,0.0000,7.7821,10.9354
2026-08-29T22:19:17Z,94.2443,103.1568,8.9125,0.0000,0.0000,7.7821,10.9220
2026-08-29T22:19:18Z,94.2443,103.1557,8.9114,0.0000,0.0000,7.7822,10.9220
2026-08-29T22:19:19Z,94.2123,103.3456,9.1333,0.0000,0.0000,7.7823,10.8927
2026-08-29T22:19:20Z,94.2123,103.3444,9.1322,0.0000,0.0000,7.7824,10.8927
2026-08-29T22:19:21Z,94.2458,103.3432,9.0974,0.0000,0.0000,7.7825,10.8927
2026-08-29T22:19:22Z,94.2458,103.3421,9.0963,0.0000,0.0000,7.7825,10.8927
2026-08-29T22:19:23Z,94.2351,103.1499,8.9147,0.0000,0.0000,7.7826,10.9220
2026-08-29T22:19:24Z,94.2351,103.1487,8.9135,0.0000,0.0000,7.7827,10.9220
2026-08-29T22:19:25Z,94.2351,103.0608,8.8257,0.0000,0.0000,7.7828,10.9354
2026-08-29T22:19:26Z,94.2351,103.0597,8.8245,0.0000,0.0000,7.7829,10.9354
2026-08-29T22:19:27Z,94.2351,103.1452,8.9101,0.0000,0.0000,7.7829,10.9220
2026-08-29T22:19:28Z,94.2351,103.1440,8.9089,0.0000,0.0000,7.7830,10.9220
2026-08-29T22:19:29Z,94.2031,103.3339,9.1308,0.0000,0.0000,7.7831,10.8927
2026-08-29T22:19:30Z,94.2031,103.3328,9.1297,0.0000,0.0000,7.7832,10.8927
2026-08-29T22:19:31Z,94.2306,103.1406,8.9100,0.0000,0.0000,7.7833,10.9220
2026-08-29T22:19:32Z,94.2306,103.1394,8.9088,0.0000,0.0000,7.7833,10.9220
2026-08-29T22:19:33Z,94.2580,103.2250,8.9670,0.0000,0.0000,7.7834,10.9087
2026-08-29T22:19:34Z,94.2580,103.2239,8.9658,0.0000,0.0000,7.7835,10.9087
2026-08-29T22:19:35Z,94.2504,103.0492,8.7988,0.0000,0.0000,7.7836,10.9354
2026-08-29T22:19:36Z,94.2504,103.0480,8.7976,0.0000,0.0000,7.7837,10.9354
2026-08-29T22:19:37Z,94.2458,103.1336,8.8878,0.0000,0.0000,7.7837,10.9220
2026-08-29T22:19:38Z,94.2458,103.1324,8.8866,0.0000,0.0000,7.7838,10.9220
2026-08-29T22:19:39Z,94.2397,103.1313,8.8915,0.0000,0.0000,7.7839,10.9220
2026-08-29T22:19:40Z,94.2397,103.1301,8.8904,0.0000,0.0000,7.7840,10.9220
2026-08-29T22:19:41Z,94.2641,103.1289,8.8648,0.0000,0.0000,7.7841,10.9220
2026-08-29T22:19:42Z,94.2641,103.1278,8.8636,0.0000,0.0000,7.7841,10.9220
2026-08-29T22:19:43Z,94.2092,103.0399,8.8307,0.0000,0.0000,7.7842,10.9354
2026-08-29T22:19:44Z,94.2092,103.0388,8.8296,0.0000,0.0000,7.7843,10.9354
2026-08-29T22:19:45Z,94.2550,103.2111,8.9561,0.0000,0.0000,7.7844,10.9087
2026-08-29T22:19:46Z,94.2550,103.2099,8.9549,0.0000,0.0000,7.7845,10.9087
2026-08-29T22:19:47Z,94.2306,103.2088,8.9782,0.0000,0.0000,7.7845,10.9087
2026-08-29T22:19:48Z,94.2306,103.2076,8.9770,0.0000,0.0000,7.7846,10.9087
2026-08-29T22:19:49Z,94.2458,103.2064,8.9606,0.0000,0.0000,7.7847,10.9087
2026-08-29T22:19:50Z,94.2458,103.2053,8.9594,0.0000,0.0000,7.7848,10.9087
2026-08-29T22:19:51Z,94.2306,103.2041,8.9735,0.0000,0.0000,7.7849,10.9087
2026-08-29T22:19:52Z,94.2306,103.2030,8.9724,0.0000,0.0000,7.7849,10.9087
2026-08-29T22:19:53Z,94.2397,103.2018,8.9621,0.0000,0.0000,7.7850,10.9087
2026-08-29T22:19:54Z,94.2397,103.2006,8.9609,0.0000,0.0000,7.7851,10.9087
2026-08-29T22:19:55Z,94.2123,103.1995,8.9872,0.0000,0.0000,7.7852,10.9087
2026-08-29T22:19:56Z,94.2123,103.1983,8.9861,0.0000,0.0000,7.7853,10.9087
2026-08-29T22:19:57Z,94.2275,103.1104,8.8829,0.0000,0.0000,7.7853,10.9220
2026-08-29T22:19:58Z,94.2275,103.1092,8.8817,0.0000,0.0000,7.7854,10.9220
2026-08-29T22:19:59Z,94.2580,103.1948,8.9368,0.0000,0.0000,7.7855,10.9087
2026-08-29T22:20:00Z,94.2580,103.1937,8.9356,0.0000,0.0000,7.7856,10.9087
2026-08-29T22:20:01Z,94.2763,103.1057,8.8294,0.0000,0.0000,7.7857,10.9220
2026-08-29T22:20:02Z,94.2763,103.1046,8.8282,0.0000,0.0000,7.7857,10.9220
2026-08-29T22:20:03Z,94.2824,103.1902,8.9077,0.0000,0.0000,7.7858,10.9087
2026-08-29T22:20:04Z,94.2824,103.1890,8.9066,0.0000,0.0000,7.7859,10.9087
2026-08-29T22:20:05Z,94.2397,103.1879,8.9482,0.0000,0.0000,7.7860,10.9087
2026-08-29T22:20:06Z,94.2397,103.1867,8.9470,0.0000,0.0000,7.7861,10.9087
2026-08-29T22:20:07Z,94.2306,103.0988,8.8682,0.0000,0.0000,7.7861,10.9220
2026-08-29T22:20:08Z,94.2306,103.0976,8.8671,0.0000,0.0000,7.7862,10.9220
2026-08-29T22:20:09Z,94.2229,103.1832,8.9603,0.0000,0.0000,7.7863,10.9087
2026-08-29T22:20:10Z,94.2229,103.1821,8.9591,0.0000,0.0000,7.7864,10.9087
2026-08-29T22:20:11Z,94.2550,103.2851,9.0301,0.0000,0.0000,7.7865,10.8927
2026-08-29T22:20:12Z,94.2550,103.2840,9.0290,0.0000,0.0000,7.7865,10.8927
2026-08-29T22:20:13Z,94.2214,103.1786,8.9572,0.0000,0.0000,7.7866,10.9087
2026-08-29T22:20:14Z,94.2214,103.1774,8.9560,0.0000,0.0000,7.7867,10.9087
2026-08-29T22:20:15Z,94.2092,103.1763,8.9671,0.0000,0.0000,7.7868,10.9087
2026-08-29T22:20:16Z,94.2092,103.1751,8.9659,0.0000,0.0000,7.7869,10.9087
2026-08-29T22:20:17Z,94.2351,103.2782,9.0430,0.0000,0.0000,7.7869,10.8927
2026-08-29T22:20:18Z,94.2351,103.2770,9.0419,0.0000,0.0000,7.7870,10.8927
2026-08-29T22:20:19Z,94.2504,103.1716,8.9212,0.0000,0.0000,7.7871,10.9087
2026-08-29T22:20:20Z,94.2504,103.1705,8.9201,0.0000,0.0000,7.7872,10.9087
2026-08-29T22:20:21Z,94.2504,103.2735,9.0231,0.0000,0.0000,7.7873,10.8927
2026-08-29T22:20:22Z,94.2504,103.2724,9.0220,0.0000,0.0000,7.7873,10.8927
2026-08-29T22:20:23Z,94.2504,103.2712,9.0208,0.0000,0.0000,7.7874,10.8927
2026-08-29T22:20:24Z,94.2504,103.2700,9.0196,0.0000,0.0000,7.7875,10.8927
2026-08-29T22:20:25Z,94.2275,103.1647,8.9372,0.0000,0.0000,7.7876,10.9087
2026-08-29T22:20:26Z,94.2275,103.1635,8.9360,0.0000,0.0000,7.7877,10.9087
2026-08-29T22:20:27Z,94.2504,103.2666,9.0162,0.0000,0.0000,7.7877,10.8927
2026-08-29T22:20:28Z,94.2504,103.2654,9.0150,0.0000,0.0000,7.7878,10.8927
2026-08-29T22:20:29Z,94.2550,103.0733,8.8184,0.0000,0.0000,7.7879,10.9220
2026-08-29T22:20:30Z,94.2550,103.0722,8.8172,0.0000,0.0000,7.7880,10.9220
2026-08-29T22:20:31Z,94.2367,103.1578,8.9211,0.0000,0.0000,7.7881,10.9087
2026-08-29T22:20:32Z,94.2367,103.1566,8.9199,0.0000,0.0000,7.7881,10.9087
2026-08-29T22:20:33Z,94.2443,103.1554,8.9111,0.0000,0.0000,7.7882,10.9087
2026-08-29T22:20:34Z,94.2443,103.1543,8.9100,0.0000,0.0000,7.7883,10.9087
2026-08-29T22:20:35Z,94.2458,103.2573,9.0115,0.0000,0.0000,7.7884,10.8927
2026-08-29T22:20:36Z,94.2458,103.2561,9.0103,0.0000,0.0000,7.7885,10.8927
2026-08-29T22:20:37Z,94.2306,103.2550,9.0244,0.0000,0.0000,7.7885,10.8927
2026-08-29T22:20:38Z,94.2306,103.2538,9.0233,0.0000,0.0000,7.7886,10.8927
2026-08-29T22:20:39Z,94.2397,103.1485,8.9088,0.0000,0.0000,7.7887,10.9087
2026-08-29T22:20:40Z,94.2397,103.1473,8.9076,0.0000,0.0000,7.7888,10.9087
2026-08-29T22:20:41Z,94.2092,103.1462,8.9370,0.0000,0.0000,7.7889,10.9087
2026-08-29T22:20:42Z,94.2092,103.1450,8.9358,0.0000,0.0000,7.7889,10.9087
2026-08-29T22:20:43Z,94.2306,103.1439,8.9133,0.0000,0.0000,7.7890,10.9087
2026-08-29T22:20:44Z,94.2306,103.1427,8.9122,0.0000,0.0000,7.7891,10.9087
2026-08-29T22:20:45Z,94.2092,103.2457,9.0365,0.0000,0.0000,7.7892,10.8927
2026-08-29T22:20:46Z,94.2092,103.2446,9.0354,0.0000,0.0000,7.7893,10.8927
2026-08-29T22:20:47Z,94.2214,103.2434,9.0220,0.0000,0.0000,7.7893,10.8927
2026-08-29T22:20:48Z,94.2214,103.2423,9.0209,0.0000,0.0000,7.7894,10.8927
2026-08-29T22:20:49Z,94.2168,103.2411,9.0243,0.0000,0.0000,7.7895,10.8927
2026-08-29T22:20:50Z,94.2168,103.2399,9.0231,0.0000,0.0000,7.7896,10.8927
2026-08-29T22:20:51Z,94.2443,103.1346,8.8903,0.0000,0.0000,7.7897,10.9087
2026-08-29T22:20:52Z,94.2443,103.1335,8.8892,0.0000,0.0000,7.7897,10.9087
2026-08-29T22:20:53Z,94.2214,103.2365,9.0151,0.0000,0.0000,7.7898,10.8927
2026-08-29T22:20:54Z,94.2214,103.2353,9.0139,0.0000,0.0000,7.7899,10.8927
2026-08-29T22:20:55Z,94.2397,103.1300,8.8903,0.0000,0.0000,7.7900,10.9087
2026-08-29T22:20:56Z,94.2397,103.1289,8.8891,0.0000,0.0000,7.7901,10.9087
2026-08-29T22:20:57Z,94.2733,103.1277,8.8544,0.0000,0.0000,7.7901,10.9087
2026-08-29T22:20:58Z,94.2733,103.1265,8.8533,0.0000,0.0000,7.7902,10.9087
2026-08-29T22:20:59Z,94.2397,103.3338,9.0941,0.0000,0.0000,7.7903,10.8766
2026-08-29T22:21:00Z,94.2397,103.3327,9.0929,0.0000,0.0000,7.7904,10.8766
2026-08-29T22:21:01Z,94.2321,103.3315,9.0994,0.0000,0.0000,7.7905,10.8766
2026-08-29T22:21:02Z,94.2321,103.3303,9.0983,0.0000,0.0000,7.7905,10.8766
2026-08-29T22:21:03Z,94.2367,103.2249,8.9883,0.0000,0.0000,7.7906,10.8927
2026-08-29T22:21:04Z,94.2367,103.2238,8.9871,0.0000,0.0000,7.7907,10.8927
2026-08-29T22:21:05Z,94.2367,103.2226,8.9859,0.0000,0.0000,7.7908,10.8927
2026-08-29T22:21:06Z,94.2367,103.2215,8.9848,0.0000,0.0000,7.7909,10.8927
2026-08-29T22:21:07Z,94.2275,103.2203,8.9928,0.0000,0.0000,7.7909,10.8927
2026-08-29T22:21:08Z,94.2275,103.2191,8.9916,0.0000,0.0000,7.7910,10.8927
2026-08-29T22:21:09Z,94.2306,103.1138,8.8833,0.0000,0.0000,7.7911,10.9087
2026-08-29T22:21:10Z,94.2306,103.1127,8.8821,0.0000,0.0000,7.7912,10.9087
2026-08-29T22:21:11Z,94.2641,103.3199,9.0558,0.0000,0.0000,7.7913,10.8766
2026-08-29T22:21:12Z,94.2641,103.3188,9.0546,0.0000,0.0000,7.7913,10.8766
2026-08-29T22:21:13Z,94.2397,103.2134,8.9737,0.0000,0.0000,7.7914,10.8927
2026-08-29T22:21:14Z,94.2397,103.2122,8.9725,0.0000,0.0000,7.7915,10.8927
2026-08-29T22:21:15Z,94.2214,103.2111,8.9897,0.0000,0.0000,7.7916,10.8927
2026-08-29T22:21:16Z,94.2214,103.2099,8.9885,0.0000,0.0000,7.7917,10.8927
2026-08-29T22:21:17Z,94.2092,103.2088,8.9996,0.0000,0.0000,7.7917,10.8927
2026-08-29T22:21:18Z,94.2092,103.2076,8.9984,0.0000,0.0000,7.7918,10.8927
2026-08-29T22:21:19Z,94.2458,103.3107,9.0649,0.0000,0.0000,7.7919,10.8766
2026-08-29T22:21:20Z,94.2458,103.3095,9.0637,0.0000,0.0000,7.7920,10.8766
2026-08-29T22:21:21Z,94.2275,103.2041,8.9766,0.0000,0.0000,7.7921,10.8927
2026-08-29T22:21:22Z,94.2275,103.2030,8.9755,0.0000,0.0000,7.7921,10.8927
2026-08-29T22:21:23Z,94.2275,103.2018,8.9743,0.0000,0.0000,7.7922,10.8927
2026-08-29T22:21:24Z,94.2275,103.2007,8.9732,0.0000,0.0000,7.7923,10.8927
2026-08-29T22:21:25Z,94.2321,103.0954,8.8633,0.0000,0.0000,7.7924,10.9087
2026-08-29T22:21:26Z,94.2321,103.0943,8.8622,0.0000,0.0000,7.7925,10.9087
2026-08-29T22:21:27Z,94.2367,103.0931,8.8564,0.0000,0.0000,7.7925,10.9087
2026-08-29T22:21:28Z,94.2367,103.0919,8.8553,0.0000,0.0000,7.7926,10.9087
2026-08-29T22:21:29Z,94.2580,103.2991,9.0411,0.0000,0.0000,7.7927,10.8766
2026-08-29T22:21:30Z,94.2580,103.2980,9.0400,0.0000,0.0000,7.7928,10.8766
2026-08-29T22:21:31Z,94.2214,103.1926,8.9712,0.0000,0.0000,7.7929,10.8927
2026-08-29T22:21:32Z,94.2214,103.1915,8.9700,0.0000,0.0000,7.7929,10.8927
2026-08-29T22:21:33Z,94.2321,103.2945,9.0624,0.0000,0.0000,7.7930,10.8766
2026-08-29T22:21:34Z,94.2321,103.2934,9.0613,0.0000,0.0000,7.7931,10.8766
2026-08-29T22:21:35Z,94.2580,103.1880,8.9300,0.0000,0.0000,7.7932,10.8927
2026-08-29T22:21:36Z,94.2580,103.1868,8.9288,0.0000,0.0000,7.7933,10.8927
2026-08-29T22:21:37Z,94.2580,103.2899,9.0319,0.0000,0.0000,7.7933,10.8766
2026-08-29T22:21:38Z,94.2580,103.2888,9.0307,0.0000,0.0000,7.7934,10.8766
2026-08-29T22:21:39Z,94.2000,103.4616,9.2615,0.0000,0.0000,7.7935,10.8499
2026-08-29T22:21:40Z,94.2000,103.4604,9.2604,0.0000,0.0000,7.7936,10.8499
2026-08-29T22:21:41Z,94.2229,103.2853,9.0624,0.0000,0.0000,7.7937,10.8766
2026-08-29T22:21:42Z,94.2229,103.2842,9.0612,0.0000,0.0000,7.7937,10.8766
2026-08-29T22:21:43Z,94.2321,103.1788,8.9467,0.0000,0.0000,7.7938,10.8927
2026-08-29T22:21:44Z,94.2321,103.1776,8.9455,0.0000,0.0000,7.7939,10.8927
2026-08-29T22:21:45Z,94.2580,103.2807,9.0227,0.0000,0.0000,7.7940,10.8766
2026-08-29T22:21:46Z,94.2580,103.2795,9.0215,0.0000,0.0000,7.7941,10.8766
2026-08-29T22:21:47Z,94.2550,103.2784,9.0234,0.0000,0.0000,7.7941,10.8766
2026-08-29T22:21:48Z,94.2550,103.2772,9.0223,0.0000,0.0000,7.7942,10.8766
2026-08-29T22:21:49Z,94.2580,103.2761,9.0181,0.0000,0.0000,7.7943,10.8766
2026-08-29T22:21:50Z,94.2580,103.2749,9.0169,0.0000,0.0000,7.7944,10.8766
2026-08-29T22:21:51Z,94.1848,103.1696,8.9848,0.0000,0.0000,7.7945,10.8927
2026-08-29T22:21:52Z,94.1848,103.1684,8.9836,0.0000,0.0000,7.7945,10.8927
2026-08-29T22:21:53Z,94.2275,103.2715,9.0440,0.0000,0.0000,7.7946,10.8766
2026-08-29T22:21:54Z,94.2275,103.2703,9.0428,0.0000,0.0000,7.7947,10.8766
2026-08-29T22:21:55Z,94.2229,103.3561,9.1332,0.0000,0.0000,7.7948,10.8633
2026-08-29T22:21:56Z,94.2229,103.3549,9.1320,0.0000,0.0000,7.7949,10.8633
2026-08-29T22:21:57Z,94.2550,103.1627,8.9077,0.0000,0.0000,7.7949,10.8927
2026-08-29T22:21:58Z,94.2550,103.1615,8.9065,0.0000,0.0000,7.7950,10.8927
2026-08-29T22:21:59Z,94.2000,103.3515,9.1514,0.0000,0.0000,7.7951,10.8633
2026-08-29T22:22:00Z,94.2000,103.3503,9.1503,0.0000,0.0000,7.7952,10.8633
2026-08-29T22:22:01Z,94.2443,103.2623,9.0180,0.0000,0.0000,7.7953,10.8766
2026-08-29T22:22:02Z,94.2443,103.2611,9.0168,0.0000,0.0000,7.7953,10.8766
2026-08-29T22:22:03Z,94.2275,103.2600,9.0324,0.0000,0.0000,7.7954,10.8766
2026-08-29T22:22:04Z,94.2275,103.2588,9.0313,0.0000,0.0000,7.7955,10.8766
2026-08-29T22:22:05Z,94.2458,103.3446,9.0988,0.0000,0.0000,7.7956,10.8633
2026-08-29T22:22:06Z,94.2458,103.3434,9.0976,0.0000,0.0000,7.7957,10.8633
2026-08-29T22:22:07Z,94.2275,103.4293,9.2018,0.0000,0.0000,7.7957,10.8499
2026-08-29T22:22:08Z,94.2275,103.4281,9.2006,0.0000,0.0000,7.7958,10.8499
2026-08-29T22:22:09Z,94.2275,103.2531,9.0255,0.0000,0.0000,7.7959,10.8766
2026-08-29T22:22:10Z,94.2275,103.2519,9.0244,0.0000,0.0000,7.7960,10.8766
2026-08-29T22:22:11Z,94.2443,103.3377,9.0934,0.0000,0.0000,7.7961,10.8633
2026-08-29T22:22:12Z,94.2443,103.3365,9.0922,0.0000,0.0000,7.7961,10.8633
2026-08-29T22:22:13Z,94.2504,103.2485,8.9981,0.0000,0.0000,7.7962,10.8766
2026-08-29T22:22:14Z,94.2504,103.2473,8.9969,0.0000,0.0000,7.7963,10.8766
2026-08-29T22:22:15Z,94.2275,103.4201,9.1925,0.0000,0.0000,7.7964,10.8499
2026-08-29T22:22:16Z,94.2275,103.4189,9.1914,0.0000,0.0000,7.7965,10.8499
2026-08-29T22:22:17Z,94.2184,103.3308,9.1124,0.0000,0.0000,7.7965,10.8633
2026-08-29T22:22:18Z,94.2184,103.3296,9.1113,0.0000,0.0000,7.7966,10.8633
2026-08-29T22:22:19Z,94.2229,103.3285,9.1055,0.0000,0.0000,7.7967,10.8633
2026-08-29T22:22:20Z,94.2229,103.3273,9.1044,0.0000,0.0000,7.7968,10.8633
2026-08-29T22:22:21Z,94.2000,103.4131,9.2131,0.0000,0.0000,7.7969,10.8499
2026-08-29T22:22:22Z,94.2000,103.4120,9.2120,0.0000,0.0000,7.7969,10.8499
2026-08-29T22:22:23Z,94.2184,103.2370,9.0186,0.0000,0.0000,7.7970,10.8766
2026-08-29T22:22:24Z,94.2184,103.2358,9.0175,0.0000,0.0000,7.7971,10.8766
2026-08-29T22:22:25Z,94.2000,103.2347,9.0346,0.0000,0.0000,7.7972,10.8766
2026-08-29T22:22:26Z,94.2000,103.2335,9.0335,0.0000,0.0000,7.7973,10.8766
2026-08-29T22:22:27Z,94.1848,103.2324,9.0476,0.0000,0.0000,7.7973,10.8766
2026-08-29T22:22:28Z,94.1848,103.2312,9.0464,0.0000,0.0000,7.7974,10.8766
2026-08-29T22:22:29Z,94.2397,103.3170,9.0772,0.0000,0.0000,7.7975,10.8633
2026-08-29T22:22:30Z,94.2397,103.3158,9.0761,0.0000,0.0000,7.7976,10.8633
2026-08-29T22:22:31Z,94.2321,103.2278,8.9957,0.0000,0.0000,7.7977,10.8766
2026-08-29T22:22:32Z,94.2321,103.2266,8.9945,0.0000,0.0000,7.7977,10.8766
2026-08-29T22:22:33Z,94.2184,103.3124,9.0940,0.0000,0.0000,7.7978,10.8633
2026-08-29T22:22:34Z,94.2184,103.3112,9.0929,0.0000,0.0000,7.7979,10.8633
2026-08-29T22:22:35Z,94.2168,103.3970,9.1802,0.0000,0.0000,7.7980,10.8499
2026-08-29T22:22:36Z,94.2168,103.3959,9.1791,0.0000,0.0000,7.7980,10.8499
2026-08-29T22:22:37Z,94.2397,103.3078,9.0680,0.0000,0.0000,7.7981,10.8633
2026-08-29T22:22:38Z,94.2397,103.3066,9.0669,0.0000,0.0000,7.7982,10.8633
2026-08-29T22:22:39Z,94.2550,103.3055,9.0505,0.0000,0.0000,7.7983,10.8633
2026-08-29T22:22:40Z,94.2550,103.3043,9.0493,0.0000,0.0000,7.7984,10.8633
2026-08-29T22:22:41Z,94.2367,103.3032,9.0665,0.0000,0.0000,7.7984,10.8633
2026-08-29T22:22:42Z,94.2367,103.3020,9.0654,0.0000,0.0000,7.7985,10.8633
2026-08-29T22:22:43Z,94.2550,103.3009,9.0459,0.0000,0.0000,7.7986,10.8633
2026-08-29T22:22:44Z,94.2550,103.2997,9.0447,0.0000,0.0000,7.7987,10.8633
2026-08-29T22:22:45Z,94.2443,103.4900,9.2457,0.0000,0.0000,7.7988,10.8339
2026-08-29T22:22:46Z,94.2443,103.4889,9.2446,0.0000,0.0000,7.7988,10.8339
2026-08-29T22:22:47Z,94.2443,103.2963,9.0520,0.0000,0.0000,7.7989,10.8633
2026-08-29T22:22:48Z,94.2443,103.2951,9.0508,0.0000,0.0000,7.7990,10.8633
2026-08-29T22:22:49Z,94.2184,103.3809,9.1626,0.0000,0.0000,7.7991,10.8499
2026-08-29T22:22:50Z,94.2184,103.3798,9.1614,0.0000,0.0000,7.7992,10.8499
2026-08-29T22:22:51Z,94.2168,103.2048,8.9880,0.0000,0.0000,7.7992,10.8766
2026-08-29T22:22:52Z,94.2168,103.2037,8.9868,0.0000,0.0000,7.7993,10.8766
2026-08-29T22:22:53Z,94.2367,103.2894,9.0527,0.0000,0.0000,7.7994,10.8633
2026-08-29T22:22:54Z,94.2367,103.2882,9.0516,0.0000,0.0000,7.7995,10.8633
2026-08-29T22:22:55Z,94.1848,103.2871,9.1023,0.0000,0.0000,7.7996,10.8633
2026-08-29T22:22:56Z,94.1848,103.2860,9.1012,0.0000,0.0000,7.7996,10.8633
2026-08-29T22:22:57Z,94.1939,103.3718,9.1778,0.0000,0.0000,7.7997,10.8499
2026-08-29T22:22:58Z,94.1939,103.3706,9.1767,0.0000,0.0000,7.7998,10.8499
2026-08-29T22:22:59Z,94.2184,103.2825,9.0642,0.0000,0.0000,7.7999,10.8633
2026-08-29T22:23:00Z,94.2184,103.2814,9.0630,0.0000,0.0000,7.8000,10.8633
2026-08-29T22:23:01Z,94.2580,103.3672,9.1091,0.0000,0.0000,7.8000,10.8499
2026-08-29T22:23:02Z,94.2580,103.3660,9.1080,0.0000,0.0000,7.8001,10.8499
2026-08-29T22:23:03Z,94.2397,103.3649,9.1252,0.0000,0.0000,7.8002,10.8499
2026-08-29T22:23:04Z,94.2397,103.3637,9.1240,0.0000,0.0000,7.8003,10.8499
2026-08-29T22:23:05Z,94.2397,103.2756,9.0359,0.0000,0.0000,7.8004,10.8633
2026-08-29T22:23:06Z,94.2397,103.2745,9.0348,0.0000,0.0000,7.8004,10.8633
2026-08-29T22:23:07Z,94.2260,103.2733,9.0474,0.0000,0.0000,7.8005,10.8633
2026-08-29T22:23:08Z,94.2260,103.2722,9.0462,0.0000,0.0000,7.8006,10.8633
2026-08-29T22:23:09Z,94.2275,103.4624,9.2349,0.0000,0.0000,7.8007,10.8339
2026-08-29T22:23:10Z,94.2275,103.4613,9.2338,0.0000,0.0000,7.8008,10.8339
2026-08-29T22:23:11Z,94.2321,103.4601,9.2280,0.0000,0.0000,7.8008,10.8339
2026-08-29T22:23:12Z,94.2321,103.4590,9.2269,0.0000,0.0000,7.8009,10.8339
2026-08-29T22:23:13Z,94.1863,103.3534,9.1671,0.0000,0.0000,7.8010,10.8499
2026-08-29T22:23:14Z,94.1863,103.3523,9.1659,0.0000,0.0000,7.8011,10.8499
2026-08-29T22:23:15Z,94.2260,103.4555,9.2296,0.0000,0.0000,7.8012,10.8339
2026-08-29T22:23:16Z,94.2260,103.4544,9.2284,0.0000,0.0000,7.8012,10.8339
2026-08-29T22:23:17Z,94.2260,103.4532,9.2273,0.0000,0.0000,7.8013,10.8339
2026-08-29T22:23:18Z,94.2260,103.4521,9.2261,0.0000,0.0000,7.8014,10.8339
2026-08-29T22:23:19Z,94.2000,103.1727,8.9727,0.0000,0.0000,7.8015,10.8766
2026-08-29T22:23:20Z,94.2000,103.1716,8.9716,0.0000,0.0000,7.8016,10.8766
2026-08-29T22:23:21Z,94.2184,103.3442,9.1259,0.0000,0.0000,7.8016,10.8499
2026-08-29T22:23:22Z,94.2184,103.3431,9.1247,0.0000,0.0000,7.8017,10.8499
2026-08-29T22:23:23Z,94.2779,103.3419,9.0641,0.0000,0.0000,7.8018,10.8499
2026-08-29T22:23:24Z,94.2779,103.3408,9.0629,0.0000,0.0000,7.8019,10.8499
2026-08-29T22:23:25Z,94.2000,103.4441,9.2440,0.0000,0.0000,7.8020,10.8339
2026-08-29T22:23:26Z,94.2000,103.4429,9.2429,0.0000,0.0000,7.8020,10.8339
2026-08-29T22:23:27Z,94.2168,103.3374,9.1205,0.0000,0.0000,7.8021,10.8499
2026-08-29T22:23:28Z,94.2168,103.3362,9.1194,0.0000,0.0000,7.8022,10.8499
2026-08-29T22:23:29Z,94.2367,103.3351,9.0984,0.0000,0.0000,7.8023,10.8499
2026-08-29T22:23:30Z,94.2367,103.3339,9.0973,0.0000,0.0000,7.8024,10.8499
2026-08-29T22:23:31Z,94.1939,103.3328,9.1388,0.0000,0.0000,7.8024,10.8499
2026-08-29T22:23:32Z,94.1939,103.3316,9.1377,0.0000,0.0000,7.8025,10.8499
2026-08-29T22:23:33Z,94.1939,103.3305,9.1365,0.0000,0.0000,7.8026,10.8499
2026-08-29T22:23:34Z,94.1939,103.3293,9.1354,0.0000,0.0000,7.8027,10.8499
2026-08-29T22:23:35Z,94.2580,103.3282,9.0702,0.0000,0.0000,7.8027,10.8499
2026-08-29T22:23:36Z,94.2580,103.3270,9.0690,0.0000,0.0000,7.8028,10.8499
2026-08-29T22:23:37Z,94.2458,103.5174,9.2716,0.0000,0.0000,7.8029,10.8206
2026-08-29T22:23:38Z,94.2458,103.5163,9.2704,0.0000,0.0000,7.8030,10.8206
2026-08-29T22:23:39Z,94.2367,103.4280,9.1914,0.0000,0.0000,7.8031,10.8339
2026-08-29T22:23:40Z,94.2367,103.4269,9.1902,0.0000,0.0000,7.8031,10.8339
2026-08-29T22:23:41Z,94.2321,103.4257,9.1936,0.0000,0.0000,7.8032,10.8339
2026-08-29T22:23:42Z,94.2321,103.4246,9.1925,0.0000,0.0000,7.8033,10.8339
2026-08-29T22:23:43Z,94.2046,103.2321,9.0275,0.0000,0.0000,7.8034,10.8633
2026-08-29T22:23:44Z,94.2046,103.2310,9.0264,0.0000,0.0000,7.8035,10.8633
2026-08-29T22:23:45Z,94.1909,103.3168,9.1259,0.0000,0.0000,7.8035,10.8499
2026-08-29T22:23:46Z,94.1909,103.3156,9.1247,0.0000,0.0000,7.8036,10.8499
2026-08-29T22:23:47Z,94.2214,103.4189,9.1975,0.0000,0.0000,7.8037,10.8339
2026-08-29T22:23:48Z,94.2214,103.4177,9.1963,0.0000,0.0000,7.8038,10.8339
2026-08-29T22:23:49Z,94.1985,103.3122,9.1137,0.0000,0.0000,7.8039,10.8499
2026-08-29T22:23:50Z,94.1985,103.3110,9.1125,0.0000,0.0000,7.8039,10.8499
2026-08-29T22:23:51Z,94.2367,103.4143,9.1776,0.0000,0.0000,7.8040,10.8339
2026-08-29T22:23:52Z,94.2367,103.4131,9.1765,0.0000,0.0000,7.8041,10.8339
2026-08-29T22:23:53Z,94.2260,103.4991,9.2731,0.0000,0.0000,7.8042,10.8206
2026-08-29T22:23:54Z,94.2260,103.4979,9.2719,0.0000,0.0000,7.8043,10.8206
2026-08-29T22:23:55Z,94.2443,103.3053,9.0610,0.0000,0.0000,7.8043,10.8499
2026-08-29T22:23:56Z,94.2443,103.3042,9.0599,0.0000,0.0000,7.8044,10.8499
2026-08-29T22:23:57Z,94.2321,103.4074,9.1753,0.0000,0.0000,7.8045,10.8339
2026-08-29T22:23:58Z,94.2321,103.4063,9.1742,0.0000,0.0000,7.8046,10.8339
2026-08-29T22:23:59Z,94.2123,103.3007,9.0885,0.0000,0.0000,7.8047,10.8499
2026-08-29T22:24:00Z,94.2123,103.2996,9.0874,0.0000,0.0000,7.8047,10.8499
2026-08-29T22:24:01Z,94.2260,103.4028,9.1769,0.0000,0.0000,7.8048,10.8339
2026-08-29T22:24:02Z,94.2260,103.4017,9.1757,0.0000,0.0000,7.8049,10.8339
2026-08-29T22:24:03Z,94.2046,103.4876,9.2830,0.0000,0.0000,7.8050,10.8206
2026-08-29T22:24:04Z,94.2046,103.4865,9.2819,0.0000,0.0000,7.8051,10.8206
2026-08-29T22:24:05Z,94.2168,103.3983,9.1814,0.0000,0.0000,7.8051,10.8339
2026-08-29T22:24:06Z,94.2168,103.3971,9.1803,0.0000,0.0000,7.8052,10.8339
2026-08-29T22:24:07Z,94.2260,103.3960,9.1700,0.0000,0.0000,7.8053,10.8339
2026-08-29T22:24:08Z,94.2260,103.3948,9.1689,0.0000,0.0000,7.8054,10.8339
2026-08-29T22:24:09Z,94.2214,103.3937,9.1723,0.0000,0.0000,7.8055,10.8339
2026-08-29T22:24:10Z,94.2214,103.3926,9.1711,0.0000,0.0000,7.8055,10.8339
2026-08-29T22:24:11Z,94.2184,103.2870,9.0687,0.0000,0.0000,7.8056,10.8499
2026-08-29T22:24:12Z,94.2184,103.2859,9.0675,0.0000,0.0000,7.8057,10.8499
2026-08-29T22:24:13Z,94.1909,103.4762,9.2853,0.0000,0.0000,7.8058,10.8206
2026-08-29T22:24:14Z,94.1909,103.4750,9.2842,0.0000,0.0000,7.8059,10.8206
2026-08-29T22:24:15Z,94.2000,103.3868,9.1868,0.0000,0.0000,7.8059,10.8339
2026-08-29T22:24:16Z,94.2000,103.3857,9.1857,0.0000,0.0000,7.8060,10.8339
2026-08-29T22:24:17Z,94.2000,103.4716,9.2716,0.0000,0.0000,7.8061,10.8206
2026-08-29T22:24:18Z,94.2000,103.4705,9.2704,0.0000,0.0000,7.8062,10.8206
2026-08-29T22:24:19Z,94.2168,103.4693,9.2525,0.0000,0.0000,7.8063,10.8206
2026-08-29T22:24:20Z,94.2168,103.4682,9.2514,0.0000,0.0000,7.8063,10.8206
2026-08-29T22:24:21Z,94.2260,103.3800,9.1540,0.0000,0.0000,7.8064,10.8339
2026-08-29T22:24:22Z,94.2260,103.3788,9.1529,0.0000,0.0000,7.8065,10.8339
2026-08-29T22:24:23Z,94.2000,103.2734,9.0733,0.0000,0.0000,7.8066,10.8499
2026-08-29T22:24:24Z,94.2000,103.2722,9.0722,0.0000,0.0000,7.8066,10.8499
2026-08-29T22:24:25Z,94.2214,103.2711,9.0497,0.0000,0.0000,7.8067,10.8499
2026-08-29T22:24:26Z,94.2214,103.2699,9.0485,0.0000,0.0000,7.8068,10.8499
2026-08-29T22:24:27Z,94.2000,103.4602,9.2601,0.0000,0.0000,7.8069,10.8206
2026-08-29T22:24:28Z,94.2000,103.4590,9.2590,0.0000,0.0000,7.8070,10.8206
2026-08-29T22:24:29Z,94.2321,103.4579,9.2258,0.0000,0.0000,7.8070,10.8206
2026-08-29T22:24:30Z,94.2321,103.4568,9.2247,0.0000,0.0000,7.8071,10.8206
2026-08-29T22:24:31Z,94.2214,103.3686,9.1472,0.0000,0.0000,7.8072,10.8339
2026-08-29T22:24:32Z,94.2214,103.3674,9.1460,0.0000,0.0000,7.8073,10.8339
2026-08-29T22:24:33Z,94.2000,103.3663,9.1663,0.0000,0.0000,7.8074,10.8339
2026-08-29T22:24:34Z,94.2000,103.3652,9.1651,0.0000,0.0000,7.8074,10.8339
2026-08-29T22:24:35Z,94.2092,103.4511,9.2419,0.0000,0.0000,7.8075,10.8206
2026-08-29T22:24:36Z,94.2092,103.4499,9.2407,0.0000,0.0000,7.8076,10.8206
2026-08-29T22:24:37Z,94.2123,103.4488,9.2365,0.0000,0.0000,7.8077,10.8206
2026-08-29T22:24:38Z,94.2123,103.4476,9.2354,0.0000,0.0000,7.8078,10.8206
2026-08-29T22:24:39Z,94.2123,103.3595,9.1472,0.0000,0.0000,7.8078,10.8339
2026-08-29T22:24:40Z,94.2123,103.3583,9.1461,0.0000,0.0000,7.8079,10.8339
2026-08-29T22:24:41Z,94.2000,103.4442,9.2442,0.0000,0.0000,7.8080,10.8206
2026-08-29T22:24:42Z,94.2000,103.4431,9.2430,0.0000,0.0000,7.8081,10.8206
2026-08-29T22:24:43Z,94.2123,103.4419,9.2297,0.0000,0.0000,7.8082,10.8206
2026-08-29T22:24:44Z,94.2123,103.4408,9.2285,0.0000,0.0000,7.8082,10.8206
2026-08-29T22:24:45Z,94.1863,103.4396,9.2533,0.0000,0.0000,7.8083,10.8206
2026-08-29T22:24:46Z,94.1863,103.4385,9.2522,0.0000,0.0000,7.8084,10.8206
2026-08-29T22:24:47Z,94.2000,103.4374,9.2373,0.0000,0.0000,7.8085,10.8206
2026-08-29T22:24:48Z,94.2000,103.4362,9.2362,0.0000,0.0000,7.8086,10.8206
2026-08-29T22:24:49Z,94.1939,103.4351,9.2411,0.0000,0.0000,7.8086,10.8206
2026-08-29T22:24:50Z,94.1939,103.4339,9.2400,0.0000,0.0000,7.8087,10.8206
2026-08-29T22:24:51Z,94.2000,103.5199,9.3199,0.0000,0.0000,7.8088,10.8072
2026-08-29T22:24:52Z,94.2000,103.5188,9.3187,0.0000,0.0000,7.8089,10.8072
2026-08-29T22:24:53Z,94.2092,103.4305,9.2213,0.0000,0.0000,7.8090,10.8206
2026-08-29T22:24:54Z,94.2092,103.4294,9.2202,0.0000,0.0000,7.8090,10.8206
2026-08-29T22:24:55Z,94.1726,103.4282,9.2557,0.0000,0.0000,7.8091,10.8206
2026-08-29T22:24:56Z,94.1726,103.4271,9.2545,0.0000,0.0000,7.8092,10.8206
2026-08-29T22:24:57Z,94.1863,103.5131,9.3268,0.0000,0.0000,7.8093,10.8072
2026-08-29T22:24:58Z,94.1863,103.5119,9.3256,0.0000,0.0000,7.8094,10.8072
2026-08-29T22:24:59Z,94.2046,103.4237,9.2191,0.0000,0.0000,7.8094,10.8206
2026-08-29T22:25:00Z,94.2046,103.4226,9.2179,0.0000,0.0000,7.8095,10.8206
2026-08-29T22:25:01Z,94.1939,103.4214,9.2275,0.0000,0.0000,7.8096,10.8206
2026-08-29T22:25:02Z,94.1939,103.4203,9.2263,0.0000,0.0000,7.8097,10.8206
2026-08-29T22:25:03Z,94.2092,103.4191,9.2099,0.0000,0.0000,7.8097,10.8206
2026-08-29T22:25:04Z,94.2092,103.4180,9.2088,0.0000,0.0000,7.8098,10.8206
2026-08-29T22:25:05Z,94.1985,103.5040,9.3054,0.0000,0.0000,7.8099,10.8072
2026-08-29T22:25:06Z,94.1985,103.5028,9.3043,0.0000,0.0000,7.8100,10.8072
2026-08-29T22:25:07Z,94.1939,103.5017,9.3077,0.0000,0.0000,7.8101,10.8072
2026-08-29T22:25:08Z,94.1939,103.5005,9.3066,0.0000,0.0000,7.8101,10.8072
2026-08-29T22:25:09Z,94.1863,103.3253,9.1390,0.0000,0.0000,7.8102,10.8339
2026-08-29T22:25:10Z,94.1863,103.3242,9.1378,0.0000,0.0000,7.8103,10.8339
2026-08-29T22:25:11Z,94.2367,103.4100,9.1734,0.0000,0.0000,7.8104,10.8206
2026-08-29T22:25:12Z,94.2367,103.4089,9.1722,0.0000,0.0000,7.8105,10.8206
2026-08-29T22:25:13Z,94.1985,103.4078,9.2092,0.0000,0.0000,7.8105,10.8206
2026-08-29T22:25:14Z,94.1985,103.4066,9.2081,0.0000,0.0000,7.8106,10.8206
2026-08-29T22:25:15Z,94.1573,103.6844,9.5271,0.0000,0.0000,7.8107,10.7778
2026-08-29T22:25:16Z,94.1573,103.6833,9.5260,0.0000,0.0000,7.8108,10.7778
2026-08-29T22:25:17Z,94.2184,103.3162,9.0978,0.0000,0.0000,7.8109,10.8339
2026-08-29T22:25:18Z,94.2184,103.3151,9.0967,0.0000,0.0000,7.8109,10.8339
2026-08-29T22:25:19Z,94.2184,103.4009,9.1826,0.0000,0.0000,7.8110,10.8206
2026-08-29T22:25:20Z,94.2184,103.3998,9.1814,0.0000,0.0000,7.8111,10.8206
2026-08-29T22:25:21Z,94.2092,103.3987,9.1894,0.0000,0.0000,7.8112,10.8206
2026-08-29T22:25:22Z,94.2092,103.3975,9.1883,0.0000,0.0000,7.8113,10.8206
2026-08-29T22:25:23Z,94.1665,103.5706,9.4041,0.0000,0.0000,7.8113,10.7939
2026-08-29T22:25:24Z,94.1665,103.5695,9.4030,0.0000,0.0000,7.8114,10.7939
2026-08-29T22:25:25Z,94.2214,103.3941,9.1727,0.0000,0.0000,7.8115,10.8206
2026-08-29T22:25:26Z,94.2214,103.3930,9.1716,0.0000,0.0000,7.8116,10.8206
2026-08-29T22:25:27Z,94.1634,103.3918,9.2284,0.0000,0.0000,7.8117,10.8206
2026-08-29T22:25:28Z,94.1634,103.3907,9.2273,0.0000,0.0000,7.8117,10.8206
2026-08-29T22:25:29Z,94.1985,103.4766,9.2781,0.0000,0.0000,7.8118,10.8072
2026-08-29T22:25:30Z,94.1985,103.4755,9.2770,0.0000,0.0000,7.8119,10.8072
2026-08-29T22:25:31Z,94.2260,103.4744,9.2484,0.0000,0.0000,7.8120,10.8072
2026-08-29T22:25:32Z,94.2260,103.4732,9.2472,0.0000,0.0000,7.8121,10.8072
2026-08-29T22:25:33Z,94.1939,103.5592,9.3653,0.0000,0.0000,7.8121,10.7939
2026-08-29T22:25:34Z,94.1939,103.5581,9.3641,0.0000,0.0000,7.8122,10.7939
2026-08-29T22:25:35Z,94.2214,103.4698,9.2484,0.0000,0.0000,7.8123,10.8072
2026-08-29T22:25:36Z,94.2214,103.4687,9.2473,0.0000,0.0000,7.8124,10.8072
2026-08-29T22:25:37Z,94.1848,103.5547,9.3699,0.0000,0.0000,7.8124,10.7939
2026-08-29T22:25:38Z,94.1848,103.5535,9.3688,0.0000,0.0000,7.8125,10.7939
2026-08-29T22:25:39Z,94.1939,103.4653,9.2713,0.0000,0.0000,7.8126,10.8072
2026-08-29T22:25:40Z,94.1939,103.4641,9.2702,0.0000,0.0000,7.8127,10.8072
2026-08-29T22:25:41Z,94.1909,103.4630,9.2721,0.0000,0.0000,7.8128,10.8072
2026-08-29T22:25:42Z,94.1909,103.4618,9.2710,0.0000,0.0000,7.8128,10.8072
2026-08-29T22:25:43Z,94.1848,103.5479,9.3631,0.0000,0.0000,7.8129,10.7939
2026-08-29T22:25:44Z,94.1848,103.5467,9.3619,0.0000,0.0000,7.8130,10.7939
2026-08-29T22:25:45Z,94.2367,103.4584,9.2218,0.0000,0.0000,7.8131,10.8072
2026-08-29T22:25:46Z,94.2367,103.4573,9.2206,0.0000,0.0000,7.8132,10.8072
2026-08-29T22:25:47Z,94.1939,103.6480,9.4540,0.0000,0.0000,7.8132,10.7778
2026-08-29T22:25:48Z,94.1939,103.6468,9.4529,0.0000,0.0000,7.8133,10.7778
2026-08-29T22:25:49Z,94.2138,103.3668,9.1531,0.0000,0.0000,7.8134,10.8206
2026-08-29T22:25:50Z,94.2138,103.3657,9.1519,0.0000,0.0000,7.8135,10.8206
2026-08-29T22:25:51Z,94.2046,103.4516,9.2470,0.0000,0.0000,7.8136,10.8072
2026-08-29T22:25:52Z,94.2046,103.4505,9.2459,0.0000,0.0000,7.8136,10.8072
2026-08-29T22:25:53Z,94.2260,103.3623,9.1363,0.0000,0.0000,7.8137,10.8206
2026-08-29T22:25:54Z,94.2260,103.3612,9.1352,0.0000,0.0000,7.8138,10.8206
2026-08-29T22:25:55Z,94.2092,103.5342,9.3250,0.0000,0.0000,7.8139,10.7939
2026-08-29T22:25:56Z,94.2092,103.5331,9.3239,0.0000,0.0000,7.8140,10.7939
2026-08-29T22:25:57Z,94.1802,103.3578,9.1776,0.0000,0.0000,7.8140,10.8206
2026-08-29T22:25:58Z,94.1802,103.3566,9.1764,0.0000,0.0000,7.8141,10.8206
2026-08-29T22:25:59Z,94.2214,103.6343,9.4129,0.0000,0.0000,7.8142,10.7778
2026-08-29T22:26:00Z,94.2214,103.6332,9.4118,0.0000,0.0000,7.8143,10.7778
2026-08-29T22:26:01Z,94.1848,103.6321,9.4473,0.0000,0.0000,7.8144,10.7778
2026-08-29T22:26:02Z,94.1848,103.6309,9.4461,0.0000,0.0000,7.8144,10.7778
2026-08-29T22:26:03Z,94.1939,103.4380,9.2441,0.0000,0.0000,7.8145,10.8072
2026-08-29T22:26:04Z,94.1939,103.4369,9.2429,0.0000,0.0000,7.8146,10.8072
2026-08-29T22:26:05Z,94.2138,103.6275,9.4137,0.0000,0.0000,7.8147,10.7778
2026-08-29T22:26:06Z,94.2138,103.6264,9.4126,0.0000,0.0000,7.8147,10.7778
2026-08-29T22:26:07Z,94.2367,103.5206,9.2839,0.0000,0.0000,7.8148,10.7939
2026-08-29T22:26:08Z,94.2367,103.5195,9.2828,0.0000,0.0000,7.8149,10.7939
2026-08-29T22:26:09Z,94.2123,103.5183,9.3061,0.0000,0.0000,7.8150,10.7939
2026-08-29T22:26:10Z,94.2123,103.5172,9.3049,0.0000,0.0000,7.8151,10.7939
2026-08-29T22:26:11Z,94.2214,103.3419,9.1205,0.0000,0.0000,7.8151,10.8206
2026-08-29T22:26:12Z,94.2214,103.3408,9.1194,0.0000,0.0000,7.8152,10.8206
2026-08-29T22:26:13Z,94.1726,103.4267,9.2541,0.0000,0.0000,7.8153,10.8072
2026-08-29T22:26:14Z,94.1726,103.4255,9.2530,0.0000,0.0000,7.8154,10.8072
2026-08-29T22:26:15Z,94.2123,103.5115,9.2993,0.0000,0.0000,7.8155,10.7939
2026-08-29T22:26:16Z,94.2123,103.5104,9.2981,0.0000,0.0000,7.8155,10.7939
2026-08-29T22:26:17Z,94.2046,103.5092,9.3046,0.0000,0.0000,7.8156,10.7939
2026-08-29T22:26:18Z,94.2046,103.5081,9.3035,0.0000,0.0000,7.8157,10.7939
2026-08-29T22:26:19Z,94.1939,103.6116,9.4177,0.0000,0.0000,7.8158,10.7778
2026-08-29T22:26:20Z,94.1939,103.6105,9.4165,0.0000,0.0000,7.8159,10.7778
2026-08-29T22:26:21Z,94.1909,103.6093,9.4185,0.0000,0.0000,7.8159,10.7778
2026-08-29T22:26:22Z,94.1909,103.6082,9.4173,0.0000,0.0000,7.8160,10.7778
2026-08-29T22:26:23Z,94.1848,103.5024,9.3177,0.0000,0.0000,7.8161,10.7939
2026-08-29T22:26:24Z,94.1848,103.5013,9.3165,0.0000,0.0000,7.8162,10.7939
2026-08-29T22:26:25Z,94.2046,103.5002,9.2955,0.0000,0.0000,7.8163,10.7939
2026-08-29T22:26:26Z,94.2046,103.4990,9.2944,0.0000,0.0000,7.8163,10.7939
2026-08-29T22:26:27Z,94.2275,103.6025,9.3750,0.0000,0.0000,7.8164,10.7778
2026-08-29T22:26:28Z,94.2275,103.6014,9.3739,0.0000,0.0000,7.8165,10.7778
2026-08-29T22:26:29Z,94.1909,103.6003,9.4094,0.0000,0.0000,7.8166,10.7778
2026-08-29T22:26:30Z,94.1909,103.5991,9.4082,0.0000,0.0000,7.8166,10.7778
2026-08-29T22:26:31Z,94.1680,103.4934,9.3254,0.0000,0.0000,7.8167,10.7939
2026-08-29T22:26:32Z,94.1680,103.4922,9.3242,0.0000,0.0000,7.8168,10.7939
2026-08-29T22:26:33Z,94.1619,103.4040,9.2421,0.0000,0.0000,7.8169,10.8072
2026-08-29T22:26:34Z,94.1619,103.4029,9.2410,0.0000,0.0000,7.8170,10.8072
2026-08-29T22:26:35Z,94.2123,103.3147,9.1025,0.0000,0.0000,7.8170,10.8206
2026-08-29T22:26:36Z,94.2123,103.3136,9.1014,0.0000,0.0000,7.8171,10.8206
2026-08-29T22:26:37Z,94.1756,103.5912,9.4156,0.0000,0.0000,7.8172,10.7778
2026-08-29T22:26:38Z,94.1756,103.5901,9.4144,0.0000,0.0000,7.8173,10.7778
2026-08-29T22:26:39Z,94.1985,103.5889,9.3904,0.0000,0.0000,7.8174,10.7778
2026-08-29T22:26:40Z,94.1985,103.5878,9.3893,0.0000,0.0000,7.8174,10.7778
2026-08-29T22:26:41Z,94.1863,103.4821,9.2957,0.0000,0.0000,7.8175,10.7939
2026-08-29T22:26:42Z,94.1863,103.4809,9.2946,0.0000,0.0000,7.8176,10.7939
2026-08-29T22:26:43Z,94.2123,103.4798,9.2675,0.0000,0.0000,7.8177,10.7939
2026-08-29T22:26:44Z,94.2123,103.4787,9.2664,0.0000,0.0000,7.8178,10.7939
2026-08-29T22:26:45Z,94.1680,103.4775,9.3095,0.0000,0.0000,7.8178,10.7939
2026-08-29T22:26:46Z,94.1680,103.4764,9.3084,0.0000,0.0000,7.8179,10.7939
2026-08-29T22:26:47Z,94.1848,103.3882,9.2034,0.0000,0.0000,7.8180,10.8072
2026-08-29T22:26:48Z,94.1848,103.3870,9.2023,0.0000,0.0000,7.8181,10.8072
2026-08-29T22:26:49Z,94.2046,103.5776,9.3730,0.0000,0.0000,7.8182,10.7778
2026-08-29T22:26:50Z,94.2046,103.5765,9.3718,0.0000,0.0000,7.8182,10.7778
2026-08-29T22:26:51Z,94.1939,103.4707,9.2768,0.0000,0.0000,7.8183,10.7939
2026-08-29T22:26:52Z,94.1939,103.4696,9.2757,0.0000,0.0000,7.8184,10.7939
2026-08-29T22:26:53Z,94.2123,103.5731,9.3608,0.0000,0.0000,7.8185,10.7778
2026-08-29T22:26:54Z,94.2123,103.5719,9.3597,0.0000,0.0000,7.8186,10.7778
2026-08-29T22:26:55Z,94.1756,103.5708,9.3952,0.0000,0.0000,7.8186,10.7778
2026-08-29T22:26:56Z,94.1756,103.5697,9.3940,0.0000,0.0000,7.8187,10.7778
2026-08-29T22:26:57Z,94.1909,103.6558,9.4649,0.0000,0.0000,7.8188,10.7645
2026-08-29T22:26:58Z,94.1909,103.6547,9.4638,0.0000,0.0000,7.8189,10.7645
2026-08-29T22:26:59Z,94.2123,103.5663,9.3540,0.0000,0.0000,7.8189,10.7778
2026-08-29T22:27:00Z,94.2123,103.5652,9.3529,0.0000,0.0000,7.8190,10.7778
2026-08-29T22:27:01Z,94.2077,103.6513,9.4436,0.0000,0.0000,7.8191,10.7645
2026-08-29T22:27:02Z,94.2077,103.6501,9.4425,0.0000,0.0000,7.8192,10.7645
2026-08-29T22:27:03Z,94.1909,103.6490,9.4581,0.0000,0.0000,7.8193,10.7645
2026-08-29T22:27:04Z,94.1909,103.6479,9.4570,0.0000,0.0000,7.8193,10.7645
2026-08-29T22:27:05Z,94.1985,103.5595,9.3610,0.0000,0.0000,7.8194,10.7778
2026-08-29T22:27:06Z,94.1985,103.5584,9.3598,0.0000,0.0000,7.8195,10.7778
2026-08-29T22:27:07Z,94.2138,103.5572,9.3435,0.0000,0.0000,7.8196,10.7778
2026-08-29T22:27:08Z,94.2138,103.5561,9.3423,0.0000,0.0000,7.8197,10.7778
2026-08-29T22:27:09Z,94.1909,103.4504,9.2595,0.0000,0.0000,7.8197,10.7939
2026-08-29T22:27:10Z,94.1909,103.4493,9.2584,0.0000,0.0000,7.8198,10.7939
2026-08-29T22:27:11Z,94.1909,103.6400,9.4491,0.0000,0.0000,7.8199,10.7645
2026-08-29T22:27:12Z,94.1909,103.6388,9.4479,0.0000,0.0000,7.8200,10.7645
2026-08-29T22:27:13Z,94.1634,103.3588,9.1954,0.0000,0.0000,7.8201,10.8072
2026-08-29T22:27:14Z,94.1634,103.3577,9.1943,0.0000,0.0000,7.8201,10.8072
2026-08-29T22:27:15Z,94.2138,103.4436,9.2298,0.0000,0.0000,7.8202,10.7939
2026-08-29T22:27:16Z,94.2138,103.4425,9.2287,0.0000,0.0000,7.8203,10.7939
2026-08-29T22:27:17Z,94.1909,103.6332,9.4423,0.0000,0.0000,7.8204,10.7645
2026-08-29T22:27:18Z,94.1909,103.6320,9.4411,0.0000,0.0000,7.8205,10.7645
2026-08-29T22:27:19Z,94.2260,103.5437,9.3177,0.0000,0.0000,7.8205,10.7778
2026-08-29T22:27:20Z,94.2260,103.5425,9.3166,0.0000,0.0000,7.8206,10.7778
2026-08-29T22:27:21Z,94.2077,103.6286,9.4210,0.0000,0.0000,7.8207,10.7645
2026-08-29T22:27:22Z,94.2077,103.6275,9.4198,0.0000,0.0000,7.8208,10.7645
2026-08-29T22:27:23Z,94.1985,103.6264,9.4279,0.0000,0.0000,7.8208,10.7645
2026-08-29T22:27:24Z,94.1985,103.6253,9.4267,0.0000,0.0000,7.8209,10.7645
2026-08-29T22:27:25Z,94.2031,103.4323,9.2292,0.0000,0.0000,7.8210,10.7939
2026-08-29T22:27:26Z,94.2031,103.4312,9.2281,0.0000,0.0000,7.8211,10.7939
2026-08-29T22:27:27Z,94.1802,103.6219,9.4417,0.0000,0.0000,7.8212,10.7645
2026-08-29T22:27:28Z,94.1802,103.6207,9.4405,0.0000,0.0000,7.8212,10.7645
2026-08-29T22:27:29Z,94.2031,103.6196,9.4165,0.0000,0.0000,7.8213,10.7645
2026-08-29T22:27:30Z,94.2031,103.6185,9.4154,0.0000,0.0000,7.8214,10.7645
2026-08-29T22:27:31Z,94.1939,103.6173,9.4234,0.0000,0.0000,7.8215,10.7645
2026-08-29T22:27:32Z,94.1939,103.6162,9.4223,0.0000,0.0000,7.8216,10.7645
2026-08-29T22:27:33Z,94.2031,103.5279,9.3248,0.0000,0.0000,7.8216,10.7778
2026-08-29T22:27:34Z,94.2031,103.5267,9.3236,0.0000,0.0000,7.8217,10.7778
2026-08-29T22:27:35Z,94.2077,103.6128,9.4052,0.0000,0.0000,7.8218,10.7645
2026-08-29T22:27:36Z,94.2077,103.6117,9.4040,0.0000,0.0000,7.8219,10.7645
2026-08-29T22:27:37Z,94.1726,103.5234,9.3508,0.0000,0.0000,7.8220,10.7778
2026-08-29T22:27:38Z,94.1726,103.5222,9.3496,0.0000,0.0000,7.8220,10.7778
2026-08-29T22:27:39Z,94.1756,103.5211,9.3455,0.0000,0.0000,7.8221,10.7778
2026-08-29T22:27:40Z,94.1756,103.5200,9.3443,0.0000,0.0000,7.8222,10.7778
2026-08-29T22:27:41Z,94.2077,103.6061,9.3984,0.0000,0.0000,7.8223,10.7645
2026-08-29T22:27:42Z,94.2077,103.6049,9.3972,0.0000,0.0000,7.8224,10.7645
2026-08-29T22:27:43Z,94.2031,103.5166,9.3135,0.0000,0.0000,7.8224,10.7778
2026-08-29T22:27:44Z,94.2031,103.5155,9.3124,0.0000,0.0000,7.8225,10.7778
2026-08-29T22:27:45Z,94.1863,103.5143,9.3280,0.0000,0.0000,7.8226,10.7778
2026-08-29T22:27:46Z,94.1863,103.5132,9.3269,0.0000,0.0000,7.8227,10.7778
2026-08-29T22:27:47Z,94.2077,103.5993,9.3916,0.0000,0.0000,7.8227,10.7645
2026-08-29T22:27:48Z,94.2077,103.5982,9.3905,0.0000,0.0000,7.8228,10.7645
2026-08-29T22:27:49Z,94.1863,103.6843,9.4980,0.0000,0.0000,7.8229,10.7511
2026-08-29T22:27:50Z,94.1863,103.6832,9.4969,0.0000,0.0000,7.8230,10.7511
2026-08-29T22:27:51Z,94.2184,103.5076,9.2892,0.0000,0.0000,7.8231,10.7778
2026-08-29T22:27:52Z,94.2184,103.5064,9.2881,0.0000,0.0000,7.8231,10.7778
2026-08-29T22:27:53Z,94.2184,103.5053,9.2870,0.0000,0.0000,7.8232,10.7778
2026-08-29T22:27:54Z,94.2184,103.5042,9.2858,0.0000,0.0000,7.8233,10.7778
2026-08-29T22:27:55Z,94.1817,103.5903,9.4085,0.0000,0.0000,7.8234,10.7645
2026-08-29T22:27:56Z,94.1817,103.5891,9.4074,0.0000,0.0000,7.8235,10.7645
2026-08-29T22:27:57Z,94.2000,103.5880,9.3880,0.0000,0.0000,7.8235,10.7645
2026-08-29T22:27:58Z,94.2000,103.5869,9.3868,0.0000,0.0000,7.8236,10.7645
2026-08-29T22:27:59Z,94.1939,103.6730,9.4791,0.0000,0.0000,7.8237,10.7511
2026-08-29T22:28:00Z,94.1939,103.6719,9.4780,0.0000,0.0000,7.8238,10.7511
2026-08-29T22:28:01Z,94.2214,103.5835,9.3621,0.0000,0.0000,7.8239,10.7645
2026-08-29T22:28:02Z,94.2214,103.5824,9.3610,0.0000,0.0000,7.8239,10.7645
2026-08-29T22:28:03Z,94.1817,103.5812,9.3995,0.0000,0.0000,7.8240,10.7645
2026-08-29T22:28:04Z,94.1817,103.5801,9.3984,0.0000,0.0000,7.8241,10.7645
2026-08-29T22:28:05Z,94.2031,103.6663,9.4632,0.0000,0.0000,7.8242,10.7511
2026-08-29T22:28:06Z,94.2031,103.6651,9.4620,0.0000,0.0000,7.8242,10.7511
2026-08-29T22:28:07Z,94.1665,103.6640,9.4975,0.0000,0.0000,7.8243,10.7511
2026-08-29T22:28:08Z,94.1665,103.6629,9.4964,0.0000,0.0000,7.8244,10.7511
2026-08-29T22:28:09Z,94.1909,103.6618,9.4709,0.0000,0.0000,7.8245,10.7511
2026-08-29T22:28:10Z,94.1909,103.6606,9.4697,0.0000,0.0000,7.8246,10.7511
2026-08-29T22:28:11Z,94.1543,103.4851,9.3308,0.0000,0.0000,7.8246,10.7778
2026-08-29T22:28:12Z,94.1543,103.4839,9.3297,0.0000,0.0000,7.8247,10.7778
2026-08-29T22:28:13Z,94.1939,103.6572,9.4633,0.0000,0.0000,7.8248,10.7511
2026-08-29T22:28:14Z,94.1939,103.6561,9.4622,0.0000,0.0000,7.8249,10.7511
2026-08-29T22:28:15Z,94.2092,103.5677,9.3585,0.0000,0.0000,7.8250,10.7645
2026-08-29T22:28:16Z,94.2092,103.5666,9.3574,0.0000,0.0000,7.8250,10.7645
2026-08-29T22:28:17Z,94.1619,103.5655,9.4036,0.0000,0.0000,7.8251,10.7645
2026-08-29T22:28:18Z,94.1619,103.5644,9.4025,0.0000,0.0000,7.8252,10.7645
2026-08-29T22:28:19Z,94.1802,103.5632,9.3830,0.0000,0.0000,7.8253,10.7645
2026-08-29T22:28:20Z,94.1802,103.5621,9.3819,0.0000,0.0000,7.8254,10.7645
2026-08-29T22:28:21Z,94.1756,103.7356,9.5599,0.0000,0.0000,7.8254,10.7378
2026-08-29T22:28:22Z,94.1756,103.7344,9.5588,0.0000,0.0000,7.8255,10.7378
2026-08-29T22:28:23Z,94.1909,103.6460,9.4551,0.0000,0.0000,7.8256,10.7511
2026-08-29T22:28:24Z,94.1909,103.6449,9.4540,0.0000,0.0000,7.8257,10.7511
2026-08-29T22:28:25Z,94.1817,103.6437,9.4620,0.0000,0.0000,7.8257,10.7511
2026-08-29T22:28:26Z,94.1817,103.6426,9.4609,0.0000,0.0000,7.8258,10.7511
2026-08-29T22:28:27Z,94.2000,103.5542,9.3542,0.0000,0.0000,7.8259,10.7645
2026-08-29T22:28:28Z,94.2000,103.5531,9.3531,0.0000,0.0000,7.8260,10.7645
2026-08-29T22:28:29Z,94.1863,103.5520,9.3657,0.0000,0.0000,7.8261,10.7645
2026-08-29T22:28:30Z,94.1863,103.5509,9.3645,0.0000,0.0000,7.8261,10.7645
2026-08-29T22:28:31Z,94.2077,103.7243,9.5166,0.0000,0.0000,7.8262,10.7378
2026-08-29T22:28:32Z,94.2077,103.7232,9.5155,0.0000,0.0000,7.8263,10.7378
2026-08-29T22:28:33Z,94.1543,103.5475,9.3932,0.0000,0.0000,7.8264,10.7645
2026-08-29T22:28:34Z,94.1543,103.5464,9.3921,0.0000,0.0000,7.8265,10.7645
2026-08-29T22:28:35Z,94.1817,103.6325,9.4507,0.0000,0.0000,7.8265,10.7511
2026-08-29T22:28:36Z,94.1817,103.6314,9.4496,0.0000,0.0000,7.8266,10.7511
2026-08-29T22:28:37Z,94.1863,103.6302,9.4439,0.0000,0.0000,7.8267,10.7511
2026-08-29T22:28:38Z,94.1863,103.6291,9.4428,0.0000,0.0000,7.8268,10.7511
2026-08-29T22:28:39Z,94.1817,103.6280,9.4462,0.0000,0.0000,7.8269,10.7511
2026-08-29T22:28:40Z,94.1817,103.6269,9.4451,0.0000,0.0000,7.8269,10.7511
2026-08-29T22:28:41Z,94.1817,103.7131,9.5313,0.0000,0.0000,7.8270,10.7378
2026-08-29T22:28:42Z,94.1817,103.7119,9.5302,0.0000,0.0000,7.8271,10.7378
2026-08-29T22:28:43Z,94.1680,103.7108,9.5428,0.0000,0.0000,7.8272,10.7378
2026-08-29T22:28:44Z,94.1680,103.7097,9.5417,0.0000,0.0000,7.8272,10.7378
2026-08-29T22:28:45Z,94.1955,103.8134,9.6180,0.0000,0.0000,7.8273,10.7218
2026-08-29T22:28:46Z,94.1955,103.8123,9.6169,0.0000,0.0000,7.8274,10.7218
2026-08-29T22:28:47Z,94.2138,103.6190,9.4052,0.0000,0.0000,7.8275,10.7511
2026-08-29T22:28:48Z,94.2138,103.6179,9.4041,0.0000,0.0000,7.8276,10.7511
2026-08-29T22:28:49Z,94.1909,103.7041,9.5132,0.0000,0.0000,7.8276,10.7378
2026-08-29T22:28:50Z,94.1909,103.7029,9.5120,0.0000,0.0000,7.8277,10.7378
2026-08-29T22:28:51Z,94.2000,103.8067,9.6066,0.0000,0.0000,7.8278,10.7218
2026-08-29T22:28:52Z,94.2000,103.8056,9.6055,0.0000,0.0000,7.8279,10.7218
2026-08-29T22:28:53Z,94.2000,103.6996,9.4995,0.0000,0.0000,7.8280,10.7378
2026-08-29T22:28:54Z,94.2000,103.6984,9.4984,0.0000,0.0000,7.8280,10.7378
2026-08-29T22:28:55Z,94.1680,103.6973,9.5293,0.0000,0.0000,7.8281,10.7378
2026-08-29T22:28:56Z,94.1680,103.6962,9.5282,0.0000,0.0000,7.8282,10.7378
2026-08-29T22:28:57Z,94.1665,103.6078,9.4413,0.0000,0.0000,7.8283,10.7511
2026-08-29T22:28:58Z,94.1665,103.6066,9.4402,0.0000,0.0000,7.8284,10.7511
2026-08-29T22:28:59Z,94.1955,103.6928,9.4973,0.0000,0.0000,7.8284,10.7378
2026-08-29T22:29:00Z,94.1955,103.6917,9.4962,0.0000,0.0000,7.8285,10.7378
2026-08-29T22:29:01Z,94.1665,103.6906,9.5241,0.0000,0.0000,7.8286,10.7378
2026-08-29T22:29:02Z,94.1665,103.6894,9.5230,0.0000,0.0000,7.8287,10.7378
2026-08-29T22:29:03Z,94.1802,103.6883,9.5081,0.0000,0.0000,7.8287,10.7378
2026-08-29T22:29:04Z,94.1802,103.6872,9.5070,0.0000,0.0000,7.8288,10.7378
2026-08-29T22:29:05Z,94.1939,103.6861,9.4921,0.0000,0.0000,7.8289,10.7378
2026-08-29T22:29:06Z,94.1939,103.6850,9.4910,0.0000,0.0000,7.8290,10.7378
2026-08-29T22:29:07Z,94.1909,103.6838,9.4929,0.0000,0.0000,7.8291,10.7378
2026-08-29T22:29:08Z,94.1909,103.6827,9.4918,0.0000,0.0000,7.8291,10.7378
2026-08-29T22:29:09Z,94.1482,103.7865,9.6383,0.0000,0.0000,7.8292,10.7218
2026-08-29T22:29:10Z,94.1482,103.7853,9.6372,0.0000,0.0000,7.8293,10.7218
2026-08-29T22:29:11Z,94.1817,103.6793,9.4976,0.0000,0.0000,7.8294,10.7378
2026-08-29T22:29:12Z,94.1817,103.6782,9.4965,0.0000,0.0000,7.8295,10.7378
2026-08-29T22:29:13Z,94.1756,103.6771,9.5015,0.0000,0.0000,7.8295,10.7378
2026-08-29T22:29:14Z,94.1756,103.6760,9.5003,0.0000,0.0000,7.8296,10.7378
2026-08-29T22:29:15Z,94.1543,103.8672,9.7129,0.0000,0.0000,7.8297,10.7084
2026-08-29T22:29:16Z,94.1543,103.8661,9.7118,0.0000,0.0000,7.8298,10.7084
2026-08-29T22:29:17Z,94.1665,103.6726,9.5061,0.0000,0.0000,7.8299,10.7378
2026-08-29T22:29:18Z,94.1665,103.6715,9.5050,0.0000,0.0000,7.8299,10.7378
2026-08-29T22:29:19Z,94.2092,103.6704,9.4612,0.0000,0.0000,7.8300,10.7378
2026-08-29T22:29:20Z,94.2092,103.6692,9.4600,0.0000,0.0000,7.8301,10.7378
2026-08-29T22:29:21Z,94.1665,103.8604,9.6940,0.0000,0.0000,7.8302,10.7084
2026-08-29T22:29:22Z,94.1665,103.8593,9.6928,0.0000,0.0000,7.8302,10.7084
2026-08-29T22:29:23Z,94.1863,103.6659,9.4796,0.0000,0.0000,7.8303,10.7378
2026-08-29T22:29:24Z,94.1863,103.6648,9.4784,0.0000,0.0000,7.8304,10.7378
2026-08-29T22:29:25Z,94.1955,103.4892,9.2937,0.0000,0.0000,7.8305,10.7645
2026-08-29T22:29:26Z,94.1955,103.4880,9.2926,0.0000,0.0000,7.8306,10.7645
2026-08-29T22:29:27Z,94.1726,103.7662,9.5937,0.0000,0.0000,7.8306,10.7218
2026-08-29T22:29:28Z,94.1726,103.7651,9.5925,0.0000,0.0000,7.8307,10.7218
2026-08-29T22:29:29Z,94.1726,103.7640,9.5914,0.0000,0.0000,7.8308,10.7218
2026-08-29T22:29:30Z,94.1726,103.7629,9.5903,0.0000,0.0000,7.8309,10.7218
2026-08-29T22:29:31Z,94.1817,103.5696,9.3879,0.0000,0.0000,7.8310,10.7511
2026-08-29T22:29:32Z,94.1817,103.5685,9.3868,0.0000,0.0000,7.8310,10.7511
2026-08-29T22:29:33Z,94.1680,103.7595,9.5915,0.0000,0.0000,7.8311,10.7218
2026-08-29T22:29:34Z,94.1680,103.7584,9.5904,0.0000,0.0000,7.8312,10.7218
2026-08-29T22:29:35Z,94.1543,103.6524,9.4982,0.0000,0.0000,7.8313,10.7378
2026-08-29T22:29:36Z,94.1543,103.6513,9.4970,0.0000,0.0000,7.8314,10.7378
2026-08-29T22:29:37Z,94.1802,103.5629,9.3827,0.0000,0.0000,7.8314,10.7511
2026-08-29T22:29:38Z,94.1802,103.5618,9.3816,0.0000,0.0000,7.8315,10.7511
2026-08-29T22:29:39Z,94.1909,103.8402,9.6493,0.0000,0.0000,7.8316,10.7084
2026-08-29T22:29:40Z,94.1909,103.8391,9.6482,0.0000,0.0000,7.8317,10.7084
2026-08-29T22:29:41Z,94.1619,103.6457,9.4838,0.0000,0.0000,7.8317,10.7378
2026-08-29T22:29:42Z,94.1619,103.6446,9.4827,0.0000,0.0000,7.8318,10.7378
2026-08-29T22:29:43Z,94.1726,103.7483,9.5757,0.0000,0.0000,7.8319,10.7218
2026-08-29T22:29:44Z,94.1726,103.7472,9.5746,0.0000,0.0000,7.8320,10.7218
2026-08-29T22:29:45Z,94.1756,103.7461,9.5704,0.0000,0.0000,7.8321,10.7218
2026-08-29T22:29:46Z,94.1756,103.7449,9.5693,0.0000,0.0000,7.8321,10.7218
2026-08-29T22:29:47Z,94.1726,103.8313,9.6587,0.0000,0.0000,7.8322,10.7084
2026-08-29T22:29:48Z,94.1726,103.8301,9.6576,0.0000,0.0000,7.8323,10.7084
2026-08-29T22:29:49Z,94.1680,103.7416,9.5736,0.0000,0.0000,7.8324,10.7218
2026-08-29T22:29:50Z,94.1680,103.7405,9.5724,0.0000,0.0000,7.8325,10.7218
2026-08-29T22:29:51Z,94.1909,103.6345,9.4436,0.0000,0.0000,7.8325,10.7378
2026-08-29T22:29:52Z,94.1909,103.6334,9.4425,0.0000,0.0000,7.8326,10.7378
2026-08-29T22:29:53Z,94.1573,103.5450,9.3877,0.0000,0.0000,7.8327,10.7511
2026-08-29T22:29:54Z,94.1573,103.5439,9.3866,0.0000,0.0000,7.8328,10.7511
2026-08-29T22:29:55Z,94.1756,103.5428,9.3672,0.0000,0.0000,7.8329,10.7511
2026-08-29T22:29:56Z,94.1756,103.5417,9.3660,0.0000,0.0000,7.8329,10.7511
2026-08-29T22:29:57Z,94.2184,103.6278,9.4094,0.0000,0.0000,7.8330,10.7378
2026-08-29T22:29:58Z,94.2184,103.6267,9.4083,0.0000,0.0000,7.8331,10.7378
2026-08-29T22:29:59Z,94.1619,103.6256,9.4637,0.0000,0.0000,7.8332,10.7378
2026-08-29T22:30:00Z,94.1619,103.6244,9.4625,0.0000,0.0000,7.8332,10.7378
2026-08-29T22:30:01Z,94.1894,103.7281,9.5388,0.0000,0.0000,7.8333,10.7218
2026-08-29T22:30:02Z,94.1894,103.7270,9.5377,0.0000,0.0000,7.8334,10.7218
2026-08-29T22:30:03Z,94.1665,103.7259,9.5594,0.0000,0.0000,7.8335,10.7218
2026-08-29T22:30:04Z,94.1665,103.7248,9.5583,0.0000,0.0000,7.8336,10.7218
2026-08-29T22:30:05Z,94.1619,103.7237,9.5618,0.0000,0.0000,7.8336,10.7218
2026-08-29T22:30:06Z,94.1619,103.7225,9.5606,0.0000,0.0000,7.8337,10.7218
2026-08-29T22:30:07Z,94.1680,103.6166,9.4486,0.0000,0.0000,7.8338,10.7378
2026-08-29T22:30:08Z,94.1680,103.6155,9.4475,0.0000,0.0000,7.8339,10.7378
2026-08-29T22:30:09Z,94.1497,103.8066,9.6569,0.0000,0.0000,7.8340,10.7084
2026-08-29T22:30:10Z,94.1497,103.8055,9.6558,0.0000,0.0000,7.8340,10.7084
2026-08-29T22:30:11Z,94.1802,103.7169,9.5367,0.0000,0.0000,7.8341,10.7218
2026-08-29T22:30:12Z,94.1802,103.7158,9.5356,0.0000,0.0000,7.8342,10.7218
2026-08-29T22:30:13Z,94.1756,103.7147,9.5391,0.0000,0.0000,7.8343,10.7218
2026-08-29T22:30:14Z,94.1756,103.7136,9.5380,0.0000,0.0000,7.8343,10.7218
2026-08-29T22:30:15Z,94.1802,103.7125,9.5323,0.0000,0.0000,7.8344,10.7218
2026-08-29T22:30:16Z,94.1802,103.7114,9.5311,0.0000,0.0000,7.8345,10.7218
2026-08-29T22:30:17Z,94.1802,103.7102,9.5300,0.0000,0.0000,7.8346,10.7218
2026-08-29T22:30:18Z,94.1802,103.7091,9.5289,0.0000,0.0000,7.8347,10.7218
2026-08-29T22:30:19Z,94.2031,103.5160,9.3129,0.0000,0.0000,7.8347,10.7511
2026-08-29T22:30:20Z,94.2031,103.5149,9.3118,0.0000,0.0000,7.8348,10.7511
2026-08-29T22:30:21Z,94.1756,103.7058,9.5301,0.0000,0.0000,7.8349,10.7218
2026-08-29T22:30:22Z,94.1756,103.7047,9.5290,0.0000,0.0000,7.8350,10.7218
2026-08-29T22:30:23Z,94.1680,103.7909,9.6229,0.0000,0.0000,7.8351,10.7084
2026-08-29T22:30:24Z,94.1680,103.7898,9.6218,0.0000,0.0000,7.8351,10.7084
2026-08-29T22:30:25Z,94.1405,103.7013,9.5608,0.0000,0.0000,7.8352,10.7218
2026-08-29T22:30:26Z,94.1405,103.7002,9.5596,0.0000,0.0000,7.8353,10.7218
2026-08-29T22:30:27Z,94.1726,103.7865,9.6139,0.0000,0.0000,7.8354,10.7084
2026-08-29T22:30:28Z,94.1726,103.7854,9.6128,0.0000,0.0000,7.8355,10.7084
2026-08-29T22:30:29Z,94.1756,103.6968,9.5212,0.0000,0.0000,7.8355,10.7218
2026-08-29T22:30:30Z,94.1756,103.6957,9.5201,0.0000,0.0000,7.8356,10.7218
2026-08-29T22:30:31Z,94.1955,103.5898,9.3944,0.0000,0.0000,7.8357,10.7378
2026-08-29T22:30:32Z,94.1955,103.5887,9.3932,0.0000,0.0000,7.8358,10.7378
2026-08-29T22:30:33Z,94.1756,103.7798,9.6041,0.0000,0.0000,7.8358,10.7084
2026-08-29T22:30:34Z,94.1756,103.7786,9.6030,0.0000,0.0000,7.8359,10.7084
2026-08-29T22:30:35Z,94.1482,103.6901,9.5420,0.0000,0.0000,7.8360,10.7218
2026-08-29T22:30:36Z,94.1482,103.6890,9.5409,0.0000,0.0000,7.8361,10.7218
2026-08-29T22:30:37Z,94.1726,103.8628,9.6902,0.0000,0.0000,7.8362,10.6950
2026-08-29T22:30:38Z,94.1726,103.8617,9.6891,0.0000,0.0000,7.8362,10.6950
2026-08-29T22:30:39Z,94.1268,103.6857,9.5589,0.0000,0.0000,7.8363,10.7218
2026-08-29T22:30:40Z,94.1268,103.6846,9.5578,0.0000,0.0000,7.8364,10.7218
2026-08-29T22:30:41Z,94.1680,103.8583,9.6903,0.0000,0.0000,7.8365,10.6950
2026-08-29T22:30:42Z,94.1680,103.8572,9.6892,0.0000,0.0000,7.8366,10.6950
2026-08-29T22:30:43Z,94.1573,103.7686,9.6113,0.0000,0.0000,7.8366,10.7084
2026-08-29T22:30:44Z,94.1573,103.7675,9.6102,0.0000,0.0000,7.8367,10.7084
2026-08-29T22:30:45Z,94.1390,103.7664,9.6274,0.0000,0.0000,7.8368,10.7084
2026-08-29T22:30:46Z,94.1390,103.7653,9.6262,0.0000,0.0000,7.8369,10.7084
2026-08-29T22:30:47Z,94.1802,103.7641,9.5839,0.0000,0.0000,7.8369,10.7084
2026-08-29T22:30:48Z,94.1802,103.7630,9.5828,0.0000,0.0000,7.8370,10.7084
2026-08-29T22:30:49Z,94.1497,103.6745,9.5248,0.0000,0.0000,7.8371,10.7218
2026-08-29T22:30:50Z,94.1497,103.6734,9.5237,0.0000,0.0000,7.8372,10.7218
2026-08-29T22:30:51Z,94.1817,103.8471,9.6654,0.0000,0.0000,7.8373,10.6950
2026-08-29T22:30:52Z,94.1817,103.8460,9.6643,0.0000,0.0000,7.8373,10.6950
2026-08-29T22:30:53Z,94.1405,103.7574,9.6169,0.0000,0.0000,7.8374,10.7084
2026-08-29T22:30:54Z,94.1405,103.7563,9.6158,0.0000,0.0000,7.8375,10.7084
2026-08-29T22:30:55Z,94.1817,103.7552,9.5735,0.0000,0.0000,7.8376,10.7084
2026-08-29T22:30:56Z,94.1817,103.7541,9.5724,0.0000,0.0000,7.8377,10.7084
2026-08-29T22:30:57Z,94.1665,103.8404,9.6740,0.0000,0.0000,7.8377,10.6950
2026-08-29T22:30:58Z,94.1665,103.8393,9.6728,0.0000,0.0000,7.8378,10.6950
2026-08-29T22:30:59Z,94.1390,103.7507,9.6117,0.0000,0.0000,7.8379,10.7084
2026-08-29T22:31:00Z,94.1390,103.7496,9.6106,0.0000,0.0000,7.8380,10.7084
2026-08-29T22:31:01Z,94.1726,103.7485,9.5759,0.0000,0.0000,7.8380,10.7084
2026-08-29T22:31:02Z,94.1726,103.7474,9.5748,0.0000,0.0000,7.8381,10.7084
2026-08-29T22:31:03Z,94.1482,103.8337,9.6856,0.0000,0.0000,7.8382,10.6950
2026-08-29T22:31:04Z,94.1482,103.8326,9.6845,0.0000,0.0000,7.8383,10.6950
2026-08-29T22:31:05Z,94.1497,103.7441,9.5944,0.0000,0.0000,7.8384,10.7084
2026-08-29T22:31:06Z,94.1497,103.7429,9.5933,0.0000,0.0000,7.8384,10.7084
2026-08-29T22:31:07Z,94.1390,103.8293,9.6903,0.0000,0.0000,7.8385,10.6950
2026-08-29T22:31:08Z,94.1390,103.8282,9.6892,0.0000,0.0000,7.8386,10.6950
2026-08-29T22:31:09Z,94.1573,103.6522,9.4949,0.0000,0.0000,7.8387,10.7218
2026-08-29T22:31:10Z,94.1573,103.6511,9.4938,0.0000,0.0000,7.8388,10.7218
2026-08-29T22:31:11Z,94.1436,103.8248,9.6812,0.0000,0.0000,7.8388,10.6950
2026-08-29T22:31:12Z,94.1436,103.8237,9.6801,0.0000,0.0000,7.8389,10.6950
2026-08-29T22:31:13Z,94.1665,103.8226,9.6561,0.0000,0.0000,7.8390,10.6950
2026-08-29T22:31:14Z,94.1665,103.8215,9.6550,0.0000,0.0000,7.8391,10.6950
2026-08-29T22:31:15Z,94.1543,103.7329,9.5787,0.0000,0.0000,7.8391,10.7084
2026-08-29T22:31:16Z,94.1543,103.7318,9.5775,0.0000,0.0000,7.8392,10.7084
2026-08-29T22:31:17Z,94.1482,103.7307,9.5825,0.0000,0.0000,7.8393,10.7084
2026-08-29T22:31:18Z,94.1482,103.7296,9.5814,0.0000,0.0000,7.8394,10.7084
2026-08-29T22:31:19Z,94.1573,103.9034,9.7461,0.0000,0.0000,7.8395,10.6817
2026-08-29T22:31:20Z,94.1573,103.9023,9.7450,0.0000,0.0000,7.8395,10.6817
2026-08-29T22:31:21Z,94.1665,103.7262,9.5598,0.0000,0.0000,7.8396,10.7084
2026-08-29T22:31:22Z,94.1665,103.7251,9.5587,0.0000,0.0000,7.8397,10.7084
2026-08-29T22:31:23Z,94.1756,103.7240,9.5484,0.0000,0.0000,7.8398,10.7084
2026-08-29T22:31:24Z,94.1756,103.7229,9.5473,0.0000,0.0000,7.8399,10.7084
2026-08-29T22:31:25Z,94.1665,103.8967,9.7303,0.0000,0.0000,7.8399,10.6817
2026-08-29T22:31:26Z,94.1665,103.8956,9.7292,0.0000,0.0000,7.8400,10.6817
2026-08-29T22:31:27Z,94.1802,103.7196,9.5394,0.0000,0.0000,7.8401,10.7084
2026-08-29T22:31:28Z,94.1802,103.7185,9.5382,0.0000,0.0000,7.8402,10.7084
2026-08-29T22:31:29Z,94.1802,103.8923,9.7121,0.0000,0.0000,7.8403,10.6817
2026-08-29T22:31:30Z,94.1802,103.8912,9.7110,0.0000,0.0000,7.8403,10.6817
2026-08-29T22:31:31Z,94.1726,103.8025,9.6300,0.0000,0.0000,7.8404,10.6950
2026-08-29T22:31:32Z,94.1726,103.8014,9.6289,0.0000,0.0000,7.8405,10.6950
2026-08-29T22:31:33Z,94.1756,103.8003,9.6247,0.0000,0.0000,7.8406,10.6950
2026-08-29T22:31:34Z,94.1756,103.7992,9.6236,0.0000,0.0000,7.8406,10.6950
2026-08-29T22:31:35Z,94.1573,103.7981,9.6408,0.0000,0.0000,7.8407,10.6950
2026-08-29T22:31:36Z,94.1573,103.7970,9.6397,0.0000,0.0000,7.8408,10.6950
2026-08-29T22:31:37Z,94.1131,103.8834,9.7703,0.0000,0.0000,7.8409,10.6817
2026-08-29T22:31:38Z,94.1131,103.8823,9.7692,0.0000,0.0000,7.8410,10.6817
2026-08-29T22:31:39Z,94.1680,103.7062,9.5382,0.0000,0.0000,7.8410,10.7084
2026-08-29T22:31:40Z,94.1680,103.7051,9.5371,0.0000,0.0000,7.8411,10.7084
2026-08-29T22:31:41Z,94.1680,103.8789,9.7109,0.0000,0.0000,7.8412,10.6817
2026-08-29T22:31:42Z,94.1680,103.8778,9.7098,0.0000,0.0000,7.8413,10.6817
2026-08-29T22:31:43Z,94.1436,103.7892,9.6456,0.0000,0.0000,7.8414,10.6950
2026-08-29T22:31:44Z,94.1436,103.7881,9.6445,0.0000,0.0000,7.8414,10.6950
2026-08-29T22:31:45Z,94.1436,103.9796,9.8360,0.0000,0.0000,7.8415,10.6657
2026-08-29T22:31:46Z,94.1436,103.9785,9.8349,0.0000,0.0000,7.8416,10.6657
2026-08-29T22:31:47Z,94.0978,103.8722,9.7744,0.0000,0.0000,7.8417,10.6817
2026-08-29T22:31:48Z,94.0978,103.8711,9.7733,0.0000,0.0000,7.8417,10.6817
2026-08-29T22:31:49Z,94.1573,103.8700,9.7127,0.0000,0.0000,7.8418,10.6817
2026-08-29T22:31:50Z,94.1573,103.8689,9.7116,0.0000,0.0000,7.8419,10.6817
2026-08-29T22:31:51Z,94.1344,103.9729,9.8385,0.0000,0.0000,7.8420,10.6657
2026-08-29T22:31:52Z,94.1344,103.9718,9.8374,0.0000,0.0000,7.8421,10.6657
2026-08-29T22:31:53Z,94.1482,103.7781,9.6299,0.0000,0.0000,7.8421,10.6950
2026-08-29T22:31:54Z,94.1482,103.7770,9.6288,0.0000,0.0000,7.8422,10.6950
2026-08-29T22:31:55Z,94.1314,103.9684,9.8371,0.0000,0.0000,7.8423,10.6657
2026-08-29T22:31:56Z,94.1314,103.9673,9.8360,0.0000,0.0000,7.8424,10.6657
2026-08-29T22:31:57Z,94.1543,103.6862,9.5320,0.0000,0.0000,7.8425,10.7084
2026-08-29T22:31:58Z,94.1543,103.6851,9.5309,0.0000,0.0000,7.8425,10.7084
2026-08-29T22:31:59Z,94.1665,103.8589,9.6924,0.0000,0.0000,7.8426,10.6817
2026-08-29T22:32:00Z,94.1665,103.8578,9.6913,0.0000,0.0000,7.8427,10.6817
2026-08-29T22:32:01Z,94.1207,103.8567,9.7360,0.0000,0.0000,7.8428,10.6817
2026-08-29T22:32:02Z,94.1207,103.8556,9.7349,0.0000,0.0000,7.8428,10.6817
2026-08-29T22:32:03Z,94.1344,103.8545,9.7200,0.0000,0.0000,7.8429,10.6817
2026-08-29T22:32:04Z,94.1344,103.8533,9.7189,0.0000,0.0000,7.8430,10.6817
2026-08-29T22:32:05Z,94.1268,103.7648,9.6380,0.0000,0.0000,7.8431,10.6950
2026-08-29T22:32:06Z,94.1268,103.7636,9.6368,0.0000,0.0000,7.8432,10.6950
2026-08-29T22:32:07Z,94.1436,103.7625,9.6189,0.0000,0.0000,7.8432,10.6950
2026-08-29T22:32:08Z,94.1436,103.7614,9.6178,0.0000,0.0000,7.8433,10.6950
2026-08-29T22:32:09Z,94.1756,103.7603,9.5847,0.0000,0.0000,7.8434,10.6950
2026-08-29T22:32:10Z,94.1756,103.7592,9.5836,0.0000,0.0000,7.8435,10.6950
2026-08-29T22:32:11Z,94.1436,103.8456,9.7020,0.0000,0.0000,7.8436,10.6817
2026-08-29T22:32:12Z,94.1436,103.8445,9.7009,0.0000,0.0000,7.8436,10.6817
2026-08-29T22:32:13Z,94.1436,103.9484,9.8048,0.0000,0.0000,7.8437,10.6657
2026-08-29T22:32:14Z,94.1436,103.9473,9.8037,0.0000,0.0000,7.8438,10.6657
2026-08-29T22:32:15Z,94.1405,103.8411,9.7006,0.0000,0.0000,7.8439,10.6817
2026-08-29T22:32:16Z,94.1405,103.8400,9.6995,0.0000,0.0000,7.8439,10.6817
2026-08-29T22:32:17Z,94.1222,103.8389,9.7167,0.0000,0.0000,7.8440,10.6817
2026-08-29T22:32:18Z,94.1222,103.8378,9.7156,0.0000,0.0000,7.8441,10.6817
2026-08-29T22:32:19Z,94.1085,103.8367,9.7282,0.0000,0.0000,7.8442,10.6817
2026-08-29T22:32:20Z,94.1085,103.8356,9.7271,0.0000,0.0000,7.8443,10.6817
2026-08-29T22:32:21Z,94.1222,103.8345,9.7122,0.0000,0.0000,7.8443,10.6817
2026-08-29T22:32:22Z,94.1222,103.8334,9.7111,0.0000,0.0000,7.8444,10.6817
2026-08-29T22:32:23Z,94.1268,103.8323,9.7054,0.0000,0.0000,7.8445,10.6817
2026-08-29T22:32:24Z,94.1268,103.8311,9.7043,0.0000,0.0000,7.8446,10.6817
2026-08-29T22:32:25Z,94.1497,103.9351,9.7854,0.0000,0.0000,7.8446,10.6657
2026-08-29T22:32:26Z,94.1497,103.9340,9.7843,0.0000,0.0000,7.8447,10.6657
2026-08-29T22:32:27Z,94.1344,103.8278,9.6934,0.0000,0.0000,7.8448,10.6817
2026-08-29T22:32:28Z,94.1344,103.8267,9.6923,0.0000,0.0000,7.8449,10.6817
2026-08-29T22:32:29Z,94.1222,103.9307,9.8084,0.0000,0.0000,7.8450,10.6657
2026-08-29T22:32:30Z,94.1222,103.9295,9.8073,0.0000,0.0000,7.8450,10.6657
2026-08-29T22:32:31Z,94.1039,103.7359,9.6320,0.0000,0.0000,7.8451,10.6950
2026-08-29T22:32:32Z,94.1039,103.7348,9.6309,0.0000,0.0000,7.8452,10.6950
2026-08-29T22:32:33Z,94.1314,103.8212,9.6898,0.0000,0.0000,7.8453,10.6817
2026-08-29T22:32:34Z,94.1314,103.8201,9.6887,0.0000,0.0000,7.8454,10.6817
2026-08-29T22:32:35Z,94.1573,103.8189,9.6616,0.0000,0.0000,7.8454,10.6817
2026-08-29T22:32:36Z,94.1573,103.8178,9.6605,0.0000,0.0000,7.8455,10.6817
2026-08-29T22:32:37Z,94.1360,104.0094,9.8735,0.0000,0.0000,7.8456,10.6523
2026-08-29T22:32:38Z,94.1360,104.0083,9.8723,0.0000,0.0000,7.8457,10.6523
2026-08-29T22:32:39Z,94.1344,103.8145,9.6801,0.0000,0.0000,7.8457,10.6817
2026-08-29T22:32:40Z,94.1344,103.8134,9.6790,0.0000,0.0000,7.8458,10.6817
2026-08-29T22:32:41Z,94.1497,103.8123,9.6626,0.0000,0.0000,7.8459,10.6817
2026-08-29T22:32:42Z,94.1497,103.8112,9.6615,0.0000,0.0000,7.8460,10.6817
2026-08-29T22:32:43Z,94.1314,103.7226,9.5913,0.0000,0.0000,7.8461,10.6950
2026-08-29T22:32:44Z,94.1314,103.7215,9.5902,0.0000,0.0000,7.8461,10.6950
2026-08-29T22:32:45Z,94.1543,103.9129,9.7586,0.0000,0.0000,7.8462,10.6657
2026-08-29T22:32:46Z,94.1543,103.9118,9.7575,0.0000,0.0000,7.8463,10.6657
2026-08-29T22:32:47Z,94.1222,103.9107,9.7885,0.0000,0.0000,7.8464,10.6657
2026-08-29T22:32:48Z,94.1222,103.9096,9.7874,0.0000,0.0000,7.8465,10.6657
2026-08-29T22:32:49Z,94.1497,103.9085,9.7588,0.0000,0.0000,7.8465,10.6657
2026-08-29T22:32:50Z,94.1497,103.9074,9.7577,0.0000,0.0000,7.8466,10.6657
2026-08-29T22:32:51Z,94.1436,103.9939,9.8503,0.0000,0.0000,7.8467,10.6523
2026-08-29T22:32:52Z,94.1436,103.9928,9.8492,0.0000,0.0000,7.8468,10.6523
2026-08-29T22:32:53Z,94.1268,103.9040,9.7772,0.0000,0.0000,7.8468,10.6657
2026-08-29T22:32:54Z,94.1268,103.9029,9.7761,0.0000,0.0000,7.8469,10.6657
2026-08-29T22:32:55Z,94.1451,103.7968,9.6517,0.0000,0.0000,7.8470,10.6817
2026-08-29T22:32:56Z,94.1451,103.7957,9.6506,0.0000,0.0000,7.8471,10.6817
2026-08-29T22:32:57Z,94.1039,103.8996,9.7957,0.0000,0.0000,7.8472,10.6657
2026-08-29T22:32:58Z,94.1039,103.8985,9.7946,0.0000,0.0000,7.8472,10.6657
2026-08-29T22:32:59Z,94.1268,103.8974,9.7706,0.0000,0.0000,7.8473,10.6657
2026-08-29T22:33:00Z,94.1268,103.8963,9.7695,0.0000,0.0000,7.8474,10.6657
2026-08-29T22:33:01Z,94.1207,103.9828,9.8621,0.0000,0.0000,7.8475,10.6523
2026-08-29T22:33:02Z,94.1207,103.9817,9.8610,0.0000,0.0000,7.8476,10.6523
2026-08-29T22:33:03Z,94.1268,103.9806,9.8538,0.0000,0.0000,7.8476,10.6523
2026-08-29T22:33:04Z,94.1268,103.9795,9.8527,0.0000,0.0000,7.8477,10.6523
2026-08-29T22:33:05Z,94.1085,103.8908,9.7823,0.0000,0.0000,7.8478,10.6657
2026-08-29T22:33:06Z,94.1085,103.8896,9.7812,0.0000,0.0000,7.8479,10.6657
2026-08-29T22:33:07Z,94.1497,103.6961,9.5464,0.0000,0.0000,7.8479,10.6950
2026-08-29T22:33:08Z,94.1497,103.6950,9.5453,0.0000,0.0000,7.8480,10.6950
2026-08-29T22:33:09Z,94.1115,103.7813,9.6698,0.0000,0.0000,7.8481,10.6817
2026-08-29T22:33:10Z,94.1115,103.7802,9.6687,0.0000,0.0000,7.8482,10.6817
2026-08-29T22:33:11Z,94.1115,103.9717,9.8602,0.0000,0.0000,7.8483,10.6523
2026-08-29T22:33:12Z,94.1115,103.9706,9.8591,0.0000,0.0000,7.8483,10.6523
2026-08-29T22:33:13Z,94.1161,103.8819,9.7658,0.0000,0.0000,7.8484,10.6657
2026-08-29T22:33:14Z,94.1161,103.8808,9.7647,0.0000,0.0000,7.8485,10.6657
2026-08-29T22:33:15Z,94.1314,103.8797,9.7483,0.0000,0.0000,7.8486,10.6657
2026-08-29T22:33:16Z,94.1314,103.8786,9.7472,0.0000,0.0000,7.8487,10.6657
2026-08-29T22:33:17Z,94.0932,103.7725,9.6792,0.0000,0.0000,7.8487,10.6817
2026-08-29T22:33:18Z,94.0932,103.7714,9.6781,0.0000,0.0000,7.8488,10.6817
2026-08-29T22:33:19Z,94.1451,103.8753,9.7302,0.0000,0.0000,7.8489,10.6657
2026-08-29T22:33:20Z,94.1451,103.8742,9.7291,0.0000,0.0000,7.8490,10.6657
2026-08-29T22:33:21Z,94.1314,103.8731,9.7417,0.0000,0.0000,7.8490,10.6657
2026-08-29T22:33:22Z,94.1314,103.8720,9.7406,0.0000,0.0000,7.8491,10.6657
2026-08-29T22:33:23Z,94.1161,104.0461,9.9300,0.0000,0.0000,7.8492,10.6390
2026-08-29T22:33:24Z,94.1161,104.0450,9.9289,0.0000,0.0000,7.8493,10.6390
2026-08-29T22:33:25Z,94.1039,103.7636,9.6597,0.0000,0.0000,7.8494,10.6817
2026-08-29T22:33:26Z,94.1039,103.7625,9.6586,0.0000,0.0000,7.8494,10.6817
2026-08-29T22:33:27Z,94.1085,104.0417,9.9332,0.0000,0.0000,7.8495,10.6390
2026-08-29T22:33:28Z,94.1085,104.0406,9.9321,0.0000,0.0000,7.8496,10.6390
2026-08-29T22:33:29Z,94.1344,103.7592,9.6248,0.0000,0.0000,7.8497,10.6817
2026-08-29T22:33:30Z,94.1344,103.7581,9.6237,0.0000,0.0000,7.8497,10.6817
2026-08-29T22:33:31Z,94.1268,103.9496,9.8228,0.0000,0.0000,7.8498,10.6523
2026-08-29T22:33:32Z,94.1268,103.9485,9.8217,0.0000,0.0000,7.8499,10.6523
2026-08-29T22:33:33Z,94.1115,103.8598,9.7483,0.0000,0.0000,7.8500,10.6657
2026-08-29T22:33:34Z,94.1115,103.8587,9.7472,0.0000,0.0000,7.8501,10.6657
2026-08-29T22:33:35Z,94.1085,103.9452,9.8367,0.0000,0.0000,7.8501,10.6523
2026-08-29T22:33:36Z,94.1085,103.9441,9.8356,0.0000,0.0000,7.8502,10.6523
2026-08-29T22:33:37Z,94.1314,103.9430,9.8116,0.0000,0.0000,7.8503,10.6523
2026-08-29T22:33:38Z,94.1314,103.9419,9.8105,0.0000,0.0000,7.8504,10.6523
2026-08-29T22:33:39Z,94.1299,103.9408,9.8109,0.0000,0.0000,7.8505,10.6523
2026-08-29T22:33:40Z,94.1299,103.9396,9.8098,0.0000,0.0000,7.8505,10.6523
2026-08-29T22:33:41Z,94.0810,103.8510,9.7699,0.0000,0.0000,7.8506,10.6657
2026-08-29T22:33:42Z,94.0810,103.8499,9.7688,0.0000,0.0000,7.8507,10.6657
2026-08-29T22:33:43Z,94.1222,103.8488,9.7265,0.0000,0.0000,7.8508,10.6657
2026-08-29T22:33:44Z,94.1222,103.8477,9.7254,0.0000,0.0000,7.8508,10.6657
2026-08-29T22:33:45Z,94.0978,104.0218,9.9240,0.0000,0.0000,7.8509,10.6390
2026-08-29T22:33:46Z,94.0978,104.0207,9.9229,0.0000,0.0000,7.8510,10.6390
2026-08-29T22:33:47Z,94.1085,104.0196,9.9111,0.0000,0.0000,7.8511,10.6390
2026-08-29T22:33:48Z,94.1085,104.0185,9.9100,0.0000,0.0000,7.8512,10.6390
2026-08-29T22:33:49Z,94.0902,103.9297,9.8395,0.0000,0.0000,7.8512,10.6523
2026-08-29T22:33:50Z,94.0902,103.9286,9.8384,0.0000,0.0000,7.8513,10.6523
2026-08-29T22:33:51Z,94.0978,103.9275,9.8297,0.0000,0.0000,7.8514,10.6523
2026-08-29T22:33:52Z,94.0978,103.9264,9.8286,0.0000,0.0000,7.8515,10.6523
2026-08-29T22:33:53Z,94.0841,103.9253,9.8412,0.0000,0.0000,7.8515,10.6523
2026-08-29T22:33:54Z,94.0841,103.9242,9.8401,0.0000,0.0000,7.8516,10.6523
2026-08-29T22:33:55Z,94.1115,104.0107,9.8992,0.0000,0.0000,7.8517,10.6390
2026-08-29T22:33:56Z,94.1115,104.0096,9.8981,0.0000,0.0000,7.8518,10.6390
2026-08-29T22:33:57Z,94.1024,103.8333,9.7309,0.0000,0.0000,7.8519,10.6657
2026-08-29T22:33:58Z,94.1024,103.8322,9.7298,0.0000,0.0000,7.8519,10.6657
2026-08-29T22:33:59Z,94.1039,103.9187,9.8148,0.0000,0.0000,7.8520,10.6523
2026-08-29T22:34:00Z,94.1039,103.9176,9.8137,0.0000,0.0000,7.8521,10.6523
2026-08-29T22:34:01Z,94.1024,104.0041,9.9017,0.0000,0.0000,7.8522,10.6390
2026-08-29T22:34:02Z,94.1024,104.0030,9.9006,0.0000,0.0000,7.8523,10.6390
2026-08-29T22:34:03Z,94.1299,104.0896,9.9598,0.0000,0.0000,7.8523,10.6256
2026-08-29T22:34:04Z,94.1299,104.0885,9.9587,0.0000,0.0000,7.8524,10.6256
2026-08-29T22:34:05Z,94.1115,103.9997,9.8882,0.0000,0.0000,7.8525,10.6390
2026-08-29T22:34:06Z,94.1115,103.9986,9.8871,0.0000,0.0000,7.8526,10.6390
2026-08-29T22:34:07Z,94.1039,103.9975,9.8936,0.0000,0.0000,7.8526,10.6390
2026-08-29T22:34:08Z,94.1039,103.9964,9.8925,0.0000,0.0000,7.8527,10.6390
2026-08-29T22:34:09Z,94.1253,104.0830,9.9577,0.0000,0.0000,7.8528,10.6256
2026-08-29T22:34:10Z,94.1253,104.0819,9.9566,0.0000,0.0000,7.8529,10.6256
2026-08-29T22:34:11Z,94.1024,103.9055,9.8031,0.0000,0.0000,7.8530,10.6523
2026-08-29T22:34:12Z,94.1024,103.9043,9.8020,0.0000,0.0000,7.8530,10.6523
2026-08-29T22:34:13Z,94.0673,103.9032,9.8360,0.0000,0.0000,7.8531,10.6523
2026-08-29T22:34:14Z,94.0673,103.9021,9.8349,0.0000,0.0000,7.8532,10.6523
2026-08-29T22:34:15Z,94.1024,103.9010,9.7987,0.0000,0.0000,7.8533,10.6523
2026-08-29T22:34:16Z,94.1024,103.8999,9.7976,0.0000,0.0000,7.8533,10.6523
2026-08-29T22:34:17Z,94.0978,104.0742,9.9764,0.0000,0.0000,7.8534,10.6256
2026-08-29T22:34:18Z,94.0978,104.0731,9.9753,0.0000,0.0000,7.8535,10.6256
2026-08-29T22:34:19Z,94.1115,103.8966,9.7851,0.0000,0.0000,7.8536,10.6523
2026-08-29T22:34:20Z,94.1115,103.8955,9.7840,0.0000,0.0000,7.8537,10.6523
2026-08-29T22:34:21Z,94.0856,103.8944,9.8088,0.0000,0.0000,7.8537,10.6523
2026-08-29T22:34:22Z,94.0856,103.8933,9.8077,0.0000,0.0000,7.8538,10.6523
2026-08-29T22:34:23Z,94.0764,103.9799,9.9034,0.0000,0.0000,7.8539,10.6390
2026-08-29T22:34:24Z,94.0764,103.9788,9.9023,0.0000,0.0000,7.8540,10.6390
2026-08-29T22:34:25Z,94.1222,103.9777,9.8554,0.0000,0.0000,7.8541,10.6390
2026-08-29T22:34:26Z,94.1222,103.9765,9.8543,0.0000,0.0000,7.8541,10.6390
2026-08-29T22:34:27Z,94.0673,103.9754,9.9082,0.0000,0.0000,7.8542,10.6390
2026-08-29T22:34:28Z,94.0673,103.9743,9.9071,0.0000,0.0000,7.8543,10.6390
2026-08-29T22:34:29Z,94.0978,103.8856,9.7878,0.0000,0.0000,7.8544,10.6523
2026-08-29T22:34:30Z,94.0978,103.8845,9.7867,0.0000,0.0000,7.8544,10.6523
2026-08-29T22:34:31Z,94.0856,104.0587,9.9731,0.0000,0.0000,7.8545,10.6256
2026-08-29T22:34:32Z,94.0856,104.0576,9.9720,0.0000,0.0000,7.8546,10.6256
2026-08-29T22:34:33Z,94.0795,104.0565,9.9770,0.0000,0.0000,7.8547,10.6256
2026-08-29T22:34:34Z,94.0795,104.0554,9.9759,0.0000,0.0000,7.8548,10.6256
2026-08-29T22:34:35Z,94.0841,103.9666,9.8826,0.0000,0.0000,7.8548,10.6390
2026-08-29T22:34:36Z,94.0841,103.9655,9.8815,0.0000,0.0000,7.8549,10.6390
2026-08-29T22:34:37Z,94.0841,104.0521,9.9681,0.0000,0.0000,7.8550,10.6256
2026-08-29T22:34:38Z,94.0841,104.0510,9.9669,0.0000,0.0000,7.8551,10.6256
2026-08-29T22:34:39Z,94.0673,103.9622,9.8949,0.0000,0.0000,7.8551,10.6390
2026-08-29T22:34:40Z,94.0673,103.9611,9.8938,0.0000,0.0000,7.8552,10.6390
2026-08-29T22:34:41Z,94.0810,103.9600,9.8790,0.0000,0.0000,7.8553,10.6390
2026-08-29T22:34:42Z,94.0810,103.9589,9.8779,0.0000,0.0000,7.8554,10.6390
2026-08-29T22:34:43Z,94.1039,103.9578,9.8539,0.0000,0.0000,7.8555,10.6390
2026-08-29T22:34:44Z,94.1039,103.9567,9.8528,0.0000,0.0000,7.8555,10.6390
2026-08-29T22:34:45Z,94.0902,103.9556,9.8655,0.0000,0.0000,7.8556,10.6390
2026-08-29T22:34:46Z,94.0902,103.9545,9.8644,0.0000,0.0000,7.8557,10.6390
2026-08-29T22:34:47Z,94.1222,104.0411,9.9189,0.0000,0.0000,7.8558,10.6256
2026-08-29T22:34:48Z,94.1222,104.0400,9.9178,0.0000,0.0000,7.8559,10.6256
2026-08-29T22:34:49Z,94.0856,104.0389,9.9533,0.0000,0.0000,7.8559,10.6256
2026-08-29T22:34:50Z,94.0856,104.0378,9.9522,0.0000,0.0000,7.8560,10.6256
2026-08-29T22:34:51Z,94.0627,103.9490,9.8863,0.0000,0.0000,7.8561,10.6390
2026-08-29T22:34:52Z,94.0627,103.9479,9.8852,0.0000,0.0000,7.8562,10.6390
2026-08-29T22:34:53Z,94.0749,103.9468,9.8719,0.0000,0.0000,7.8562,10.6390
2026-08-29T22:34:54Z,94.0749,103.9457,9.8708,0.0000,0.0000,7.8563,10.6390
2026-08-29T22:34:55Z,94.1085,104.0323,9.9238,0.0000,0.0000,7.8564,10.6256
2026-08-29T22:34:56Z,94.1085,104.0312,9.9227,0.0000,0.0000,7.8565,10.6256
2026-08-29T22:34:57Z,94.1085,103.8549,9.7464,0.0000,0.0000,7.8566,10.6523
2026-08-29T22:34:58Z,94.1085,103.8538,9.7453,0.0000,0.0000,7.8566,10.6523
2026-08-29T22:34:59Z,94.0978,104.0279,9.9301,0.0000,0.0000,7.8567,10.6256
2026-08-29T22:35:00Z,94.0978,104.0268,9.9290,0.0000,0.0000,7.8568,10.6256
2026-08-29T22:35:01Z,94.0841,104.1310,10.0470,0.0000,0.0000,7.8569,10.6096
2026-08-29T22:35:02Z,94.0841,104.1299,10.0459,0.0000,0.0000,7.8569,10.6096
2026-08-29T22:35:03Z,94.0795,104.0235,9.9440,0.0000,0.0000,7.8570,10.6256
2026-08-29T22:35:04Z,94.0795,104.0224,9.9429,0.0000,0.0000,7.8571,10.6256
2026-08-29T22:35:05Z,94.0429,104.1266,10.0838,0.0000,0.0000,7.8572,10.6096
2026-08-29T22:35:06Z,94.0429,104.1255,10.0827,0.0000,0.0000,7.8573,10.6096
2026-08-29T22:35:07Z,94.0902,104.0191,9.9289,0.0000,0.0000,7.8573,10.6256
2026-08-29T22:35:08Z,94.0902,104.0180,9.9278,0.0000,0.0000,7.8574,10.6256
2026-08-29T22:35:09Z,94.0902,104.1222,10.0320,0.0000,0.0000,7.8575,10.6096
2026-08-29T22:35:10Z,94.0902,104.1211,10.0309,0.0000,0.0000,7.8576,10.6096
2026-08-29T22:35:11Z,94.0520,104.1200,10.0680,0.0000,0.0000,7.8577,10.6096
2026-08-29T22:35:12Z,94.0520,104.1189,10.0669,0.0000,0.0000,7.8577,10.6096
2026-08-29T22:35:13Z,94.0627,104.0125,9.9498,0.0000,0.0000,7.8578,10.6256
2026-08-29T22:35:14Z,94.0627,104.0114,9.9487,0.0000,0.0000,7.8579,10.6256
2026-08-29T22:35:15Z,94.0627,104.0103,9.9476,0.0000,0.0000,7.8580,10.6256
2026-08-29T22:35:16Z,94.0627,104.0092,9.9465,0.0000,0.0000,7.8580,10.6256
2026-08-29T22:35:17Z,94.0841,104.1134,10.0294,0.0000,0.0000,7.8581,10.6096
2026-08-29T22:35:18Z,94.0841,104.1123,10.0283,0.0000,0.0000,7.8582,10.6096
2026-08-29T22:35:19Z,94.0749,104.1112,10.0363,0.0000,0.0000,7.8583,10.6096
2026-08-29T22:35:20Z,94.0749,104.1101,10.0352,0.0000,0.0000,7.8584,10.6096
2026-08-29T22:35:21Z,94.0520,104.1090,10.0570,0.0000,0.0000,7.8584,10.6096
2026-08-29T22:35:22Z,94.0520,104.1079,10.0559,0.0000,0.0000,7.8585,10.6096
2026-08-29T22:35:23Z,94.0978,104.0016,9.9037,0.0000,0.0000,7.8586,10.6256
2026-08-29T22:35:24Z,94.0978,104.0005,9.9027,0.0000,0.0000,7.8587,10.6256
2026-08-29T22:35:25Z,94.0948,103.9994,9.9046,0.0000,0.0000,7.8587,10.6256
2026-08-29T22:35:26Z,94.0948,103.9983,9.9035,0.0000,0.0000,7.8588,10.6256
2026-08-29T22:35:27Z,94.1024,103.9095,9.8071,0.0000,0.0000,7.8589,10.6390
2026-08-29T22:35:28Z,94.1024,103.9084,9.8060,0.0000,0.0000,7.8590,10.6390
2026-08-29T22:35:29Z,94.0566,104.1003,10.0436,0.0000,0.0000,7.8591,10.6096
2026-08-29T22:35:30Z,94.0566,104.0992,10.0425,0.0000,0.0000,7.8591,10.6096
2026-08-29T22:35:31Z,94.1039,104.0981,9.9941,0.0000,0.0000,7.8592,10.6096
2026-08-29T22:35:32Z,94.1039,104.0970,9.9930,0.0000,0.0000,7.8593,10.6096
2026-08-29T22:35:33Z,94.0703,104.0959,10.0255,0.0000,0.0000,7.8594,10.6096
2026-08-29T22:35:34Z,94.0703,104.0948,10.0244,0.0000,0.0000,7.8594,10.6096
2026-08-29T22:35:35Z,94.0749,104.0937,10.0187,0.0000,0.0000,7.8595,10.6096
2026-08-29T22:35:36Z,94.0749,104.0926,10.0176,0.0000,0.0000,7.8596,10.6096
2026-08-29T22:35:37Z,94.0749,104.0915,10.0166,0.0000,0.0000,7.8597,10.6096
2026-08-29T22:35:38Z,94.0749,104.0904,10.0155,0.0000,0.0000,7.8598,10.6096
2026-08-29T22:35:39Z,94.0566,104.0893,10.0327,0.0000,0.0000,7.8598,10.6096
2026-08-29T22:35:40Z,94.0566,104.0882,10.0316,0.0000,0.0000,7.8599,10.6096
2026-08-29T22:35:41Z,94.0948,103.9818,9.8871,0.0000,0.0000,7.8600,10.6256
2026-08-29T22:35:42Z,94.0948,103.9807,9.8860,0.0000,0.0000,7.8601,10.6256
2026-08-29T22:35:43Z,94.0627,104.0849,10.0222,0.0000,0.0000,7.8602,10.6096
2026-08-29T22:35:44Z,94.0627,104.0838,10.0211,0.0000,0.0000,7.8602,10.6096
2026-08-29T22:35:45Z,94.0841,104.0827,9.9986,0.0000,0.0000,7.8603,10.6096
2026-08-29T22:35:46Z,94.0841,104.0816,9.9975,0.0000,0.0000,7.8604,10.6096
2026-08-29T22:35:47Z,94.0795,104.0805,10.0010,0.0000,0.0000,7.8605,10.6096
2026-08-29T22:35:48Z,94.0795,104.0794,9.9999,0.0000,0.0000,7.8605,10.6096
2026-08-29T22:35:49Z,94.0581,103.9731,9.9149,0.0000,0.0000,7.8606,10.6256
2026-08-29T22:35:50Z,94.0581,103.9720,9.9138,0.0000,0.0000,7.8607,10.6256
2026-08-29T22:35:51Z,94.0948,103.9709,9.8761,0.0000,0.0000,7.8608,10.6256
2026-08-29T22:35:52Z,94.0948,103.9698,9.8750,0.0000,0.0000,7.8609,10.6256
2026-08-29T22:35:53Z,94.0490,104.1617,10.1128,0.0000,0.0000,7.8609,10.5962
2026-08-29T22:35:54Z,94.0490,104.1606,10.1117,0.0000,0.0000,7.8610,10.5962
2026-08-29T22:35:55Z,94.0841,104.1595,10.0755,0.0000,0.0000,7.8611,10.5962
2026-08-29T22:35:56Z,94.0841,104.1584,10.0744,0.0000,0.0000,7.8612,10.5962
2026-08-29T22:35:57Z,94.0581,104.1573,10.0992,0.0000,0.0000,7.8612,10.5962
2026-08-29T22:35:58Z,94.0581,104.1563,10.0981,0.0000,0.0000,7.8613,10.5962
2026-08-29T22:35:59Z,94.0749,103.9621,9.8872,0.0000,0.0000,7.8614,10.6256
2026-08-29T22:36:00Z,94.0749,103.9610,9.8861,0.0000,0.0000,7.8615,10.6256
2026-08-29T22:36:01Z,94.0703,104.0652,9.9948,0.0000,0.0000,7.8616,10.6096
2026-08-29T22:36:02Z,94.0703,104.0641,9.9937,0.0000,0.0000,7.8616,10.6096
2026-08-29T22:36:03Z,94.1115,104.0630,9.9514,0.0000,0.0000,7.8617,10.6096
2026-08-29T22:36:04Z,94.1115,104.0619,9.9503,0.0000,0.0000,7.8618,10.6096
2026-08-29T22:36:05Z,94.0581,104.1486,10.0904,0.0000,0.0000,7.8619,10.5962
2026-08-29T22:36:06Z,94.0581,104.1475,10.0893,0.0000,0.0000,7.8619,10.5962
2026-08-29T22:36:07Z,94.0841,103.9534,9.8693,0.0000,0.0000,7.8620,10.6256
2026-08-29T22:36:08Z,94.0841,103.9523,9.8682,0.0000,0.0000,7.8621,10.6256
2026-08-29T22:36:09Z,94.0566,104.1442,10.0876,0.0000,0.0000,7.8622,10.5962
2026-08-29T22:36:10Z,94.0566,104.1431,10.0865,0.0000,0.0000,7.8623,10.5962
2026-08-29T22:36:11Z,94.0902,104.1420,10.0518,0.0000,0.0000,7.8623,10.5962
2026-08-29T22:36:12Z,94.0902,104.1409,10.0507,0.0000,0.0000,7.8624,10.5962
2026-08-29T22:36:13Z,94.0429,103.9468,9.9039,0.0000,0.0000,7.8625,10.6256
2026-08-29T22:36:14Z,94.0429,103.9457,9.9028,0.0000,0.0000,7.8626,10.6256
2026-08-29T22:36:15Z,94.0490,104.0498,10.0009,0.0000,0.0000,7.8626,10.6096
2026-08-29T22:36:16Z,94.0490,104.0488,9.9998,0.0000,0.0000,7.8627,10.6096
2026-08-29T22:36:17Z,94.0658,104.0477,9.9819,0.0000,0.0000,7.8628,10.6096
2026-08-29T22:36:18Z,94.0658,104.0466,9.9808,0.0000,0.0000,7.8629,10.6096
2026-08-29T22:36:19Z,94.0627,104.1332,10.0705,0.0000,0.0000,7.8630,10.5962
2026-08-29T22:36:20Z,94.0627,104.1322,10.0694,0.0000,0.0000,7.8630,10.5962
2026-08-29T22:36:21Z,94.0795,104.1311,10.0516,0.0000,0.0000,7.8631,10.5962
2026-08-29T22:36:22Z,94.0795,104.1300,10.0505,0.0000,0.0000,7.8632,10.5962
2026-08-29T22:36:23Z,94.0490,103.9359,9.8869,0.0000,0.0000,7.8633,10.6256
2026-08-29T22:36:24Z,94.0490,103.9348,9.8858,0.0000,0.0000,7.8634,10.6256
2026-08-29T22:36:25Z,94.0749,104.0389,9.9640,0.0000,0.0000,7.8634,10.6096
2026-08-29T22:36:26Z,94.0749,104.0378,9.9629,0.0000,0.0000,7.8635,10.6096
2026-08-29T22:36:27Z,94.0703,104.1245,10.0542,0.0000,0.0000,7.8636,10.5962
2026-08-29T22:36:28Z,94.0703,104.1234,10.0531,0.0000,0.0000,7.8637,10.5962
2026-08-29T22:36:29Z,94.0520,104.2102,10.1581,0.0000,0.0000,7.8637,10.5829
2026-08-29T22:36:30Z,94.0520,104.2091,10.1570,0.0000,0.0000,7.8638,10.5829
2026-08-29T22:36:31Z,94.0749,104.0324,9.9574,0.0000,0.0000,7.8639,10.6096
2026-08-29T22:36:32Z,94.0749,104.0313,9.9563,0.0000,0.0000,7.8640,10.6096
2026-08-29T22:36:33Z,94.0566,104.0302,9.9736,0.0000,0.0000,7.8641,10.6096
2026-08-29T22:36:34Z,94.0566,104.0291,9.9725,0.0000,0.0000,7.8641,10.6096
2026-08-29T22:36:35Z,94.0658,104.1157,10.0500,0.0000,0.0000,7.8642,10.5962
2026-08-29T22:36:36Z,94.0658,104.1147,10.0489,0.0000,0.0000,7.8643,10.5962
2026-08-29T22:36:37Z,94.0749,104.1136,10.0386,0.0000,0.0000,7.8644,10.5962
2026-08-29T22:36:38Z,94.0749,104.1125,10.0375,0.0000,0.0000,7.8644,10.5962
2026-08-29T22:36:39Z,94.0566,103.9184,9.8618,0.0000,0.0000,7.8645,10.6256
2026-08-29T22:36:40Z,94.0566,103.9173,9.8607,0.0000,0.0000,7.8646,10.6256
2026-08-29T22:36:41Z,94.0902,104.0214,9.9313,0.0000,0.0000,7.8647,10.6096
2026-08-29T22:36:42Z,94.0902,104.0203,9.9302,0.0000,0.0000,7.8648,10.6096
2026-08-29T22:36:43Z,94.0475,104.1070,10.0596,0.0000,0.0000,7.8648,10.5962
2026-08-29T22:36:44Z,94.0475,104.1059,10.0585,0.0000,0.0000,7.8649,10.5962
2026-08-29T22:36:45Z,94.0749,104.1927,10.1177,0.0000,0.0000,7.8650,10.5829
2026-08-29T22:36:46Z,94.0749,104.1916,10.1166,0.0000,0.0000,7.8651,10.5829
2026-08-29T22:36:47Z,94.0749,104.1026,10.0277,0.0000,0.0000,7.8651,10.5962
2026-08-29T22:36:48Z,94.0749,104.1015,10.0266,0.0000,0.0000,7.8652,10.5962
2026-08-29T22:36:49Z,94.0581,104.1005,10.0423,0.0000,0.0000,7.8653,10.5962
2026-08-29T22:36:50Z,94.0581,104.0994,10.0412,0.0000,0.0000,7.8654,10.5962
2026-08-29T22:36:51Z,94.0841,104.0983,10.0142,0.0000,0.0000,7.8655,10.5962
2026-08-29T22:36:52Z,94.0841,104.0972,10.0131,0.0000,0.0000,7.8655,10.5962
2026-08-29T22:36:53Z,94.0398,104.0961,10.0563,0.0000,0.0000,7.8656,10.5962
2026-08-29T22:36:54Z,94.0398,104.0950,10.0552,0.0000,0.0000,7.8657,10.5962
2026-08-29T22:36:55Z,94.0352,104.0062,9.9709,0.0000,0.0000,7.8658,10.6096
2026-08-29T22:36:56Z,94.0352,104.0051,9.9698,0.0000,0.0000,7.8658,10.6096
2026-08-29T22:36:57Z,94.0352,104.1796,10.1443,0.0000,0.0000,7.8659,10.5829
2026-08-29T22:36:58Z,94.0352,104.1785,10.1432,0.0000,0.0000,7.8660,10.5829
2026-08-29T22:36:59Z,94.0124,104.0895,10.0772,0.0000,0.0000,7.8661,10.5962
2026-08-29T22:37:00Z,94.0124,104.0885,10.0761,0.0000,0.0000,7.8662,10.5962
2026-08-29T22:37:01Z,94.0429,103.9996,9.9567,0.0000,0.0000,7.8662,10.6096
2026-08-29T22:37:02Z,94.0429,103.9985,9.9557,0.0000,0.0000,7.8663,10.6096
2026-08-29T22:37:03Z,94.0566,104.0852,10.0286,0.0000,0.0000,7.8664,10.5962
2026-08-29T22:37:04Z,94.0566,104.0841,10.0275,0.0000,0.0000,7.8665,10.5962
2026-08-29T22:37:05Z,94.0856,104.0830,9.9974,0.0000,0.0000,7.8665,10.5962
2026-08-29T22:37:06Z,94.0856,104.0819,9.9963,0.0000,0.0000,7.8666,10.5962
2026-08-29T22:37:07Z,94.0490,104.2565,10.2076,0.0000,0.0000,7.8667,10.5695
2026-08-29T22:37:08Z,94.0490,104.2554,10.2065,0.0000,0.0000,7.8668,10.5695
2026-08-29T22:37:09Z,94.0581,104.0786,10.0205,0.0000,0.0000,7.8669,10.5962
2026-08-29T22:37:10Z,94.0581,104.0775,10.0194,0.0000,0.0000,7.8669,10.5962
2026-08-29T22:37:11Z,94.0246,104.1643,10.1397,0.0000,0.0000,7.8670,10.5829
2026-08-29T22:37:12Z,94.0246,104.1632,10.1386,0.0000,0.0000,7.8671,10.5829
2026-08-29T22:37:13Z,94.0246,104.0743,10.0497,0.0000,0.0000,7.8672,10.5962
2026-08-29T22:37:14Z,94.0246,104.0732,10.0486,0.0000,0.0000,7.8672,10.5962
2026-08-29T22:37:15Z,94.0063,104.0721,10.0658,0.0000,0.0000,7.8673,10.5962
2026-08-29T22:37:16Z,94.0063,104.0710,10.0648,0.0000,0.0000,7.8674,10.5962
2026-08-29T22:37:17Z,94.0795,104.0699,9.9904,0.0000,0.0000,7.8675,10.5962
2026-08-29T22:37:18Z,94.0795,104.0688,9.9893,0.0000,0.0000,7.8676,10.5962
2026-08-29T22:37:19Z,94.0627,103.9800,9.9173,0.0000,0.0000,7.8676,10.6096
2026-08-29T22:37:20Z,94.0627,103.9789,9.9162,0.0000,0.0000,7.8677,10.6096
2026-08-29T22:37:21Z,94.0444,104.0656,10.0212,0.0000,0.0000,7.8678,10.5962
2026-08-29T22:37:22Z,94.0444,104.0645,10.0201,0.0000,0.0000,7.8679,10.5962
2026-08-29T22:37:23Z,94.0581,104.2391,10.1809,0.0000,0.0000,7.8679,10.5695
2026-08-29T22:37:24Z,94.0581,104.2380,10.1798,0.0000,0.0000,7.8680,10.5695
2026-08-29T22:37:25Z,94.0566,104.0612,10.0046,0.0000,0.0000,7.8681,10.5962
2026-08-29T22:37:26Z,94.0566,104.0601,10.0035,0.0000,0.0000,7.8682,10.5962
2026-08-29T22:37:27Z,94.0566,103.9713,9.9147,0.0000,0.0000,7.8683,10.6096
2026-08-29T22:37:28Z,94.0566,103.9702,9.9136,0.0000,0.0000,7.8683,10.6096
2026-08-29T22:37:29Z,94.0398,104.0569,10.0170,0.0000,0.0000,7.8684,10.5962
2026-08-29T22:37:30Z,94.0398,104.0558,10.0159,0.0000,0.0000,7.8685,10.5962
2026-08-29T22:37:31Z,94.0444,104.1425,10.0981,0.0000,0.0000,7.8686,10.5829
2026-08-29T22:37:32Z,94.0444,104.1414,10.0970,0.0000,0.0000,7.8686,10.5829
2026-08-29T22:37:33Z,94.0566,104.1403,10.0837,0.0000,0.0000,7.8687,10.5829
2026-08-29T22:37:34Z,94.0566,104.1392,10.0826,0.0000,0.0000,7.8688,10.5829
2026-08-29T22:37:35Z,94.0246,104.2260,10.2014,0.0000,0.0000,7.8689,10.5695
2026-08-29T22:37:36Z,94.0246,104.2249,10.2003,0.0000,0.0000,7.8690,10.5695
2026-08-29T22:37:37Z,94.0246,104.0482,10.0236,0.0000,0.0000,7.8690,10.5962
2026-08-29T22:37:38Z,94.0246,104.0471,10.0225,0.0000,0.0000,7.8691,10.5962
2026-08-29T22:37:39Z,94.0291,104.1338,10.1046,0.0000,0.0000,7.8692,10.5829
2026-08-29T22:37:40Z,94.0291,104.1327,10.1035,0.0000,0.0000,7.8693,10.5829
2026-08-29T22:37:41Z,94.0444,104.1316,10.0872,0.0000,0.0000,7.8694,10.5829
2026-08-29T22:37:42Z,94.0444,104.1305,10.0861,0.0000,0.0000,7.8694,10.5829
2026-08-29T22:37:43Z,94.0719,104.0416,9.9698,0.0000,0.0000,7.8695,10.5962
2026-08-29T22:37:44Z,94.0719,104.0405,9.9687,0.0000,0.0000,7.8696,10.5962
2026-08-29T22:37:45Z,94.0352,104.2151,10.1799,0.0000,0.0000,7.8697,10.5695
2026-08-29T22:37:46Z,94.0352,104.2140,10.1788,0.0000,0.0000,7.8697,10.5695
2026-08-29T22:37:47Z,94.0124,104.0373,10.0249,0.0000,0.0000,7.8698,10.5962
2026-08-29T22:37:48Z,94.0124,104.0362,10.0238,0.0000,0.0000,7.8699,10.5962
2026-08-29T22:37:49Z,94.0108,103.9474,9.9366,0.0000,0.0000,7.8700,10.6096
2026-08-29T22:37:50Z,94.0108,103.9463,9.9355,0.0000,0.0000,7.8701,10.6096
2026-08-29T22:37:51Z,94.0291,104.1207,10.0916,0.0000,0.0000,7.8701,10.5829
2026-08-29T22:37:52Z,94.0291,104.1196,10.0905,0.0000,0.0000,7.8702,10.5829
2026-08-29T22:37:53Z,94.0246,104.2064,10.1818,0.0000,0.0000,7.8703,10.5695
2026-08-29T22:37:54Z,94.0246,104.2053,10.1807,0.0000,0.0000,7.8704,10.5695
2026-08-29T22:37:55Z,94.0902,104.2042,10.1140,0.0000,0.0000,7.8704,10.5695
2026-08-29T22:37:56Z,94.0902,104.2031,10.1130,0.0000,0.0000,7.8705,10.5695
2026-08-29T22:37:57Z,94.0490,104.0264,9.9774,0.0000,0.0000,7.8706,10.5962
2026-08-29T22:37:58Z,94.0490,104.0253,9.9764,0.0000,0.0000,7.8707,10.5962
2026-08-29T22:37:59Z,94.0215,104.1120,10.0905,0.0000,0.0000,7.8708,10.5829
2026-08-29T22:38:00Z,94.0215,104.1109,10.0894,0.0000,0.0000,7.8708,10.5829
2026-08-29T22:38:01Z,94.0398,104.0221,9.9822,0.0000,0.0000,7.8709,10.5962
2026-08-29T22:38:02Z,94.0398,104.0210,9.9812,0.0000,0.0000,7.8710,10.5962
2026-08-29T22:38:03Z,94.0383,104.0199,9.9816,0.0000,0.0000,7.8711,10.5962
2026-08-29T22:38:04Z,94.0383,104.0188,9.9805,0.0000,0.0000,7.8711,10.5962
2026-08-29T22:38:05Z,94.0383,104.0177,9.9794,0.0000,0.0000,7.8712,10.5962
2026-08-29T22:38:06Z,94.0383,104.0166,9.9783,0.0000,0.0000,7.8713,10.5962
2026-08-29T22:38:07Z,94.0581,104.1033,10.0452,0.0000,0.0000,7.8714,10.5829
2026-08-29T22:38:08Z,94.0581,104.1022,10.0441,0.0000,0.0000,7.8715,10.5829
2026-08-29T22:38:09Z,93.9971,104.0134,10.0163,0.0000,0.0000,7.8715,10.5962
2026-08-29T22:38:10Z,93.9971,104.0123,10.0152,0.0000,0.0000,7.8716,10.5962
2026-08-29T22:38:11Z,94.0063,104.0990,10.0927,0.0000,0.0000,7.8717,10.5829
2026-08-29T22:38:12Z,94.0063,104.0979,10.0916,0.0000,0.0000,7.8718,10.5829
2026-08-29T22:38:13Z,94.0032,104.0091,10.0059,0.0000,0.0000,7.8718,10.5962
2026-08-29T22:38:14Z,94.0032,104.0080,10.0048,0.0000,0.0000,7.8719,10.5962
2026-08-29T22:38:15Z,94.0291,104.0946,10.0655,0.0000,0.0000,7.8720,10.5829
2026-08-29T22:38:16Z,94.0291,104.0936,10.0644,0.0000,0.0000,7.8721,10.5829
2026-08-29T22:38:17Z,94.0124,104.1803,10.1679,0.0000,0.0000,7.8722,10.5695
2026-08-29T22:38:18Z,94.0124,104.1792,10.1669,0.0000,0.0000,7.8722,10.5695
2026-08-29T22:38:19Z,94.0063,104.1781,10.1719,0.0000,0.0000,7.8723,10.5695
2026-08-29T22:38:20Z,94.0063,104.1771,10.1708,0.0000,0.0000,7.8724,10.5695
2026-08-29T22:38:21Z,93.9971,104.0881,10.0910,0.0000,0.0000,7.8725,10.5829
2026-08-29T22:38:22Z,93.9971,104.0870,10.0899,0.0000,0.0000,7.8725,10.5829
2026-08-29T22:38:23Z,94.0063,104.0860,10.0797,0.0000,0.0000,7.8726,10.5829
2026-08-29T22:38:24Z,94.0063,104.0849,10.0786,0.0000,0.0000,7.8727,10.5829
2026-08-29T22:38:25Z,93.9940,104.0838,10.0897,0.0000,0.0000,7.8728,10.5829
2026-08-29T22:38:26Z,93.9940,104.0827,10.0887,0.0000,0.0000,7.8729,10.5829
2026-08-29T22:38:27Z,94.0215,104.0816,10.0601,0.0000,0.0000,7.8729,10.5829
2026-08-29T22:38:28Z,94.0215,104.0805,10.0590,0.0000,0.0000,7.8730,10.5829
2026-08-29T22:38:29Z,94.0215,103.9917,9.9702,0.0000,0.0000,7.8731,10.5962
2026-08-29T22:38:30Z,94.0215,103.9906,9.9691,0.0000,0.0000,7.8732,10.5962
2026-08-29T22:38:31Z,94.0063,103.9896,9.9833,0.0000,0.0000,7.8732,10.5962
2026-08-29T22:38:32Z,94.0063,103.9885,9.9822,0.0000,0.0000,7.8733,10.5962
2026-08-29T22:38:33Z,94.0246,104.1629,10.1384,0.0000,0.0000,7.8734,10.5695
2026-08-29T22:38:34Z,94.0246,104.1619,10.1373,0.0000,0.0000,7.8735,10.5695
2026-08-29T22:38:35Z,94.0215,104.0730,10.0514,0.0000,0.0000,7.8736,10.5829
2026-08-29T22:38:36Z,94.0215,104.0719,10.0504,0.0000,0.0000,7.8736,10.5829
2026-08-29T22:38:37Z,94.0108,104.1586,10.1478,0.0000,0.0000,7.8737,10.5695
2026-08-29T22:38:38Z,94.0108,104.1575,10.1467,0.0000,0.0000,7.8738,10.5695
2026-08-29T22:38:39Z,94.0246,104.1564,10.1319,0.0000,0.0000,7.8739,10.5695
2026-08-29T22:38:40Z,94.0246,104.1554,10.1308,0.0000,0.0000,7.8739,10.5695
2026-08-29T22:38:41Z,93.9895,104.1543,10.1648,0.0000,0.0000,7.8740,10.5695
2026-08-29T22:38:42Z,93.9895,104.1532,10.1637,0.0000,0.0000,7.8741,10.5695
2026-08-29T22:38:43Z,93.9971,104.1521,10.1550,0.0000,0.0000,7.8742,10.5695
2026-08-29T22:38:44Z,93.9971,104.1510,10.1539,0.0000,0.0000,7.8743,10.5695
2026-08-29T22:38:45Z,93.9971,104.0621,10.0650,0.0000,0.0000,7.8743,10.5829
2026-08-29T22:38:46Z,93.9971,104.0610,10.0639,0.0000,0.0000,7.8744,10.5829
2026-08-29T22:38:47Z,94.0124,104.0600,10.0476,0.0000,0.0000,7.8745,10.5829
2026-08-29T22:38:48Z,94.0124,104.0589,10.0465,0.0000,0.0000,7.8746,10.5829
2026-08-29T22:38:49Z,93.9879,104.1456,10.1577,0.0000,0.0000,7.8746,10.5695
2026-08-29T22:38:50Z,93.9879,104.1445,10.1566,0.0000,0.0000,7.8747,10.5695
2026-08-29T22:38:51Z,94.0215,104.1434,10.1219,0.0000,0.0000,7.8748,10.5695
2026-08-29T22:38:52Z,94.0215,104.1424,10.1208,0.0000,0.0000,7.8749,10.5695
2026-08-29T22:38:53Z,93.9986,104.0535,10.0548,0.0000,0.0000,7.8749,10.5829
2026-08-29T22:38:54Z,93.9986,104.0524,10.0538,0.0000,0.0000,7.8750,10.5829
2026-08-29T22:38:55Z,93.9879,104.1391,10.1512,0.0000,0.0000,7.8751,10.5695
2026-08-29T22:38:56Z,93.9879,104.1380,10.1501,0.0000,0.0000,7.8752,10.5695
2026-08-29T22:38:57Z,94.0108,104.0491,10.0383,0.0000,0.0000,7.8753,10.5829
2026-08-29T22:38:58Z,94.0108,104.0481,10.0372,0.0000,0.0000,7.8753,10.5829
2026-08-29T22:38:59Z,94.0063,104.0470,10.0407,0.0000,0.0000,7.8754,10.5829
2026-08-29T22:39:00Z,94.0063,104.0459,10.0396,0.0000,0.0000,7.8755,10.5829
2026-08-29T22:39:01Z,93.9757,104.1326,10.1569,0.0000,0.0000,7.8756,10.5695
2026-08-29T22:39:02Z,93.9757,104.1315,10.1558,0.0000,0.0000,7.8756,10.5695
2026-08-29T22:39:03Z,93.9788,104.0427,10.0639,0.0000,0.0000,7.8757,10.5829
2026-08-29T22:39:04Z,93.9788,104.0416,10.0628,0.0000,0.0000,7.8758,10.5829
2026-08-29T22:39:05Z,93.9971,104.0405,10.0434,0.0000,0.0000,7.8759,10.5829
2026-08-29T22:39:06Z,93.9971,104.0394,10.0423,0.0000,0.0000,7.8760,10.5829
2026-08-29T22:39:07Z,94.0246,103.9506,9.9261,0.0000,0.0000,7.8760,10.5962
2026-08-29T22:39:08Z,94.0246,103.9495,9.9250,0.0000,0.0000,7.8761,10.5962
2026-08-29T22:39:09Z,94.0169,104.1240,10.1070,0.0000,0.0000,7.8762,10.5695
2026-08-29T22:39:10Z,94.0169,104.1229,10.1059,0.0000,0.0000,7.8763,10.5695
2026-08-29T22:39:11Z,93.9895,104.1218,10.1323,0.0000,0.0000,7.8763,10.5695
2026-08-29T22:39:12Z,93.9895,104.1207,10.1312,0.0000,0.0000,7.8764,10.5695
2026-08-29T22:39:13Z,94.0063,104.1196,10.1134,0.0000,0.0000,7.8765,10.5695
2026-08-29T22:39:14Z,94.0063,104.1186,10.1123,0.0000,0.0000,7.8766,10.5695
2026-08-29T22:39:15Z,94.0108,104.1175,10.1066,0.0000,0.0000,7.8767,10.5695
2026-08-29T22:39:16Z,94.0108,104.1164,10.1056,0.0000,0.0000,7.8767,10.5695
2026-08-29T22:39:17Z,94.0124,104.0275,10.0152,0.0000,0.0000,7.8768,10.5829
2026-08-29T22:39:18Z,94.0124,104.0265,10.0141,0.0000,0.0000,7.8769,10.5829
2026-08-29T22:39:19Z,93.9879,104.1132,10.1252,0.0000,0.0000,7.8770,10.5695
2026-08-29T22:39:20Z,93.9879,104.1121,10.1241,0.0000,0.0000,7.8770,10.5695
2026-08-29T22:39:21Z,93.9986,104.1110,10.1124,0.0000,0.0000,7.8771,10.5695
2026-08-29T22:39:22Z,93.9986,104.1099,10.1113,0.0000,0.0000,7.8772,10.5695
2026-08-29T22:39:23Z,94.0063,104.1088,10.1026,0.0000,0.0000,7.8773,10.5695
2026-08-29T22:39:24Z,94.0063,104.1078,10.1015,0.0000,0.0000,7.8774,10.5695
2026-08-29T22:39:25Z,93.9879,104.0189,10.0310,0.0000,0.0000,7.8774,10.5829
2026-08-29T22:39:26Z,93.9879,104.0178,10.0299,0.0000,0.0000,7.8775,10.5829
2026-08-29T22:39:27Z,94.0032,104.0167,10.0135,0.0000,0.0000,7.8776,10.5829
2026-08-29T22:39:28Z,94.0032,104.0157,10.0125,0.0000,0.0000,7.8777,10.5829
2026-08-29T22:39:29Z,93.9605,104.2957,10.3353,0.0000,0.0000,7.8777,10.5402
2026-08-29T22:39:30Z,93.9605,104.2947,10.3342,0.0000,0.0000,7.8778,10.5402
2026-08-29T22:39:31Z,93.9696,104.0124,10.0428,0.0000,0.0000,7.8779,10.5829
2026-08-29T22:39:32Z,93.9696,104.0113,10.0417,0.0000,0.0000,7.8780,10.5829
2026-08-29T22:39:33Z,94.0307,104.2035,10.1728,0.0000,0.0000,7.8781,10.5535
2026-08-29T22:39:34Z,94.0307,104.2024,10.1717,0.0000,0.0000,7.8781,10.5535
2026-08-29T22:39:35Z,93.9986,104.0959,10.0972,0.0000,0.0000,7.8782,10.5695
2026-08-29T22:39:36Z,93.9986,104.0948,10.0962,0.0000,0.0000,7.8783,10.5695
2026-08-29T22:39:37Z,94.0398,104.0937,10.0539,0.0000,0.0000,7.8784,10.5695
2026-08-29T22:39:38Z,94.0398,104.0926,10.0528,0.0000,0.0000,7.8784,10.5695
2026-08-29T22:39:39Z,93.9757,104.0038,10.0281,0.0000,0.0000,7.8785,10.5829
2026-08-29T22:39:40Z,93.9757,104.0027,10.0270,0.0000,0.0000,7.8786,10.5829
2026-08-29T22:39:41Z,94.0063,104.0894,10.0831,0.0000,0.0000,7.8787,10.5695
2026-08-29T22:39:42Z,94.0063,104.0883,10.0821,0.0000,0.0000,7.8788,10.5695
2026-08-29T22:39:43Z,93.9895,103.9995,10.0100,0.0000,0.0000,7.8788,10.5829
2026-08-29T22:39:44Z,93.9895,103.9984,10.0089,0.0000,0.0000,7.8789,10.5829
2026-08-29T22:39:45Z,93.9895,103.9973,10.0079,0.0000,0.0000,7.8790,10.5829
2026-08-29T22:39:46Z,93.9895,103.9963,10.0068,0.0000,0.0000,7.8791,10.5829
2026-08-29T22:39:47Z,93.9879,103.9952,10.0072,0.0000,0.0000,7.8791,10.5829
2026-08-29T22:39:48Z,93.9879,103.9941,10.0062,0.0000,0.0000,7.8792,10.5829
2026-08-29T22:39:49Z,93.9651,103.9054,9.9403,0.0000,0.0000,7.8793,10.5962
2026-08-29T22:39:50Z,93.9651,103.9043,9.9392,0.0000,0.0000,7.8794,10.5962
2026-08-29T22:39:51Z,93.9925,103.9909,9.9983,0.0000,0.0000,7.8795,10.5829
2026-08-29T22:39:52Z,93.9925,103.9898,9.9973,0.0000,0.0000,7.8795,10.5829
2026-08-29T22:39:53Z,93.9879,104.1819,10.1939,0.0000,0.0000,7.8796,10.5535
2026-08-29T22:39:54Z,93.9879,104.1808,10.1929,0.0000,0.0000,7.8797,10.5535
2026-08-29T22:39:55Z,93.9788,104.0743,10.0955,0.0000,0.0000,7.8798,10.5695
2026-08-29T22:39:56Z,93.9788,104.0732,10.0944,0.0000,0.0000,7.8798,10.5695
2026-08-29T22:39:57Z,93.9696,104.0722,10.1025,0.0000,0.0000,7.8799,10.5695
2026-08-29T22:39:58Z,93.9696,104.0711,10.1014,0.0000,0.0000,7.8800,10.5695
2026-08-29T22:39:59Z,93.9788,104.0700,10.0912,0.0000,0.0000,7.8801,10.5695
2026-08-29T22:40:00Z,93.9788,104.0689,10.0901,0.0000,0.0000,7.8802,10.5695
2026-08-29T22:40:01Z,93.9986,103.9801,9.9815,0.0000,0.0000,7.8802,10.5829
2026-08-29T22:40:02Z,93.9986,103.9790,9.9804,0.0000,0.0000,7.8803,10.5829
2026-08-29T22:40:03Z,94.0108,104.1711,10.1603,0.0000,0.0000,7.8804,10.5535
2026-08-29T22:40:04Z,94.0108,104.1700,10.1592,0.0000,0.0000,7.8805,10.5535
2026-08-29T22:40:05Z,93.9986,104.0635,10.0649,0.0000,0.0000,7.8805,10.5695
2026-08-29T22:40:06Z,93.9986,104.0625,10.0638,0.0000,0.0000,7.8806,10.5695
2026-08-29T22:40:07Z,93.9879,103.9737,9.9857,0.0000,0.0000,7.8807,10.5829
2026-08-29T22:40:08Z,93.9879,103.9726,9.9846,0.0000,0.0000,7.8808,10.5829
2026-08-29T22:40:09Z,93.9574,104.0592,10.1018,0.0000,0.0000,7.8808,10.5695
2026-08-29T22:40:10Z,93.9574,104.0582,10.1007,0.0000,0.0000,7.8809,10.5695
2026-08-29T22:40:11Z,94.0108,104.2504,10.2396,0.0000,0.0000,7.8810,10.5402
2026-08-29T22:40:12Z,94.0108,104.2493,10.2385,0.0000,0.0000,7.8811,10.5402
2026-08-29T22:40:13Z,93.9895,103.9672,9.9777,0.0000,0.0000,7.8812,10.5829
2026-08-29T22:40:14Z,93.9895,103.9661,9.9767,0.0000,0.0000,7.8812,10.5829
2026-08-29T22:40:15Z,93.9788,104.1582,10.1794,0.0000,0.0000,7.8813,10.5535
2026-08-29T22:40:16Z,93.9788,104.1571,10.1783,0.0000,0.0000,7.8814,10.5535
2026-08-29T22:40:17Z,94.0032,103.9629,9.9597,0.0000,0.0000,7.8815,10.5829
2026-08-29T22:40:18Z,94.0032,103.9618,9.9586,0.0000,0.0000,7.8815,10.5829
2026-08-29T22:40:19Z,93.9696,104.0485,10.0788,0.0000,0.0000,7.8816,10.5695
2026-08-29T22:40:20Z,93.9696,104.0474,10.0778,0.0000,0.0000,7.8817,10.5695
2026-08-29T22:40:21Z,93.9834,104.1517,10.1683,0.0000,0.0000,7.8818,10.5535
2026-08-29T22:40:22Z,93.9834,104.1506,10.1673,0.0000,0.0000,7.8819,10.5535
2026-08-29T22:40:23Z,93.9437,104.0442,10.1005,0.0000,0.0000,7.8819,10.5695
2026-08-29T22:40:24Z,93.9437,104.0431,10.0994,0.0000,0.0000,7.8820,10.5695
2026-08-29T22:40:25Z,93.9879,104.1474,10.1595,0.0000,0.0000,7.8821,10.5535
2026-08-29T22:40:26Z,93.9879,104.1463,10.1584,0.0000,0.0000,7.8822,10.5535
2026-08-29T22:40:27Z,93.9574,104.1453,10.1878,0.0000,0.0000,7.8822,10.5535
2026-08-29T22:40:28Z,93.9574,104.1442,10.1868,0.0000,0.0000,7.8823,10.5535
2026-08-29T22:40:29Z,93.9696,104.1431,10.1735,0.0000,0.0000,7.8824,10.5535
2026-08-29T22:40:30Z,93.9696,104.1420,10.1724,0.0000,0.0000,7.8825,10.5535
2026-08-29T22:40:31Z,93.9528,104.0356,10.0827,0.0000,0.0000,7.8826,10.5695
2026-08-29T22:40:32Z,93.9528,104.0345,10.0817,0.0000,0.0000,7.8826,10.5695
2026-08-29T22:40:33Z,93.9422,104.0334,10.0913,0.0000,0.0000,7.8827,10.5695
2026-08-29T22:40:34Z,93.9422,104.0324,10.0902,0.0000,0.0000,7.8828,10.5695
2026-08-29T22:40:35Z,93.9528,104.0313,10.0784,0.0000,0.0000,7.8829,10.5695
2026-08-29T22:40:36Z,93.9528,104.0302,10.0774,0.0000,0.0000,7.8829,10.5695
2026-08-29T22:40:37Z,93.9467,104.0291,10.0824,0.0000,0.0000,7.8830,10.5695
2026-08-29T22:40:38Z,93.9467,104.0281,10.0813,0.0000,0.0000,7.8831,10.5695
2026-08-29T22:40:39Z,93.9605,104.0270,10.0665,0.0000,0.0000,7.8832,10.5695
2026-08-29T22:40:40Z,93.9605,104.0259,10.0654,0.0000,0.0000,7.8833,10.5695
2026-08-29T22:40:41Z,93.9879,103.9371,9.9492,0.0000,0.0000,7.8833,10.5829
2026-08-29T22:40:42Z,93.9879,103.9361,9.9481,0.0000,0.0000,7.8834,10.5829
2026-08-29T22:40:43Z,93.9528,103.9350,9.9821,0.0000,0.0000,7.8835,10.5829
2026-08-29T22:40:44Z,93.9528,103.9339,9.9811,0.0000,0.0000,7.8836,10.5829
2026-08-29T22:40:45Z,93.9528,104.0206,10.0677,0.0000,0.0000,7.8836,10.5695
2026-08-29T22:40:46Z,93.9528,104.0195,10.0666,0.0000,0.0000,7.8837,10.5695
2026-08-29T22:40:47Z,93.9651,104.1238,10.1587,0.0000,0.0000,7.8838,10.5535
2026-08-29T22:40:48Z,93.9651,104.1227,10.1576,0.0000,0.0000,7.8839,10.5535
2026-08-29T22:40:49Z,93.9651,104.0163,10.0512,0.0000,0.0000,7.8839,10.5695
2026-08-29T22:40:50Z,93.9651,104.0152,10.0501,0.0000,0.0000,7.8840,10.5695
2026-08-29T22:40:51Z,93.9605,104.0141,10.0536,0.0000,0.0000,7.8841,10.5695
2026-08-29T22:40:52Z,93.9605,104.0130,10.0526,0.0000,0.0000,7.8842,10.5695
2026-08-29T22:40:53Z,93.9651,104.1173,10.1523,0.0000,0.0000,7.8843,10.5535
2026-08-29T22:40:54Z,93.9651,104.1162,10.1512,0.0000,0.0000,7.8843,10.5535
2026-08-29T22:40:55Z,93.9528,104.1152,10.1623,0.0000,0.0000,7.8844,10.5535
2026-08-29T22:40:56Z,93.9528,104.1141,10.1612,0.0000,0.0000,7.8845,10.5535
2026-08-29T22:40:57Z,93.9376,104.1130,10.1754,0.0000,0.0000,7.8846,10.5535
2026-08-29T22:40:58Z,93.9376,104.1120,10.1744,0.0000,0.0000,7.8846,10.5535
2026-08-29T22:40:59Z,93.9437,104.0055,10.0618,0.0000,0.0000,7.8847,10.5695
2026-08-29T22:41:00Z,93.9437,104.0045,10.0608,0.0000,0.0000,7.8848,10.5695
2026-08-29T22:41:01Z,93.9239,104.1966,10.2727,0.0000,0.0000,7.8849,10.5402
2026-08-29T22:41:02Z,93.9239,104.1955,10.2717,0.0000,0.0000,7.8850,10.5402
2026-08-29T22:41:03Z,93.9528,104.0013,10.0484,0.0000,0.0000,7.8850,10.5695
2026-08-29T22:41:04Z,93.9528,104.0002,10.0473,0.0000,0.0000,7.8851,10.5695
2026-08-29T22:41:05Z,93.9254,103.9991,10.0737,0.0000,0.0000,7.8852,10.5695
2026-08-29T22:41:06Z,93.9254,103.9980,10.0727,0.0000,0.0000,7.8853,10.5695
2026-08-29T22:41:07Z,93.9467,104.1023,10.1556,0.0000,0.0000,7.8853,10.5535
2026-08-29T22:41:08Z,93.9467,104.1012,10.1545,0.0000,0.0000,7.8854,10.5535
2026-08-29T22:41:09Z,93.9300,104.1880,10.2581,0.0000,0.0000,7.8855,10.5402
2026-08-29T22:41:10Z,93.9300,104.1869,10.2570,0.0000,0.0000,7.8856,10.5402
2026-08-29T22:41:11Z,93.9147,103.9050,9.9903,0.0000,0.0000,7.8857,10.5829
2026-08-29T22:41:12Z,93.9147,103.9039,9.9892,0.0000,0.0000,7.8857,10.5829
2026-08-29T22:41:13Z,93.9071,104.0959,10.1888,0.0000,0.0000,7.8858,10.5535
2026-08-29T22:41:14Z,93.9071,104.0948,10.1877,0.0000,0.0000,7.8859,10.5535
2026-08-29T22:41:15Z,93.9345,104.0937,10.1592,0.0000,0.0000,7.8860,10.5535
2026-08-29T22:41:16Z,93.9345,104.0927,10.1581,0.0000,0.0000,7.8860,10.5535
2026-08-29T22:41:17Z,93.9422,103.9863,10.0441,0.0000,0.0000,7.8861,10.5695
2026-08-29T22:41:18Z,93.9422,103.9852,10.0430,0.0000,0.0000,7.8862,10.5695
2026-08-29T22:41:19Z,93.9193,103.9841,10.0648,0.0000,0.0000,7.8863,10.5695
2026-08-29T22:41:20Z,93.9193,103.9831,10.0638,0.0000,0.0000,7.8863,10.5695
2026-08-29T22:41:21Z,93.9117,104.0873,10.1756,0.0000,0.0000,7.8864,10.5535
2026-08-29T22:41:22Z,93.9117,104.0862,10.1746,0.0000,0.0000,7.8865,10.5535
2026-08-29T22:41:23Z,93.8796,104.2609,10.3813,0.0000,0.0000,7.8866,10.5268
2026-08-29T22:41:24Z,93.8796,104.2599,10.3803,0.0000,0.0000,7.8867,10.5268
2026-08-29T22:41:25Z,93.9239,104.1709,10.2470,0.0000,0.0000,7.8867,10.5402
2026-08-29T22:41:26Z,93.9239,104.1698,10.2459,0.0000,0.0000,7.8868,10.5402
2026-08-29T22:41:27Z,93.9055,104.0809,10.1753,0.0000,0.0000,7.8869,10.5535
2026-08-29T22:41:28Z,93.9055,104.0798,10.1743,0.0000,0.0000,7.8870,10.5535
2026-08-29T22:41:29Z,93.8979,104.0787,10.1808,0.0000,0.0000,7.8870,10.5535
2026-08-29T22:41:30Z,93.8979,104.0777,10.1797,0.0000,0.0000,7.8871,10.5535
2026-08-29T22:41:31Z,93.8964,103.9713,10.0749,0.0000,0.0000,7.8872,10.5695
2026-08-29T22:41:32Z,93.8964,103.9702,10.0738,0.0000,0.0000,7.8873,10.5695
2026-08-29T22:41:33Z,93.8613,104.1623,10.3010,0.0000,0.0000,7.8874,10.5402
2026-08-29T22:41:34Z,93.8613,104.1612,10.2999,0.0000,0.0000,7.8874,10.5402
2026-08-29T22:41:35Z,93.8872,104.1602,10.2729,0.0000,0.0000,7.8875,10.5402
2026-08-29T22:41:36Z,93.8872,104.1591,10.2718,0.0000,0.0000,7.8876,10.5402
2026-08-29T22:41:37Z,93.9025,104.1580,10.2555,0.0000,0.0000,7.8877,10.5402
2026-08-29T22:41:38Z,93.9025,104.1569,10.2544,0.0000,0.0000,7.8877,10.5402
2026-08-29T22:41:39Z,93.8872,104.0680,10.1808,0.0000,0.0000,7.8878,10.5535
2026-08-29T22:41:40Z,93.8872,104.0670,10.1797,0.0000,0.0000,7.8879,10.5535
2026-08-29T22:41:41Z,93.8872,104.0659,10.1787,0.0000,0.0000,7.8880,10.5535
2026-08-29T22:41:42Z,93.8872,104.0648,10.1776,0.0000,0.0000,7.8880,10.5535
2026-08-29T22:41:43Z,93.8567,104.2395,10.3828,0.0000,0.0000,7.8881,10.5268
2026-08-29T22:41:44Z,93.8567,104.2384,10.3817,0.0000,0.0000,7.8882,10.5268
2026-08-29T22:41:45Z,93.8735,104.0616,10.1881,0.0000,0.0000,7.8883,10.5535
2026-08-29T22:41:46Z,93.8735,104.0605,10.1870,0.0000,0.0000,7.8884,10.5535
2026-08-29T22:41:47Z,93.8613,104.1473,10.2860,0.0000,0.0000,7.8884,10.5402
2026-08-29T22:41:48Z,93.8613,104.1462,10.2849,0.0000,0.0000,7.8885,10.5402
2026-08-29T22:41:49Z,93.8796,104.1452,10.2656,0.0000,0.0000,7.8886,10.5402
2026-08-29T22:41:50Z,93.8796,104.1441,10.2645,0.0000,0.0000,7.8887,10.5402
2026-08-29T22:41:51Z,93.8247,104.1430,10.3184,0.0000,0.0000,7.8887,10.5402
2026-08-29T22:41:52Z,93.8247,104.1420,10.3173,0.0000,0.0000,7.8888,10.5402
2026-08-29T22:41:53Z,93.8521,103.9478,10.0956,0.0000,0.0000,7.8889,10.5695
2026-08-29T22:41:54Z,93.8521,103.9467,10.0946,0.0000,0.0000,7.8890,10.5695
2026-08-29T22:41:55Z,93.8521,104.0509,10.1988,0.0000,0.0000,7.8891,10.5535
2026-08-29T22:41:56Z,93.8521,104.0499,10.1977,0.0000,0.0000,7.8891,10.5535
2026-08-29T22:41:57Z,93.8567,104.1366,10.2799,0.0000,0.0000,7.8892,10.5402
2026-08-29T22:41:58Z,93.8567,104.1356,10.2788,0.0000,0.0000,7.8893,10.5402
2026-08-29T22:41:59Z,93.8109,104.1345,10.3235,0.0000,0.0000,7.8894,10.5402
2026-08-29T22:42:00Z,93.8109,104.1334,10.3225,0.0000,0.0000,7.8894,10.5402
2026-08-29T22:42:01Z,93.8247,104.2202,10.3956,0.0000,0.0000,7.8895,10.5268
2026-08-29T22:42:02Z,93.8247,104.2192,10.3945,0.0000,0.0000,7.8896,10.5268
2026-08-29T22:42:03Z,93.8430,104.0424,10.1994,0.0000,0.0000,7.8897,10.5535
2026-08-29T22:42:04Z,93.8430,104.0413,10.1983,0.0000,0.0000,7.8898,10.5535
2026-08-29T22:42:05Z,93.8003,104.1281,10.3278,0.0000,0.0000,7.8898,10.5402
2026-08-29T22:42:06Z,93.8003,104.1270,10.3267,0.0000,0.0000,7.8899,10.5402
2026-08-29T22:42:07Z,93.8155,104.0381,10.2226,0.0000,0.0000,7.8900,10.5535
2026-08-29T22:42:08Z,93.8155,104.0371,10.2215,0.0000,0.0000,7.8901,10.5535
2026-08-29T22:42:09Z,93.8094,104.2117,10.4023,0.0000,0.0000,7.8901,10.5268
2026-08-29T22:42:10Z,93.8094,104.2106,10.4012,0.0000,0.0000,7.8902,10.5268
2026-08-29T22:42:11Z,93.7926,104.0339,10.2412,0.0000,0.0000,7.8903,10.5535
2026-08-29T22:42:12Z,93.7926,104.0328,10.2402,0.0000,0.0000,7.8904,10.5535
2026-08-29T22:42:13Z,93.8109,104.2954,10.4845,0.0000,0.0000,7.8904,10.5135
2026-08-29T22:42:14Z,93.8109,104.2943,10.4834,0.0000,0.0000,7.8905,10.5135
2026-08-29T22:42:15Z,93.7728,103.9243,10.1515,0.0000,0.0000,7.8906,10.5695
2026-08-29T22:42:16Z,93.7728,103.9233,10.1505,0.0000,0.0000,7.8907,10.5695
2026-08-29T22:42:17Z,93.7819,104.1153,10.3333,0.0000,0.0000,7.8908,10.5402
2026-08-29T22:42:18Z,93.7819,104.1142,10.3322,0.0000,0.0000,7.8908,10.5402
2026-08-29T22:42:19Z,93.7911,104.1131,10.3220,0.0000,0.0000,7.8909,10.5402
2026-08-29T22:42:20Z,93.7911,104.1121,10.3210,0.0000,0.0000,7.8910,10.5402
2026-08-29T22:42:21Z,93.7911,104.1989,10.4078,0.0000,0.0000,7.8911,10.5268
2026-08-29T22:42:22Z,93.7911,104.1978,10.4067,0.0000,0.0000,7.8911,10.5268
2026-08-29T22:42:23Z,93.7789,104.1967,10.4178,0.0000,0.0000,7.8912,10.5268
2026-08-29T22:42:24Z,93.7789,104.1957,10.4168,0.0000,0.0000,7.8913,10.5268
2026-08-29T22:42:25Z,93.7560,104.1067,10.3507,0.0000,0.0000,7.8914,10.5402
2026-08-29T22:42:26Z,93.7560,104.1057,10.3497,0.0000,0.0000,7.8915,10.5402
2026-08-29T22:42:27Z,93.7514,104.1046,10.3532,0.0000,0.0000,7.8915,10.5402
2026-08-29T22:42:28Z,93.7514,104.1035,10.3521,0.0000,0.0000,7.8916,10.5402
2026-08-29T22:42:29Z,93.7285,104.1025,10.3739,0.0000,0.0000,7.8917,10.5402
2026-08-29T22:42:30Z,93.7285,104.1014,10.3729,0.0000,0.0000,7.8918,10.5402
2026-08-29T22:42:31Z,93.7102,104.1882,10.4780,0.0000,0.0000,7.8918,10.5268
2026-08-29T22:42:32Z,93.7102,104.1871,10.4769,0.0000,0.0000,7.8919,10.5268
2026-08-29T22:42:33Z,93.7423,104.0104,10.2681,0.0000,0.0000,7.8920,10.5535
2026-08-29T22:42:34Z,93.7423,104.0093,10.2671,0.0000,0.0000,7.8921,10.5535
2026-08-29T22:42:35Z,93.7362,104.0961,10.3599,0.0000,0.0000,7.8921,10.5402
2026-08-29T22:42:36Z,93.7362,104.0950,10.3588,0.0000,0.0000,7.8922,10.5402
2026-08-29T22:42:37Z,93.6965,104.0939,10.3974,0.0000,0.0000,7.8923,10.5402
2026-08-29T22:42:38Z,93.6965,104.0929,10.3964,0.0000,0.0000,7.8924,10.5402
2026-08-29T22:42:39Z,93.7194,104.1797,10.4603,0.0000,0.0000,7.8925,10.5268
2026-08-29T22:42:40Z,93.7194,104.1786,10.4592,0.0000,0.0000,7.8925,10.5268
2026-08-29T22:42:41Z,93.6950,104.1775,10.4826,0.0000,0.0000,7.8926,10.5268
2026-08-29T22:42:42Z,93.6950,104.1765,10.4815,0.0000,0.0000,7.8927,10.5268
2026-08-29T22:42:43Z,93.7041,104.0875,10.3834,0.0000,0.0000,7.8928,10.5402
2026-08-29T22:42:44Z,93.7041,104.0865,10.3824,0.0000,0.0000,7.8928,10.5402
2026-08-29T22:42:45Z,93.6736,104.1733,10.4997,0.0000,0.0000,7.8929,10.5268
2026-08-29T22:42:46Z,93.6736,104.1722,10.4986,0.0000,0.0000,7.8930,10.5268
2026-08-29T22:42:47Z,93.6965,104.1712,10.4747,0.0000,0.0000,7.8931,10.5268
2026-08-29T22:42:48Z,93.6965,104.1701,10.4736,0.0000,0.0000,7.8931,10.5268
2026-08-29T22:42:49Z,93.6721,104.1690,10.4969,0.0000,0.0000,7.8932,10.5268
2026-08-29T22:42:50Z,93.6721,104.1680,10.4959,0.0000,0.0000,7.8933,10.5268
2026-08-29T22:42:51Z,93.7133,104.1669,10.4536,0.0000,0.0000,7.8934,10.5268
2026-08-29T22:42:52Z,93.7133,104.1658,10.4525,0.0000,0.0000,7.8935,10.5268
2026-08-29T22:42:53Z,93.6736,104.0769,10.4033,0.0000,0.0000,7.8935,10.5402
2026-08-29T22:42:54Z,93.6736,104.0758,10.4022,0.0000,0.0000,7.8936,10.5402
2026-08-29T22:42:55Z,93.6950,104.0748,10.3798,0.0000,0.0000,7.8937,10.5402
2026-08-29T22:42:56Z,93.6950,104.0737,10.3787,0.0000,0.0000,7.8938,10.5402
2026-08-29T22:42:57Z,93.6858,104.0727,10.3868,0.0000,0.0000,7.8938,10.5402
2026-08-29T22:42:58Z,93.6858,104.0716,10.3858,0.0000,0.0000,7.8939,10.5402
2026-08-29T22:42:59Z,93.6370,104.1584,10.5214,0.0000,0.0000,7.8940,10.5268
2026-08-29T22:43:00Z,93.6370,104.1573,10.5203,0.0000,0.0000,7.8941,10.5268
2026-08-29T22:43:01Z,93.6675,104.2442,10.5767,0.0000,0.0000,7.8942,10.5135
2026-08-29T22:43:02Z,93.6675,104.2431,10.5756,0.0000,0.0000,7.8942,10.5135
2026-08-29T22:43:03Z,93.6095,104.1541,10.5446,0.0000,0.0000,7.8943,10.5268
2026-08-29T22:43:04Z,93.6095,104.1531,10.5435,0.0000,0.0000,7.8944,10.5268
2026-08-29T22:43:05Z,93.6095,104.3455,10.7360,0.0000,0.0000,7.8945,10.4974
2026-08-29T22:43:06Z,93.6095,104.3445,10.7350,0.0000,0.0000,7.8945,10.4974
2026-08-29T22:43:07Z,93.6324,104.1499,10.5175,0.0000,0.0000,7.8946,10.5268
2026-08-29T22:43:08Z,93.6324,104.1488,10.5164,0.0000,0.0000,7.8947,10.5268
2026-08-29T22:43:09Z,93.5988,104.0599,10.4611,0.0000,0.0000,7.8948,10.5402
2026-08-29T22:43:10Z,93.5988,104.0588,10.4600,0.0000,0.0000,7.8948,10.5402
2026-08-29T22:43:11Z,93.5851,104.1456,10.5605,0.0000,0.0000,7.8949,10.5268
2026-08-29T22:43:12Z,93.5851,104.1445,10.5594,0.0000,0.0000,7.8950,10.5268
2026-08-29T22:43:13Z,93.5958,104.3370,10.7412,0.0000,0.0000,7.8951,10.4974
2026-08-29T22:43:14Z,93.5958,104.3360,10.7402,0.0000,0.0000,7.8952,10.4974
2026-08-29T22:43:15Z,93.5912,104.1414,10.5501,0.0000,0.0000,7.8952,10.5268
2026-08-29T22:43:16Z,93.5912,104.1403,10.5491,0.0000,0.0000,7.8953,10.5268
2026-08-29T22:43:17Z,93.5988,104.1392,10.5404,0.0000,0.0000,7.8954,10.5268
2026-08-29T22:43:18Z,93.5988,104.1382,10.5393,0.0000,0.0000,7.8955,10.5268
2026-08-29T22:43:19Z,93.5912,104.2250,10.6338,0.0000,0.0000,7.8955,10.5135
2026-08-29T22:43:20Z,93.5912,104.2240,10.6327,0.0000,0.0000,7.8956,10.5135
2026-08-29T22:43:21Z,93.5958,104.1350,10.5392,0.0000,0.0000,7.8957,10.5268
2026-08-29T22:43:22Z,93.5958,104.1339,10.5381,0.0000,0.0000,7.8958,10.5268
2026-08-29T22:43:23Z,93.5576,104.1329,10.5752,0.0000,0.0000,7.8958,10.5268
2026-08-29T22:43:24Z,93.5576,104.1318,10.5742,0.0000,0.0000,7.8959,10.5268
2026-08-29T22:43:25Z,93.5729,104.2186,10.6457,0.0000,0.0000,7.8960,10.5135
2026-08-29T22:43:26Z,93.5729,104.2176,10.6447,0.0000,0.0000,7.8961,10.5135
2026-08-29T22:43:27Z,93.5576,104.1286,10.5710,0.0000,0.0000,7.8962,10.5268
2026-08-29T22:43:28Z,93.5576,104.1275,10.5699,0.0000,0.0000,7.8962,10.5268
2026-08-29T22:43:29Z,93.5576,104.1265,10.5688,0.0000,0.0000,7.8963,10.5268
2026-08-29T22:43:30Z,93.5576,104.1254,10.5678,0.0000,0.0000,7.8964,10.5268
2026-08-29T22:43:31Z,93.5576,104.1244,10.5667,0.0000,0.0000,7.8965,10.5268
2026-08-29T22:43:32Z,93.5576,104.1233,10.5657,0.0000,0.0000,7.8965,10.5268
2026-08-29T22:43:33Z,93.5714,104.1222,10.5509,0.0000,0.0000,7.8966,10.5268
2026-08-29T22:43:34Z,93.5714,104.1212,10.5498,0.0000,0.0000,7.8967,10.5268
2026-08-29T22:43:35Z,93.5042,104.1201,10.6159,0.0000,0.0000,7.8968,10.5268
2026-08-29T22:43:36Z,93.5042,104.1191,10.6148,0.0000,0.0000,7.8969,10.5268
2026-08-29T22:43:37Z,93.5393,104.1180,10.5787,0.0000,0.0000,7.8969,10.5268
2026-08-29T22:43:38Z,93.5393,104.1169,10.5776,0.0000,0.0000,7.8970,10.5268
2026-08-29T22:43:39Z,93.5317,104.1159,10.5842,0.0000,0.0000,7.8971,10.5268
2026-08-29T22:43:40Z,93.5317,104.1148,10.5831,0.0000,0.0000,7.8972,10.5268
2026-08-29T22:43:41Z,93.4890,104.2016,10.7127,0.0000,0.0000,7.8972,10.5135
2026-08-29T22:43:42Z,93.4890,104.2006,10.7116,0.0000,0.0000,7.8973,10.5135
2026-08-29T22:43:43Z,93.5225,104.3051,10.7826,0.0000,0.0000,7.8974,10.4974
2026-08-29T22:43:44Z,93.5225,104.3040,10.7815,0.0000,0.0000,7.8975,10.4974
2026-08-29T22:43:45Z,93.5164,104.1095,10.5931,0.0000,0.0000,7.8975,10.5268
2026-08-29T22:43:46Z,93.5164,104.1084,10.5920,0.0000,0.0000,7.8976,10.5268
2026-08-29T22:43:47Z,93.5073,104.1953,10.6880,0.0000,0.0000,7.8977,10.5135
2026-08-29T22:43:48Z,93.5073,104.1942,10.6869,0.0000,0.0000,7.8978,10.5135
2026-08-29T22:43:49Z,93.4722,104.0175,10.5453,0.0000,0.0000,7.8979,10.5402
2026-08-29T22:43:50Z,93.4722,104.0164,10.5442,0.0000,0.0000,7.8979,10.5402
2026-08-29T22:43:51Z,93.4844,104.1910,10.7066,0.0000,0.0000,7.8980,10.5135
2026-08-29T22:43:52Z,93.4844,104.1900,10.7056,0.0000,0.0000,7.8981,10.5135
2026-08-29T22:43:53Z,93.4951,104.1889,10.6938,0.0000,0.0000,7.8982,10.5135
2026-08-29T22:43:54Z,93.4951,104.1879,10.6928,0.0000,0.0000,7.8982,10.5135
2026-08-29T22:43:55Z,93.5180,104.2924,10.7744,0.0000,0.0000,7.8983,10.4974
2026-08-29T22:43:56Z,93.5180,104.2913,10.7733,0.0000,0.0000,7.8984,10.4974
2026-08-29T22:43:57Z,93.4951,104.0968,10.6017,0.0000,0.0000,7.8985,10.5268
2026-08-29T22:43:58Z,93.4951,104.0957,10.6007,0.0000,0.0000,7.8985,10.5268
2026-08-29T22:43:59Z,93.4890,104.0947,10.6057,0.0000,0.0000,7.8986,10.5268
2026-08-29T22:44:00Z,93.4890,104.0936,10.6046,0.0000,0.0000,7.8987,10.5268
2026-08-29T22:44:01Z,93.4493,104.2860,10.8367,0.0000,0.0000,7.8988,10.4974
2026-08-29T22:44:02Z,93.4493,104.2849,10.8356,0.0000,0.0000,7.8989,10.4974
2026-08-29T22:44:03Z,93.4768,104.1783,10.7015,0.0000,0.0000,7.8989,10.5135
2026-08-29T22:44:04Z,93.4768,104.1773,10.7005,0.0000,0.0000,7.8990,10.5135
2026-08-29T22:44:05Z,93.4630,104.0005,10.5375,0.0000,0.0000,7.8991,10.5402
2026-08-29T22:44:06Z,93.4630,103.9995,10.5364,0.0000,0.0000,7.8992,10.5402
2026-08-29T22:44:07Z,93.4569,104.0862,10.6293,0.0000,0.0000,7.8992,10.5268
2026-08-29T22:44:08Z,93.4569,104.0851,10.6282,0.0000,0.0000,7.8993,10.5268
2026-08-29T22:44:09Z,93.4630,104.1720,10.7089,0.0000,0.0000,7.8994,10.5135
2026-08-29T22:44:10Z,93.4630,104.1709,10.7079,0.0000,0.0000,7.8995,10.5135
2026-08-29T22:44:11Z,93.4630,104.0820,10.6189,0.0000,0.0000,7.8995,10.5268
2026-08-29T22:44:12Z,93.4630,104.0809,10.6179,0.0000,0.0000,7.8996,10.5268
2026-08-29T22:44:13Z,93.4615,104.0799,10.6183,0.0000,0.0000,7.8997,10.5268
2026-08-29T22:44:14Z,93.4615,104.0788,10.6173,0.0000,0.0000,7.8998,10.5268
2026-08-29T22:44:15Z,93.4569,103.9900,10.5330,0.0000,0.0000,7.8999,10.5402
2026-08-29T22:44:16Z,93.4569,103.9889,10.5320,0.0000,0.0000,7.8999,10.5402
2026-08-29T22:44:17Z,93.4768,104.0756,10.5989,0.0000,0.0000,7.9000,10.5268
2026-08-29T22:44:18Z,93.4768,104.0746,10.5978,0.0000,0.0000,7.9001,10.5268
2026-08-29T22:44:19Z,93.4844,104.1614,10.6770,0.0000,0.0000,7.9002,10.5135
2026-08-29T22:44:20Z,93.4844,104.1603,10.6759,0.0000,0.0000,7.9002,10.5135
2026-08-29T22:44:21Z,93.4661,104.0714,10.6053,0.0000,0.0000,7.9003,10.5268
2026-08-29T22:44:22Z,93.4661,104.0703,10.6042,0.0000,0.0000,7.9004,10.5268
2026-08-29T22:44:23Z,93.4661,104.1571,10.6911,0.0000,0.0000,7.9005,10.5135
2026-08-29T22:44:24Z,93.4661,104.1561,10.6900,0.0000,0.0000,7.9006,10.5135
2026-08-29T22:44:25Z,93.4569,103.9794,10.5225,0.0000,0.0000,7.9006,10.5402
2026-08-29T22:44:26Z,93.4569,103.9783,10.5214,0.0000,0.0000,7.9007,10.5402
2026-08-29T22:44:27Z,93.4630,104.0651,10.6020,0.0000,0.0000,7.9008,10.5268
2026-08-29T22:44:28Z,93.4630,104.0640,10.6010,0.0000,0.0000,7.9009,10.5268
2026-08-29T22:44:29Z,93.4585,104.1508,10.6923,0.0000,0.0000,7.9009,10.5135
2026-08-29T22:44:30Z,93.4585,104.1497,10.6913,0.0000,0.0000,7.9010,10.5135
2026-08-29T22:44:31Z,93.4493,104.0608,10.6115,0.0000,0.0000,7.9011,10.5268
2026-08-29T22:44:32Z,93.4493,104.0598,10.6105,0.0000,0.0000,7.9012,10.5268
2026-08-29T22:44:33Z,93.4432,104.0587,10.6155,0.0000,0.0000,7.9012,10.5268
2026-08-29T22:44:34Z,93.4432,104.0577,10.6145,0.0000,0.0000,7.9013,10.5268
2026-08-29T22:44:35Z,93.4569,104.0566,10.5997,0.0000,0.0000,7.9014,10.5268
2026-08-29T22:44:36Z,93.4569,104.0555,10.5986,0.0000,0.0000,7.9015,10.5268
2026-08-29T22:44:37Z,93.4356,104.0545,10.6189,0.0000,0.0000,7.9016,10.5268
2026-08-29T22:44:38Z,93.4356,104.0534,10.6179,0.0000,0.0000,7.9016,10.5268
2026-08-29T22:44:39Z,93.4539,104.0524,10.5985,0.0000,0.0000,7.9017,10.5268
2026-08-29T22:44:40Z,93.4539,104.0513,10.5974,0.0000,0.0000,7.9018,10.5268
2026-08-29T22:44:41Z,93.4173,104.0503,10.6330,0.0000,0.0000,7.9019,10.5268
2026-08-29T22:44:42Z,93.4173,104.0492,10.6320,0.0000,0.0000,7.9019,10.5268
2026-08-29T22:44:43Z,93.4447,104.0482,10.6034,0.0000,0.0000,7.9020,10.5268
2026-08-29T22:44:44Z,93.4447,104.0471,10.6024,0.0000,0.0000,7.9021,10.5268
2026-08-29T22:44:45Z,93.4630,103.9583,10.4953,0.0000,0.0000,7.9022,10.5402
2026-08-29T22:44:46Z,93.4630,103.9572,10.4942,0.0000,0.0000,7.9022,10.5402
2026-08-29T22:44:47Z,93.4539,104.1318,10.6779,0.0000,0.0000,7.9023,10.5135
2026-08-29T22:44:48Z,93.4539,104.1307,10.6768,0.0000,0.0000,7.9024,10.5135
2026-08-29T22:44:49Z,93.4356,104.0418,10.6063,0.0000,0.0000,7.9025,10.5268
2026-08-29T22:44:50Z,93.4356,104.0408,10.6052,0.0000,0.0000,7.9026,10.5268
2026-08-29T22:44:51Z,93.4569,104.1275,10.6706,0.0000,0.0000,7.9026,10.5135
2026-08-29T22:44:52Z,93.4569,104.1265,10.6696,0.0000,0.0000,7.9027,10.5135
2026-08-29T22:44:53Z,93.4264,103.9499,10.5234,0.0000,0.0000,7.9028,10.5402
2026-08-29T22:44:54Z,93.4264,103.9488,10.5224,0.0000,0.0000,7.9029,10.5402
2026-08-29T22:44:55Z,93.4447,104.0355,10.5908,0.0000,0.0000,7.9029,10.5268
2026-08-29T22:44:56Z,93.4447,104.0344,10.5897,0.0000,0.0000,7.9030,10.5268
2026-08-29T22:44:57Z,93.4356,104.0334,10.5978,0.0000,0.0000,7.9031,10.5268
2026-08-29T22:44:58Z,93.4356,104.0323,10.5968,0.0000,0.0000,7.9032,10.5268
2026-08-29T22:44:59Z,93.4020,104.0313,10.6293,0.0000,0.0000,7.9032,10.5268
2026-08-29T22:45:00Z,93.4020,104.0302,10.6282,0.0000,0.0000,7.9033,10.5268
2026-08-29T22:45:01Z,93.4112,104.0292,10.6180,0.0000,0.0000,7.9034,10.5268
2026-08-29T22:45:02Z,93.4112,104.0281,10.6170,0.0000,0.0000,7.9035,10.5268
2026-08-29T22:45:03Z,93.4157,103.9393,10.5236,0.0000,0.0000,7.9036,10.5402
2026-08-29T22:45:04Z,93.4157,103.9383,10.5225,0.0000,0.0000,7.9036,10.5402
2026-08-29T22:45:05Z,93.4386,103.9372,10.4986,0.0000,0.0000,7.9037,10.5402
2026-08-29T22:45:06Z,93.4386,103.9362,10.4975,0.0000,0.0000,7.9038,10.5402
2026-08-29T22:45:07Z,93.4249,104.0229,10.5980,0.0000,0.0000,7.9039,10.5268
2026-08-29T22:45:08Z,93.4249,104.0218,10.5969,0.0000,0.0000,7.9039,10.5268
2026-08-29T22:45:09Z,93.4157,103.9330,10.5173,0.0000,0.0000,7.9040,10.5402
2026-08-29T22:45:10Z,93.4157,103.9320,10.5162,0.0000,0.0000,7.9041,10.5402
2026-08-29T22:45:11Z,93.4264,103.9309,10.5045,0.0000,0.0000,7.9042,10.5402
2026-08-29T22:45:12Z,93.4264,103.9299,10.5034,0.0000,0.0000,7.9042,10.5402
2026-08-29T22:45:13Z,93.4081,103.8412,10.4331,0.0000,0.0000,7.9043,10.5535
2026-08-29T22:45:14Z,93.4081,103.8401,10.4320,0.0000,0.0000,7.9044,10.5535
2026-08-29T22:45:15Z,93.4203,104.0144,10.5941,0.0000,0.0000,7.9045,10.5268
2026-08-29T22:45:16Z,93.4203,104.0134,10.5931,0.0000,0.0000,7.9046,10.5268
2026-08-29T22:45:17Z,93.4081,103.9246,10.5165,0.0000,0.0000,7.9046,10.5402
2026-08-29T22:45:18Z,93.4081,103.9235,10.5154,0.0000,0.0000,7.9047,10.5402
2026-08-29T22:45:19Z,93.4081,103.9225,10.5144,0.0000,0.0000,7.9048,10.5402
2026-08-29T22:45:20Z,93.4081,103.9214,10.5133,0.0000,0.0000,7.9049,10.5402
2026-08-29T22:45:21Z,93.4310,103.9204,10.4894,0.0000,0.0000,7.9049,10.5402
2026-08-29T22:45:22Z,93.4310,103.9193,10.4883,0.0000,0.0000,7.9050,10.5402
2026-08-29T22:45:23Z,93.3928,103.8307,10.4378,0.0000,0.0000,7.9051,10.5535
2026-08-29T22:45:24Z,93.3928,103.8296,10.4368,0.0000,0.0000,7.9052,10.5535
2026-08-29T22:45:25Z,93.4264,103.9162,10.4898,0.0000,0.0000,7.9052,10.5402
2026-08-29T22:45:26Z,93.4264,103.9151,10.4887,0.0000,0.0000,7.9053,10.5402
2026-08-29T22:45:27Z,93.4157,104.0018,10.5861,0.0000,0.0000,7.9054,10.5268
2026-08-29T22:45:28Z,93.4157,104.0008,10.5850,0.0000,0.0000,7.9055,10.5268
2026-08-29T22:45:29Z,93.3791,103.9120,10.5329,0.0000,0.0000,7.9056,10.5402
2026-08-29T22:45:30Z,93.3791,103.9109,10.5318,0.0000,0.0000,7.9056,10.5402
2026-08-29T22:45:31Z,93.4081,103.9099,10.5018,0.0000,0.0000,7.9057,10.5402
2026-08-29T22:45:32Z,93.4081,103.9088,10.5007,0.0000,0.0000,7.9058,10.5402
2026-08-29T22:45:33Z,93.3974,103.8202,10.4227,0.0000,0.0000,7.9059,10.5535
2026-08-29T22:45:34Z,93.3974,103.8191,10.4217,0.0000,0.0000,7.9059,10.5535
2026-08-29T22:45:35Z,93.4112,103.8181,10.4069,0.0000,0.0000,7.9060,10.5535
2026-08-29T22:45:36Z,93.4112,103.8170,10.4059,0.0000,0.0000,7.9061,10.5535
2026-08-29T22:45:37Z,93.4173,103.8160,10.3987,0.0000,0.0000,7.9062,10.5535
2026-08-29T22:45:38Z,93.4173,103.8149,10.3977,0.0000,0.0000,7.9062,10.5535
2026-08-29T22:45:39Z,93.4081,103.7088,10.3007,0.0000,0.0000,7.9063,10.5695
2026-08-29T22:45:40Z,93.4081,103.7078,10.2997,0.0000,0.0000,7.9064,10.5695
2026-08-29T22:45:41Z,93.4173,103.9871,10.5698,0.0000,0.0000,7.9065,10.5268
2026-08-29T22:45:42Z,93.4173,103.9860,10.5688,0.0000,0.0000,7.9066,10.5268
2026-08-29T22:45:43Z,93.3791,103.8973,10.5182,0.0000,0.0000,7.9066,10.5402
2026-08-29T22:45:44Z,93.3791,103.8962,10.5171,0.0000,0.0000,7.9067,10.5402
2026-08-29T22:45:45Z,93.4081,103.8952,10.4871,0.0000,0.0000,7.9068,10.5402
2026-08-29T22:45:46Z,93.4081,103.8941,10.4860,0.0000,0.0000,7.9069,10.5402
2026-08-29T22:45:47Z,93.3974,103.6130,10.2156,0.0000,0.0000,7.9069,10.5829
2026-08-29T22:45:48Z,93.3974,103.6120,10.2145,0.0000,0.0000,7.9070,10.5829
2026-08-29T22:45:49Z,93.3654,103.6983,10.3330,0.0000,0.0000,7.9071,10.5695
2026-08-29T22:45:50Z,93.3654,103.6973,10.3319,0.0000,0.0000,7.9072,10.5695
2026-08-29T22:45:51Z,93.4035,103.8889,10.4854,0.0000,0.0000,7.9072,10.5402
2026-08-29T22:45:52Z,93.4035,103.8878,10.4843,0.0000,0.0000,7.9073,10.5402
2026-08-29T22:45:53Z,93.3928,103.7992,10.4063,0.0000,0.0000,7.9074,10.5535
2026-08-29T22:45:54Z,93.3928,103.7981,10.4053,0.0000,0.0000,7.9075,10.5535
2026-08-29T22:45:55Z,93.4035,103.7971,10.3936,0.0000,0.0000,7.9075,10.5535
2026-08-29T22:45:56Z,93.4035,103.7960,10.3925,0.0000,0.0000,7.9076,10.5535
2026-08-29T22:45:57Z,93.3715,103.7950,10.4235,0.0000,0.0000,7.9077,10.5535
2026-08-29T22:45:58Z,93.3715,103.7939,10.4225,0.0000,0.0000,7.9078,10.5535
2026-08-29T22:45:59Z,93.3532,103.8805,10.5273,0.0000,0.0000,7.9079,10.5402
2026-08-29T22:46:00Z,93.3532,103.8795,10.5263,0.0000,0.0000,7.9079,10.5402
2026-08-29T22:46:01Z,93.3532,103.8784,10.5252,0.0000,0.0000,7.9080,10.5402
2026-08-29T22:46:02Z,93.3532,103.8774,10.5242,0.0000,0.0000,7.9081,10.5402
2026-08-29T22:46:03Z,93.3974,103.8763,10.4789,0.0000,0.0000,7.9082,10.5402
2026-08-29T22:46:04Z,93.3974,103.8753,10.4778,0.0000,0.0000,7.9082,10.5402
2026-08-29T22:46:05Z,93.3745,103.8742,10.4997,0.0000,0.0000,7.9083,10.5402
2026-08-29T22:46:06Z,93.3745,103.8732,10.4986,0.0000,0.0000,7.9084,10.5402
2026-08-29T22:46:07Z,93.3806,103.7845,10.4039,0.0000,0.0000,7.9085,10.5535
2026-08-29T22:46:08Z,93.3806,103.7835,10.4028,0.0000,0.0000,7.9085,10.5535
2026-08-29T22:46:09Z,93.3806,103.8700,10.4894,0.0000,0.0000,7.9086,10.5402
2026-08-29T22:46:10Z,93.3806,103.8690,10.4884,0.0000,0.0000,7.9087,10.5402
2026-08-29T22:46:11Z,93.3623,103.7803,10.4180,0.0000,0.0000,7.9088,10.5535
2026-08-29T22:46:12Z,93.3623,103.7793,10.4170,0.0000,0.0000,7.9089,10.5535
2026-08-29T22:46:13Z,93.3700,103.7783,10.4083,0.0000,0.0000,7.9089,10.5535
2026-08-29T22:46:14Z,93.3700,103.7772,10.4073,0.0000,0.0000,7.9090,10.5535
2026-08-29T22:46:15Z,93.3928,103.7762,10.3833,0.0000,0.0000,7.9091,10.5535
2026-08-29T22:46:16Z,93.3928,103.7751,10.3823,0.0000,0.0000,7.9092,10.5535
2026-08-29T22:46:17Z,93.3516,103.8617,10.5100,0.0000,0.0000,7.9092,10.5402
2026-08-29T22:46:18Z,93.3516,103.8606,10.5090,0.0000,0.0000,7.9093,10.5402
2026-08-29T22:46:19Z,93.3394,103.6670,10.3275,0.0000,0.0000,7.9094,10.5695
2026-08-29T22:46:20Z,93.3394,103.6659,10.3265,0.0000,0.0000,7.9095,10.5695
2026-08-29T22:46:21Z,93.3654,103.7699,10.4045,0.0000,0.0000,7.9095,10.5535
2026-08-29T22:46:22Z,93.3654,103.7688,10.4035,0.0000,0.0000,7.9096,10.5535
2026-08-29T22:46:23Z,93.3928,103.7678,10.3750,0.0000,0.0000,7.9097,10.5535
2026-08-29T22:46:24Z,93.3928,103.7668,10.3739,0.0000,0.0000,7.9098,10.5535
2026-08-29T22:46:25Z,93.3486,103.7657,10.4171,0.0000,0.0000,7.9099,10.5535
2026-08-29T22:46:26Z,93.3486,103.7647,10.4161,0.0000,0.0000,7.9099,10.5535
2026-08-29T22:46:27Z,93.3486,103.7636,10.4150,0.0000,0.0000,7.9100,10.5535
2026-08-29T22:46:28Z,93.3486,103.7626,10.4140,0.0000,0.0000,7.9101,10.5535
2026-08-29T22:46:29Z,93.3745,103.8491,10.4746,0.0000,0.0000,7.9102,10.5402
2026-08-29T22:46:30Z,93.3745,103.8481,10.4735,0.0000,0.0000,7.9102,10.5402
2026-08-29T22:46:31Z,93.3700,103.7594,10.3895,0.0000,0.0000,7.9103,10.5535
2026-08-29T22:46:32Z,93.3700,103.7584,10.3884,0.0000,0.0000,7.9104,10.5535
2026-08-29T22:46:33Z,93.3852,103.8449,10.4597,0.0000,0.0000,7.9105,10.5402
2026-08-29T22:46:34Z,93.3852,103.8439,10.4587,0.0000,0.0000,7.9105,10.5402
2026-08-29T22:46:35Z,93.3486,103.8428,10.4942,0.0000,0.0000,7.9106,10.5402
2026-08-29T22:46:36Z,93.3486,103.8418,10.4932,0.0000,0.0000,7.9107,10.5402
2026-08-29T22:46:37Z,93.3486,103.8407,10.4922,0.0000,0.0000,7.9108,10.5402
2026-08-29T22:46:38Z,93.3486,103.8397,10.4911,0.0000,0.0000,7.9109,10.5402
2026-08-29T22:46:39Z,93.3196,103.7511,10.4315,0.0000,0.0000,7.9109,10.5535
2026-08-29T22:46:40Z,93.3196,103.7500,10.4304,0.0000,0.0000,7.9110,10.5535
2026-08-29T22:46:41Z,93.3288,103.8366,10.5078,0.0000,0.0000,7.9111,10.5402
2026-08-29T22:46:42Z,93.3288,103.8355,10.5068,0.0000,0.0000,7.9112,10.5402
2026-08-29T22:46:43Z,93.3486,103.6419,10.2934,0.0000,0.0000,7.9112,10.5695
2026-08-29T22:46:44Z,93.3486,103.6409,10.2923,0.0000,0.0000,7.9113,10.5695
2026-08-29T22:46:45Z,93.2982,103.8324,10.5342,0.0000,0.0000,7.9114,10.5402
2026-08-29T22:46:46Z,93.2982,103.8313,10.5331,0.0000,0.0000,7.9115,10.5402
2026-08-29T22:46:47Z,93.3745,103.7427,10.3682,0.0000,0.0000,7.9115,10.5535
2026-08-29T22:46:48Z,93.3745,103.7417,10.3672,0.0000,0.0000,7.9116,10.5535
2026-08-29T22:46:49Z,93.3196,103.7407,10.4211,0.0000,0.0000,7.9117,10.5535
2026-08-29T22:46:50Z,93.3196,103.7396,10.4200,0.0000,0.0000,7.9118,10.5535
2026-08-29T22:46:51Z,93.3440,103.7386,10.3946,0.0000,0.0000,7.9118,10.5535
2026-08-29T22:46:52Z,93.3440,103.7375,10.3935,0.0000,0.0000,7.9119,10.5535
2026-08-29T22:46:53Z,93.3532,103.5442,10.1910,0.0000,0.0000,7.9120,10.5829
2026-08-29T22:46:54Z,93.3532,103.5431,10.1899,0.0000,0.0000,7.9121,10.5829
2026-08-29T22:46:55Z,93.3394,103.7344,10.3950,0.0000,0.0000,7.9122,10.5535
2026-08-29T22:46:56Z,93.3394,103.7334,10.3939,0.0000,0.0000,7.9122,10.5535
2026-08-29T22:46:57Z,93.3104,103.7323,10.4219,0.0000,0.0000,7.9123,10.5535
2026-08-29T22:46:58Z,93.3104,103.7313,10.4208,0.0000,0.0000,7.9124,10.5535
2026-08-29T22:46:59Z,93.3577,103.7302,10.3725,0.0000,0.0000,7.9125,10.5535
2026-08-29T22:47:00Z,93.3577,103.7292,10.3714,0.0000,0.0000,7.9125,10.5535
2026-08-29T22:47:01Z,93.3577,103.7281,10.3704,0.0000,0.0000,7.9126,10.5535
2026-08-29T22:47:02Z,93.3577,103.7271,10.3694,0.0000,0.0000,7.9127,10.5535
2026-08-29T22:47:03Z,93.2967,103.7261,10.4294,0.0000,0.0000,7.9128,10.5535
2026-08-29T22:47:04Z,93.2967,103.7250,10.4283,0.0000,0.0000,7.9128,10.5535
2026-08-29T22:47:05Z,93.3425,103.6190,10.2765,0.0000,0.0000,7.9129,10.5695
2026-08-29T22:47:06Z,93.3425,103.6180,10.2755,0.0000,0.0000,7.9130,10.5695
2026-08-29T22:47:07Z,93.3242,103.7219,10.3977,0.0000,0.0000,7.9131,10.5535
2026-08-29T22:47:08Z,93.3242,103.7209,10.3967,0.0000,0.0000,7.9132,10.5535
2026-08-29T22:47:09Z,93.3394,103.7198,10.3804,0.0000,0.0000,7.9132,10.5535
2026-08-29T22:47:10Z,93.3394,103.7188,10.3793,0.0000,0.0000,7.9133,10.5535
2026-08-29T22:47:11Z,93.3303,103.7177,10.3875,0.0000,0.0000,7.9134,10.5535
2026-08-29T22:47:12Z,93.3303,103.7167,10.3864,0.0000,0.0000,7.9135,10.5535
2026-08-29T22:47:13Z,93.3013,103.7157,10.4144,0.0000,0.0000,7.9135,10.5535
2026-08-29T22:47:14Z,93.3013,103.7146,10.4133,0.0000,0.0000,7.9136,10.5535
2026-08-29T22:47:15Z,93.3104,103.6086,10.2982,0.0000,0.0000,7.9137,10.5695
2026-08-29T22:47:16Z,93.3104,103.6076,10.2972,0.0000,0.0000,7.9138,10.5695
2026-08-29T22:47:17Z,93.3165,103.6066,10.2900,0.0000,0.0000,7.9138,10.5695
2026-08-29T22:47:18Z,93.3165,103.6055,10.2890,0.0000,0.0000,7.9139,10.5695
2026-08-29T22:47:19Z,93.3120,103.7094,10.3974,0.0000,0.0000,7.9140,10.5535
2026-08-29T22:47:20Z,93.3120,103.7084,10.3964,0.0000,0.0000,7.9141,10.5535
2026-08-29T22:47:21Z,93.2982,103.7073,10.4091,0.0000,0.0000,7.9141,10.5535
2026-08-29T22:47:22Z,93.2982,103.7063,10.4081,0.0000,0.0000,7.9142,10.5535
2026-08-29T22:47:23Z,93.3104,103.7053,10.3948,0.0000,0.0000,7.9143,10.5535
2026-08-29T22:47:24Z,93.3104,103.7042,10.3938,0.0000,0.0000,7.9144,10.5535
2026-08-29T22:47:25Z,93.2708,103.5982,10.3275,0.0000,0.0000,7.9145,10.5695
2026-08-29T22:47:26Z,93.2708,103.5972,10.3264,0.0000,0.0000,7.9145,10.5695
2026-08-29T22:47:27Z,93.3196,103.7011,10.3815,0.0000,0.0000,7.9146,10.5535
2026-08-29T22:47:28Z,93.3196,103.7001,10.3805,0.0000,0.0000,7.9147,10.5535
2026-08-29T22:47:29Z,93.3059,103.6990,10.3931,0.0000,0.0000,7.9148,10.5535
2026-08-29T22:47:30Z,93.3059,103.6980,10.3921,0.0000,0.0000,7.9148,10.5535
2026-08-29T22:47:31Z,93.2967,103.6969,10.4002,0.0000,0.0000,7.9149,10.5535
2026-08-29T22:47:32Z,93.2967,103.6959,10.3992,0.0000,0.0000,7.9150,10.5535
2026-08-29T22:47:33Z,93.3059,103.5899,10.2841,0.0000,0.0000,7.9151,10.5695
2026-08-29T22:47:34Z,93.3059,103.5889,10.2830,0.0000,0.0000,7.9151,10.5695
2026-08-29T22:47:35Z,93.2891,103.5879,10.2988,0.0000,0.0000,7.9152,10.5695
2026-08-29T22:47:36Z,93.2891,103.5868,10.2977,0.0000,0.0000,7.9153,10.5695
2026-08-29T22:47:37Z,93.3013,103.5858,10.2845,0.0000,0.0000,7.9154,10.5695
2026-08-29T22:47:38Z,93.3013,103.5847,10.2835,0.0000,0.0000,7.9154,10.5695
2026-08-29T22:47:39Z,93.3013,103.5837,10.2824,0.0000,0.0000,7.9155,10.5695
2026-08-29T22:47:40Z,93.3013,103.5827,10.2814,0.0000,0.0000,7.9156,10.5695
2026-08-29T22:47:41Z,93.2784,103.6865,10.4081,0.0000,0.0000,7.9157,10.5535
2026-08-29T22:47:42Z,93.2784,103.6855,10.4071,0.0000,0.0000,7.9158,10.5535
2026-08-29T22:47:43Z,93.2662,103.6845,10.4183,0.0000,0.0000,7.9158,10.5535
2026-08-29T22:47:44Z,93.2662,103.6834,10.4172,0.0000,0.0000,7.9159,10.5535
2026-08-29T22:47:45Z,93.2845,103.5775,10.2930,0.0000,0.0000,7.9160,10.5695
2026-08-29T22:47:46Z,93.2845,103.5765,10.2919,0.0000,0.0000,7.9161,10.5695
2026-08-29T22:47:47Z,93.2509,103.6803,10.4294,0.0000,0.0000,7.9161,10.5535
2026-08-29T22:47:48Z,93.2509,103.6793,10.4283,0.0000,0.0000,7.9162,10.5535
2026-08-29T22:47:49Z,93.2753,103.5733,10.2980,0.0000,0.0000,7.9163,10.5695
2026-08-29T22:47:50Z,93.2753,103.5723,10.2970,0.0000,0.0000,7.9164,10.5695
2026-08-29T22:47:51Z,93.2433,103.5713,10.3280,0.0000,0.0000,7.9164,10.5695
2026-08-29T22:47:52Z,93.2433,103.5702,10.3269,0.0000,0.0000,7.9165,10.5695
2026-08-29T22:47:53Z,93.2662,103.6741,10.4079,0.0000,0.0000,7.9166,10.5535
2026-08-29T22:47:54Z,93.2662,103.6731,10.4069,0.0000,0.0000,7.9167,10.5535
2026-08-29T22:47:55Z,93.2845,103.7595,10.4750,0.0000,0.0000,7.9168,10.5402
2026-08-29T22:47:56Z,93.2845,103.7585,10.4740,0.0000,0.0000,7.9168,10.5402
2026-08-29T22:47:57Z,93.2784,103.6699,10.3915,0.0000,0.0000,7.9169,10.5535
2026-08-29T22:47:58Z,93.2784,103.6689,10.3905,0.0000,0.0000,7.9170,10.5535
2026-08-29T22:47:59Z,93.2387,103.6679,10.4291,0.0000,0.0000,7.9171,10.5535
2026-08-29T22:48:00Z,93.2387,103.6668,10.4281,0.0000,0.0000,7.9171,10.5535
2026-08-29T22:48:01Z,93.2326,103.5609,10.3283,0.0000,0.0000,7.9172,10.5695
2026-08-29T22:48:02Z,93.2326,103.5599,10.3272,0.0000,0.0000,7.9173,10.5695
2026-08-29T22:48:03Z,93.2555,103.5588,10.3033,0.0000,0.0000,7.9174,10.5695
2026-08-29T22:48:04Z,93.2555,103.5578,10.3023,0.0000,0.0000,7.9174,10.5695
2026-08-29T22:48:05Z,93.2692,103.6616,10.3924,0.0000,0.0000,7.9175,10.5535
2026-08-29T22:48:06Z,93.2692,103.6606,10.3914,0.0000,0.0000,7.9176,10.5535
2026-08-29T22:48:07Z,93.2204,103.4674,10.2470,0.0000,0.0000,7.9177,10.5829
2026-08-29T22:48:08Z,93.2204,103.4664,10.2459,0.0000,0.0000,7.9177,10.5829
2026-08-29T22:48:09Z,93.2387,103.6575,10.4188,0.0000,0.0000,7.9178,10.5535
2026-08-29T22:48:10Z,93.2387,103.6565,10.4177,0.0000,0.0000,7.9179,10.5535
2026-08-29T22:48:11Z,93.2235,103.4632,10.2398,0.0000,0.0000,7.9180,10.5829
2026-08-29T22:48:12Z,93.2235,103.4622,10.2387,0.0000,0.0000,7.9181,10.5829
2026-08-29T22:48:13Z,93.2616,103.4612,10.1996,0.0000,0.0000,7.9181,10.5829
2026-08-29T22:48:14Z,93.2616,103.4601,10.1985,0.0000,0.0000,7.9182,10.5829
2026-08-29T22:48:15Z,93.2570,103.5464,10.2894,0.0000,0.0000,7.9183,10.5695
2026-08-29T22:48:16Z,93.2570,103.5454,10.2883,0.0000,0.0000,7.9184,10.5695
2026-08-29T22:48:17Z,93.2143,103.4570,10.2427,0.0000,0.0000,7.9184,10.5829
2026-08-29T22:48:18Z,93.2143,103.4560,10.2417,0.0000,0.0000,7.9185,10.5829
2026-08-29T22:48:19Z,93.2158,103.6471,10.4313,0.0000,0.0000,7.9186,10.5535
2026-08-29T22:48:20Z,93.2158,103.6461,10.4303,0.0000,0.0000,7.9187,10.5535
2026-08-29T22:48:21Z,93.2326,103.5402,10.3076,0.0000,0.0000,7.9187,10.5695
2026-08-29T22:48:22Z,93.2326,103.5392,10.3066,0.0000,0.0000,7.9188,10.5695
2026-08-29T22:48:23Z,93.2570,103.5381,10.2811,0.0000,0.0000,7.9189,10.5695
2026-08-29T22:48:24Z,93.2570,103.5371,10.2801,0.0000,0.0000,7.9190,10.5695
2026-08-29T22:48:25Z,93.1914,103.5361,10.3447,0.0000,0.0000,7.9190,10.5695
2026-08-29T22:48:26Z,93.1914,103.5350,10.3436,0.0000,0.0000,7.9191,10.5695
2026-08-29T22:48:27Z,93.2235,103.7263,10.5029,0.0000,0.0000,7.9192,10.5402
2026-08-29T22:48:28Z,93.2235,103.7253,10.5018,0.0000,0.0000,7.9193,10.5402
2026-08-29T22:48:29Z,93.1960,103.4447,10.2487,0.0000,0.0000,7.9194,10.5829
2026-08-29T22:48:30Z,93.1960,103.4436,10.2476,0.0000,0.0000,7.9194,10.5829
2026-08-29T22:48:31Z,93.2387,103.5299,10.2911,0.0000,0.0000,7.9195,10.5695
2026-08-29T22:48:32Z,93.2387,103.5288,10.2901,0.0000,0.0000,7.9196,10.5695
2026-08-29T22:48:33Z,93.2052,103.6327,10.4275,0.0000,0.0000,7.9197,10.5535
2026-08-29T22:48:34Z,93.2052,103.6316,10.4265,0.0000,0.0000,7.9197,10.5535
2026-08-29T22:48:35Z,93.2555,103.6306,10.3751,0.0000,0.0000,7.9198,10.5535
2026-08-29T22:48:36Z,93.2555,103.6296,10.3741,0.0000,0.0000,7.9199,10.5535
2026-08-29T22:48:37Z,93.2204,103.6285,10.4081,0.0000,0.0000,7.9200,10.5535
2026-08-29T22:48:38Z,93.2204,103.6275,10.4071,0.0000,0.0000,7.9200,10.5535
2026-08-29T22:48:39Z,93.1823,103.5216,10.3393,0.0000,0.0000,7.9201,10.5695
2026-08-29T22:48:40Z,93.1823,103.5206,10.3383,0.0000,0.0000,7.9202,10.5695
2026-08-29T22:48:41Z,93.2235,103.5196,10.2961,0.0000,0.0000,7.9203,10.5695
2026-08-29T22:48:42Z,93.2235,103.5185,10.2950,0.0000,0.0000,7.9203,10.5695
2026-08-29T22:48:43Z,93.2235,103.6223,10.3989,0.0000,0.0000,7.9204,10.5535
2026-08-29T22:48:44Z,93.2235,103.6213,10.3978,0.0000,0.0000,7.9205,10.5535
2026-08-29T22:48:45Z,93.2616,103.5154,10.2538,0.0000,0.0000,7.9206,10.5695
2026-08-29T22:48:46Z,93.2616,103.5144,10.2528,0.0000,0.0000,7.9207,10.5695
2026-08-29T22:48:47Z,93.2158,103.5134,10.2975,0.0000,0.0000,7.9207,10.5695
2026-08-29T22:48:48Z,93.2158,103.5123,10.2965,0.0000,0.0000,7.9208,10.5695
2026-08-29T22:48:49Z,93.2143,103.5113,10.2970,0.0000,0.0000,7.9209,10.5695
2026-08-29T22:48:50Z,93.2143,103.5103,10.2960,0.0000,0.0000,7.9210,10.5695
2026-08-29T22:48:51Z,93.2158,103.5092,10.2934,0.0000,0.0000,7.9210,10.5695
2026-08-29T22:48:52Z,93.2158,103.5082,10.2924,0.0000,0.0000,7.9211,10.5695
2026-08-29T22:48:53Z,93.2021,103.6120,10.4099,0.0000,0.0000,7.9212,10.5535
2026-08-29T22:48:54Z,93.2021,103.6110,10.4089,0.0000,0.0000,7.9213,10.5535
2026-08-29T22:48:55Z,93.2097,103.4178,10.2081,0.0000,0.0000,7.9213,10.5829
2026-08-29T22:48:56Z,93.2097,103.4168,10.2071,0.0000,0.0000,7.9214,10.5829
2026-08-29T22:48:57Z,93.1960,103.6079,10.4119,0.0000,0.0000,7.9215,10.5535
2026-08-29T22:48:58Z,93.1960,103.6068,10.4108,0.0000,0.0000,7.9216,10.5535
2026-08-29T22:48:59Z,93.2052,103.5010,10.2958,0.0000,0.0000,7.9216,10.5695
2026-08-29T22:49:00Z,93.2052,103.5000,10.2948,0.0000,0.0000,7.9217,10.5695
2026-08-29T22:49:01Z,93.2204,103.6037,10.3833,0.0000,0.0000,7.9218,10.5535
2026-08-29T22:49:02Z,93.2204,103.6027,10.3823,0.0000,0.0000,7.9219,10.5535
2026-08-29T22:49:03Z,93.2235,103.4096,10.1861,0.0000,0.0000,7.9220,10.5829
2026-08-29T22:49:04Z,93.2235,103.4086,10.1851,0.0000,0.0000,7.9220,10.5829
2026-08-29T22:49:05Z,93.2280,103.5996,10.3716,0.0000,0.0000,7.9221,10.5535
2026-08-29T22:49:06Z,93.2280,103.5986,10.3705,0.0000,0.0000,7.9222,10.5535
2026-08-29T22:49:07Z,93.2158,103.4927,10.2769,0.0000,0.0000,7.9223,10.5695
2026-08-29T22:49:08Z,93.2158,103.4917,10.2759,0.0000,0.0000,7.9223,10.5695
2026-08-29T22:49:09Z,93.2021,103.4907,10.2886,0.0000,0.0000,7.9224,10.5695
2026-08-29T22:49:10Z,93.2021,103.4897,10.2875,0.0000,0.0000,7.9225,10.5695
2026-08-29T22:49:11Z,93.1975,103.4886,10.2911,0.0000,0.0000,7.9226,10.5695
2026-08-29T22:49:12Z,93.1975,103.4876,10.2901,0.0000,0.0000,7.9226,10.5695
2026-08-29T22:49:13Z,93.2052,103.5914,10.3862,0.0000,0.0000,7.9227,10.5535
2026-08-29T22:49:14Z,93.2052,103.5903,10.3852,0.0000,0.0000,7.9228,10.5535
2026-08-29T22:49:15Z,93.1914,103.5893,10.3979,0.0000,0.0000,7.9229,10.5535
2026-08-29T22:49:16Z,93.1914,103.5883,10.3969,0.0000,0.0000,7.9229,10.5535
2026-08-29T22:49:17Z,93.2021,103.5873,10.3851,0.0000,0.0000,7.9230,10.5535
2026-08-29T22:49:18Z,93.2021,103.5862,10.3841,0.0000,0.0000,7.9231,10.5535
2026-08-29T22:49:19Z,93.2021,103.5852,10.3831,0.0000,0.0000,7.9232,10.5535
2026-08-29T22:49:20Z,93.2021,103.5842,10.3821,0.0000,0.0000,7.9233,10.5535
2026-08-29T22:49:21Z,93.1823,103.5831,10.4009,0.0000,0.0000,7.9233,10.5535
2026-08-29T22:49:22Z,93.1823,103.5821,10.3998,0.0000,0.0000,7.9234,10.5535
2026-08-29T22:49:23Z,93.1868,103.3890,10.2022,0.0000,0.0000,7.9235,10.5829
2026-08-29T22:49:24Z,93.1868,103.3880,10.2012,0.0000,0.0000,7.9236,10.5829
2026-08-29T22:49:25Z,93.1777,103.2998,10.1221,0.0000,0.0000,7.9236,10.5962
2026-08-29T22:49:26Z,93.1777,103.2988,10.1211,0.0000,0.0000,7.9237,10.5962
2026-08-29T22:49:27Z,93.1640,103.3849,10.2210,0.0000,0.0000,7.9238,10.5829
2026-08-29T22:49:28Z,93.1640,103.3839,10.2199,0.0000,0.0000,7.9239,10.5829
2026-08-29T22:49:29Z,93.1777,103.3829,10.2052,0.0000,0.0000,7.9239,10.5829
2026-08-29T22:49:30Z,93.1777,103.3818,10.2041,0.0000,0.0000,7.9240,10.5829
2026-08-29T22:49:31Z,93.1823,103.4680,10.2858,0.0000,0.0000,7.9241,10.5695
2026-08-29T22:49:32Z,93.1823,103.4670,10.2847,0.0000,0.0000,7.9242,10.5695
2026-08-29T22:49:33Z,93.1823,103.4660,10.2837,0.0000,0.0000,7.9242,10.5695
2026-08-29T22:49:34Z,93.1823,103.4650,10.2827,0.0000,0.0000,7.9243,10.5695
2026-08-29T22:49:35Z,93.1518,103.3767,10.2249,0.0000,0.0000,7.9244,10.5829
2026-08-29T22:49:36Z,93.1518,103.3757,10.2239,0.0000,0.0000,7.9245,10.5829
2026-08-29T22:49:37Z,93.1609,103.3746,10.2137,0.0000,0.0000,7.9246,10.5829
2026-08-29T22:49:38Z,93.1609,103.3736,10.2127,0.0000,0.0000,7.9246,10.5829
2026-08-29T22:49:39Z,93.1640,103.3726,10.2086,0.0000,0.0000,7.9247,10.5829
2026-08-29T22:49:40Z,93.1640,103.3716,10.2076,0.0000,0.0000,7.9248,10.5829
2026-08-29T22:49:41Z,93.1609,103.5626,10.4016,0.0000,0.0000,7.9249,10.5535
2026-08-29T22:49:42Z,93.1609,103.5615,10.4006,0.0000,0.0000,7.9249,10.5535
2026-08-29T22:49:43Z,93.1563,103.3685,10.2122,0.0000,0.0000,7.9250,10.5829
2026-08-29T22:49:44Z,93.1563,103.3675,10.2111,0.0000,0.0000,7.9251,10.5829
2026-08-29T22:49:45Z,93.1685,103.3664,10.1979,0.0000,0.0000,7.9252,10.5829
2026-08-29T22:49:46Z,93.1685,103.3654,10.1969,0.0000,0.0000,7.9252,10.5829
2026-08-29T22:49:47Z,93.1884,103.3644,10.1760,0.0000,0.0000,7.9253,10.5829
2026-08-29T22:49:48Z,93.1884,103.3634,10.1750,0.0000,0.0000,7.9254,10.5829
2026-08-29T22:49:49Z,93.1640,103.4496,10.2856,0.0000,0.0000,7.9255,10.5695
2026-08-29T22:49:50Z,93.1640,103.4485,10.2846,0.0000,0.0000,7.9255,10.5695
2026-08-29T22:49:51Z,93.1914,103.3603,10.1689,0.0000,0.0000,7.9256,10.5829
2026-08-29T22:49:52Z,93.1914,103.3593,10.1678,0.0000,0.0000,7.9257,10.5829
2026-08-29T22:49:53Z,93.1868,103.4454,10.2586,0.0000,0.0000,7.9258,10.5695
2026-08-29T22:49:54Z,93.1868,103.4444,10.2576,0.0000,0.0000,7.9258,10.5695
2026-08-29T22:49:55Z,93.1823,103.3562,10.1739,0.0000,0.0000,7.9259,10.5829
2026-08-29T22:49:56Z,93.1823,103.3552,10.1729,0.0000,0.0000,7.9260,10.5829
2026-08-29T22:49:57Z,93.1411,103.4413,10.3003,0.0000,0.0000,7.9261,10.5695
2026-08-29T22:49:58Z,93.1411,103.4403,10.2992,0.0000,0.0000,7.9262,10.5695
2026-08-29T22:49:59Z,93.1609,103.5441,10.3832,0.0000,0.0000,7.9262,10.5535
2026-08-29T22:50:00Z,93.1609,103.5430,10.3821,0.0000,0.0000,7.9263,10.5535
2026-08-29T22:50:01Z,93.1975,103.4372,10.2397,0.0000,0.0000,7.9264,10.5695
2026-08-29T22:50:02Z,93.1975,103.4362,10.2387,0.0000,0.0000,7.9265,10.5695
2026-08-29T22:50:03Z,93.1640,103.5400,10.3760,0.0000,0.0000,7.9265,10.5535
2026-08-29T22:50:04Z,93.1640,103.5389,10.3750,0.0000,0.0000,7.9266,10.5535
2026-08-29T22:50:05Z,93.1411,103.4331,10.2921,0.0000,0.0000,7.9267,10.5695
2026-08-29T22:50:06Z,93.1411,103.4321,10.2910,0.0000,0.0000,7.9268,10.5695
2026-08-29T22:50:07Z,93.1609,103.3439,10.1830,0.0000,0.0000,7.9268,10.5829
2026-08-29T22:50:08Z,93.1609,103.3429,10.1820,0.0000,0.0000,7.9269,10.5829
2026-08-29T22:50:09Z,93.1746,103.4290,10.2544,0.0000,0.0000,7.9270,10.5695
2026-08-29T22:50:10Z,93.1746,103.4280,10.2534,0.0000,0.0000,7.9271,10.5695
2026-08-29T22:50:11Z,93.1182,103.4270,10.3088,0.0000,0.0000,7.9271,10.5695
2026-08-29T22:50:12Z,93.1182,103.4260,10.3078,0.0000,0.0000,7.9272,10.5695
2026-08-29T22:50:13Z,93.1472,103.3377,10.1906,0.0000,0.0000,7.9273,10.5829
2026-08-29T22:50:14Z,93.1472,103.3367,10.1895,0.0000,0.0000,7.9274,10.5829
2026-08-29T22:50:15Z,93.1640,103.4229,10.2589,0.0000,0.0000,7.9275,10.5695
2026-08-29T22:50:16Z,93.1640,103.4219,10.2579,0.0000,0.0000,7.9275,10.5695
2026-08-29T22:50:17Z,93.1228,103.4208,10.2981,0.0000,0.0000,7.9276,10.5695
2026-08-29T22:50:18Z,93.1228,103.4198,10.2971,0.0000,0.0000,7.9277,10.5695
2026-08-29T22:50:19Z,93.1411,103.3316,10.1905,0.0000,0.0000,7.9278,10.5829
2026-08-29T22:50:20Z,93.1411,103.3306,10.1895,0.0000,0.0000,7.9278,10.5829
2026-08-29T22:50:21Z,93.1456,103.3296,10.1839,0.0000,0.0000,7.9279,10.5829
2026-08-29T22:50:22Z,93.1456,103.3285,10.1829,0.0000,0.0000,7.9280,10.5829
2026-08-29T22:50:23Z,93.1319,103.2404,10.1085,0.0000,0.0000,7.9281,10.5962
2026-08-29T22:50:24Z,93.1319,103.2394,10.1075,0.0000,0.0000,7.9281,10.5962
2026-08-29T22:50:25Z,93.1472,103.5174,10.3702,0.0000,0.0000,7.9282,10.5535
2026-08-29T22:50:26Z,93.1472,103.5164,10.3692,0.0000,0.0000,7.9283,10.5535
2026-08-29T22:50:27Z,93.1701,103.4106,10.2405,0.0000,0.0000,7.9284,10.5695
2026-08-29T22:50:28Z,93.1701,103.4096,10.2395,0.0000,0.0000,7.9284,10.5695
2026-08-29T22:50:29Z,93.1228,103.3214,10.1986,0.0000,0.0000,7.9285,10.5829
2026-08-29T22:50:30Z,93.1228,103.3203,10.1976,0.0000,0.0000,7.9286,10.5829
2026-08-29T22:50:31Z,93.0999,103.4065,10.3066,0.0000,0.0000,7.9287,10.5695
2026-08-29T22:50:32Z,93.0999,103.4055,10.3056,0.0000,0.0000,7.9287,10.5695
2026-08-29T22:50:33Z,93.1228,103.5092,10.3864,0.0000,0.0000,7.9288,10.5535
2026-08-29T22:50:34Z,93.1228,103.5082,10.3854,0.0000,0.0000,7.9289,10.5535
2026-08-29T22:50:35Z,93.1228,103.4024,10.2797,0.0000,0.0000,7.9290,10.5695
2026-08-29T22:50:36Z,93.1228,103.4014,10.2786,0.0000,0.0000,7.9291,10.5695
2026-08-29T22:50:37Z,93.1289,103.4004,10.2715,0.0000,0.0000,7.9291,10.5695
2026-08-29T22:50:38Z,93.1289,103.3994,10.2705,0.0000,0.0000,7.9292,10.5695
2026-08-29T22:50:39Z,93.1014,103.5031,10.4017,0.0000,0.0000,7.9293,10.5535
2026-08-29T22:50:40Z,93.1014,103.5020,10.4006,0.0000,0.0000,7.9294,10.5535
2026-08-29T22:50:41Z,93.1090,103.3091,10.2001,0.0000,0.0000,7.9294,10.5829
2026-08-29T22:50:42Z,93.1090,103.3081,10.1991,0.0000,0.0000,7.9295,10.5829
2026-08-29T22:50:43Z,93.1426,103.3942,10.2516,0.0000,0.0000,7.9296,10.5695
2026-08-29T22:50:44Z,93.1426,103.3932,10.2506,0.0000,0.0000,7.9297,10.5695
2026-08-29T22:50:45Z,93.1472,103.3922,10.2450,0.0000,0.0000,7.9297,10.5695
2026-08-29T22:50:46Z,93.1472,103.3912,10.2440,0.0000,0.0000,7.9298,10.5695
2026-08-29T22:50:47Z,93.1060,103.3030,10.1970,0.0000,0.0000,7.9299,10.5829
2026-08-29T22:50:48Z,93.1060,103.3020,10.1960,0.0000,0.0000,7.9300,10.5829
2026-08-29T22:50:49Z,93.1060,103.3009,10.1950,0.0000,0.0000,7.9300,10.5829
2026-08-29T22:50:50Z,93.1060,103.2999,10.1939,0.0000,0.0000,7.9301,10.5829
2026-08-29T22:50:51Z,93.1228,103.2989,10.1761,0.0000,0.0000,7.9302,10.5829
2026-08-29T22:50:52Z,93.1228,103.2979,10.1751,0.0000,0.0000,7.9303,10.5829
2026-08-29T22:50:53Z,93.1106,103.3840,10.2735,0.0000,0.0000,7.9303,10.5695
2026-08-29T22:50:54Z,93.1106,103.3830,10.2725,0.0000,0.0000,7.9304,10.5695
2026-08-29T22:50:55Z,93.1151,103.3820,10.2669,0.0000,0.0000,7.9305,10.5695
2026-08-29T22:50:56Z,93.1151,103.3810,10.2658,0.0000,0.0000,7.9306,10.5695
2026-08-29T22:50:57Z,93.1426,103.2928,10.1502,0.0000,0.0000,7.9307,10.5829
2026-08-29T22:50:58Z,93.1426,103.2918,10.1492,0.0000,0.0000,7.9307,10.5829
2026-08-29T22:50:59Z,93.1060,103.3779,10.2719,0.0000,0.0000,7.9308,10.5695
2026-08-29T22:51:00Z,93.1060,103.3769,10.2709,0.0000,0.0000,7.9309,10.5695
2026-08-29T22:51:01Z,93.1060,103.2887,10.1827,0.0000,0.0000,7.9310,10.5829
2026-08-29T22:51:02Z,93.1060,103.2877,10.1817,0.0000,0.0000,7.9310,10.5829
2026-08-29T22:51:03Z,93.1014,103.2867,10.1853,0.0000,0.0000,7.9311,10.5829
2026-08-29T22:51:04Z,93.1014,103.2856,10.1842,0.0000,0.0000,7.9312,10.5829
2026-08-29T22:51:05Z,93.1060,103.1976,10.0916,0.0000,0.0000,7.9313,10.5962
2026-08-29T22:51:06Z,93.1060,103.1965,10.0906,0.0000,0.0000,7.9313,10.5962
2026-08-29T22:51:07Z,93.1060,103.2826,10.1766,0.0000,0.0000,7.9314,10.5829
2026-08-29T22:51:08Z,93.1060,103.2816,10.1756,0.0000,0.0000,7.9315,10.5829
2026-08-29T22:51:09Z,93.1182,103.4724,10.3542,0.0000,0.0000,7.9316,10.5535
2026-08-29T22:51:10Z,93.1182,103.4714,10.3532,0.0000,0.0000,7.9316,10.5535
2026-08-29T22:51:11Z,93.0831,103.3657,10.2826,0.0000,0.0000,7.9317,10.5695
2026-08-29T22:51:12Z,93.0831,103.3646,10.2816,0.0000,0.0000,7.9318,10.5695
2026-08-29T22:51:13Z,93.0602,103.2765,10.2163,0.0000,0.0000,7.9319,10.5829
2026-08-29T22:51:14Z,93.0602,103.2755,10.2153,0.0000,0.0000,7.9319,10.5829
2026-08-29T22:51:15Z,93.0831,103.3616,10.2785,0.0000,0.0000,7.9320,10.5695
2026-08-29T22:51:16Z,93.0831,103.3606,10.2775,0.0000,0.0000,7.9321,10.5695
2026-08-29T22:51:17Z,93.0694,103.2724,10.2030,0.0000,0.0000,7.9322,10.5829
2026-08-29T22:51:18Z,93.0694,103.2714,10.2020,0.0000,0.0000,7.9323,10.5829
2026-08-29T22:51:19Z,93.0953,103.3575,10.2622,0.0000,0.0000,7.9323,10.5695
2026-08-29T22:51:20Z,93.0953,103.3565,10.2612,0.0000,0.0000,7.9324,10.5695
2026-08-29T22:51:21Z,93.0785,103.3555,10.2770,0.0000,0.0000,7.9325,10.5695
2026-08-29T22:51:22Z,93.0785,103.3544,10.2759,0.0000,0.0000,7.9326,10.5695
2026-08-29T22:51:23Z,93.0907,103.2663,10.1756,0.0000,0.0000,7.9326,10.5829
2026-08-29T22:51:24Z,93.0907,103.2653,10.1746,0.0000,0.0000,7.9327,10.5829
2026-08-29T22:51:25Z,93.0694,103.4561,10.3867,0.0000,0.0000,7.9328,10.5535
2026-08-29T22:51:26Z,93.0694,103.4551,10.3857,0.0000,0.0000,7.9329,10.5535
2026-08-29T22:51:27Z,93.0648,103.2622,10.1974,0.0000,0.0000,7.9329,10.5829
2026-08-29T22:51:28Z,93.0648,103.2612,10.1964,0.0000,0.0000,7.9330,10.5829
2026-08-29T22:51:29Z,93.0785,103.4520,10.3735,0.0000,0.0000,7.9331,10.5535
2026-08-29T22:51:30Z,93.0785,103.4510,10.3725,0.0000,0.0000,7.9332,10.5535
2026-08-29T22:51:31Z,93.0632,103.2582,10.1949,0.0000,0.0000,7.9332,10.5829
2026-08-29T22:51:32Z,93.0632,103.2571,10.1939,0.0000,0.0000,7.9333,10.5829
2026-08-29T22:51:33Z,93.0602,103.3432,10.2831,0.0000,0.0000,7.9334,10.5695
2026-08-29T22:51:34Z,93.0602,103.3422,10.2820,0.0000,0.0000,7.9335,10.5695
2026-08-29T22:51:35Z,93.0831,103.1670,10.0840,0.0000,0.0000,7.9335,10.5962
2026-08-29T22:51:36Z,93.0831,103.1660,10.0829,0.0000,0.0000,7.9336,10.5962
2026-08-29T22:51:37Z,93.0373,103.3392,10.3019,0.0000,0.0000,7.9337,10.5695
2026-08-29T22:51:38Z,93.0373,103.3382,10.3009,0.0000,0.0000,7.9338,10.5695
2026-08-29T22:51:39Z,93.0602,103.2500,10.1898,0.0000,0.0000,7.9338,10.5829
2026-08-29T22:51:40Z,93.0602,103.2490,10.1888,0.0000,0.0000,7.9339,10.5829
2026-08-29T22:51:41Z,93.0907,103.2480,10.1573,0.0000,0.0000,7.9340,10.5829
2026-08-29T22:51:42Z,93.0907,103.2470,10.1563,0.0000,0.0000,7.9341,10.5829
2026-08-29T22:51:43Z,93.0724,103.1589,10.0865,0.0000,0.0000,7.9342,10.5962
2026-08-29T22:51:44Z,93.0724,103.1579,10.0855,0.0000,0.0000,7.9342,10.5962
2026-08-29T22:51:45Z,93.0724,103.2439,10.1715,0.0000,0.0000,7.9343,10.5829
2026-08-29T22:51:46Z,93.0724,103.2429,10.1705,0.0000,0.0000,7.9344,10.5829
2026-08-29T22:51:47Z,93.0510,103.1549,10.1038,0.0000,0.0000,7.9345,10.5962
2026-08-29T22:51:48Z,93.0510,103.1538,10.1028,0.0000,0.0000,7.9345,10.5962
2026-08-29T22:51:49Z,93.0327,103.2399,10.2071,0.0000,0.0000,7.9346,10.5829
2026-08-29T22:51:50Z,93.0327,103.2388,10.2061,0.0000,0.0000,7.9347,10.5829
2026-08-29T22:51:51Z,93.0327,103.2378,10.2051,0.0000,0.0000,7.9348,10.5829
2026-08-29T22:51:52Z,93.0327,103.2368,10.2041,0.0000,0.0000,7.9348,10.5829
2026-08-29T22:51:53Z,93.0282,103.1488,10.1206,0.0000,0.0000,7.9349,10.5962
2026-08-29T22:51:54Z,93.0282,103.1477,10.1196,0.0000,0.0000,7.9350,10.5962
2026-08-29T22:51:55Z,93.0236,103.2338,10.2102,0.0000,0.0000,7.9351,10.5829
2026-08-29T22:51:56Z,93.0236,103.2327,10.2092,0.0000,0.0000,7.9351,10.5829
2026-08-29T22:51:57Z,93.0724,103.3188,10.2464,0.0000,0.0000,7.9352,10.5695
2026-08-29T22:51:58Z,93.0724,103.3178,10.2454,0.0000,0.0000,7.9353,10.5695
2026-08-29T22:51:59Z,93.0327,103.3168,10.2841,0.0000,0.0000,7.9354,10.5695
2026-08-29T22:52:00Z,93.0327,103.3158,10.2831,0.0000,0.0000,7.9354,10.5695
2026-08-29T22:52:01Z,93.0282,103.2277,10.1995,0.0000,0.0000,7.9355,10.5829
2026-08-29T22:52:02Z,93.0282,103.2267,10.1985,0.0000,0.0000,7.9356,10.5829
2026-08-29T22:52:03Z,93.0495,103.2256,10.1761,0.0000,0.0000,7.9357,10.5829
2026-08-29T22:52:04Z,93.0495,103.2246,10.1751,0.0000,0.0000,7.9358,10.5829
2026-08-29T22:52:05Z,93.0968,103.1366,10.0398,0.0000,0.0000,7.9358,10.5962
2026-08-29T22:52:06Z,93.0968,103.1356,10.0388,0.0000,0.0000,7.9359,10.5962
2026-08-29T22:52:07Z,93.0449,103.2216,10.1767,0.0000,0.0000,7.9360,10.5829
2026-08-29T22:52:08Z,93.0449,103.2206,10.1756,0.0000,0.0000,7.9361,10.5829
2026-08-29T22:52:09Z,93.0327,103.2196,10.1868,0.0000,0.0000,7.9361,10.5829
2026-08-29T22:52:10Z,93.0327,103.2185,10.1858,0.0000,0.0000,7.9362,10.5829
2026-08-29T22:52:11Z,93.0282,103.2175,10.1894,0.0000,0.0000,7.9363,10.5829
2026-08-29T22:52:12Z,93.0282,103.2165,10.1884,0.0000,0.0000,7.9364,10.5829
2026-08-29T22:52:13Z,93.0144,103.2155,10.2011,0.0000,0.0000,7.9364,10.5829
2026-08-29T22:52:14Z,93.0144,103.2145,10.2001,0.0000,0.0000,7.9365,10.5829
2026-08-29T22:52:15Z,93.0373,103.2135,10.1762,0.0000,0.0000,7.9366,10.5829
2026-08-29T22:52:16Z,93.0373,103.2125,10.1752,0.0000,0.0000,7.9367,10.5829
2026-08-29T22:52:17Z,93.0220,103.2985,10.2765,0.0000,0.0000,7.9367,10.5695
2026-08-29T22:52:18Z,93.0220,103.2975,10.2755,0.0000,0.0000,7.9368,10.5695
2026-08-29T22:52:19Z,93.0083,103.2965,10.2882,0.0000,0.0000,7.9369,10.5695
2026-08-29T22:52:20Z,93.0083,103.2955,10.2872,0.0000,0.0000,7.9370,10.5695
2026-08-29T22:52:21Z,93.0175,103.2074,10.1899,0.0000,0.0000,7.9370,10.5829
2026-08-29T22:52:22Z,93.0175,103.2064,10.1889,0.0000,0.0000,7.9371,10.5829
2026-08-29T22:52:23Z,93.0175,103.1184,10.1009,0.0000,0.0000,7.9372,10.5962
2026-08-29T22:52:24Z,93.0175,103.1174,10.0999,0.0000,0.0000,7.9373,10.5962
2026-08-29T22:52:25Z,93.0098,103.1163,10.1065,0.0000,0.0000,7.9373,10.5962
2026-08-29T22:52:26Z,93.0098,103.1153,10.1055,0.0000,0.0000,7.9374,10.5962
2026-08-29T22:52:27Z,92.9808,103.2013,10.2205,0.0000,0.0000,7.9375,10.5829
2026-08-29T22:52:28Z,92.9808,103.2003,10.2195,0.0000,0.0000,7.9376,10.5829
2026-08-29T22:52:29Z,93.0175,103.1993,10.1818,0.0000,0.0000,7.9377,10.5829
2026-08-29T22:52:30Z,93.0175,103.1983,10.1808,0.0000,0.0000,7.9377,10.5829
2026-08-29T22:52:31Z,93.0144,103.1103,10.0959,0.0000,0.0000,7.9378,10.5962
2026-08-29T22:52:32Z,93.0144,103.1093,10.0948,0.0000,0.0000,7.9379,10.5962
2026-08-29T22:52:33Z,93.0175,103.1953,10.1778,0.0000,0.0000,7.9380,10.5829
2026-08-29T22:52:34Z,93.0175,103.1942,10.1768,0.0000,0.0000,7.9380,10.5829
2026-08-29T22:52:35Z,93.0419,103.2803,10.2384,0.0000,0.0000,7.9381,10.5695
2026-08-29T22:52:36Z,93.0419,103.2793,10.2374,0.0000,0.0000,7.9382,10.5695
2026-08-29T22:52:37Z,92.9763,103.1912,10.2149,0.0000,0.0000,7.9383,10.5829
2026-08-29T22:52:38Z,92.9763,103.1902,10.2139,0.0000,0.0000,7.9383,10.5829
2026-08-29T22:52:39Z,93.0083,103.1892,10.1809,0.0000,0.0000,7.9384,10.5829
2026-08-29T22:52:40Z,93.0083,103.1882,10.1799,0.0000,0.0000,7.9385,10.5829
2026-08-29T22:52:41Z,92.9900,103.2742,10.2842,0.0000,0.0000,7.9386,10.5695
2026-08-29T22:52:42Z,92.9900,103.2732,10.2832,0.0000,0.0000,7.9386,10.5695
2026-08-29T22:52:43Z,93.0098,103.0981,10.0883,0.0000,0.0000,7.9387,10.5962
2026-08-29T22:52:44Z,93.0098,103.0971,10.0873,0.0000,0.0000,7.9388,10.5962
2026-08-29T22:52:45Z,92.9732,103.0961,10.1229,0.0000,0.0000,7.9389,10.5962
2026-08-29T22:52:46Z,92.9732,103.0951,10.1219,0.0000,0.0000,7.9389,10.5962
2026-08-29T22:52:47Z,92.9992,103.0072,10.0080,0.0000,0.0000,7.9390,10.6096
2026-08-29T22:52:48Z,92.9992,103.0062,10.0070,0.0000,0.0000,7.9391,10.6096
2026-08-29T22:52:49Z,93.0037,103.2661,10.2624,0.0000,0.0000,7.9392,10.5695
2026-08-29T22:52:50Z,93.0037,103.2651,10.2614,0.0000,0.0000,7.9392,10.5695
2026-08-29T22:52:51Z,92.9992,103.1770,10.1779,0.0000,0.0000,7.9393,10.5829
2026-08-29T22:52:52Z,92.9992,103.1760,10.1769,0.0000,0.0000,7.9394,10.5829
2026-08-29T22:52:53Z,93.0098,103.0012,9.9913,0.0000,0.0000,7.9395,10.6096
2026-08-29T22:52:54Z,93.0098,103.0001,9.9903,0.0000,0.0000,7.9396,10.6096
2026-08-29T22:52:55Z,92.9488,103.1730,10.2242,0.0000,0.0000,7.9396,10.5829
2026-08-29T22:52:56Z,92.9488,103.1720,10.2232,0.0000,0.0000,7.9397,10.5829
2026-08-29T22:52:57Z,92.9641,103.1710,10.2069,0.0000,0.0000,7.9398,10.5829
2026-08-29T22:52:58Z,92.9641,103.1700,10.2059,0.0000,0.0000,7.9399,10.5829
2026-08-29T22:52:59Z,92.9488,103.0820,10.1332,0.0000,0.0000,7.9399,10.5962
2026-08-29T22:53:00Z,92.9488,103.0810,10.1322,0.0000,0.0000,7.9400,10.5962
2026-08-29T22:53:01Z,92.9900,103.1669,10.1769,0.0000,0.0000,7.9401,10.5829
2026-08-29T22:53:02Z,92.9900,103.1659,10.1759,0.0000,0.0000,7.9402,10.5829
2026-08-29T22:53:03Z,92.9641,103.2520,10.2879,0.0000,0.0000,7.9402,10.5695
2026-08-29T22:53:04Z,92.9641,103.2510,10.2869,0.0000,0.0000,7.9403,10.5695
2026-08-29T22:53:05Z,92.9641,103.0759,10.1119,0.0000,0.0000,7.9404,10.5962
2026-08-29T22:53:06Z,92.9641,103.0749,10.1109,0.0000,0.0000,7.9405,10.5962
2026-08-29T22:53:07Z,92.9213,102.9870,10.0657,0.0000,0.0000,7.9405,10.6096
2026-08-29T22:53:08Z,92.9213,102.9860,10.0647,0.0000,0.0000,7.9406,10.6096
2026-08-29T22:53:09Z,92.9549,103.1589,10.2040,0.0000,0.0000,7.9407,10.5829
2026-08-29T22:53:10Z,92.9549,103.1579,10.2030,0.0000,0.0000,7.9408,10.5829
2026-08-29T22:53:11Z,92.9274,103.1569,10.2294,0.0000,0.0000,7.9408,10.5829
2026-08-29T22:53:12Z,92.9274,103.1558,10.2284,0.0000,0.0000,7.9409,10.5829
2026-08-29T22:53:13Z,92.9366,103.2419,10.3053,0.0000,0.0000,7.9410,10.5695
2026-08-29T22:53:14Z,92.9366,103.2409,10.3043,0.0000,0.0000,7.9411,10.5695
2026-08-29T22:53:15Z,92.9580,103.1528,10.1949,0.0000,0.0000,7.9411,10.5829
2026-08-29T22:53:16Z,92.9580,103.1518,10.1939,0.0000,0.0000,7.9412,10.5829
2026-08-29T22:53:17Z,92.9641,103.1508,10.1867,0.0000,0.0000,7.9413,10.5829
2026-08-29T22:53:18Z,92.9641,103.1498,10.1857,0.0000,0.0000,7.9414,10.5829
2026-08-29T22:53:19Z,92.9412,103.0618,10.1207,0.0000,0.0000,7.9414,10.5962
2026-08-29T22:53:20Z,92.9412,103.0608,10.1196,0.0000,0.0000,7.9415,10.5962
2026-08-29T22:53:21Z,92.9717,103.0598,10.0881,0.0000,0.0000,7.9416,10.5962
2026-08-29T22:53:22Z,92.9717,103.0588,10.0871,0.0000,0.0000,7.9417,10.5962
2026-08-29T22:53:23Z,92.9366,103.1448,10.2082,0.0000,0.0000,7.9418,10.5829
2026-08-29T22:53:24Z,92.9366,103.1437,10.2072,0.0000,0.0000,7.9418,10.5829
2026-08-29T22:53:25Z,92.9183,103.0558,10.1375,0.0000,0.0000,7.9419,10.5962
2026-08-29T22:53:26Z,92.9183,103.0548,10.1365,0.0000,0.0000,7.9420,10.5962
2026-08-29T22:53:27Z,92.9122,103.1407,10.2285,0.0000,0.0000,7.9421,10.5829
2026-08-29T22:53:28Z,92.9122,103.1397,10.2275,0.0000,0.0000,7.9421,10.5829
2026-08-29T22:53:29Z,92.9488,103.1387,10.1899,0.0000,0.0000,7.9422,10.5829
2026-08-29T22:53:30Z,92.9488,103.1377,10.1889,0.0000,0.0000,7.9423,10.5829
2026-08-29T22:53:31Z,92.9168,103.0497,10.1330,0.0000,0.0000,7.9424,10.5962
2026-08-29T22:53:32Z,92.9168,103.0487,10.1320,0.0000,0.0000,7.9424,10.5962
2026-08-29T22:53:33Z,92.9351,103.0477,10.1127,0.0000,0.0000,7.9425,10.5962
2026-08-29T22:53:34Z,92.9351,103.0467,10.1117,0.0000,0.0000,7.9426,10.5962
2026-08-29T22:53:35Z,92.9366,103.1327,10.1961,0.0000,0.0000,7.9427,10.5829
2026-08-29T22:53:36Z,92.9366,103.1317,10.1951,0.0000,0.0000,7.9427,10.5829
2026-08-29T22:53:37Z,92.9168,103.0437,10.1270,0.0000,0.0000,7.9428,10.5962
2026-08-29T22:53:38Z,92.9168,103.0427,10.1259,0.0000,0.0000,7.9429,10.5962
2026-08-29T22:53:39Z,92.9458,103.1286,10.1829,0.0000,0.0000,7.9430,10.5829
2026-08-29T22:53:40Z,92.9458,103.1276,10.1819,0.0000,0.0000,7.9430,10.5829
2026-08-29T22:53:41Z,92.9076,103.0397,10.1321,0.0000,0.0000,7.9431,10.5962
2026-08-29T22:53:42Z,92.9076,103.0387,10.1311,0.0000,0.0000,7.9432,10.5962
2026-08-29T22:53:43Z,92.9412,103.1246,10.1834,0.0000,0.0000,7.9433,10.5829
2026-08-29T22:53:44Z,92.9412,103.1236,10.1824,0.0000,0.0000,7.9433,10.5829
2026-08-29T22:53:45Z,92.9000,103.1226,10.2226,0.0000,0.0000,7.9434,10.5829
2026-08-29T22:53:46Z,92.9000,103.1216,10.2216,0.0000,0.0000,7.9435,10.5829
2026-08-29T22:53:47Z,92.9274,103.0337,10.1062,0.0000,0.0000,7.9436,10.5962
2026-08-29T22:53:48Z,92.9274,103.0327,10.1052,0.0000,0.0000,7.9436,10.5962
2026-08-29T22:53:49Z,92.9488,103.1186,10.1698,0.0000,0.0000,7.9437,10.5829
2026-08-29T22:53:50Z,92.9488,103.1176,10.1688,0.0000,0.0000,7.9438,10.5829
2026-08-29T22:53:51Z,92.8710,102.9428,10.0718,0.0000,0.0000,7.9439,10.6096
2026-08-29T22:53:52Z,92.8710,102.9418,10.0708,0.0000,0.0000,7.9440,10.6096
2026-08-29T22:53:53Z,92.8954,103.0276,10.1322,0.0000,0.0000,7.9440,10.5962
2026-08-29T22:53:54Z,92.8954,103.0266,10.1312,0.0000,0.0000,7.9441,10.5962
2026-08-29T22:53:55Z,92.9030,103.1126,10.2095,0.0000,0.0000,7.9442,10.5829
2026-08-29T22:53:56Z,92.9030,103.1115,10.2085,0.0000,0.0000,7.9443,10.5829
2026-08-29T22:53:57Z,92.8710,103.0236,10.1526,0.0000,0.0000,7.9443,10.5962
2026-08-29T22:53:58Z,92.8710,103.0226,10.1516,0.0000,0.0000,7.9444,10.5962
2026-08-29T22:53:59Z,92.8939,103.1085,10.2147,0.0000,0.0000,7.9445,10.5829
2026-08-29T22:54:00Z,92.8939,103.1075,10.2137,0.0000,0.0000,7.9446,10.5829
2026-08-29T22:54:01Z,92.9000,102.9328,10.0328,0.0000,0.0000,7.9446,10.6096
2026-08-29T22:54:02Z,92.9000,102.9318,10.0318,0.0000,0.0000,7.9447,10.6096
2026-08-29T22:54:03Z,92.9305,103.1045,10.1740,0.0000,0.0000,7.9448,10.5829
2026-08-29T22:54:04Z,92.9305,103.1035,10.1730,0.0000,0.0000,7.9449,10.5829
2026-08-29T22:54:05Z,92.8954,103.1895,10.2941,0.0000,0.0000,7.9449,10.5695
2026-08-29T22:54:06Z,92.8954,103.1885,10.2931,0.0000,0.0000,7.9450,10.5695
2026-08-29T22:54:07Z,92.8847,103.1875,10.3028,0.0000,0.0000,7.9451,10.5695
2026-08-29T22:54:08Z,92.8847,103.1865,10.3018,0.0000,0.0000,7.9452,10.5695
2026-08-29T22:54:09Z,92.8893,102.9247,10.0354,0.0000,0.0000,7.9452,10.6096
2026-08-29T22:54:10Z,92.8893,102.9237,10.0344,0.0000,0.0000,7.9453,10.6096
2026-08-29T22:54:11Z,92.9183,103.0096,10.0913,0.0000,0.0000,7.9454,10.5962
2026-08-29T22:54:12Z,92.9183,103.0086,10.0903,0.0000,0.0000,7.9455,10.5962
2026-08-29T22:54:13Z,92.8847,103.0076,10.1228,0.0000,0.0000,7.9455,10.5962
2026-08-29T22:54:14Z,92.8847,103.0066,10.1218,0.0000,0.0000,7.9456,10.5962
2026-08-29T22:54:15Z,92.9000,103.0056,10.1056,0.0000,0.0000,7.9457,10.5962
2026-08-29T22:54:16Z,92.9000,103.0046,10.1046,0.0000,0.0000,7.9458,10.5962
2026-08-29T22:54:17Z,92.8771,103.0905,10.2134,0.0000,0.0000,7.9458,10.5829
2026-08-29T22:54:18Z,92.8771,103.0895,10.2124,0.0000,0.0000,7.9459,10.5829
2026-08-29T22:54:19Z,92.8756,103.0885,10.2129,0.0000,0.0000,7.9460,10.5829
2026-08-29T22:54:20Z,92.8756,103.0874,10.2119,0.0000,0.0000,7.9461,10.5829
2026-08-29T22:54:21Z,92.9076,102.9995,10.0919,0.0000,0.0000,7.9462,10.5962
2026-08-29T22:54:22Z,92.9076,102.9985,10.0909,0.0000,0.0000,7.9462,10.5962
2026-08-29T22:54:23Z,92.8939,102.9107,10.0168,0.0000,0.0000,7.9463,10.6096
2026-08-29T22:54:24Z,92.8939,102.9097,10.0158,0.0000,0.0000,7.9464,10.6096
2026-08-29T22:54:25Z,92.8847,102.9087,10.0240,0.0000,0.0000,7.9465,10.6096
2026-08-29T22:54:26Z,92.8847,102.9077,10.0230,0.0000,0.0000,7.9465,10.6096
2026-08-29T22:54:27Z,92.8679,102.9935,10.1256,0.0000,0.0000,7.9466,10.5962
2026-08-29T22:54:28Z,92.8679,102.9925,10.1246,0.0000,0.0000,7.9467,10.5962
2026-08-29T22:54:29Z,92.8771,103.0784,10.2013,0.0000,0.0000,7.9468,10.5829
2026-08-29T22:54:30Z,92.8771,103.0774,10.2003,0.0000,0.0000,7.9468,10.5829
2026-08-29T22:54:31Z,92.8771,102.9027,10.0256,0.0000,0.0000,7.9469,10.6096
2026-08-29T22:54:32Z,92.8771,102.9017,10.0246,0.0000,0.0000,7.9470,10.6096
2026-08-29T22:54:33Z,92.8756,102.9875,10.1120,0.0000,0.0000,7.9471,10.5962
2026-08-29T22:54:34Z,92.8756,102.9865,10.1110,0.0000,0.0000,7.9471,10.5962
2026-08-29T22:54:35Z,92.9137,102.9855,10.0718,0.0000,0.0000,7.9472,10.5962
2026-08-29T22:54:36Z,92.9137,102.9845,10.0708,0.0000,0.0000,7.9473,10.5962
2026-08-29T22:54:37Z,92.8893,103.0704,10.1811,0.0000,0.0000,7.9474,10.5829
2026-08-29T22:54:38Z,92.8893,103.0694,10.1801,0.0000,0.0000,7.9474,10.5829
2026-08-29T22:54:39Z,92.8359,102.9815,10.1456,0.0000,0.0000,7.9475,10.5962
2026-08-29T22:54:40Z,92.8359,102.9805,10.1446,0.0000,0.0000,7.9476,10.5962
2026-08-29T22:54:41Z,92.8496,103.0664,10.2168,0.0000,0.0000,7.9477,10.5829
2026-08-29T22:54:42Z,92.8496,103.0654,10.2158,0.0000,0.0000,7.9477,10.5829
2026-08-29T22:54:43Z,92.8573,103.1514,10.2941,0.0000,0.0000,7.9478,10.5695
2026-08-29T22:54:44Z,92.8573,103.1504,10.2931,0.0000,0.0000,7.9479,10.5695
2026-08-29T22:54:45Z,92.8664,103.0624,10.1960,0.0000,0.0000,7.9480,10.5829
2026-08-29T22:54:46Z,92.8664,103.0614,10.1950,0.0000,0.0000,7.9480,10.5829
2026-08-29T22:54:47Z,92.8389,103.0604,10.2215,0.0000,0.0000,7.9481,10.5829
2026-08-29T22:54:48Z,92.8389,103.0594,10.2205,0.0000,0.0000,7.9482,10.5829
2026-08-29T22:54:49Z,92.8618,102.8847,10.0229,0.0000,0.0000,7.9483,10.6096
2026-08-29T22:54:50Z,92.8618,102.8837,10.0219,0.0000,0.0000,7.9483,10.6096
2026-08-29T22:54:51Z,92.8344,102.9695,10.1351,0.0000,0.0000,7.9484,10.5962
2026-08-29T22:54:52Z,92.8344,102.9685,10.1342,0.0000,0.0000,7.9485,10.5962
2026-08-29T22:54:53Z,92.8359,103.0544,10.2185,0.0000,0.0000,7.9486,10.5829
2026-08-29T22:54:54Z,92.8359,103.0534,10.2175,0.0000,0.0000,7.9487,10.5829
2026-08-29T22:54:55Z,92.8298,102.9655,10.1357,0.0000,0.0000,7.9487,10.5962
2026-08-29T22:54:56Z,92.8298,102.9645,10.1347,0.0000,0.0000,7.9488,10.5962
2026-08-29T22:54:57Z,92.8435,102.8767,10.0332,0.0000,0.0000,7.9489,10.6096
2026-08-29T22:54:58Z,92.8435,102.8757,10.0322,0.0000,0.0000,7.9490,10.6096
2026-08-29T22:54:59Z,92.8573,102.9615,10.1043,0.0000,0.0000,7.9490,10.5962
2026-08-29T22:55:00Z,92.8573,102.9605,10.1033,0.0000,0.0000,7.9491,10.5962
2026-08-29T22:55:01Z,92.8267,102.7687,9.9420,0.0000,0.0000,7.9492,10.6256
2026-08-29T22:55:02Z,92.8267,102.7677,9.9410,0.0000,0.0000,7.9493,10.6256
2026-08-29T22:55:03Z,92.8206,103.0444,10.2238,0.0000,0.0000,7.9493,10.5829
2026-08-29T22:55:04Z,92.8206,103.0434,10.2228,0.0000,0.0000,7.9494,10.5829
2026-08-29T22:55:05Z,92.8435,102.9555,10.1120,0.0000,0.0000,7.9495,10.5962
2026-08-29T22:55:06Z,92.8435,102.9545,10.1110,0.0000,0.0000,7.9496,10.5962
2026-08-29T22:55:07Z,92.8542,102.9535,10.0993,0.0000,0.0000,7.9496,10.5962
2026-08-29T22:55:08Z,92.8542,102.9525,10.0983,0.0000,0.0000,7.9497,10.5962
2026-08-29T22:55:09Z,92.8115,103.1253,10.3139,0.0000,0.0000,7.9498,10.5695
2026-08-29T22:55:10Z,92.8115,103.1243,10.3129,0.0000,0.0000,7.9499,10.5695
2026-08-29T22:55:11Z,92.8161,103.0364,10.2203,0.0000,0.0000,7.9499,10.5829
2026-08-29T22:55:12Z,92.8161,103.0354,10.2193,0.0000,0.0000,7.9500,10.5829
2026-08-29T22:55:13Z,92.8313,102.8608,10.0295,0.0000,0.0000,7.9501,10.6096
2026-08-29T22:55:14Z,92.8313,102.8598,10.0285,0.0000,0.0000,7.9502,10.6096
2026-08-29T22:55:15Z,92.8389,102.9455,10.1066,0.0000,0.0000,7.9502,10.5962
2026-08-29T22:55:16Z,92.8389,102.9445,10.1056,0.0000,0.0000,7.9503,10.5962
2026-08-29T22:55:17Z,92.8084,102.9435,10.1351,0.0000,0.0000,7.9504,10.5962
2026-08-29T22:55:18Z,92.8084,102.9426,10.1341,0.0000,0.0000,7.9505,10.5962
2026-08-29T22:55:19Z,92.8359,102.8548,10.0189,0.0000,0.0000,7.9505,10.6096
2026-08-29T22:55:20Z,92.8359,102.8538,10.0179,0.0000,0.0000,7.9506,10.6096
2026-08-29T22:55:21Z,92.8206,102.9396,10.1189,0.0000,0.0000,7.9507,10.5962
2026-08-29T22:55:22Z,92.8206,102.9386,10.1179,0.0000,0.0000,7.9508,10.5962
2026-08-29T22:55:23Z,92.8023,102.8508,10.0485,0.0000,0.0000,7.9508,10.6096
2026-08-29T22:55:24Z,92.8023,102.8498,10.0475,0.0000,0.0000,7.9509,10.6096
2026-08-29T22:55:25Z,92.8222,102.7448,9.9226,0.0000,0.0000,7.9510,10.6256
2026-08-29T22:55:26Z,92.8222,102.7438,9.9216,0.0000,0.0000,7.9511,10.6256
2026-08-29T22:55:27Z,92.7932,102.8468,10.0536,0.0000,0.0000,7.9511,10.6096
2026-08-29T22:55:28Z,92.7932,102.8458,10.0527,0.0000,0.0000,7.9512,10.6096
2026-08-29T22:55:29Z,92.8084,102.9316,10.1232,0.0000,0.0000,7.9513,10.5962
2026-08-29T22:55:30Z,92.8084,102.9306,10.1222,0.0000,0.0000,7.9514,10.5962
2026-08-29T22:55:31Z,92.7932,102.8428,10.0497,0.0000,0.0000,7.9514,10.6096
2026-08-29T22:55:32Z,92.7932,102.8418,10.0487,0.0000,0.0000,7.9515,10.6096
2026-08-29T22:55:33Z,92.8222,102.9276,10.1054,0.0000,0.0000,7.9516,10.5962
2026-08-29T22:55:34Z,92.8222,102.9266,10.1044,0.0000,0.0000,7.9517,10.5962
2026-08-29T22:55:35Z,92.7977,102.9256,10.1279,0.0000,0.0000,7.9518,10.5962
2026-08-29T22:55:36Z,92.7977,102.9246,10.1269,0.0000,0.0000,7.9518,10.5962
2026-08-29T22:55:37Z,92.8084,102.8369,10.0284,0.0000,0.0000,7.9519,10.6096
2026-08-29T22:55:38Z,92.8084,102.8359,10.0274,0.0000,0.0000,7.9520,10.6096
2026-08-29T22:55:39Z,92.8038,102.9216,10.1178,0.0000,0.0000,7.9521,10.5962
2026-08-29T22:55:40Z,92.8038,102.9206,10.1168,0.0000,0.0000,7.9521,10.5962
2026-08-29T22:55:41Z,92.7932,102.8329,10.0397,0.0000,0.0000,7.9522,10.6096
2026-08-29T22:55:42Z,92.7932,102.8319,10.0387,0.0000,0.0000,7.9523,10.6096
2026-08-29T22:55:43Z,92.7840,102.8309,10.0469,0.0000,0.0000,7.9524,10.6096
2026-08-29T22:55:44Z,92.7840,102.8299,10.0459,0.0000,0.0000,7.9524,10.6096
2026-08-29T22:55:45Z,92.8084,102.9157,10.1072,0.0000,0.0000,7.9525,10.5962
2026-08-29T22:55:46Z,92.8084,102.9147,10.1062,0.0000,0.0000,7.9526,10.5962
2026-08-29T22:55:47Z,92.7932,102.9137,10.1205,0.0000,0.0000,7.9527,10.5962
2026-08-29T22:55:48Z,92.7932,102.9127,10.1195,0.0000,0.0000,7.9527,10.5962
2026-08-29T22:55:49Z,92.7764,102.9985,10.2221,0.0000,0.0000,7.9528,10.5829
2026-08-29T22:55:50Z,92.7764,102.9975,10.2211,0.0000,0.0000,7.9529,10.5829
2026-08-29T22:55:51Z,92.7749,102.9965,10.2217,0.0000,0.0000,7.9530,10.5829
2026-08-29T22:55:52Z,92.7749,102.9955,10.2207,0.0000,0.0000,7.9530,10.5829
2026-08-29T22:55:53Z,92.7810,102.9077,10.1267,0.0000,0.0000,7.9531,10.5962
2026-08-29T22:55:54Z,92.7810,102.9067,10.1257,0.0000,0.0000,7.9532,10.5962
2026-08-29T22:55:55Z,92.7764,102.8190,10.0426,0.0000,0.0000,7.9533,10.6096
2026-08-29T22:55:56Z,92.7764,102.8180,10.0416,0.0000,0.0000,7.9533,10.6096
2026-08-29T22:55:57Z,92.7703,102.7130,9.9427,0.0000,0.0000,7.9534,10.6256
2026-08-29T22:55:58Z,92.7703,102.7120,9.9417,0.0000,0.0000,7.9535,10.6256
2026-08-29T22:55:59Z,92.7749,102.9017,10.1269,0.0000,0.0000,7.9536,10.5962
2026-08-29T22:56:00Z,92.7749,102.9007,10.1259,0.0000,0.0000,7.9536,10.5962
2026-08-29T22:56:01Z,92.7886,102.9866,10.1980,0.0000,0.0000,7.9537,10.5829
2026-08-29T22:56:02Z,92.7886,102.9856,10.1970,0.0000,0.0000,7.9538,10.5829
2026-08-29T22:56:03Z,92.7749,102.8978,10.1229,0.0000,0.0000,7.9539,10.5962
2026-08-29T22:56:04Z,92.7749,102.8968,10.1219,0.0000,0.0000,7.9539,10.5962
2026-08-29T22:56:05Z,92.7901,102.8958,10.1057,0.0000,0.0000,7.9540,10.5962
2026-08-29T22:56:06Z,92.7901,102.8948,10.1047,0.0000,0.0000,7.9541,10.5962
2026-08-29T22:56:07Z,92.7672,102.8070,10.0398,0.0000,0.0000,7.9542,10.6096
2026-08-29T22:56:08Z,92.7672,102.8061,10.0388,0.0000,0.0000,7.9542,10.6096
2026-08-29T22:56:09Z,92.7535,102.8918,10.1383,0.0000,0.0000,7.9543,10.5962
2026-08-29T22:56:10Z,92.7535,102.8908,10.1373,0.0000,0.0000,7.9544,10.5962
2026-08-29T22:56:11Z,92.7703,102.8031,10.0328,0.0000,0.0000,7.9545,10.6096
2026-08-29T22:56:12Z,92.7703,102.8021,10.0318,0.0000,0.0000,7.9545,10.6096
2026-08-29T22:56:13Z,92.7886,102.9746,10.1860,0.0000,0.0000,7.9546,10.5829
2026-08-29T22:56:14Z,92.7886,102.9736,10.1850,0.0000,0.0000,7.9547,10.5829
2026-08-29T22:56:15Z,92.7398,102.8858,10.1461,0.0000,0.0000,7.9548,10.5962
2026-08-29T22:56:16Z,92.7398,102.8848,10.1451,0.0000,0.0000,7.9549,10.5962
2026-08-29T22:56:17Z,92.7840,102.7971,10.0131,0.0000,0.0000,7.9549,10.6096
2026-08-29T22:56:18Z,92.7840,102.7961,10.0121,0.0000,0.0000,7.9550,10.6096
2026-08-29T22:56:19Z,92.7581,102.8819,10.1238,0.0000,0.0000,7.9551,10.5962
2026-08-29T22:56:20Z,92.7581,102.8809,10.1228,0.0000,0.0000,7.9552,10.5962
2026-08-29T22:56:21Z,92.7443,102.8799,10.1355,0.0000,0.0000,7.9552,10.5962
2026-08-29T22:56:22Z,92.7443,102.8789,10.1346,0.0000,0.0000,7.9553,10.5962
2026-08-29T22:56:23Z,92.7703,103.0516,10.2813,0.0000,0.0000,7.9554,10.5695
2026-08-29T22:56:24Z,92.7703,103.0506,10.2803,0.0000,0.0000,7.9555,10.5695
2026-08-29T22:56:25Z,92.7337,102.8759,10.1423,0.0000,0.0000,7.9555,10.5962
2026-08-29T22:56:26Z,92.7337,102.8749,10.1413,0.0000,0.0000,7.9556,10.5962
2026-08-29T22:56:27Z,92.7398,102.8739,10.1342,0.0000,0.0000,7.9557,10.5962
2026-08-29T22:56:28Z,92.7398,102.8729,10.1332,0.0000,0.0000,7.9558,10.5962
2026-08-29T22:56:29Z,92.7382,102.9587,10.2205,0.0000,0.0000,7.9558,10.5829
2026-08-29T22:56:30Z,92.7382,102.9577,10.2195,0.0000,0.0000,7.9559,10.5829
2026-08-29T22:56:31Z,92.7077,102.7832,10.0755,0.0000,0.0000,7.9560,10.6096
2026-08-29T22:56:32Z,92.7077,102.7823,10.0745,0.0000,0.0000,7.9561,10.6096
2026-08-29T22:56:33Z,92.7535,102.6773,9.9238,0.0000,0.0000,7.9561,10.6256
2026-08-29T22:56:34Z,92.7535,102.6763,9.9228,0.0000,0.0000,7.9562,10.6256
2026-08-29T22:56:35Z,92.7398,102.8660,10.1262,0.0000,0.0000,7.9563,10.5962
2026-08-29T22:56:36Z,92.7398,102.8650,10.1252,0.0000,0.0000,7.9564,10.5962
2026-08-29T22:56:37Z,92.7626,102.8640,10.1014,0.0000,0.0000,7.9564,10.5962
2026-08-29T22:56:38Z,92.7626,102.8630,10.1004,0.0000,0.0000,7.9565,10.5962
2026-08-29T22:56:39Z,92.7581,102.9488,10.1908,0.0000,0.0000,7.9566,10.5829
2026-08-29T22:56:40Z,92.7581,102.9478,10.1898,0.0000,0.0000,7.9567,10.5829
2026-08-29T22:56:41Z,92.7153,102.7733,10.0580,0.0000,0.0000,7.9567,10.6096
2026-08-29T22:56:42Z,92.7153,102.7724,10.0570,0.0000,0.0000,7.9568,10.6096
2026-08-29T22:56:43Z,92.7626,102.7714,10.0087,0.0000,0.0000,7.9569,10.6096
2026-08-29T22:56:44Z,92.7626,102.7704,10.0077,0.0000,0.0000,7.9570,10.6096
2026-08-29T22:56:45Z,92.7443,102.6655,9.9211,0.0000,0.0000,7.9570,10.6256
2026-08-29T22:56:46Z,92.7443,102.6645,9.9201,0.0000,0.0000,7.9571,10.6256
2026-08-29T22:56:47Z,92.7245,102.7674,10.0429,0.0000,0.0000,7.9572,10.6096
2026-08-29T22:56:48Z,92.7245,102.7664,10.0419,0.0000,0.0000,7.9573,10.6096
2026-08-29T22:56:49Z,92.7581,102.7654,10.0074,0.0000,0.0000,7.9573,10.6096
2026-08-29T22:56:50Z,92.7581,102.7644,10.0064,0.0000,0.0000,7.9574,10.6096
2026-08-29T22:56:51Z,92.7245,102.8501,10.1256,0.0000,0.0000,7.9575,10.5962
2026-08-29T22:56:52Z,92.7245,102.8492,10.1247,0.0000,0.0000,7.9576,10.5962
2026-08-29T22:56:53Z,92.7306,102.6575,9.9269,0.0000,0.0000,7.9576,10.6256
2026-08-29T22:56:54Z,92.7306,102.6566,9.9260,0.0000,0.0000,7.9577,10.6256
2026-08-29T22:56:55Z,92.7199,102.6556,9.9357,0.0000,0.0000,7.9578,10.6256
2026-08-29T22:56:56Z,92.7199,102.6546,9.9347,0.0000,0.0000,7.9579,10.6256
2026-08-29T22:56:57Z,92.7153,102.7575,10.0422,0.0000,0.0000,7.9579,10.6096
2026-08-29T22:56:58Z,92.7153,102.7565,10.0412,0.0000,0.0000,7.9580,10.6096
2026-08-29T22:56:59Z,92.7443,102.7555,10.0112,0.0000,0.0000,7.9581,10.6096
2026-08-29T22:57:00Z,92.7443,102.7546,10.0102,0.0000,0.0000,7.9582,10.6096
2026-08-29T22:57:01Z,92.7245,102.9270,10.2025,0.0000,0.0000,7.9582,10.5829
2026-08-29T22:57:02Z,92.7245,102.9260,10.2015,0.0000,0.0000,7.9583,10.5829
2026-08-29T22:57:03Z,92.7337,102.8383,10.1046,0.0000,0.0000,7.9584,10.5962
2026-08-29T22:57:04Z,92.7337,102.8373,10.1036,0.0000,0.0000,7.9585,10.5962
2026-08-29T22:57:05Z,92.7245,102.7496,10.0251,0.0000,0.0000,7.9585,10.6096
2026-08-29T22:57:06Z,92.7245,102.7486,10.0241,0.0000,0.0000,7.9586,10.6096
2026-08-29T22:57:07Z,92.7337,102.7476,10.0140,0.0000,0.0000,7.9587,10.6096
2026-08-29T22:57:08Z,92.7337,102.7466,10.0130,0.0000,0.0000,7.9588,10.6096
2026-08-29T22:57:09Z,92.7153,102.8323,10.1170,0.0000,0.0000,7.9589,10.5962
2026-08-29T22:57:10Z,92.7153,102.8314,10.1160,0.0000,0.0000,7.9589,10.5962
2026-08-29T22:57:11Z,92.7245,102.7437,10.0192,0.0000,0.0000,7.9590,10.6096
2026-08-29T22:57:12Z,92.7245,102.7427,10.0182,0.0000,0.0000,7.9591,10.6096
2026-08-29T22:57:13Z,92.7474,102.6378,9.8904,0.0000,0.0000,7.9592,10.6256
2026-08-29T22:57:14Z,92.7474,102.6368,9.8894,0.0000,0.0000,7.9592,10.6256
2026-08-29T22:57:15Z,92.7153,102.5493,9.8340,0.0000,0.0000,7.9593,10.6390
2026-08-29T22:57:16Z,92.7153,102.5484,9.8330,0.0000,0.0000,7.9594,10.6390
2026-08-29T22:57:17Z,92.7443,102.8244,10.0801,0.0000,0.0000,7.9595,10.5962
2026-08-29T22:57:18Z,92.7443,102.8235,10.0791,0.0000,0.0000,7.9595,10.5962
2026-08-29T22:57:19Z,92.7581,102.7358,9.9777,0.0000,0.0000,7.9596,10.6096
2026-08-29T22:57:20Z,92.7581,102.7348,9.9767,0.0000,0.0000,7.9597,10.6096
2026-08-29T22:57:21Z,92.7016,102.6299,9.9283,0.0000,0.0000,7.9598,10.6256
2026-08-29T22:57:22Z,92.7016,102.6289,9.9273,0.0000,0.0000,7.9598,10.6256
2026-08-29T22:57:23Z,92.7520,102.6280,9.8760,0.0000,0.0000,7.9599,10.6256
2026-08-29T22:57:24Z,92.7520,102.6270,9.8750,0.0000,0.0000,7.9600,10.6256
2026-08-29T22:57:25Z,92.7031,102.6260,9.9228,0.0000,0.0000,7.9601,10.6256
2026-08-29T22:57:26Z,92.7031,102.6250,9.9219,0.0000,0.0000,7.9601,10.6256
2026-08-29T22:57:27Z,92.7291,102.7279,9.9988,0.0000,0.0000,7.9602,10.6096
2026-08-29T22:57:28Z,92.7291,102.7269,9.9978,0.0000,0.0000,7.9603,10.6096
2026-08-29T22:57:29Z,92.6848,102.8126,10.1278,0.0000,0.0000,7.9604,10.5962
2026-08-29T22:57:30Z,92.6848,102.8116,10.1268,0.0000,0.0000,7.9604,10.5962
2026-08-29T22:57:31Z,92.6940,102.6201,9.9261,0.0000,0.0000,7.9605,10.6256
2026-08-29T22:57:32Z,92.6940,102.6191,9.9251,0.0000,0.0000,7.9606,10.6256
2026-08-29T22:57:33Z,92.7199,102.6181,9.8982,0.0000,0.0000,7.9607,10.6256
2026-08-29T22:57:34Z,92.7199,102.6171,9.8972,0.0000,0.0000,7.9607,10.6256
2026-08-29T22:57:35Z,92.7199,102.8067,10.0868,0.0000,0.0000,7.9608,10.5962
2026-08-29T22:57:36Z,92.7199,102.8057,10.0858,0.0000,0.0000,7.9609,10.5962
2026-08-29T22:57:37Z,92.6986,102.7180,10.0195,0.0000,0.0000,7.9610,10.6096
2026-08-29T22:57:38Z,92.6986,102.7171,10.0185,0.0000,0.0000,7.9610,10.6096
2026-08-29T22:57:39Z,92.6696,102.5257,9.8562,0.0000,0.0000,7.9611,10.6390
2026-08-29T22:57:40Z,92.6696,102.5247,9.8552,0.0000,0.0000,7.9612,10.6390
2026-08-29T22:57:41Z,92.6757,102.7141,10.0384,0.0000,0.0000,7.9613,10.6096
2026-08-29T22:57:42Z,92.6757,102.7131,10.0375,0.0000,0.0000,7.9613,10.6096
2026-08-29T22:57:43Z,92.6879,102.7121,10.0243,0.0000,0.0000,7.9614,10.6096
2026-08-29T22:57:44Z,92.6879,102.7112,10.0233,0.0000,0.0000,7.9615,10.6096
2026-08-29T22:57:45Z,92.7077,102.7968,10.0891,0.0000,0.0000,7.9616,10.5962
2026-08-29T22:57:46Z,92.7077,102.7958,10.0881,0.0000,0.0000,7.9616,10.5962
2026-08-29T22:57:47Z,92.6436,102.7082,10.0646,0.0000,0.0000,7.9617,10.6096
2026-08-29T22:57:48Z,92.6436,102.7072,10.0636,0.0000,0.0000,7.9618,10.6096
2026-08-29T22:57:49Z,92.6940,102.7062,10.0122,0.0000,0.0000,7.9619,10.6096
2026-08-29T22:57:50Z,92.6940,102.7052,10.0113,0.0000,0.0000,7.9619,10.6096
2026-08-29T22:57:51Z,92.6925,102.7043,10.0118,0.0000,0.0000,7.9620,10.6096
2026-08-29T22:57:52Z,92.6925,102.7033,10.0108,0.0000,0.0000,7.9621,10.6096
2026-08-29T22:57:53Z,92.6848,102.7023,10.0175,0.0000,0.0000,7.9622,10.6096
2026-08-29T22:57:54Z,92.6848,102.7013,10.0165,0.0000,0.0000,7.9622,10.6096
2026-08-29T22:57:55Z,92.6879,102.7003,10.0124,0.0000,0.0000,7.9623,10.6096
2026-08-29T22:57:56Z,92.6879,102.6993,10.0115,0.0000,0.0000,7.9624,10.6096
2026-08-29T22:57:57Z,92.6757,102.6984,10.0227,0.0000,0.0000,7.9625,10.6096
2026-08-29T22:57:58Z,92.6757,102.6974,10.0217,0.0000,0.0000,7.9625,10.6096
2026-08-29T22:57:59Z,92.6757,102.6964,10.0207,0.0000,0.0000,7.9626,10.6096
2026-08-29T22:58:00Z,92.6757,102.6954,10.0197,0.0000,0.0000,7.9627,10.6096
2026-08-29T22:58:01Z,92.6436,102.5041,9.8605,0.0000,0.0000,7.9628,10.6390
2026-08-29T22:58:02Z,92.6436,102.5031,9.8595,0.0000,0.0000,7.9628,10.6390
2026-08-29T22:58:03Z,92.6986,102.6925,9.9939,0.0000,0.0000,7.9629,10.6096
2026-08-29T22:58:04Z,92.6986,102.6915,9.9929,0.0000,0.0000,7.9630,10.6096
2026-08-29T22:58:05Z,92.6650,102.6905,10.0255,0.0000,0.0000,7.9631,10.6096
2026-08-29T22:58:06Z,92.6650,102.6895,10.0245,0.0000,0.0000,7.9631,10.6096
2026-08-29T22:58:07Z,92.6757,102.5847,9.9090,0.0000,0.0000,7.9632,10.6256
2026-08-29T22:58:08Z,92.6757,102.5837,9.9080,0.0000,0.0000,7.9633,10.6256
2026-08-29T22:58:09Z,92.6619,102.5827,9.9208,0.0000,0.0000,7.9634,10.6256
2026-08-29T22:58:10Z,92.6619,102.5817,9.9198,0.0000,0.0000,7.9634,10.6256
2026-08-29T22:58:11Z,92.6696,102.8579,10.1884,0.0000,0.0000,7.9635,10.5829
2026-08-29T22:58:12Z,92.6696,102.8570,10.1874,0.0000,0.0000,7.9636,10.5829
2026-08-29T22:58:13Z,92.6482,102.6826,10.0344,0.0000,0.0000,7.9637,10.6096
2026-08-29T22:58:14Z,92.6482,102.6816,10.0334,0.0000,0.0000,7.9637,10.6096
2026-08-29T22:58:15Z,92.6650,102.5768,9.9118,0.0000,0.0000,7.9638,10.6256
2026-08-29T22:58:16Z,92.6650,102.5758,9.9109,0.0000,0.0000,7.9639,10.6256
2026-08-29T22:58:17Z,92.6482,102.6787,10.0305,0.0000,0.0000,7.9640,10.6096
2026-08-29T22:58:18Z,92.6482,102.6777,10.0295,0.0000,0.0000,7.9641,10.6096
2026-08-29T22:58:19Z,92.6329,102.6767,10.0438,0.0000,0.0000,7.9641,10.6096
2026-08-29T22:58:20Z,92.6329,102.6758,10.0428,0.0000,0.0000,7.9642,10.6096
2026-08-29T22:58:21Z,92.6696,102.7614,10.0918,0.0000,0.0000,7.9643,10.5962
2026-08-29T22:58:22Z,92.6696,102.7604,10.0908,0.0000,0.0000,7.9644,10.5962
2026-08-29T22:58:23Z,92.6757,102.6728,9.9971,0.0000,0.0000,7.9644,10.6096
2026-08-29T22:58:24Z,92.6757,102.6718,9.9962,0.0000,0.0000,7.9645,10.6096
2026-08-29T22:58:25Z,92.6375,102.6708,10.0333,0.0000,0.0000,7.9646,10.6096
2026-08-29T22:58:26Z,92.6375,102.6699,10.0323,0.0000,0.0000,7.9647,10.6096
2026-08-29T22:58:27Z,92.6436,102.7555,10.1119,0.0000,0.0000,7.9647,10.5962
2026-08-29T22:58:28Z,92.6436,102.7545,10.1109,0.0000,0.0000,7.9648,10.5962
2026-08-29T22:58:29Z,92.6436,102.8402,10.1966,0.0000,0.0000,7.9649,10.5829
2026-08-29T22:58:30Z,92.6436,102.8393,10.1956,0.0000,0.0000,7.9650,10.5829
2026-08-29T22:58:31Z,92.6619,102.6650,10.0030,0.0000,0.0000,7.9650,10.6096
2026-08-29T22:58:32Z,92.6619,102.6640,10.0020,0.0000,0.0000,7.9651,10.6096
2026-08-29T22:58:33Z,92.6299,102.5592,9.9293,0.0000,0.0000,7.9652,10.6256
2026-08-29T22:58:34Z,92.6299,102.5582,9.9283,0.0000,0.0000,7.9653,10.6256
2026-08-29T22:58:35Z,92.6390,102.5572,9.9182,0.0000,0.0000,7.9653,10.6256
2026-08-29T22:58:36Z,92.6390,102.5562,9.9172,0.0000,0.0000,7.9654,10.6256
2026-08-29T22:58:37Z,92.6604,102.6591,9.9987,0.0000,0.0000,7.9655,10.6096
2026-08-29T22:58:38Z,92.6604,102.6581,9.9977,0.0000,0.0000,7.9656,10.6096
2026-08-29T22:58:39Z,92.5963,102.6571,10.0608,0.0000,0.0000,7.9656,10.6096
2026-08-29T22:58:40Z,92.5963,102.6561,10.0598,0.0000,0.0000,7.9657,10.6096
2026-08-29T22:58:41Z,92.6375,102.5513,9.9138,0.0000,0.0000,7.9658,10.6256
2026-08-29T22:58:42Z,92.6375,102.5504,9.9128,0.0000,0.0000,7.9659,10.6256
2026-08-29T22:58:43Z,92.6162,102.6532,10.0370,0.0000,0.0000,7.9659,10.6096
2026-08-29T22:58:44Z,92.6162,102.6522,10.0361,0.0000,0.0000,7.9660,10.6096
2026-08-29T22:58:45Z,92.6390,102.5474,9.9084,0.0000,0.0000,7.9661,10.6256
2026-08-29T22:58:46Z,92.6390,102.5464,9.9074,0.0000,0.0000,7.9662,10.6256
2026-08-29T22:58:47Z,92.6116,102.8226,10.2110,0.0000,0.0000,7.9662,10.5829
2026-08-29T22:58:48Z,92.6116,102.8216,10.2100,0.0000,0.0000,7.9663,10.5829
2026-08-29T22:58:49Z,92.6482,102.6473,9.9991,0.0000,0.0000,7.9664,10.6096
2026-08-29T22:58:50Z,92.6482,102.6463,9.9981,0.0000,0.0000,7.9665,10.6096
2026-08-29T22:58:51Z,92.6162,102.6454,10.0292,0.0000,0.0000,7.9665,10.6096
2026-08-29T22:58:52Z,92.6162,102.6444,10.0282,0.0000,0.0000,7.9666,10.6096
2026-08-29T22:58:53Z,92.5933,102.6434,10.0501,0.0000,0.0000,7.9667,10.6096
2026-08-29T22:58:54Z,92.5933,102.6424,10.0492,0.0000,0.0000,7.9668,10.6096
2026-08-29T22:58:55Z,92.5872,102.7280,10.1409,0.0000,0.0000,7.9668,10.5962
2026-08-29T22:58:56Z,92.5872,102.7271,10.1399,0.0000,0.0000,7.9669,10.5962
2026-08-29T22:58:57Z,92.6253,102.8128,10.1874,0.0000,0.0000,7.9670,10.5829
2026-08-29T22:58:58Z,92.6253,102.8118,10.1865,0.0000,0.0000,7.9671,10.5829
2026-08-29T22:58:59Z,92.6192,102.6375,10.0183,0.0000,0.0000,7.9671,10.6096
2026-08-29T22:59:00Z,92.6192,102.6366,10.0173,0.0000,0.0000,7.9672,10.6096
2026-08-29T22:59:01Z,92.6375,102.7222,10.0846,0.0000,0.0000,7.9673,10.5962
2026-08-29T22:59:02Z,92.6375,102.7212,10.0837,0.0000,0.0000,7.9674,10.5962
2026-08-29T22:59:03Z,92.6055,102.5298,9.9243,0.0000,0.0000,7.9674,10.6256
2026-08-29T22:59:04Z,92.6055,102.5288,9.9234,0.0000,0.0000,7.9675,10.6256
2026-08-29T22:59:05Z,92.6009,102.7182,10.1173,0.0000,0.0000,7.9676,10.5962
2026-08-29T22:59:06Z,92.6009,102.7173,10.1164,0.0000,0.0000,7.9677,10.5962
2026-08-29T22:59:07Z,92.5872,102.5259,9.9387,0.0000,0.0000,7.9677,10.6256
2026-08-29T22:59:08Z,92.5872,102.5249,9.9378,0.0000,0.0000,7.9678,10.6256
2026-08-29T22:59:09Z,92.6192,102.5240,9.9048,0.0000,0.0000,7.9679,10.6256
2026-08-29T22:59:10Z,92.6192,102.5230,9.9038,0.0000,0.0000,7.9680,10.6256
2026-08-29T22:59:11Z,92.5917,102.6258,10.0341,0.0000,0.0000,7.9680,10.6096
2026-08-29T22:59:12Z,92.5917,102.6248,10.0331,0.0000,0.0000,7.9681,10.6096
2026-08-29T22:59:13Z,92.6162,102.6238,10.0077,0.0000,0.0000,7.9682,10.6096
2026-08-29T22:59:14Z,92.6162,102.6229,10.0067,0.0000,0.0000,7.9683,10.6096
2026-08-29T22:59:15Z,92.5917,102.5181,9.9264,0.0000,0.0000,7.9683,10.6256
2026-08-29T22:59:16Z,92.5917,102.5171,9.9254,0.0000,0.0000,7.9684,10.6256
2026-08-29T22:59:17Z,92.5658,102.5162,9.9503,0.0000,0.0000,7.9685,10.6256
2026-08-29T22:59:18Z,92.5658,102.5152,9.9494,0.0000,0.0000,7.9686,10.6256
2026-08-29T22:59:19Z,92.5658,102.7912,10.2254,0.0000,0.0000,7.9686,10.5829
2026-08-29T22:59:20Z,92.5658,102.7902,10.2244,0.0000,0.0000,7.9687,10.5829
2026-08-29T22:59:21Z,92.5750,102.5122,9.9373,0.0000,0.0000,7.9688,10.6256
2026-08-29T22:59:22Z,92.5750,102.5113,9.9363,0.0000,0.0000,7.9689,10.6256
2026-08-29T22:59:23Z,92.5750,102.7006,10.1257,0.0000,0.0000,7.9689,10.5962
2026-08-29T22:59:24Z,92.5750,102.6997,10.1247,0.0000,0.0000,7.9690,10.5962
2026-08-29T22:59:25Z,92.6055,102.6987,10.0932,0.0000,0.0000,7.9691,10.5962
2026-08-29T22:59:26Z,92.6055,102.6977,10.0922,0.0000,0.0000,7.9692,10.5962
2026-08-29T22:59:27Z,92.5826,102.6967,10.1141,0.0000,0.0000,7.9692,10.5962
2026-08-29T22:59:28Z,92.5826,102.6958,10.1132,0.0000,0.0000,7.9693,10.5962
2026-08-29T22:59:29Z,92.5917,102.6082,10.0165,0.0000,0.0000,7.9694,10.6096
2026-08-29T22:59:30Z,92.5917,102.6072,10.0155,0.0000,0.0000,7.9695,10.6096
2026-08-29T22:59:31Z,92.5917,102.6063,10.0145,0.0000,0.0000,7.9695,10.6096
2026-08-29T22:59:32Z,92.5917,102.6053,10.0135,0.0000,0.0000,7.9696,10.6096
2026-08-29T22:59:33Z,92.5978,102.6909,10.0930,0.0000,0.0000,7.9697,10.5962
2026-08-29T22:59:34Z,92.5978,102.6899,10.0920,0.0000,0.0000,7.9698,10.5962
2026-08-29T22:59:35Z,92.5750,102.6024,10.0274,0.0000,0.0000,7.9698,10.6096
2026-08-29T22:59:36Z,92.5750,102.6014,10.0264,0.0000,0.0000,7.9699,10.6096
2026-08-29T22:59:37Z,92.6024,102.6004,9.9980,0.0000,0.0000,7.9700,10.6096
2026-08-29T22:59:38Z,92.6024,102.5994,9.9970,0.0000,0.0000,7.9701,10.6096
2026-08-29T22:59:39Z,92.5475,102.6850,10.1375,0.0000,0.0000,7.9701,10.5962
2026-08-29T22:59:40Z,92.5475,102.6840,10.1365,0.0000,0.0000,7.9702,10.5962
2026-08-29T22:59:41Z,92.6101,102.5965,9.9865,0.0000,0.0000,7.9703,10.6096
2026-08-29T22:59:42Z,92.6101,102.5955,9.9855,0.0000,0.0000,7.9704,10.6096
2026-08-29T22:59:43Z,92.5734,102.4908,9.9174,0.0000,0.0000,7.9704,10.6256
2026-08-29T22:59:44Z,92.5734,102.4898,9.9164,0.0000,0.0000,7.9705,10.6256
2026-08-29T22:59:45Z,92.5658,102.5926,10.0268,0.0000,0.0000,7.9706,10.6096
2026-08-29T22:59:46Z,92.5658,102.5916,10.0258,0.0000,0.0000,7.9707,10.6096
2026-08-29T22:59:47Z,92.5566,102.7638,10.2072,0.0000,0.0000,7.9707,10.5829
2026-08-29T22:59:48Z,92.5566,102.7629,10.2062,0.0000,0.0000,7.9708,10.5829
2026-08-29T22:59:49Z,92.5475,102.5887,10.0412,0.0000,0.0000,7.9709,10.6096
2026-08-29T22:59:50Z,92.5475,102.5877,10.0402,0.0000,0.0000,7.9710,10.6096
2026-08-29T22:59:51Z,92.5917,102.5868,9.9950,0.0000,0.0000,7.9710,10.6096
2026-08-29T22:59:52Z,92.5917,102.5858,9.9940,0.0000,0.0000,7.9711,10.6096
2026-08-29T22:59:53Z,92.5612,102.4811,9.9198,0.0000,0.0000,7.9712,10.6256
2026-08-29T22:59:54Z,92.5612,102.4801,9.9189,0.0000,0.0000,7.9713,10.6256
2026-08-29T22:59:55Z,92.5566,102.5829,10.0262,0.0000,0.0000,7.9713,10.6096
2026-08-29T22:59:56Z,92.5566,102.5819,10.0252,0.0000,0.0000,7.9714,10.6096
2026-08-29T22:59:57Z,92.5475,102.5809,10.0334,0.0000,0.0000,7.9715,10.6096
2026-08-29T22:59:58Z,92.5475,102.5799,10.0324,0.0000,0.0000,7.9716,10.6096
2026-08-29T22:59:59Z,92.5322,102.5790,10.0467,0.0000,0.0000,7.9716,10.6096
2026-08-29T23:00:00Z,92.5322,102.5780,10.0458,0.0000,0.0000,7.9717,10.6096
2026-08-29T23:00:01Z,92.5551,102.4733,9.9182,0.0000,0.0000,7.9717,10.6256
2026-08-29T23:00:02Z,92.5551,102.4723,9.9172,0.0000,0.0000,7.9716,10.6256
2026-08-29T23:00:03Z,92.5414,102.5751,10.0337,0.0000,0.0000,7.9716,10.6096
2026-08-29T23:00:04Z,92.5414,102.5741,10.0327,0.0000,0.0000,7.9715,10.6096
2026-08-29T23:00:05Z,92.5551,102.6597,10.1045,0.0000,0.0000,7.9715,10.5962
2026-08-29T23:00:06Z,92.5551,102.6587,10.1036,0.0000,0.0000,7.9714,10.5962
2026-08-29T23:00:07Z,92.5429,102.4674,9.9245,0.0000,0.0000,7.9714,10.6256
2026-08-29T23:00:08Z,92.5429,102.4665,9.9236,0.0000,0.0000,7.9713,10.6256
2026-08-29T23:00:09Z,92.5322,102.6558,10.1235,0.0000,0.0000,7.9713,10.5962
2026-08-29T23:00:10Z,92.5322,102.6548,10.1226,0.0000,0.0000,7.9713,10.5962
2026-08-29T23:00:11Z,92.5368,102.4636,9.9267,0.0000,0.0000,7.9712,10.6256
2026-08-29T23:00:12Z,92.5368,102.4626,9.9258,0.0000,0.0000,7.9712,10.6256
2026-08-29T23:00:13Z,92.5475,102.6519,10.1044,0.0000,0.0000,7.9711,10.5962
2026-08-29T23:00:14Z,92.5475,102.6509,10.1034,0.0000,0.0000,7.9711,10.5962
2026-08-29T23:00:15Z,92.5368,102.5634,10.0266,0.0000,0.0000,7.9710,10.6096
2026-08-29T23:00:16Z,92.5368,102.5624,10.0256,0.0000,0.0000,7.9710,10.6096
2026-08-29T23:00:17Z,92.5414,102.5614,10.0201,0.0000,0.0000,7.9709,10.6096
2026-08-29T23:00:18Z,92.5414,102.5605,10.0191,0.0000,0.0000,7.9709,10.6096
2026-08-29T23:00:19Z,92.5322,102.5595,10.0273,0.0000,0.0000,7.9708,10.6096
2026-08-29T23:00:20Z,92.5322,102.5585,10.0263,0.0000,0.0000,7.9708,10.6096
2026-08-29T23:00:21Z,92.5704,102.5576,9.9872,0.0000,0.0000,7.9707,10.6096
2026-08-29T23:00:22Z,92.5704,102.5566,9.9862,0.0000,0.0000,7.9707,10.6096
2026-08-29T23:00:23Z,92.5185,102.7287,10.2102,0.0000,0.0000,7.9706,10.5829
2026-08-29T23:00:24Z,92.5185,102.7278,10.2093,0.0000,0.0000,7.9706,10.5829
2026-08-29T23:00:25Z,92.5185,102.6402,10.1217,0.0000,0.0000,7.9706,10.5962
2026-08-29T23:00:26Z,92.5185,102.6392,10.1207,0.0000,0.0000,7.9705,10.5962
2026-08-29T23:00:27Z,92.5277,102.6382,10.1106,0.0000,0.0000,7.9705,10.5962
2026-08-29T23:00:28Z,92.5277,102.6373,10.1096,0.0000,0.0000,7.9704,10.5962
2026-08-29T23:00:29Z,92.5154,102.6363,10.1208,0.0000,0.0000,7.9704,10.5962
2026-08-29T23:00:30Z,92.5154,102.6353,10.1199,0.0000,0.0000,7.9703,10.5962
2026-08-29T23:00:31Z,92.5093,102.6343,10.1250,0.0000,0.0000,7.9703,10.5962
2026-08-29T23:00:32Z,92.5093,102.6334,10.1240,0.0000,0.0000,7.9702,10.5962
2026-08-29T23:00:33Z,92.5200,102.5459,10.0259,0.0000,0.0000,7.9702,10.6096
2026-08-29T23:00:34Z,92.5200,102.5449,10.0249,0.0000,0.0000,7.9701,10.6096
2026-08-29T23:00:35Z,92.5017,102.6304,10.1287,0.0000,0.0000,7.9701,10.5962
2026-08-29T23:00:36Z,92.5017,102.6295,10.1278,0.0000,0.0000,7.9700,10.5962
2026-08-29T23:00:37Z,92.5017,102.6285,10.1268,0.0000,0.0000,7.9700,10.5962
2026-08-29T23:00:38Z,92.5017,102.6275,10.1258,0.0000,0.0000,7.9699,10.5962
2026-08-29T23:00:39Z,92.5093,102.7131,10.2038,0.0000,0.0000,7.9699,10.5829
2026-08-29T23:00:40Z,92.5093,102.7122,10.2028,0.0000,0.0000,7.9699,10.5829
2026-08-29T23:00:41Z,92.5185,102.4344,9.9159,0.0000,0.0000,7.9698,10.6256
2026-08-29T23:00:42Z,92.5185,102.4334,9.9149,0.0000,0.0000,7.9698,10.6256
2026-08-29T23:00:43Z,92.4926,102.4325,9.9399,0.0000,0.0000,7.9697,10.6256
2026-08-29T23:00:44Z,92.4926,102.4315,9.9389,0.0000,0.0000,7.9697,10.6256
2026-08-29T23:00:45Z,92.4971,102.6207,10.1236,0.0000,0.0000,7.9696,10.5962
2026-08-29T23:00:46Z,92.4971,102.6197,10.1226,0.0000,0.0000,7.9696,10.5962
2026-08-29T23:00:47Z,92.4681,102.6188,10.1506,0.0000,0.0000,7.9695,10.5962
2026-08-29T23:00:48Z,92.4681,102.6178,10.1496,0.0000,0.0000,7.9695,10.5962
2026-08-29T23:00:49Z,92.4880,102.6168,10.1288,0.0000,0.0000,7.9694,10.5962
2026-08-29T23:00:50Z,92.4880,102.6158,10.1279,0.0000,0.0000,7.9694,10.5962
2026-08-29T23:00:51Z,92.4743,102.4247,9.9504,0.0000,0.0000,7.9693,10.6256
2026-08-29T23:00:52Z,92.4743,102.4237,9.9495,0.0000,0.0000,7.9693,10.6256
2026-08-29T23:00:53Z,92.5017,102.6129,10.1112,0.0000,0.0000,7.9692,10.5962
2026-08-29T23:00:54Z,92.5017,102.6119,10.1102,0.0000,0.0000,7.9692,10.5962
2026-08-29T23:00:55Z,92.5154,102.6110,10.0955,0.0000,0.0000,7.9692,10.5962
2026-08-29T23:00:56Z,92.5154,102.6100,10.0946,0.0000,0.0000,7.9691,10.5962
2026-08-29T23:00:57Z,92.5048,102.6090,10.1043,0.0000,0.0000,7.9691,10.5962
2026-08-29T23:00:58Z,92.5048,102.6081,10.1033,0.0000,0.0000,7.9690,10.5962
2026-08-29T23:00:59Z,92.4681,102.5206,10.0524,0.0000,0.0000,7.9690,10.6096
2026-08-29T23:01:00Z,92.4681,102.5196,10.0515,0.0000,0.0000,7.9689,10.6096
2026-08-29T23:01:01Z,92.5093,102.5186,10.0093,0.0000,0.0000,7.9689,10.6096
2026-08-29T23:01:02Z,92.5093,102.5177,10.0083,0.0000,0.0000,7.9688,10.6096
2026-08-29T23:01:03Z,92.5109,102.5167,10.0058,0.0000,0.0000,7.9688,10.6096
2026-08-29T23:01:04Z,92.5109,102.5157,10.0049,0.0000,0.0000,7.9687,10.6096
2026-08-29T23:01:05Z,92.4865,102.5148,10.0283,0.0000,0.0000,7.9687,10.6096
2026-08-29T23:01:06Z,92.4865,102.5138,10.0273,0.0000,0.0000,7.9686,10.6096
2026-08-29T23:01:07Z,92.4743,102.5128,10.0386,0.0000,0.0000,7.9686,10.6096
2026-08-29T23:01:08Z,92.4743,102.5118,10.0376,0.0000,0.0000,7.9685,10.6096
2026-08-29T23:01:09Z,92.4971,102.6839,10.1868,0.0000,0.0000,7.9685,10.5829
2026-08-29T23:01:10Z,92.4971,102.6829,10.1858,0.0000,0.0000,7.9685,10.5829
2026-08-29T23:01:11Z,92.4636,102.5954,10.1318,0.0000,0.0000,7.9684,10.5962
2026-08-29T23:01:12Z,92.4636,102.5944,10.1309,0.0000,0.0000,7.9684,10.5962
2026-08-29T23:01:13Z,92.4971,102.6800,10.1829,0.0000,0.0000,7.9683,10.5829
2026-08-29T23:01:14Z,92.4971,102.6791,10.1819,0.0000,0.0000,7.9683,10.5829
2026-08-29T23:01:15Z,92.4956,102.6781,10.1825,0.0000,0.0000,7.9682,10.5829
2026-08-29T23:01:16Z,92.4956,102.6771,10.1815,0.0000,0.0000,7.9682,10.5829
2026-08-29T23:01:17Z,92.4865,102.5896,10.1031,0.0000,0.0000,7.9681,10.5962
2026-08-29T23:01:18Z,92.4865,102.5886,10.1021,0.0000,0.0000,7.9681,10.5962
2026-08-29T23:01:19Z,92.4865,102.3975,9.9110,0.0000,0.0000,7.9680,10.6256
2026-08-29T23:01:20Z,92.4865,102.3965,9.9101,0.0000,0.0000,7.9680,10.6256
2026-08-29T23:01:21Z,92.4743,102.5857,10.1114,0.0000,0.0000,7.9679,10.5962
2026-08-29T23:01:22Z,92.4743,102.5847,10.1105,0.0000,0.0000,7.9679,10.5962
2026-08-29T23:01:23Z,92.4743,102.4973,10.0230,0.0000,0.0000,7.9679,10.6096
2026-08-29T23:01:24Z,92.4743,102.4963,10.0220,0.0000,0.0000,7.9678,10.6096
2026-08-29T23:01:25Z,92.4971,102.6683,10.1712,0.0000,0.0000,7.9678,10.5829
2026-08-29T23:01:26Z,92.4971,102.6674,10.1702,0.0000,0.0000,7.9677,10.5829
2026-08-29T23:01:27Z,92.4514,102.6664,10.2150,0.0000,0.0000,7.9677,10.5829
2026-08-29T23:01:28Z,92.4514,102.6654,10.2141,0.0000,0.0000,7.9676,10.5829
2026-08-29T23:01:29Z,92.4651,102.5779,10.1128,0.0000,0.0000,7.9676,10.5962
2026-08-29T23:01:30Z,92.4651,102.5769,10.1118,0.0000,0.0000,7.9675,10.5962
2026-08-29T23:01:31Z,92.4819,102.5760,10.0941,0.0000,0.0000,7.9675,10.5962
2026-08-29T23:01:32Z,92.4819,102.5750,10.0931,0.0000,0.0000,7.9674,10.5962
2026-08-29T23:01:33Z,92.4422,102.6606,10.2184,0.0000,0.0000,7.9674,10.5829
2026-08-29T23:01:34Z,92.4422,102.6596,10.2174,0.0000,0.0000,7.9673,10.5829
2026-08-29T23:01:35Z,92.4743,102.5721,10.0978,0.0000,0.0000,7.9673,10.5962
2026-08-29T23:01:36Z,92.4743,102.5711,10.0968,0.0000,0.0000,7.9672,10.5962
2026-08-29T23:01:37Z,92.4727,102.5701,10.0974,0.0000,0.0000,7.9672,10.5962
2026-08-29T23:01:38Z,92.4727,102.5692,10.0964,0.0000,0.0000,7.9672,10.5962
2026-08-29T23:01:39Z,92.4422,102.4817,10.0395,0.0000,0.0000,7.9671,10.6096
2026-08-29T23:01:40Z,92.4422,102.4807,10.0385,0.0000,0.0000,7.9671,10.6096
2026-08-29T23:01:41Z,92.4819,102.5662,10.0844,0.0000,0.0000,7.9670,10.5962
2026-08-29T23:01:42Z,92.4819,102.5653,10.0834,0.0000,0.0000,7.9670,10.5962
2026-08-29T23:01:43Z,92.4544,102.6508,10.1964,0.0000,0.0000,7.9669,10.5829
2026-08-29T23:01:44Z,92.4544,102.6499,10.1954,0.0000,0.0000,7.9669,10.5829
2026-08-29T23:01:45Z,92.4498,102.5623,10.1125,0.0000,0.0000,7.9668,10.5962
2026-08-29T23:01:46Z,92.4498,102.5614,10.1115,0.0000,0.0000,7.9668,10.5962
2026-08-29T23:01:47Z,92.4514,102.5604,10.1090,0.0000,0.0000,7.9667,10.5962
2026-08-29T23:01:48Z,92.4514,102.5594,10.1081,0.0000,0.0000,7.9667,10.5962
2026-08-29T23:01:49Z,92.4605,102.6450,10.1845,0.0000,0.0000,7.9666,10.5829
2026-08-29T23:01:50Z,92.4605,102.6440,10.1835,0.0000,0.0000,7.9666,10.5829
2026-08-29T23:01:51Z,92.4468,102.5565,10.1097,0.0000,0.0000,7.9665,10.5962
2026-08-29T23:01:52Z,92.4468,102.5555,10.1088,0.0000,0.0000,7.9665,10.5962
2026-08-29T23:01:53Z,92.4498,102.5546,10.1047,0.0000,0.0000,7.9665,10.5962
2026-08-29T23:01:54Z,92.4498,102.5536,10.1038,0.0000,0.0000,7.9664,10.5962
2026-08-29T23:01:55Z,92.4788,102.4662,9.9874,0.0000,0.0000,7.9664,10.6096
2026-08-29T23:01:56Z,92.4788,102.4652,9.9864,0.0000,0.0000,7.9663,10.6096
2026-08-29T23:01:57Z,92.4743,102.5507,10.0764,0.0000,0.0000,7.9663,10.5962
2026-08-29T23:01:58Z,92.4743,102.5497,10.0755,0.0000,0.0000,7.9662,10.5962
2026-08-29T23:01:59Z,92.4285,102.5487,10.1203,0.0000,0.0000,7.9662,10.5962
2026-08-29T23:02:00Z,92.4285,102.5478,10.1193,0.0000,0.0000,7.9661,10.5962
2026-08-29T23:02:01Z,92.4361,102.6333,10.1972,0.0000,0.0000,7.9661,10.5829
2026-08-29T23:02:02Z,92.4361,102.6323,10.1962,0.0000,0.0000,7.9660,10.5829
2026-08-29T23:02:03Z,92.4468,102.4584,10.0116,0.0000,0.0000,7.9660,10.6096
2026-08-29T23:02:04Z,92.4468,102.4574,10.0107,0.0000,0.0000,7.9659,10.6096
2026-08-29T23:02:05Z,92.4269,102.6294,10.2025,0.0000,0.0000,7.9659,10.5829
2026-08-29T23:02:06Z,92.4269,102.6285,10.2015,0.0000,0.0000,7.9658,10.5829
2026-08-29T23:02:07Z,92.4193,102.6275,10.2082,0.0000,0.0000,7.9658,10.5829
2026-08-29T23:02:08Z,92.4193,102.6265,10.2072,0.0000,0.0000,7.9658,10.5829
2026-08-29T23:02:09Z,92.4224,102.5390,10.1167,0.0000,0.0000,7.9657,10.5962
2026-08-29T23:02:10Z,92.4224,102.5381,10.1157,0.0000,0.0000,7.9657,10.5962
2026-08-29T23:02:11Z,92.4269,102.5371,10.1101,0.0000,0.0000,7.9656,10.5962
2026-08-29T23:02:12Z,92.4269,102.5361,10.1092,0.0000,0.0000,7.9656,10.5962
2026-08-29T23:02:13Z,92.4468,102.5351,10.0884,0.0000,0.0000,7.9655,10.5962
2026-08-29T23:02:14Z,92.4468,102.5342,10.0874,0.0000,0.0000,7.9655,10.5962
2026-08-29T23:02:15Z,92.4468,102.5332,10.0864,0.0000,0.0000,7.9654,10.5962
2026-08-29T23:02:16Z,92.4468,102.5322,10.0854,0.0000,0.0000,7.9654,10.5962
2026-08-29T23:02:17Z,92.3766,102.6178,10.2412,0.0000,0.0000,7.9653,10.5829
2026-08-29T23:02:18Z,92.3766,102.6168,10.2402,0.0000,0.0000,7.9653,10.5829
2026-08-29T23:02:19Z,92.4361,102.7024,10.2663,0.0000,0.0000,7.9652,10.5695
2026-08-29T23:02:20Z,92.4361,102.7014,10.2653,0.0000,0.0000,7.9652,10.5695
2026-08-29T23:02:21Z,92.4422,102.6139,10.1717,0.0000,0.0000,7.9651,10.5829
2026-08-29T23:02:22Z,92.4422,102.6129,10.1707,0.0000,0.0000,7.9651,10.5829
2026-08-29T23:02:23Z,92.4224,102.6119,10.1896,0.0000,0.0000,7.9651,10.5829
2026-08-29T23:02:24Z,92.4224,102.6110,10.1886,0.0000,0.0000,7.9650,10.5829
2026-08-29T23:02:25Z,92.4361,102.5235,10.0874,0.0000,0.0000,7.9650,10.5962
2026-08-29T23:02:26Z,92.4361,102.5225,10.0864,0.0000,0.0000,7.9649,10.5962
2026-08-29T23:02:27Z,92.4193,102.7986,10.3793,0.0000,0.0000,7.9649,10.5535
2026-08-29T23:02:28Z,92.4193,102.7977,10.3783,0.0000,0.0000,7.9648,10.5535
2026-08-29T23:02:29Z,92.4147,102.6061,10.1914,0.0000,0.0000,7.9648,10.5829
2026-08-29T23:02:30Z,92.4147,102.6051,10.1904,0.0000,0.0000,7.9647,10.5829
2026-08-29T23:02:31Z,92.4147,102.6042,10.1894,0.0000,0.0000,7.9647,10.5829
2026-08-29T23:02:32Z,92.4147,102.6032,10.1884,0.0000,0.0000,7.9646,10.5829
2026-08-29T23:02:33Z,92.3964,102.6022,10.2058,0.0000,0.0000,7.9646,10.5829
2026-08-29T23:02:34Z,92.3964,102.6012,10.2048,0.0000,0.0000,7.9645,10.5829
2026-08-29T23:02:35Z,92.4041,102.5138,10.1097,0.0000,0.0000,7.9645,10.5962
2026-08-29T23:02:36Z,92.4041,102.5128,10.1087,0.0000,0.0000,7.9645,10.5962
2026-08-29T23:02:37Z,92.4041,102.5983,10.1943,0.0000,0.0000,7.9644,10.5829
2026-08-29T23:02:38Z,92.4041,102.5974,10.1933,0.0000,0.0000,7.9644,10.5829
2026-08-29T23:02:39Z,92.3857,102.5099,10.1241,0.0000,0.0000,7.9643,10.5962
2026-08-29T23:02:40Z,92.3857,102.5089,10.1232,0.0000,0.0000,7.9643,10.5962
2026-08-29T23:02:41Z,92.4269,102.5080,10.0810,0.0000,0.0000,7.9642,10.5962
2026-08-29T23:02:42Z,92.4269,102.5070,10.0800,0.0000,0.0000,7.9642,10.5962
2026-08-29T23:02:43Z,92.4132,102.5060,10.0928,0.0000,0.0000,7.9641,10.5962
2026-08-29T23:02:44Z,92.4132,102.5050,10.0918,0.0000,0.0000,7.9641,10.5962
2026-08-29T23:02:45Z,92.4132,102.6771,10.2639,0.0000,0.0000,7.9640,10.5695
2026-08-29T23:02:46Z,92.4132,102.6762,10.2629,0.0000,0.0000,7.9640,10.5695
2026-08-29T23:02:47Z,92.4331,102.5021,10.0691,0.0000,0.0000,7.9639,10.5962
2026-08-29T23:02:48Z,92.4331,102.5012,10.0681,0.0000,0.0000,7.9639,10.5962
2026-08-29T23:02:49Z,92.4331,102.5002,10.0671,0.0000,0.0000,7.9638,10.5962
2026-08-29T23:02:50Z,92.4331,102.4992,10.0662,0.0000,0.0000,7.9638,10.5962
2026-08-29T23:02:51Z,92.4102,102.4982,10.0881,0.0000,0.0000,7.9638,10.5962
2026-08-29T23:02:52Z,92.4102,102.4973,10.0871,0.0000,0.0000,7.9637,10.5962
2026-08-29T23:02:53Z,92.3857,102.6693,10.2836,0.0000,0.0000,7.9637,10.5695
2026-08-29T23:02:54Z,92.3857,102.6684,10.2826,0.0000,0.0000,7.9636,10.5695
2026-08-29T23:02:55Z,92.4361,102.6674,10.2313,0.0000,0.0000,7.9636,10.5695
2026-08-29T23:02:56Z,92.4361,102.6664,10.2303,0.0000,0.0000,7.9635,10.5695
2026-08-29T23:02:57Z,92.3995,102.5789,10.1794,0.0000,0.0000,7.9635,10.5829
2026-08-29T23:02:58Z,92.3995,102.5779,10.1784,0.0000,0.0000,7.9634,10.5829
2026-08-29T23:02:59Z,92.4086,102.7675,10.3589,0.0000,0.0000,7.9634,10.5535
2026-08-29T23:03:00Z,92.4086,102.7665,10.3579,0.0000,0.0000,7.9633,10.5535
2026-08-29T23:03:01Z,92.4147,102.5750,10.1603,0.0000,0.0000,7.9633,10.5829
2026-08-29T23:03:02Z,92.4147,102.5740,10.1593,0.0000,0.0000,7.9632,10.5829
2026-08-29T23:03:03Z,92.4041,102.5731,10.1690,0.0000,0.0000,7.9632,10.5829
2026-08-29T23:03:04Z,92.4041,102.5721,10.1680,0.0000,0.0000,7.9631,10.5829
2026-08-29T23:03:05Z,92.3674,102.5711,10.2037,0.0000,0.0000,7.9631,10.5829
2026-08-29T23:03:06Z,92.3674,102.5702,10.2027,0.0000,0.0000,7.9631,10.5829
2026-08-29T23:03:07Z,92.3995,102.6557,10.2563,0.0000,0.0000,7.9630,10.5695
2026-08-29T23:03:08Z,92.3995,102.6548,10.2553,0.0000,0.0000,7.9630,10.5695
2026-08-29T23:03:09Z,92.4285,102.5672,10.1388,0.0000,0.0000,7.9629,10.5829
2026-08-29T23:03:10Z,92.4285,102.5663,10.1378,0.0000,0.0000,7.9629,10.5829
2026-08-29T23:03:11Z,92.3903,102.5653,10.1750,0.0000,0.0000,7.9628,10.5829
2026-08-29T23:03:12Z,92.3903,102.5643,10.1740,0.0000,0.0000,7.9628,10.5829
2026-08-29T23:03:13Z,92.4269,102.7539,10.3269,0.0000,0.0000,7.9627,10.5535
2026-08-29T23:03:14Z,92.4269,102.7529,10.3260,0.0000,0.0000,7.9627,10.5535
2026-08-29T23:03:15Z,92.3903,102.4750,10.0846,0.0000,0.0000,7.9626,10.5962
2026-08-29T23:03:16Z,92.3903,102.4740,10.0837,0.0000,0.0000,7.9626,10.5962
2026-08-29T23:03:17Z,92.3781,102.6460,10.2679,0.0000,0.0000,7.9625,10.5695
2026-08-29T23:03:18Z,92.3781,102.6451,10.2669,0.0000,0.0000,7.9625,10.5695
2026-08-29T23:03:19Z,92.4132,102.6441,10.2309,0.0000,0.0000,7.9624,10.5695
2026-08-29T23:03:20Z,92.4132,102.6431,10.2299,0.0000,0.0000,7.9624,10.5695
2026-08-29T23:03:21Z,92.3690,102.5556,10.1866,0.0000,0.0000,7.9624,10.5829
2026-08-29T23:03:22Z,92.3690,102.5546,10.1857,0.0000,0.0000,7.9623,10.5829
2026-08-29T23:03:23Z,92.4041,102.6402,10.2361,0.0000,0.0000,7.9623,10.5695
2026-08-29T23:03:24Z,92.4041,102.6392,10.2352,0.0000,0.0000,7.9622,10.5695
2026-08-29T23:03:25Z,92.3720,102.5517,10.1797,0.0000,0.0000,7.9622,10.5829
2026-08-29T23:03:26Z,92.3720,102.5507,10.1787,0.0000,0.0000,7.9621,10.5829
2026-08-29T23:03:27Z,92.3720,102.6363,10.2643,0.0000,0.0000,7.9621,10.5695
2026-08-29T23:03:28Z,92.3720,102.6353,10.2633,0.0000,0.0000,7.9620,10.5695
2026-08-29T23:03:29Z,92.4224,102.5478,10.1255,0.0000,0.0000,7.9620,10.5829
2026-08-29T23:03:30Z,92.4224,102.5469,10.1245,0.0000,0.0000,7.9619,10.5829
2026-08-29T23:03:31Z,92.3720,102.5459,10.1739,0.0000,0.0000,7.9619,10.5829
2026-08-29T23:03:32Z,92.3720,102.5449,10.1729,0.0000,0.0000,7.9618,10.5829
2026-08-29T23:03:33Z,92.3857,102.6305,10.2447,0.0000,0.0000,7.9618,10.5695
2026-08-29T23:03:34Z,92.3857,102.6295,10.2438,0.0000,0.0000,7.9617,10.5695
2026-08-29T23:03:35Z,92.3598,102.7325,10.3727,0.0000,0.0000,7.9617,10.5535
2026-08-29T23:03:36Z,92.3598,102.7315,10.3717,0.0000,0.0000,7.9617,10.5535
2026-08-29T23:03:37Z,92.3690,102.6266,10.2576,0.0000,0.0000,7.9616,10.5695
2026-08-29T23:03:38Z,92.3690,102.6256,10.2567,0.0000,0.0000,7.9616,10.5695
2026-08-29T23:03:39Z,92.3903,102.6247,10.2343,0.0000,0.0000,7.9615,10.5695
2026-08-29T23:03:40Z,92.3903,102.6237,10.2334,0.0000,0.0000,7.9615,10.5695
2026-08-29T23:03:41Z,92.3919,102.6227,10.2309,0.0000,0.0000,7.9614,10.5695
2026-08-29T23:03:42Z,92.3919,102.6217,10.2299,0.0000,0.0000,7.9614,10.5695
2026-08-29T23:03:43Z,92.3720,102.5343,10.1622,0.0000,0.0000,7.9613,10.5829
2026-08-29T23:03:44Z,92.3720,102.5333,10.1613,0.0000,0.0000,7.9613,10.5829
2026-08-29T23:03:45Z,92.3781,102.6188,10.2407,0.0000,0.0000,7.9612,10.5695
2026-08-29T23:03:46Z,92.3781,102.6179,10.2397,0.0000,0.0000,7.9612,10.5695
2026-08-29T23:03:47Z,92.3827,102.6169,10.2342,0.0000,0.0000,7.9611,10.5695
2026-08-29T23:03:48Z,92.3827,102.6159,10.2332,0.0000,0.0000,7.9611,10.5695
2026-08-29T23:03:49Z,92.3919,102.6149,10.2231,0.0000,0.0000,7.9611,10.5695
2026-08-29T23:03:50Z,92.3919,102.6140,10.2221,0.0000,0.0000,7.9610,10.5695
2026-08-29T23:03:51Z,92.3720,102.6130,10.2410,0.0000,0.0000,7.9610,10.5695
2026-08-29T23:03:52Z,92.3720,102.6120,10.2400,0.0000,0.0000,7.9609,10.5695
2026-08-29T23:03:53Z,92.3827,102.5246,10.1419,0.0000,0.0000,7.9609,10.5829
2026-08-29T23:03:54Z,92.3827,102.5236,10.1409,0.0000,0.0000,7.9608,10.5829
2026-08-29T23:03:55Z,92.3644,102.7130,10.3487,0.0000,0.0000,7.9608,10.5535
2026-08-29T23:03:56Z,92.3644,102.7121,10.3477,0.0000,0.0000,7.9607,10.5535
2026-08-29T23:03:57Z,92.3995,102.5207,10.1212,0.0000,0.0000,7.9607,10.5829
2026-08-29T23:03:58Z,92.3995,102.5197,10.1202,0.0000,0.0000,7.9606,10.5829
2026-08-29T23:03:59Z,92.4086,102.5187,10.1101,0.0000,0.0000,7.9606,10.5829
2026-08-29T23:04:00Z,92.4086,102.5178,10.1091,0.0000,0.0000,7.9605,10.5829
2026-08-29T23:04:01Z,92.4056,102.5168,10.1112,0.0000,0.0000,7.9605,10.5829
2026-08-29T23:04:02Z,92.4056,102.5158,10.1102,0.0000,0.0000,7.9604,10.5829
2026-08-29T23:04:03Z,92.3903,102.6014,10.2110,0.0000,0.0000,7.9604,10.5695
2026-08-29T23:04:04Z,92.3903,102.6004,10.2101,0.0000,0.0000,7.9604,10.5695
2026-08-29T23:04:05Z,92.3995,102.5994,10.1999,0.0000,0.0000,7.9603,10.5695
2026-08-29T23:04:06Z,92.3995,102.5984,10.1990,0.0000,0.0000,7.9603,10.5695
2026-08-29T23:04:07Z,92.3507,102.5975,10.2468,0.0000,0.0000,7.9602,10.5695
2026-08-29T23:04:08Z,92.3507,102.5965,10.2459,0.0000,0.0000,7.9602,10.5695
2026-08-29T23:04:09Z,92.3644,102.6994,10.3351,0.0000,0.0000,7.9601,10.5535
2026-08-29T23:04:10Z,92.3644,102.6985,10.3341,0.0000,0.0000,7.9601,10.5535
2026-08-29T23:04:11Z,92.3507,102.5071,10.1564,0.0000,0.0000,7.9600,10.5829
2026-08-29T23:04:12Z,92.3507,102.5061,10.1555,0.0000,0.0000,7.9600,10.5829
2026-08-29T23:04:13Z,92.3857,102.6956,10.3098,0.0000,0.0000,7.9599,10.5535
2026-08-29T23:04:14Z,92.3857,102.6946,10.3088,0.0000,0.0000,7.9599,10.5535
2026-08-29T23:04:15Z,92.3919,102.5897,10.1979,0.0000,0.0000,7.9598,10.5695
2026-08-29T23:04:16Z,92.3919,102.5887,10.1969,0.0000,0.0000,7.9598,10.5695
2026-08-29T23:04:17Z,92.3644,102.6917,10.3273,0.0000,0.0000,7.9597,10.5535
2026-08-29T23:04:18Z,92.3644,102.6907,10.3263,0.0000,0.0000,7.9597,10.5535
2026-08-29T23:04:19Z,92.3781,102.5858,10.2077,0.0000,0.0000,7.9597,10.5695
2026-08-29T23:04:20Z,92.3781,102.5849,10.2067,0.0000,0.0000,7.9596,10.5695
2026-08-29T23:04:21Z,92.3461,102.5839,10.2378,0.0000,0.0000,7.9596,10.5695
2026-08-29T23:04:22Z,92.3461,102.5829,10.2368,0.0000,0.0000,7.9595,10.5695
2026-08-29T23:04:23Z,92.3598,102.6859,10.3260,0.0000,0.0000,7.9595,10.5535
2026-08-29T23:04:24Z,92.3598,102.6849,10.3251,0.0000,0.0000,7.9594,10.5535
2026-08-29T23:04:25Z,92.3537,102.5800,10.2263,0.0000,0.0000,7.9594,10.5695
2026-08-29T23:04:26Z,92.3537,102.5790,10.2253,0.0000,0.0000,7.9593,10.5695
2026-08-29T23:04:27Z,92.3781,102.5781,10.2000,0.0000,0.0000,7.9593,10.5695
2026-08-29T23:04:28Z,92.3781,102.5771,10.1990,0.0000,0.0000,7.9592,10.5695
2026-08-29T23:04:29Z,92.3903,102.5761,10.1858,0.0000,0.0000,7.9592,10.5695
2026-08-29T23:04:30Z,92.3903,102.5752,10.1848,0.0000,0.0000,7.9591,10.5695
2026-08-29T23:04:31Z,92.3766,102.7647,10.3882,0.0000,0.0000,7.9591,10.5402
2026-08-29T23:04:32Z,92.3766,102.7638,10.3872,0.0000,0.0000,7.9590,10.5402
2026-08-29T23:04:33Z,92.3507,102.5723,10.2216,0.0000,0.0000,7.9590,10.5695
2026-08-29T23:04:34Z,92.3507,102.5713,10.2206,0.0000,0.0000,7.9590,10.5695
2026-08-29T23:04:35Z,92.3781,102.6742,10.2961,0.0000,0.0000,7.9589,10.5535
2026-08-29T23:04:36Z,92.3781,102.6732,10.2951,0.0000,0.0000,7.9589,10.5535
2026-08-29T23:04:37Z,92.3903,102.6723,10.2819,0.0000,0.0000,7.9588,10.5535
2026-08-29T23:04:38Z,92.3903,102.6713,10.2810,0.0000,0.0000,7.9588,10.5535
2026-08-29T23:04:39Z,92.3857,102.6703,10.2846,0.0000,0.0000,7.9587,10.5535
2026-08-29T23:04:40Z,92.3857,102.6693,10.2836,0.0000,0.0000,7.9587,10.5535
2026-08-29T23:04:41Z,92.3857,102.5645,10.1787,0.0000,0.0000,7.9586,10.5695
2026-08-29T23:04:42Z,92.3857,102.5635,10.1778,0.0000,0.0000,7.9586,10.5695
2026-08-29T23:04:43Z,92.3354,102.5626,10.2272,0.0000,0.0000,7.9585,10.5695
2026-08-29T23:04:44Z,92.3354,102.5616,10.2262,0.0000,0.0000,7.9585,10.5695
2026-08-29T23:04:45Z,92.3781,102.5606,10.1825,0.0000,0.0000,7.9584,10.5695
2026-08-29T23:04:46Z,92.3781,102.5596,10.1815,0.0000,0.0000,7.9584,10.5695
2026-08-29T23:04:47Z,92.3919,102.4722,10.0804,0.0000,0.0000,7.9583,10.5829
2026-08-29T23:04:48Z,92.3919,102.4712,10.0794,0.0000,0.0000,7.9583,10.5829
2026-08-29T23:04:49Z,92.3644,102.5567,10.1924,0.0000,0.0000,7.9583,10.5695
2026-08-29T23:04:50Z,92.3644,102.5558,10.1914,0.0000,0.0000,7.9582,10.5695
2026-08-29T23:04:51Z,92.3552,102.6587,10.3034,0.0000,0.0000,7.9582,10.5535
2026-08-29T23:04:52Z,92.3552,102.6577,10.3025,0.0000,0.0000,7.9581,10.5535
2026-08-29T23:04:53Z,92.3507,102.6567,10.3061,0.0000,0.0000,7.9581,10.5535
2026-08-29T23:04:54Z,92.3507,102.6558,10.3051,0.0000,0.0000,7.9580,10.5535
2026-08-29T23:04:55Z,92.3827,102.5509,10.1682,0.0000,0.0000,7.9580,10.5695
2026-08-29T23:04:56Z,92.3827,102.5500,10.1673,0.0000,0.0000,7.9579,10.5695
2026-08-29T23:04:57Z,92.3400,102.6528,10.3129,0.0000,0.0000,7.9579,10.5535
2026-08-29T23:04:58Z,92.3400,102.6519,10.3119,0.0000,0.0000,7.9578,10.5535
2026-08-29T23:04:59Z,92.3171,102.5470,10.2300,0.0000,0.0000,7.9578,10.5695
2026-08-29T23:05:00Z,92.3171,102.5461,10.2290,0.0000,0.0000,7.9577,10.5695
2026-08-29T23:05:01Z,92.3461,102.6490,10.3029,0.0000,0.0000,7.9577,10.5535
2026-08-29T23:05:02Z,92.3461,102.6480,10.3019,0.0000,0.0000,7.9577,10.5535
2026-08-29T23:05:03Z,92.3400,102.6470,10.3071,0.0000,0.0000,7.9576,10.5535
2026-08-29T23:05:04Z,92.3400,102.6461,10.3061,0.0000,0.0000,7.9576,10.5535
2026-08-29T23:05:05Z,92.3323,102.6451,10.3127,0.0000,0.0000,7.9575,10.5535
2026-08-29T23:05:06Z,92.3323,102.6441,10.3118,0.0000,0.0000,7.9575,10.5535
2026-08-29T23:05:07Z,92.3690,102.6431,10.2742,0.0000,0.0000,7.9574,10.5535
2026-08-29T23:05:08Z,92.3690,102.6422,10.2732,0.0000,0.0000,7.9574,10.5535
2026-08-29T23:05:09Z,92.4132,102.7278,10.3146,0.0000,0.0000,7.9573,10.5402
2026-08-29T23:05:10Z,92.4132,102.7269,10.3137,0.0000,0.0000,7.9573,10.5402
2026-08-29T23:05:11Z,92.3857,102.5354,10.1497,0.0000,0.0000,7.9572,10.5695
2026-08-29T23:05:12Z,92.3857,102.5345,10.1487,0.0000,0.0000,7.9572,10.5695
2026-08-29T23:05:13Z,92.3644,102.5335,10.1691,0.0000,0.0000,7.9571,10.5695
2026-08-29T23:05:14Z,92.3644,102.5325,10.1681,0.0000,0.0000,7.9571,10.5695
2026-08-29T23:05:15Z,92.3720,102.6354,10.2634,0.0000,0.0000,7.9570,10.5535
2026-08-29T23:05:16Z,92.3720,102.6344,10.2624,0.0000,0.0000,7.9570,10.5535
2026-08-29T23:05:17Z,92.3461,102.5296,10.1835,0.0000,0.0000,7.9570,10.5695
2026-08-29T23:05:18Z,92.3461,102.5286,10.1826,0.0000,0.0000,7.9569,10.5695
2026-08-29T23:05:19Z,92.3781,102.6315,10.2534,0.0000,0.0000,7.9569,10.5535
2026-08-29T23:05:20Z,92.3781,102.6305,10.2524,0.0000,0.0000,7.9568,10.5535
2026-08-29T23:05:21Z,92.3537,102.5257,10.1720,0.0000,0.0000,7.9568,10.5695
2026-08-29T23:05:22Z,92.3537,102.5248,10.1711,0.0000,0.0000,7.9567,10.5695
2026-08-29T23:05:23Z,92.3644,102.6276,10.2632,0.0000,0.0000,7.9567,10.5535
2026-08-29T23:05:24Z,92.3644,102.6267,10.2623,0.0000,0.0000,7.9566,10.5535
2026-08-29T23:05:25Z,92.3598,102.6257,10.2659,0.0000,0.0000,7.9566,10.5535
2026-08-29T23:05:26Z,92.3598,102.6247,10.2649,0.0000,0.0000,7.9565,10.5535
2026-08-29T23:05:27Z,92.3552,102.6238,10.2685,0.0000,0.0000,7.9565,10.5535
2026-08-29T23:05:28Z,92.3552,102.6228,10.2676,0.0000,0.0000,7.9564,10.5535
2026-08-29T23:05:29Z,92.3857,102.5180,10.1322,0.0000,0.0000,7.9564,10.5695
2026-08-29T23:05:30Z,92.3857,102.5170,10.1313,0.0000,0.0000,7.9563,10.5695
2026-08-29T23:05:31Z,92.3720,102.6199,10.2479,0.0000,0.0000,7.9563,10.5535
2026-08-29T23:05:32Z,92.3720,102.6189,10.2469,0.0000,0.0000,7.9563,10.5535
2026-08-29T23:05:33Z,92.3781,102.6179,10.2398,0.0000,0.0000,7.9562,10.5535
2026-08-29T23:05:34Z,92.3781,102.6170,10.2388,0.0000,0.0000,7.9562,10.5535
2026-08-29T23:05:35Z,92.3323,102.7026,10.3703,0.0000,0.0000,7.9561,10.5402
2026-08-29T23:05:36Z,92.3323,102.7016,10.3693,0.0000,0.0000,7.9561,10.5402
2026-08-29T23:05:37Z,92.3781,102.6141,10.2359,0.0000,0.0000,7.9560,10.5535
2026-08-29T23:05:38Z,92.3781,102.6131,10.2350,0.0000,0.0000,7.9560,10.5535
2026-08-29T23:05:39Z,92.3552,102.6987,10.3435,0.0000,0.0000,7.9559,10.5402
2026-08-29T23:05:40Z,92.3552,102.6978,10.3425,0.0000,0.0000,7.9559,10.5402
2026-08-29T23:05:41Z,92.3400,102.6102,10.2702,0.0000,0.0000,7.9558,10.5535
2026-08-29T23:05:42Z,92.3400,102.6092,10.2692,0.0000,0.0000,7.9558,10.5535
2026-08-29T23:05:43Z,92.3644,102.6082,10.2439,0.0000,0.0000,7.9557,10.5535
2026-08-29T23:05:44Z,92.3644,102.6073,10.2429,0.0000,0.0000,7.9557,10.5535
2026-08-29T23:05:45Z,92.3644,102.5025,10.1381,0.0000,0.0000,7.9556,10.5695
2026-08-29T23:05:46Z,92.3644,102.5015,10.1371,0.0000,0.0000,7.9556,10.5695
2026-08-29T23:05:47Z,92.3461,102.6910,10.3449,0.0000,0.0000,7.9556,10.5402
2026-08-29T23:05:48Z,92.3461,102.6900,10.3439,0.0000,0.0000,7.9555,10.5402
2026-08-29T23:05:49Z,92.3644,102.6890,10.3246,0.0000,0.0000,7.9555,10.5402
2026-08-29T23:05:50Z,92.3644,102.6881,10.3237,0.0000,0.0000,7.9554,10.5402
2026-08-29T23:05:51Z,92.3552,102.6871,10.3319,0.0000,0.0000,7.9554,10.5402
2026-08-29T23:05:52Z,92.3552,102.6861,10.3309,0.0000,0.0000,7.9553,10.5402
2026-08-29T23:05:53Z,92.3827,102.7718,10.3891,0.0000,0.0000,7.9553,10.5268
2026-08-29T23:05:54Z,92.3827,102.7709,10.3882,0.0000,0.0000,7.9552,10.5268
2026-08-29T23:05:55Z,92.3629,102.6832,10.3204,0.0000,0.0000,7.9552,10.5402
2026-08-29T23:05:56Z,92.3629,102.6822,10.3194,0.0000,0.0000,7.9551,10.5402
2026-08-29T23:05:57Z,92.3644,102.6813,10.3169,0.0000,0.0000,7.9551,10.5402
2026-08-29T23:05:58Z,92.3644,102.6803,10.3159,0.0000,0.0000,7.9550,10.5402
2026-08-29T23:05:59Z,92.3644,102.6793,10.3149,0.0000,0.0000,7.9550,10.5402
2026-08-29T23:06:00Z,92.3644,102.6784,10.3140,0.0000,0.0000,7.9550,10.5402
2026-08-29T23:06:01Z,92.3552,102.6774,10.3222,0.0000,0.0000,7.9549,10.5402
2026-08-29T23:06:02Z,92.3552,102.6764,10.3212,0.0000,0.0000,7.9549,10.5402
2026-08-29T23:06:03Z,92.3857,102.7621,10.3764,0.0000,0.0000,7.9548,10.5268
2026-08-29T23:06:04Z,92.3857,102.7612,10.3754,0.0000,0.0000,7.9548,10.5268
2026-08-29T23:06:05Z,92.3644,102.5869,10.2225,0.0000,0.0000,7.9547,10.5535
2026-08-29T23:06:06Z,92.3644,102.5860,10.2216,0.0000,0.0000,7.9547,10.5535
2026-08-29T23:06:07Z,92.3400,102.7582,10.4183,0.0000,0.0000,7.9546,10.5268
2026-08-29T23:06:08Z,92.3400,102.7573,10.4173,0.0000,0.0000,7.9546,10.5268
2026-08-29T23:06:09Z,92.3491,102.5831,10.2339,0.0000,0.0000,7.9545,10.5535
2026-08-29T23:06:10Z,92.3491,102.5821,10.2330,0.0000,0.0000,7.9545,10.5535
2026-08-29T23:06:11Z,92.3690,102.5811,10.2122,0.0000,0.0000,7.9544,10.5535
2026-08-29T23:06:12Z,92.3690,102.5801,10.2112,0.0000,0.0000,7.9544,10.5535
2026-08-29T23:06:13Z,92.3552,102.7524,10.3972,0.0000,0.0000,7.9543,10.5268
2026-08-29T23:06:14Z,92.3552,102.7515,10.3962,0.0000,0.0000,7.9543,10.5268
2026-08-29T23:06:15Z,92.3415,102.7505,10.4090,0.0000,0.0000,7.9543,10.5268
2026-08-29T23:06:16Z,92.3415,102.7495,10.4080,0.0000,0.0000,7.9542,10.5268
2026-08-29T23:06:17Z,92.3644,102.5753,10.2109,0.0000,0.0000,7.9542,10.5535
2026-08-29T23:06:18Z,92.3644,102.5743,10.2100,0.0000,0.0000,7.9541,10.5535
2026-08-29T23:06:19Z,92.3537,102.6599,10.3062,0.0000,0.0000,7.9541,10.5402
2026-08-29T23:06:20Z,92.3537,102.6590,10.3053,0.0000,0.0000,7.9540,10.5402
2026-08-29T23:06:21Z,92.3781,102.5714,10.1933,0.0000,0.0000,7.9540,10.5535
2026-08-29T23:06:22Z,92.3781,102.5705,10.1923,0.0000,0.0000,7.9539,10.5535
2026-08-29T23:06:23Z,92.3644,102.6561,10.2917,0.0000,0.0000,7.9539,10.5402
2026-08-29T23:06:24Z,92.3644,102.6551,10.2907,0.0000,0.0000,7.9538,10.5402
2026-08-29T23:06:25Z,92.3323,102.7408,10.4084,0.0000,0.0000,7.9538,10.5268
2026-08-29T23:06:26Z,92.3323,102.7398,10.4075,0.0000,0.0000,7.9537,10.5268
2026-08-29T23:06:27Z,92.3766,102.6522,10.2756,0.0000,0.0000,7.9537,10.5402
2026-08-29T23:06:28Z,92.3766,102.6512,10.2746,0.0000,0.0000,7.9536,10.5402
2026-08-29T23:06:29Z,92.3415,102.6503,10.3088,0.0000,0.0000,7.9536,10.5402
2026-08-29T23:06:30Z,92.3415,102.6493,10.3078,0.0000,0.0000,7.9536,10.5402
2026-08-29T23:06:31Z,92.3644,102.8217,10.4573,0.0000,0.0000,7.9535,10.5135
2026-08-29T23:06:32Z,92.3644,102.8207,10.4563,0.0000,0.0000,7.9535,10.5135
2026-08-29T23:06:33Z,92.3781,102.6464,10.2683,0.0000,0.0000,7.9534,10.5402
2026-08-29T23:06:34Z,92.3781,102.6454,10.2673,0.0000,0.0000,7.9534,10.5402
2026-08-29T23:06:35Z,92.3720,102.7311,10.3591,0.0000,0.0000,7.9533,10.5268
2026-08-29T23:06:36Z,92.3720,102.7301,10.3581,0.0000,0.0000,7.9533,10.5268
2026-08-29T23:06:37Z,92.3644,102.8159,10.4515,0.0000,0.0000,7.9532,10.5135
2026-08-29T23:06:38Z,92.3644,102.8149,10.4505,0.0000,0.0000,7.9532,10.5135
2026-08-29T23:06:39Z,92.3690,102.7272,10.3582,0.0000,0.0000,7.9531,10.5268
2026-08-29T23:06:40Z,92.3690,102.7262,10.3573,0.0000,0.0000,7.9531,10.5268
2026-08-29T23:06:41Z,92.3919,102.6386,10.2468,0.0000,0.0000,7.9530,10.5402
2026-08-29T23:06:42Z,92.3919,102.6377,10.2458,0.0000,0.0000,7.9530,10.5402
2026-08-29T23:06:43Z,92.3323,102.7233,10.3910,0.0000,0.0000,7.9529,10.5268
2026-08-29T23:06:44Z,92.3323,102.7224,10.3900,0.0000,0.0000,7.9529,10.5268
2026-08-29T23:06:45Z,92.3537,102.4444,10.0907,0.0000,0.0000,7.9529,10.5695
2026-08-29T23:06:46Z,92.3537,102.4435,10.0898,0.0000,0.0000,7.9528,10.5695
2026-08-29T23:06:47Z,92.3415,102.6328,10.2913,0.0000,0.0000,7.9528,10.5402
2026-08-29T23:06:48Z,92.3415,102.6318,10.2904,0.0000,0.0000,7.9527,10.5402
2026-08-29T23:06:49Z,92.3857,102.6309,10.2451,0.0000,0.0000,7.9527,10.5402
2026-08-29T23:06:50Z,92.3857,102.6299,10.2442,0.0000,0.0000,7.9526,10.5402
2026-08-29T23:06:51Z,92.3629,102.6289,10.2661,0.0000,0.0000,7.9526,10.5402
2026-08-29T23:06:52Z,92.3629,102.6280,10.2651,0.0000,0.0000,7.9525,10.5402
2026-08-29T23:06:53Z,92.3552,102.8004,10.4451,0.0000,0.0000,7.9525,10.5135
2026-08-29T23:06:54Z,92.3552,102.7994,10.4442,0.0000,0.0000,7.9524,10.5135
2026-08-29T23:06:55Z,92.3537,102.6251,10.2714,0.0000,0.0000,7.9524,10.5402
2026-08-29T23:06:56Z,92.3537,102.6241,10.2704,0.0000,0.0000,7.9523,10.5402
2026-08-29T23:06:57Z,92.3720,102.7098,10.3377,0.0000,0.0000,7.9523,10.5268
2026-08-29T23:06:58Z,92.3720,102.7088,10.3368,0.0000,0.0000,7.9523,10.5268
2026-08-29T23:06:59Z,92.3720,102.7078,10.3358,0.0000,0.0000,7.9522,10.5268
2026-08-29T23:07:00Z,92.3720,102.7069,10.3348,0.0000,0.0000,7.9522,10.5268
2026-08-29T23:07:01Z,92.3781,102.7059,10.3278,0.0000,0.0000,7.9521,10.5268
2026-08-29T23:07:02Z,92.3781,102.7049,10.3268,0.0000,0.0000,7.9521,10.5268
2026-08-29T23:07:03Z,92.3781,102.7039,10.3258,0.0000,0.0000,7.9520,10.5268
2026-08-29T23:07:04Z,92.3781,102.7030,10.3249,0.0000,0.0000,7.9520,10.5268
2026-08-29T23:07:05Z,92.3415,102.8929,10.5514,0.0000,0.0000,7.9519,10.4974
2026-08-29T23:07:06Z,92.3415,102.8919,10.5504,0.0000,0.0000,7.9519,10.4974
2026-08-29T23:07:07Z,92.3491,102.7001,10.3509,0.0000,0.0000,7.9518,10.5268
2026-08-29T23:07:08Z,92.3491,102.6991,10.3500,0.0000,0.0000,7.9518,10.5268
2026-08-29T23:07:09Z,92.3537,102.6115,10.2578,0.0000,0.0000,7.9517,10.5402
2026-08-29T23:07:10Z,92.3537,102.6105,10.2568,0.0000,0.0000,7.9517,10.5402
2026-08-29T23:07:11Z,92.3720,102.6962,10.3242,0.0000,0.0000,7.9516,10.5268
2026-08-29T23:07:12Z,92.3720,102.6952,10.3232,0.0000,0.0000,7.9516,10.5268
2026-08-29T23:07:13Z,92.3583,102.7810,10.4227,0.0000,0.0000,7.9516,10.5135
2026-08-29T23:07:14Z,92.3583,102.7800,10.4217,0.0000,0.0000,7.9515,10.5135
2026-08-29T23:07:15Z,92.3827,102.6923,10.3096,0.0000,0.0000,7.9515,10.5268
2026-08-29T23:07:16Z,92.3827,102.6914,10.3087,0.0000,0.0000,7.9514,10.5268
2026-08-29T23:07:17Z,92.3583,102.6904,10.3321,0.0000,0.0000,7.9514,10.5268
2026-08-29T23:07:18Z,92.3583,102.6894,10.3311,0.0000,0.0000,7.9513,10.5268
2026-08-29T23:07:19Z,92.3903,102.6884,10.2981,0.0000,0.0000,7.9513,10.5268
2026-08-29T23:07:20Z,92.3903,102.6875,10.2972,0.0000,0.0000,7.9512,10.5268
2026-08-29T23:07:21Z,92.3827,102.6865,10.3038,0.0000,0.0000,7.9512,10.5268
2026-08-29T23:07:22Z,92.3827,102.6855,10.3028,0.0000,0.0000,7.9511,10.5268
2026-08-29T23:07:23Z,92.3720,102.5980,10.2259,0.0000,0.0000,7.9511,10.5402
2026-08-29T23:07:24Z,92.3720,102.5970,10.2250,0.0000,0.0000,7.9510,10.5402
2026-08-29T23:07:25Z,92.3644,102.7693,10.4049,0.0000,0.0000,7.9510,10.5135
2026-08-29T23:07:26Z,92.3644,102.7684,10.4040,0.0000,0.0000,7.9509,10.5135
2026-08-29T23:07:27Z,92.3598,102.5941,10.2343,0.0000,0.0000,7.9509,10.5402
2026-08-29T23:07:28Z,92.3598,102.5931,10.2333,0.0000,0.0000,7.9509,10.5402
2026-08-29T23:07:29Z,92.3720,102.7654,10.3934,0.0000,0.0000,7.9508,10.5135
2026-08-29T23:07:30Z,92.3720,102.7645,10.3925,0.0000,0.0000,7.9508,10.5135
2026-08-29T23:07:31Z,92.3644,102.6768,10.3124,0.0000,0.0000,7.9507,10.5268
2026-08-29T23:07:32Z,92.3644,102.6759,10.3115,0.0000,0.0000,7.9507,10.5268
2026-08-29T23:07:33Z,92.3919,102.6749,10.2830,0.0000,0.0000,7.9506,10.5268
2026-08-29T23:07:34Z,92.3919,102.6739,10.2821,0.0000,0.0000,7.9506,10.5268
2026-08-29T23:07:35Z,92.3827,102.8638,10.4811,0.0000,0.0000,7.9505,10.4974
2026-08-29T23:07:36Z,92.3827,102.8628,10.4801,0.0000,0.0000,7.9505,10.4974
2026-08-29T23:07:37Z,92.3690,102.6710,10.3021,0.0000,0.0000,7.9504,10.5268
2026-08-29T23:07:38Z,92.3690,102.6700,10.3011,0.0000,0.0000,7.9504,10.5268
2026-08-29T23:07:39Z,92.3354,102.6691,10.3337,0.0000,0.0000,7.9503,10.5268
2026-08-29T23:07:40Z,92.3354,102.6681,10.3327,0.0000,0.0000,7.9503,10.5268
2026-08-29T23:07:41Z,92.3644,102.6671,10.3028,0.0000,0.0000,7.9502,10.5268
2026-08-29T23:07:42Z,92.3644,102.6662,10.3018,0.0000,0.0000,7.9502,10.5268
2026-08-29T23:07:43Z,92.3903,102.6652,10.2749,0.0000,0.0000,7.9502,10.5268
2026-08-29T23:07:44Z,92.3903,102.6642,10.2739,0.0000,0.0000,7.9501,10.5268
2026-08-29T23:07:45Z,92.3766,102.8541,10.4775,0.0000,0.0000,7.9501,10.4974
2026-08-29T23:07:46Z,92.3766,102.8531,10.4765,0.0000,0.0000,7.9500,10.4974
2026-08-29T23:07:47Z,92.3781,102.6613,10.2832,0.0000,0.0000,7.9500,10.5268
2026-08-29T23:07:48Z,92.3781,102.6604,10.2822,0.0000,0.0000,7.9499,10.5268
2026-08-29T23:07:49Z,92.3857,102.8502,10.4644,0.0000,0.0000,7.9499,10.4974
2026-08-29T23:07:50Z,92.3857,102.8492,10.4635,0.0000,0.0000,7.9498,10.4974
2026-08-29T23:07:51Z,92.3354,102.7441,10.4087,0.0000,0.0000,7.9498,10.5135
2026-08-29T23:07:52Z,92.3354,102.7432,10.4078,0.0000,0.0000,7.9497,10.5135
2026-08-29T23:07:53Z,92.3781,102.7422,10.3641,0.0000,0.0000,7.9497,10.5135
2026-08-29T23:07:54Z,92.3781,102.7412,10.3631,0.0000,0.0000,7.9496,10.5135
2026-08-29T23:07:55Z,92.3552,102.5670,10.2118,0.0000,0.0000,7.9496,10.5402
2026-08-29T23:07:56Z,92.3552,102.5660,10.2108,0.0000,0.0000,7.9496,10.5402
2026-08-29T23:07:57Z,92.3766,102.6517,10.2751,0.0000,0.0000,7.9495,10.5268
2026-08-29T23:07:58Z,92.3766,102.6507,10.2741,0.0000,0.0000,7.9495,10.5268
2026-08-29T23:07:59Z,92.3644,102.7364,10.3720,0.0000,0.0000,7.9494,10.5135
2026-08-29T23:08:00Z,92.3644,102.7354,10.3710,0.0000,0.0000,7.9494,10.5135
2026-08-29T23:08:01Z,92.4010,102.7344,10.3334,0.0000,0.0000,7.9493,10.5135
2026-08-29T23:08:02Z,92.4010,102.7335,10.3325,0.0000,0.0000,7.9493,10.5135
2026-08-29T23:08:03Z,92.3964,102.7325,10.3361,0.0000,0.0000,7.9492,10.5135
2026-08-29T23:08:04Z,92.3964,102.7315,10.3351,0.0000,0.0000,7.9492,10.5135
2026-08-29T23:08:05Z,92.3857,102.6439,10.2582,0.0000,0.0000,7.9491,10.5268
2026-08-29T23:08:06Z,92.3857,102.6429,10.2572,0.0000,0.0000,7.9491,10.5268
2026-08-29T23:08:07Z,92.3720,102.8327,10.4607,0.0000,0.0000,7.9490,10.4974
2026-08-29T23:08:08Z,92.3720,102.8318,10.4597,0.0000,0.0000,7.9490,10.4974
2026-08-29T23:08:09Z,92.3552,102.8308,10.4756,0.0000,0.0000,7.9489,10.4974
2026-08-29T23:08:10Z,92.3552,102.8298,10.4746,0.0000,0.0000,7.9489,10.4974
2026-08-29T23:08:11Z,92.3461,102.7248,10.3787,0.0000,0.0000,7.9489,10.5135
2026-08-29T23:08:12Z,92.3461,102.7238,10.3777,0.0000,0.0000,7.9488,10.5135
2026-08-29T23:08:13Z,92.3598,102.7228,10.3630,0.0000,0.0000,7.9488,10.5135
2026-08-29T23:08:14Z,92.3598,102.7219,10.3620,0.0000,0.0000,7.9487,10.5135
2026-08-29T23:08:15Z,92.3644,102.8250,10.4606,0.0000,0.0000,7.9487,10.4974
2026-08-29T23:08:16Z,92.3644,102.8240,10.4596,0.0000,0.0000,7.9486,10.4974
2026-08-29T23:08:17Z,92.3903,102.9099,10.5195,0.0000,0.0000,7.9486,10.4841
2026-08-29T23:08:18Z,92.3903,102.9089,10.5186,0.0000,0.0000,7.9485,10.4841
2026-08-29T23:08:19Z,92.3690,102.8211,10.4521,0.0000,0.0000,7.9485,10.4974
2026-08-29T23:08:20Z,92.3690,102.8201,10.4512,0.0000,0.0000,7.9484,10.4974
2026-08-29T23:08:21Z,92.3857,102.9060,10.5202,0.0000,0.0000,7.9484,10.4841
2026-08-29T23:08:22Z,92.3857,102.9050,10.5193,0.0000,0.0000,7.9483,10.4841
2026-08-29T23:08:23Z,92.3766,102.7131,10.3365,0.0000,0.0000,7.9483,10.5135
2026-08-29T23:08:24Z,92.3766,102.7122,10.3356,0.0000,0.0000,7.9482,10.5135
2026-08-29T23:08:25Z,92.3690,102.8153,10.4463,0.0000,0.0000,7.9482,10.4974
2026-08-29T23:08:26Z,92.3690,102.8143,10.4453,0.0000,0.0000,7.9482,10.4974
2026-08-29T23:08:27Z,92.3949,102.7093,10.3144,0.0000,0.0000,7.9481,10.5135
2026-08-29T23:08:28Z,92.3949,102.7083,10.3134,0.0000,0.0000,7.9481,10.5135
2026-08-29T23:08:29Z,92.3766,102.7073,10.3307,0.0000,0.0000,7.9480,10.5135
2026-08-29T23:08:30Z,92.3766,102.7064,10.3298,0.0000,0.0000,7.9480,10.5135
2026-08-29T23:08:31Z,92.3949,102.7054,10.3105,0.0000,0.0000,7.9479,10.5135
2026-08-29T23:08:32Z,92.3949,102.7044,10.3095,0.0000,0.0000,7.9479,10.5135
2026-08-29T23:08:33Z,92.3720,102.8075,10.4355,0.0000,0.0000,7.9478,10.4974
2026-08-29T23:08:34Z,92.3720,102.8066,10.4345,0.0000,0.0000,7.9478,10.4974
2026-08-29T23:08:35Z,92.3720,102.8924,10.5204,0.0000,0.0000,7.9477,10.4841
2026-08-29T23:08:36Z,92.3720,102.8914,10.5194,0.0000,0.0000,7.9477,10.4841
2026-08-29T23:08:37Z,92.3857,102.9774,10.5916,0.0000,0.0000,7.9476,10.4707
2026-08-29T23:08:38Z,92.3857,102.9764,10.5906,0.0000,0.0000,7.9476,10.4707
2026-08-29T23:08:39Z,92.4010,102.8017,10.4007,0.0000,0.0000,7.9475,10.4974
2026-08-29T23:08:40Z,92.4010,102.8008,10.3997,0.0000,0.0000,7.9475,10.4974
2026-08-29T23:08:41Z,92.3812,102.6957,10.3146,0.0000,0.0000,7.9475,10.5135
2026-08-29T23:08:42Z,92.3812,102.6948,10.3136,0.0000,0.0000,7.9474,10.5135
2026-08-29T23:08:43Z,92.3903,102.8847,10.4943,0.0000,0.0000,7.9474,10.4841
2026-08-29T23:08:44Z,92.3903,102.8837,10.4934,0.0000,0.0000,7.9473,10.4841
2026-08-29T23:08:45Z,92.3873,102.7959,10.4086,0.0000,0.0000,7.9473,10.4974
2026-08-29T23:08:46Z,92.3873,102.7949,10.4077,0.0000,0.0000,7.9472,10.4974
2026-08-29T23:08:47Z,92.4224,102.8808,10.4584,0.0000,0.0000,7.9472,10.4841
2026-08-29T23:08:48Z,92.4224,102.8798,10.4574,0.0000,0.0000,7.9471,10.4841
2026-08-29T23:08:49Z,92.3812,102.6880,10.3068,0.0000,0.0000,7.9471,10.5135
2026-08-29T23:08:50Z,92.3812,102.6870,10.3058,0.0000,0.0000,7.9470,10.5135
2026-08-29T23:08:51Z,92.3583,102.7901,10.4318,0.0000,0.0000,7.9470,10.4974
2026-08-29T23:08:52Z,92.3583,102.7891,10.4308,0.0000,0.0000,7.9469,10.4974
2026-08-29T23:08:53Z,92.3949,102.8750,10.4801,0.0000,0.0000,7.9469,10.4841
2026-08-29T23:08:54Z,92.3949,102.8740,10.4791,0.0000,0.0000,7.9469,10.4841
2026-08-29T23:08:55Z,92.3644,102.6822,10.3178,0.0000,0.0000,7.9468,10.5135
2026-08-29T23:08:56Z,92.3644,102.6812,10.3168,0.0000,0.0000,7.9468,10.5135
2026-08-29T23:08:57Z,92.3949,102.7843,10.3894,0.0000,0.0000,7.9467,10.4974
2026-08-29T23:08:58Z,92.3949,102.7833,10.3884,0.0000,0.0000,7.9467,10.4974
2026-08-29T23:08:59Z,92.4010,102.7824,10.3813,0.0000,0.0000,7.9466,10.4974
2026-08-29T23:09:00Z,92.4010,102.7814,10.3804,0.0000,0.0000,7.9466,10.4974
2026-08-29T23:09:01Z,92.3812,102.7804,10.3992,0.0000,0.0000,7.9465,10.4974
2026-08-29T23:09:02Z,92.3812,102.7794,10.3983,0.0000,0.0000,7.9465,10.4974
2026-08-29T23:09:03Z,92.3674,102.7785,10.4110,0.0000,0.0000,7.9464,10.4974
2026-08-29T23:09:04Z,92.3674,102.7775,10.4101,0.0000,0.0000,7.9464,10.4974
2026-08-29T23:09:05Z,92.3873,102.7765,10.3893,0.0000,0.0000,7.9463,10.4974
2026-08-29T23:09:06Z,92.3873,102.7756,10.3883,0.0000,0.0000,7.9463,10.4974
2026-08-29T23:09:07Z,92.4147,102.8614,10.4467,0.0000,0.0000,7.9462,10.4841
2026-08-29T23:09:08Z,92.4147,102.8604,10.4457,0.0000,0.0000,7.9462,10.4841
2026-08-29T23:09:09Z,92.4041,102.8595,10.4554,0.0000,0.0000,7.9462,10.4841
2026-08-29T23:09:10Z,92.4041,102.8585,10.4544,0.0000,0.0000,7.9461,10.4841
2026-08-29T23:09:11Z,92.3827,102.8575,10.4748,0.0000,0.0000,7.9461,10.4841
2026-08-29T23:09:12Z,92.3827,102.8566,10.4739,0.0000,0.0000,7.9460,10.4841
2026-08-29T23:09:13Z,92.3949,102.8556,10.4607,0.0000,0.0000,7.9460,10.4841
2026-08-29T23:09:14Z,92.3949,102.8546,10.4597,0.0000,0.0000,7.9459,10.4841
2026-08-29T23:09:15Z,92.4086,102.8536,10.4450,0.0000,0.0000,7.9459,10.4841
2026-08-29T23:09:16Z,92.4086,102.8527,10.4440,0.0000,0.0000,7.9458,10.4841
2026-08-29T23:09:17Z,92.3812,102.7649,10.3838,0.0000,0.0000,7.9458,10.4974
2026-08-29T23:09:18Z,92.3812,102.7640,10.3828,0.0000,0.0000,7.9457,10.4974
2026-08-29T23:09:19Z,92.3903,102.8498,10.4594,0.0000,0.0000,7.9457,10.4841
2026-08-29T23:09:20Z,92.3903,102.8488,10.4585,0.0000,0.0000,7.9456,10.4841
2026-08-29T23:09:21Z,92.4147,102.9347,10.5200,0.0000,0.0000,7.9456,10.4707
2026-08-29T23:09:22Z,92.4147,102.9337,10.5190,0.0000,0.0000,7.9455,10.4707
2026-08-29T23:09:23Z,92.3964,102.8459,10.4495,0.0000,0.0000,7.9455,10.4841
2026-08-29T23:09:24Z,92.3964,102.8449,10.4485,0.0000,0.0000,7.9455,10.4841
2026-08-29T23:09:25Z,92.4178,102.8440,10.4262,0.0000,0.0000,7.9454,10.4841
2026-08-29T23:09:26Z,92.4178,102.8430,10.4252,0.0000,0.0000,7.9454,10.4841
2026-08-29T23:09:27Z,92.3827,102.7553,10.3726,0.0000,0.0000,7.9453,10.4974
2026-08-29T23:09:28Z,92.3827,102.7543,10.3716,0.0000,0.0000,7.9453,10.4974
2026-08-29T23:09:29Z,92.3781,102.7533,10.3752,0.0000,0.0000,7.9452,10.4974
2026-08-29T23:09:30Z,92.3781,102.7523,10.3742,0.0000,0.0000,7.9452,10.4974
2026-08-29T23:09:31Z,92.3781,102.8381,10.4600,0.0000,0.0000,7.9451,10.4841
2026-08-29T23:09:32Z,92.3781,102.8372,10.4591,0.0000,0.0000,7.9451,10.4841
2026-08-29T23:09:33Z,92.3903,102.8362,10.4459,0.0000,0.0000,7.9450,10.4841
2026-08-29T23:09:34Z,92.3903,102.8352,10.4449,0.0000,0.0000,7.9450,10.4841
2026-08-29T23:09:35Z,92.4239,102.7475,10.3236,0.0000,0.0000,7.9449,10.4974
2026-08-29T23:09:36Z,92.4239,102.7465,10.3226,0.0000,0.0000,7.9449,10.4974
2026-08-29T23:09:37Z,92.3827,102.9192,10.5365,0.0000,0.0000,7.9449,10.4707
2026-08-29T23:09:38Z,92.3827,102.9182,10.5355,0.0000,0.0000,7.9448,10.4707
2026-08-29T23:09:39Z,92.3964,102.7436,10.3472,0.0000,0.0000,7.9448,10.4974
2026-08-29T23:09:40Z,92.3964,102.7427,10.3462,0.0000,0.0000,7.9447,10.4974
2026-08-29T23:09:41Z,92.3735,102.9153,10.5418,0.0000,0.0000,7.9447,10.4707
2026-08-29T23:09:42Z,92.3735,102.9143,10.5408,0.0000,0.0000,7.9446,10.4707
2026-08-29T23:09:43Z,92.3827,102.9134,10.5307,0.0000,0.0000,7.9446,10.4707
2026-08-29T23:09:44Z,92.3827,102.9124,10.5297,0.0000,0.0000,7.9445,10.4707
2026-08-29T23:09:45Z,92.3949,102.9984,10.6035,0.0000,0.0000,7.9445,10.4574
2026-08-29T23:09:46Z,92.3949,102.9974,10.6025,0.0000,0.0000,7.9444,10.4574
2026-08-29T23:09:47Z,92.4010,102.9095,10.5085,0.0000,0.0000,7.9444,10.4707
2026-08-29T23:09:48Z,92.4010,102.9085,10.5075,0.0000,0.0000,7.9443,10.4707
2026-08-29T23:09:49Z,92.3827,102.8207,10.4380,0.0000,0.0000,7.9443,10.4841
2026-08-29T23:09:50Z,92.3827,102.8198,10.4371,0.0000,0.0000,7.9442,10.4841
2026-08-29T23:09:51Z,92.3873,102.9925,10.6053,0.0000,0.0000,7.9442,10.4574
2026-08-29T23:09:52Z,92.3873,102.9916,10.6043,0.0000,0.0000,7.9442,10.4574
2026-08-29T23:09:53Z,92.4010,102.9037,10.5027,0.0000,0.0000,7.9441,10.4707
2026-08-29T23:09:54Z,92.4010,102.9027,10.5017,0.0000,0.0000,7.9441,10.4707
2026-08-29T23:09:55Z,92.4147,102.8149,10.4002,0.0000,0.0000,7.9440,10.4841
2026-08-29T23:09:56Z,92.4147,102.8140,10.3992,0.0000,0.0000,7.9440,10.4841
2026-08-29T23:09:57Z,92.3903,102.8130,10.4227,0.0000,0.0000,7.9439,10.4841
2026-08-29T23:09:58Z,92.3903,102.8120,10.4217,0.0000,0.0000,7.9439,10.4841
2026-08-29T23:09:59Z,92.4086,102.8979,10.4892,0.0000,0.0000,7.9438,10.4707
2026-08-29T23:10:00Z,92.4086,102.8969,10.4883,0.0000,0.0000,7.9438,10.4707
2026-08-29T23:10:01Z,92.4102,102.8959,10.4858,0.0000,0.0000,7.9437,10.4707
2026-08-29T23:10:02Z,92.4102,102.8950,10.4848,0.0000,0.0000,7.9437,10.4707
2026-08-29T23:10:03Z,92.4407,102.9809,10.5402,0.0000,0.0000,7.9436,10.4574
2026-08-29T23:10:04Z,92.4407,102.9799,10.5393,0.0000,0.0000,7.9436,10.4574
2026-08-29T23:10:05Z,92.4010,102.8052,10.4042,0.0000,0.0000,7.9435,10.4841
2026-08-29T23:10:06Z,92.4010,102.8043,10.4033,0.0000,0.0000,7.9435,10.4841
2026-08-29T23:10:07Z,92.4010,102.8901,10.4891,0.0000,0.0000,7.9435,10.4707
2026-08-29T23:10:08Z,92.4010,102.8892,10.4882,0.0000,0.0000,7.9434,10.4707
2026-08-29T23:10:09Z,92.4224,102.8882,10.4658,0.0000,0.0000,7.9434,10.4707
2026-08-29T23:10:10Z,92.4224,102.8872,10.4649,0.0000,0.0000,7.9433,10.4707
2026-08-29T23:10:11Z,92.4269,102.7994,10.3725,0.0000,0.0000,7.9433,10.4841
2026-08-29T23:10:12Z,92.4269,102.7985,10.3715,0.0000,0.0000,7.9432,10.4841
2026-08-29T23:10:13Z,92.3964,102.7975,10.4011,0.0000,0.0000,7.9432,10.4841
2026-08-29T23:10:14Z,92.3964,102.7965,10.4001,0.0000,0.0000,7.9431,10.4841
2026-08-29T23:10:15Z,92.3949,102.9693,10.5744,0.0000,0.0000,7.9431,10.4574
2026-08-29T23:10:16Z,92.3949,102.9683,10.5734,0.0000,0.0000,7.9430,10.4574
2026-08-29T23:10:17Z,92.4178,102.9673,10.5496,0.0000,0.0000,7.9430,10.4574
2026-08-29T23:10:18Z,92.4178,102.9664,10.5486,0.0000,0.0000,7.9429,10.4574
2026-08-29T23:10:19Z,92.4086,103.0698,10.6612,0.0000,0.0000,7.9429,10.4414
2026-08-29T23:10:20Z,92.4086,103.0688,10.6602,0.0000,0.0000,7.9428,10.4414
2026-08-29T23:10:21Z,92.4147,102.9635,10.5487,0.0000,0.0000,7.9428,10.4574
2026-08-29T23:10:22Z,92.4147,102.9625,10.5478,0.0000,0.0000,7.9428,10.4574
2026-08-29T23:10:23Z,92.4269,102.8746,10.4477,0.0000,0.0000,7.9427,10.4707
2026-08-29T23:10:24Z,92.4269,102.8737,10.4467,0.0000,0.0000,7.9427,10.4707
2026-08-29T23:10:25Z,92.4041,102.8727,10.4686,0.0000,0.0000,7.9426,10.4707
2026-08-29T23:10:26Z,92.4041,102.8717,10.4677,0.0000,0.0000,7.9426,10.4707
2026-08-29T23:10:27Z,92.3903,103.0620,10.6717,0.0000,0.0000,7.9425,10.4414
2026-08-29T23:10:28Z,92.3903,103.0611,10.6707,0.0000,0.0000,7.9425,10.4414
2026-08-29T23:10:29Z,92.4041,102.8688,10.4648,0.0000,0.0000,7.9424,10.4707
2026-08-29T23:10:30Z,92.4041,102.8679,10.4638,0.0000,0.0000,7.9424,10.4707
2026-08-29T23:10:31Z,92.3949,102.9538,10.5589,0.0000,0.0000,7.9423,10.4574
2026-08-29T23:10:32Z,92.3949,102.9528,10.5579,0.0000,0.0000,7.9423,10.4574
2026-08-29T23:10:33Z,92.4269,102.8650,10.4380,0.0000,0.0000,7.9422,10.4707
2026-08-29T23:10:34Z,92.4269,102.8640,10.4370,0.0000,0.0000,7.9422,10.4707
2026-08-29T23:10:35Z,92.4269,102.9499,10.5230,0.0000,0.0000,7.9422,10.4574
2026-08-29T23:10:36Z,92.4269,102.9489,10.5220,0.0000,0.0000,7.9421,10.4574
2026-08-29T23:10:37Z,92.4010,102.8611,10.4601,0.0000,0.0000,7.9421,10.4707
2026-08-29T23:10:38Z,92.4010,102.8601,10.4591,0.0000,0.0000,7.9420,10.4707
2026-08-29T23:10:39Z,92.4422,102.8592,10.4170,0.0000,0.0000,7.9420,10.4707
2026-08-29T23:10:40Z,92.4422,102.8582,10.4160,0.0000,0.0000,7.9419,10.4707
2026-08-29T23:10:41Z,92.3812,102.8572,10.4761,0.0000,0.0000,7.9419,10.4707
2026-08-29T23:10:42Z,92.3812,102.8563,10.4751,0.0000,0.0000,7.9418,10.4707
2026-08-29T23:10:43Z,92.4010,103.0465,10.6455,0.0000,0.0000,7.9418,10.4414
2026-08-29T23:10:44Z,92.4010,103.0456,10.6445,0.0000,0.0000,7.9417,10.4414
2026-08-29T23:10:45Z,92.4056,102.9402,10.5346,0.0000,0.0000,7.9417,10.4574
2026-08-29T23:10:46Z,92.4056,102.9393,10.5337,0.0000,0.0000,7.9416,10.4574
2026-08-29T23:10:47Z,92.4224,102.9383,10.5159,0.0000,0.0000,7.9416,10.4574
2026-08-29T23:10:48Z,92.4224,102.9373,10.5150,0.0000,0.0000,7.9415,10.4574
2026-08-29T23:10:49Z,92.4193,102.8495,10.4302,0.0000,0.0000,7.9415,10.4707
2026-08-29T23:10:50Z,92.4193,102.8485,10.4292,0.0000,0.0000,7.9415,10.4707
2026-08-29T23:10:51Z,92.3873,102.9344,10.5471,0.0000,0.0000,7.9414,10.4574
2026-08-29T23:10:52Z,92.3873,102.9334,10.5462,0.0000,0.0000,7.9414,10.4574
2026-08-29T23:10:53Z,92.3903,102.8456,10.4553,0.0000,0.0000,7.9413,10.4707
2026-08-29T23:10:54Z,92.3903,102.8446,10.4543,0.0000,0.0000,7.9413,10.4707
2026-08-29T23:10:55Z,92.4269,102.9305,10.5036,0.0000,0.0000,7.9412,10.4574
2026-08-29T23:10:56Z,92.4269,102.9296,10.5026,0.0000,0.0000,7.9412,10.4574
2026-08-29T23:10:57Z,92.3964,103.0330,10.6365,0.0000,0.0000,7.9411,10.4414
2026-08-29T23:10:58Z,92.3964,103.0320,10.6356,0.0000,0.0000,7.9411,10.4414
2026-08-29T23:10:59Z,92.4102,103.0310,10.6209,0.0000,0.0000,7.9410,10.4414
2026-08-29T23:11:00Z,92.4102,103.0300,10.6199,0.0000,0.0000,7.9410,10.4414
2026-08-29T23:11:01Z,92.4331,103.0291,10.5960,0.0000,0.0000,7.9409,10.4414
2026-08-29T23:11:02Z,92.4331,103.0281,10.5951,0.0000,0.0000,7.9409,10.4414
2026-08-29T23:11:03Z,92.4269,102.8359,10.4090,0.0000,0.0000,7.9408,10.4707
2026-08-29T23:11:04Z,92.4269,102.8350,10.4080,0.0000,0.0000,7.9408,10.4707
2026-08-29T23:11:05Z,92.4102,102.9209,10.5107,0.0000,0.0000,7.9408,10.4574
2026-08-29T23:11:06Z,92.4102,102.9199,10.5097,0.0000,0.0000,7.9407,10.4574
2026-08-29T23:11:07Z,92.3964,103.0233,10.6268,0.0000,0.0000,7.9407,10.4414
2026-08-29T23:11:08Z,92.3964,103.0223,10.6259,0.0000,0.0000,7.9406,10.4414
2026-08-29T23:11:09Z,92.4147,102.8301,10.4154,0.0000,0.0000,7.9406,10.4707
2026-08-29T23:11:10Z,92.4147,102.8292,10.4144,0.0000,0.0000,7.9405,10.4707
2026-08-29T23:11:11Z,92.4102,103.1064,10.6963,0.0000,0.0000,7.9405,10.4280
2026-08-29T23:11:12Z,92.4102,103.1055,10.6953,0.0000,0.0000,7.9404,10.4280
2026-08-29T23:11:13Z,92.4102,102.8263,10.4161,0.0000,0.0000,7.9404,10.4707
2026-08-29T23:11:14Z,92.4102,102.8253,10.4151,0.0000,0.0000,7.9403,10.4707
2026-08-29T23:11:15Z,92.4102,102.9112,10.5010,0.0000,0.0000,7.9403,10.4574
2026-08-29T23:11:16Z,92.4102,102.9102,10.5001,0.0000,0.0000,7.9402,10.4574
2026-08-29T23:11:17Z,92.4056,102.9093,10.5037,0.0000,0.0000,7.9402,10.4574
2026-08-29T23:11:18Z,92.4056,102.9083,10.5027,0.0000,0.0000,7.9402,10.4574
2026-08-29T23:11:19Z,92.4193,102.9073,10.4880,0.0000,0.0000,7.9401,10.4574
2026-08-29T23:11:20Z,92.4193,102.9064,10.4870,0.0000,0.0000,7.9401,10.4574
2026-08-29T23:11:21Z,92.4102,103.0967,10.6866,0.0000,0.0000,7.9400,10.4280
2026-08-29T23:11:22Z,92.4102,103.0958,10.6856,0.0000,0.0000,7.9400,10.4280
2026-08-29T23:11:23Z,92.4147,103.0078,10.5930,0.0000,0.0000,7.9399,10.4414
2026-08-29T23:11:24Z,92.4147,103.0068,10.5921,0.0000,0.0000,7.9399,10.4414
2026-08-29T23:11:25Z,92.4422,103.0929,10.6506,0.0000,0.0000,7.9398,10.4280
2026-08-29T23:11:26Z,92.4422,103.0919,10.6497,0.0000,0.0000,7.9398,10.4280
2026-08-29T23:11:27Z,92.4132,103.0039,10.5907,0.0000,0.0000,7.9397,10.4414
2026-08-29T23:11:28Z,92.4132,103.0029,10.5897,0.0000,0.0000,7.9397,10.4414
2026-08-29T23:11:29Z,92.4224,103.0020,10.5796,0.0000,0.0000,7.9396,10.4414
2026-08-29T23:11:30Z,92.4224,103.0010,10.5786,0.0000,0.0000,7.9396,10.4414
2026-08-29T23:11:31Z,92.4010,102.8957,10.4947,0.0000,0.0000,7.9395,10.4574
2026-08-29T23:11:32Z,92.4010,102.8947,10.4937,0.0000,0.0000,7.9395,10.4574
2026-08-29T23:11:33Z,92.4056,102.9981,10.5925,0.0000,0.0000,7.9395,10.4414
2026-08-29T23:11:34Z,92.4056,102.9971,10.5915,0.0000,0.0000,7.9394,10.4414
2026-08-29T23:11:35Z,92.3903,102.9962,10.6058,0.0000,0.0000,7.9394,10.4414
2026-08-29T23:11:36Z,92.3903,102.9952,10.6049,0.0000,0.0000,7.9393,10.4414
2026-08-29T23:11:37Z,92.4041,102.9942,10.5902,0.0000,0.0000,7.9393,10.4414
2026-08-29T23:11:38Z,92.4041,102.9932,10.5892,0.0000,0.0000,7.9392,10.4414
2026-08-29T23:11:39Z,92.4285,103.0793,10.6508,0.0000,0.0000,7.9392,10.4280
2026-08-29T23:11:40Z,92.4285,103.0783,10.6498,0.0000,0.0000,7.9391,10.4280
2026-08-29T23:11:41Z,92.4193,103.1644,10.7451,0.0000,0.0000,7.9391,10.4147
2026-08-29T23:11:42Z,92.4193,103.1635,10.7442,0.0000,0.0000,7.9390,10.4147
2026-08-29T23:11:43Z,92.3964,102.9884,10.5920,0.0000,0.0000,7.9390,10.4414
2026-08-29T23:11:44Z,92.3964,102.9874,10.5910,0.0000,0.0000,7.9389,10.4414
2026-08-29T23:11:45Z,92.4269,103.0735,10.6465,0.0000,0.0000,7.9389,10.4280
2026-08-29T23:11:46Z,92.4269,103.0725,10.6456,0.0000,0.0000,7.9388,10.4280
2026-08-29T23:11:47Z,92.4269,102.9845,10.5576,0.0000,0.0000,7.9388,10.4414
2026-08-29T23:11:48Z,92.4269,102.9836,10.5566,0.0000,0.0000,7.9388,10.4414
2026-08-29T23:11:49Z,92.4147,102.9826,10.5679,0.0000,0.0000,7.9387,10.4414
2026-08-29T23:11:50Z,92.4147,102.9816,10.5669,0.0000,0.0000,7.9387,10.4414
2026-08-29T23:11:51Z,92.4498,103.0677,10.6178,0.0000,0.0000,7.9386,10.4280
2026-08-29T23:11:52Z,92.4498,103.0667,10.6169,0.0000,0.0000,7.9386,10.4280
2026-08-29T23:11:53Z,92.4147,102.9787,10.5640,0.0000,0.0000,7.9385,10.4414
2026-08-29T23:11:54Z,92.4147,102.9778,10.5630,0.0000,0.0000,7.9385,10.4414
2026-08-29T23:11:55Z,92.4361,103.1509,10.7148,0.0000,0.0000,7.9384,10.4147
2026-08-29T23:11:56Z,92.4361,103.1499,10.7138,0.0000,0.0000,7.9384,10.4147
2026-08-29T23:11:57Z,92.4407,102.9749,10.5342,0.0000,0.0000,7.9383,10.4414
2026-08-29T23:11:58Z,92.4407,102.9739,10.5332,0.0000,0.0000,7.9383,10.4414
2026-08-29T23:11:59Z,92.4269,102.8686,10.4417,0.0000,0.0000,7.9382,10.4574
2026-08-29T23:12:00Z,92.4269,102.8677,10.4407,0.0000,0.0000,7.9382,10.4574
2026-08-29T23:12:01Z,92.4331,102.9710,10.5379,0.0000,0.0000,7.9382,10.4414
2026-08-29T23:12:02Z,92.4331,102.9700,10.5370,0.0000,0.0000,7.9381,10.4414
2026-08-29T23:12:03Z,92.4269,103.0560,10.6291,0.0000,0.0000,7.9381,10.4280
2026-08-29T23:12:04Z,92.4269,103.0551,10.6281,0.0000,0.0000,7.9380,10.4280
2026-08-29T23:12:05Z,92.4269,102.9671,10.5402,0.0000,0.0000,7.9380,10.4414
2026-08-29T23:12:06Z,92.4269,102.9662,10.5392,0.0000,0.0000,7.9379,10.4414
2026-08-29T23:12:07Z,92.4422,103.0522,10.6100,0.0000,0.0000,7.9379,10.4280
2026-08-29T23:12:08Z,92.4422,103.0512,10.6090,0.0000,0.0000,7.9378,10.4280
2026-08-29T23:12:09Z,92.4269,103.0502,10.6233,0.0000,0.0000,7.9378,10.4280
2026-08-29T23:12:10Z,92.4269,103.0493,10.6223,0.0000,0.0000,7.9377,10.4280
2026-08-29T23:12:11Z,92.4361,102.9613,10.5252,0.0000,0.0000,7.9377,10.4414
2026-08-29T23:12:12Z,92.4361,102.9603,10.5242,0.0000,0.0000,7.9376,10.4414
2026-08-29T23:12:13Z,92.4468,102.9594,10.5126,0.0000,0.0000,7.9376,10.4414
2026-08-29T23:12:14Z,92.4468,102.9584,10.5116,0.0000,0.0000,7.9375,10.4414
2026-08-29T23:12:15Z,92.4224,102.9574,10.5351,0.0000,0.0000,7.9375,10.4414
2026-08-29T23:12:16Z,92.4224,102.9565,10.5341,0.0000,0.0000,7.9375,10.4414
2026-08-29T23:12:17Z,92.4224,103.1296,10.7072,0.0000,0.0000,7.9374,10.4147
2026-08-29T23:12:18Z,92.4224,103.1286,10.7062,0.0000,0.0000,7.9374,10.4147
2026-08-29T23:12:19Z,92.4132,103.0406,10.6273,0.0000,0.0000,7.9373,10.4280
2026-08-29T23:12:20Z,92.4132,103.0396,10.6264,0.0000,0.0000,7.9373,10.4280
2026-08-29T23:12:21Z,92.4361,103.0386,10.6025,0.0000,0.0000,7.9372,10.4280
2026-08-29T23:12:22Z,92.4361,103.0377,10.6016,0.0000,0.0000,7.9372,10.4280
2026-08-29T23:12:23Z,92.4331,102.9497,10.5167,0.0000,0.0000,7.9371,10.4414
2026-08-29T23:12:24Z,92.4331,102.9487,10.5157,0.0000,0.0000,7.9371,10.4414
2026-08-29T23:12:25Z,92.4407,102.9478,10.5071,0.0000,0.0000,7.9370,10.4414
2026-08-29T23:12:26Z,92.4407,102.9468,10.5061,0.0000,0.0000,7.9370,10.4414
2026-08-29T23:12:27Z,92.4331,103.0328,10.5998,0.0000,0.0000,7.9369,10.4280
2026-08-29T23:12:28Z,92.4331,103.0318,10.5988,0.0000,0.0000,7.9369,10.4280
2026-08-29T23:12:29Z,92.4269,103.0309,10.6039,0.0000,0.0000,7.9368,10.4280
2026-08-29T23:12:30Z,92.4269,103.0299,10.6030,0.0000,0.0000,7.9368,10.4280
2026-08-29T23:12:31Z,92.4224,103.0289,10.6066,0.0000,0.0000,7.9368,10.4280
2026-08-29T23:12:32Z,92.4224,103.0280,10.6056,0.0000,0.0000,7.9367,10.4280
2026-08-29T23:12:33Z,92.4056,103.2012,10.7956,0.0000,0.0000,7.9367,10.4013
2026-08-29T23:12:34Z,92.4056,103.2002,10.7946,0.0000,0.0000,7.9366,10.4013
2026-08-29T23:12:35Z,92.4422,103.1121,10.6699,0.0000,0.0000,7.9366,10.4147
2026-08-29T23:12:36Z,92.4422,103.1112,10.6689,0.0000,0.0000,7.9365,10.4147
2026-08-29T23:12:37Z,92.4132,103.0231,10.6099,0.0000,0.0000,7.9365,10.4280
2026-08-29T23:12:38Z,92.4132,103.0222,10.6090,0.0000,0.0000,7.9364,10.4280
2026-08-29T23:12:39Z,92.4224,103.0212,10.5988,0.0000,0.0000,7.9364,10.4280
2026-08-29T23:12:40Z,92.4224,103.0202,10.5979,0.0000,0.0000,7.9363,10.4280
2026-08-29T23:12:41Z,92.4193,103.0193,10.6000,0.0000,0.0000,7.9363,10.4280
2026-08-29T23:12:42Z,92.4193,103.0183,10.5990,0.0000,0.0000,7.9362,10.4280
2026-08-29T23:12:43Z,92.4514,103.0173,10.5660,0.0000,0.0000,7.9362,10.4280
2026-08-29T23:12:44Z,92.4514,103.0164,10.5650,0.0000,0.0000,7.9362,10.4280
2026-08-29T23:12:45Z,92.4468,103.0154,10.5686,0.0000,0.0000,7.9361,10.4280
2026-08-29T23:12:46Z,92.4468,103.0144,10.5676,0.0000,0.0000,7.9361,10.4280
2026-08-29T23:12:47Z,92.4224,103.0135,10.5911,0.0000,0.0000,7.9360,10.4280
2026-08-29T23:12:48Z,92.4224,103.0125,10.5901,0.0000,0.0000,7.9360,10.4280
2026-08-29T23:12:49Z,92.4331,103.0115,10.5785,0.0000,0.0000,7.9359,10.4280
2026-08-29T23:12:50Z,92.4331,103.0106,10.5775,0.0000,0.0000,7.9359,10.4280
2026-08-29T23:12:51Z,92.4422,103.0096,10.5674,0.0000,0.0000,7.9358,10.4280
2026-08-29T23:12:52Z,92.4422,103.0086,10.5664,0.0000,0.0000,7.9358,10.4280
2026-08-29T23:12:53Z,92.4193,103.0077,10.5883,0.0000,0.0000,7.9357,10.4280
2026-08-29T23:12:54Z,92.4193,103.0067,10.5874,0.0000,0.0000,7.9357,10.4280
2026-08-29T23:12:55Z,92.4132,103.1799,10.7667,0.0000,0.0000,7.9356,10.4013
2026-08-29T23:12:56Z,92.4132,103.1789,10.7657,0.0000,0.0000,7.9356,10.4013
2026-08-29T23:12:57Z,92.4361,103.0038,10.5677,0.0000,0.0000,7.9355,10.4280
2026-08-29T23:12:58Z,92.4361,103.0028,10.5667,0.0000,0.0000,7.9355,10.4280
2026-08-29T23:12:59Z,92.4331,103.0889,10.6558,0.0000,0.0000,7.9355,10.4147
2026-08-29T23:13:00Z,92.4331,103.0879,10.6549,0.0000,0.0000,7.9354,10.4147
2026-08-29T23:13:01Z,92.4193,103.1741,10.7547,0.0000,0.0000,7.9354,10.4013
2026-08-29T23:13:02Z,92.4193,103.1731,10.7538,0.0000,0.0000,7.9353,10.4013
2026-08-29T23:13:03Z,92.4514,103.0850,10.6337,0.0000,0.0000,7.9353,10.4147
2026-08-29T23:13:04Z,92.4514,103.0841,10.6327,0.0000,0.0000,7.9352,10.4147
2026-08-29T23:13:05Z,92.4422,103.0831,10.6409,0.0000,0.0000,7.9352,10.4147
2026-08-29T23:13:06Z,92.4422,103.0821,10.6399,0.0000,0.0000,7.9351,10.4147
2026-08-29T23:13:07Z,92.4285,102.9941,10.5657,0.0000,0.0000,7.9351,10.4280
2026-08-29T23:13:08Z,92.4285,102.9932,10.5647,0.0000,0.0000,7.9350,10.4280
2026-08-29T23:13:09Z,92.4285,102.9922,10.5637,0.0000,0.0000,7.9350,10.4280
2026-08-29T23:13:10Z,92.4285,102.9912,10.5628,0.0000,0.0000,7.9349,10.4280
2026-08-29T23:13:11Z,92.4086,103.0773,10.6686,0.0000,0.0000,7.9349,10.4147
2026-08-29T23:13:12Z,92.4086,103.0763,10.6677,0.0000,0.0000,7.9348,10.4147
2026-08-29T23:13:13Z,92.4407,103.1624,10.7218,0.0000,0.0000,7.9348,10.4013
2026-08-29T23:13:14Z,92.4407,103.1615,10.7208,0.0000,0.0000,7.9348,10.4013
2026-08-29T23:13:15Z,92.4407,102.9864,10.5457,0.0000,0.0000,7.9347,10.4280
2026-08-29T23:13:16Z,92.4407,102.9854,10.5447,0.0000,0.0000,7.9347,10.4280
2026-08-29T23:13:17Z,92.4086,102.9845,10.5758,0.0000,0.0000,7.9346,10.4280
2026-08-29T23:13:18Z,92.4086,102.9835,10.5749,0.0000,0.0000,7.9346,10.4280
2026-08-29T23:13:19Z,92.4193,103.0695,10.6502,0.0000,0.0000,7.9345,10.4147
2026-08-29T23:13:20Z,92.4193,103.0686,10.6493,0.0000,0.0000,7.9345,10.4147
2026-08-29T23:13:21Z,92.4681,103.0676,10.5995,0.0000,0.0000,7.9344,10.4147
2026-08-29T23:13:22Z,92.4681,103.0666,10.5985,0.0000,0.0000,7.9344,10.4147
2026-08-29T23:13:23Z,92.4468,103.1528,10.7060,0.0000,0.0000,7.9343,10.4013
2026-08-29T23:13:24Z,92.4468,103.1518,10.7050,0.0000,0.0000,7.9343,10.4013
2026-08-29T23:13:25Z,92.4147,103.1508,10.7361,0.0000,0.0000,7.9342,10.4013
2026-08-29T23:13:26Z,92.4147,103.1499,10.7351,0.0000,0.0000,7.9342,10.4013
2026-08-29T23:13:27Z,92.4422,102.9748,10.5326,0.0000,0.0000,7.9342,10.4280
2026-08-29T23:13:28Z,92.4422,102.9738,10.5316,0.0000,0.0000,7.9341,10.4280
2026-08-29T23:13:29Z,92.4193,102.9729,10.5535,0.0000,0.0000,7.9341,10.4280
2026-08-29T23:13:30Z,92.4193,102.9719,10.5526,0.0000,0.0000,7.9340,10.4280
2026-08-29T23:13:31Z,92.4468,103.1450,10.6982,0.0000,0.0000,7.9340,10.4013
2026-08-29T23:13:32Z,92.4468,103.1441,10.6973,0.0000,0.0000,7.9339,10.4013
2026-08-29T23:13:33Z,92.4407,103.2477,10.8070,0.0000,0.0000,7.9339,10.3853
2026-08-29T23:13:34Z,92.4407,103.2467,10.8060,0.0000,0.0000,7.9338,10.3853
2026-08-29T23:13:35Z,92.4407,103.1411,10.7005,0.0000,0.0000,7.9338,10.4013
2026-08-29T23:13:36Z,92.4407,103.1402,10.6995,0.0000,0.0000,7.9337,10.4013
2026-08-29T23:13:37Z,92.4407,103.1392,10.6985,0.0000,0.0000,7.9337,10.4013
2026-08-29T23:13:38Z,92.4407,103.1382,10.6976,0.0000,0.0000,7.9336,10.4013
2026-08-29T23:13:39Z,92.4422,103.0502,10.6080,0.0000,0.0000,7.9336,10.4147
2026-08-29T23:13:40Z,92.4422,103.0492,10.6070,0.0000,0.0000,7.9335,10.4147
2026-08-29T23:13:41Z,92.4269,103.1353,10.7084,0.0000,0.0000,7.9335,10.4013
2026-08-29T23:13:42Z,92.4269,103.1344,10.7074,0.0000,0.0000,7.9335,10.4013
2026-08-29T23:13:43Z,92.4331,103.2380,10.8050,0.0000,0.0000,7.9334,10.3853
2026-08-29T23:13:44Z,92.4331,103.2370,10.8040,0.0000,0.0000,7.9334,10.3853
2026-08-29T23:13:45Z,92.4361,103.1315,10.6954,0.0000,0.0000,7.9333,10.4013
2026-08-29T23:13:46Z,92.4361,103.1305,10.6944,0.0000,0.0000,7.9333,10.4013
2026-08-29T23:13:47Z,92.4468,103.1295,10.6828,0.0000,0.0000,7.9332,10.4013
2026-08-29T23:13:48Z,92.4468,103.1286,10.6818,0.0000,0.0000,7.9332,10.4013
2026-08-29T23:13:49Z,92.4376,103.0405,10.6029,0.0000,0.0000,7.9331,10.4147
2026-08-29T23:13:50Z,92.4376,103.0396,10.6019,0.0000,0.0000,7.9331,10.4147
2026-08-29T23:13:51Z,92.4361,103.1257,10.6896,0.0000,0.0000,7.9330,10.4013
2026-08-29T23:13:52Z,92.4361,103.1247,10.6886,0.0000,0.0000,7.9330,10.4013
2026-08-29T23:13:53Z,92.4269,103.0367,10.6097,0.0000,0.0000,7.9329,10.4147
2026-08-29T23:13:54Z,92.4269,103.0357,10.6087,0.0000,0.0000,7.9329,10.4147
2026-08-29T23:13:55Z,92.4269,103.2264,10.7994,0.0000,0.0000,7.9328,10.3853
2026-08-29T23:13:56Z,92.4269,103.2254,10.7985,0.0000,0.0000,7.9328,10.3853
2026-08-29T23:13:57Z,92.4193,103.2244,10.8051,0.0000,0.0000,7.9328,10.3853
2026-08-29T23:13:58Z,92.4193,103.2235,10.8042,0.0000,0.0000,7.9327,10.3853
2026-08-29T23:13:59Z,92.4269,103.3098,10.8828,0.0000,0.0000,7.9327,10.3719
2026-08-29T23:14:00Z,92.4269,103.3088,10.8818,0.0000,0.0000,7.9326,10.3719
2026-08-29T23:14:01Z,92.4681,103.2206,10.7524,0.0000,0.0000,7.9326,10.3853
2026-08-29T23:14:02Z,92.4681,103.2196,10.7515,0.0000,0.0000,7.9325,10.3853
2026-08-29T23:14:03Z,92.4269,103.3059,10.8789,0.0000,0.0000,7.9325,10.3719
2026-08-29T23:14:04Z,92.4269,103.3049,10.8780,0.0000,0.0000,7.9324,10.3719
2026-08-29T23:14:05Z,92.4590,103.1121,10.6531,0.0000,0.0000,7.9324,10.4013
2026-08-29T23:14:06Z,92.4590,103.1112,10.6522,0.0000,0.0000,7.9323,10.4013
2026-08-29T23:14:07Z,92.4269,103.2148,10.7878,0.0000,0.0000,7.9323,10.3853
2026-08-29T23:14:08Z,92.4269,103.2138,10.7869,0.0000,0.0000,7.9322,10.3853
2026-08-29T23:14:09Z,92.4544,103.1083,10.6538,0.0000,0.0000,7.9322,10.4013
2026-08-29T23:14:10Z,92.4544,103.1073,10.6529,0.0000,0.0000,7.9322,10.4013
2026-08-29T23:14:11Z,92.4681,103.0193,10.5511,0.0000,0.0000,7.9321,10.4147
2026-08-29T23:14:12Z,92.4681,103.0183,10.5502,0.0000,0.0000,7.9321,10.4147
2026-08-29T23:14:13Z,92.4590,103.2090,10.7500,0.0000,0.0000,7.9320,10.3853
2026-08-29T23:14:14Z,92.4590,103.2080,10.7490,0.0000,0.0000,7.9320,10.3853
2026-08-29T23:14:15Z,92.4285,103.1025,10.6740,0.0000,0.0000,7.9319,10.4013
2026-08-29T23:14:16Z,92.4285,103.1015,10.6730,0.0000,0.0000,7.9319,10.4013
2026-08-29T23:14:17Z,92.4193,103.2051,10.7858,0.0000,0.0000,7.9318,10.3853
2026-08-29T23:14:18Z,92.4193,103.2041,10.7848,0.0000,0.0000,7.9318,10.3853
2026-08-29T23:14:19Z,92.4590,103.2032,10.7442,0.0000,0.0000,7.9317,10.3853
2026-08-29T23:14:20Z,92.4590,103.2022,10.7432,0.0000,0.0000,7.9317,10.3853
2026-08-29T23:14:21Z,92.4514,103.0967,10.6453,0.0000,0.0000,7.9316,10.4013
2026-08-29T23:14:22Z,92.4514,103.0957,10.6443,0.0000,0.0000,7.9316,10.4013
2026-08-29T23:14:23Z,92.4453,103.0947,10.6495,0.0000,0.0000,7.9315,10.4013
2026-08-29T23:14:24Z,92.4453,103.0938,10.6485,0.0000,0.0000,7.9315,10.4013
2026-08-29T23:14:25Z,92.4361,103.2846,10.8485,0.0000,0.0000,7.9315,10.3719
2026-08-29T23:14:26Z,92.4361,103.2836,10.8475,0.0000,0.0000,7.9314,10.3719
2026-08-29T23:14:27Z,92.4407,103.1954,10.7547,0.0000,0.0000,7.9314,10.3853
2026-08-29T23:14:28Z,92.4407,103.1944,10.7538,0.0000,0.0000,7.9313,10.3853
2026-08-29T23:14:29Z,92.4407,103.0889,10.6482,0.0000,0.0000,7.9313,10.4013
2026-08-29T23:14:30Z,92.4407,103.0880,10.6473,0.0000,0.0000,7.9312,10.4013
2026-08-29T23:14:31Z,92.4453,103.1915,10.7463,0.0000,0.0000,7.9312,10.3853
2026-08-29T23:14:32Z,92.4453,103.1906,10.7453,0.0000,0.0000,7.9311,10.3853
2026-08-29T23:14:33Z,92.4514,103.1896,10.7382,0.0000,0.0000,7.9311,10.3853
2026-08-29T23:14:34Z,92.4514,103.1886,10.7373,0.0000,0.0000,7.9310,10.3853
2026-08-29T23:14:35Z,92.4544,103.0831,10.6287,0.0000,0.0000,7.9310,10.4013
2026-08-29T23:14:36Z,92.4544,103.0822,10.6277,0.0000,0.0000,7.9309,10.4013
2026-08-29T23:14:37Z,92.4056,103.2730,10.8674,0.0000,0.0000,7.9309,10.3719
2026-08-29T23:14:38Z,92.4056,103.2720,10.8664,0.0000,0.0000,7.9308,10.3719
2026-08-29T23:14:39Z,92.4743,103.0793,10.6050,0.0000,0.0000,7.9308,10.4013
2026-08-29T23:14:40Z,92.4743,103.0783,10.6040,0.0000,0.0000,7.9308,10.4013
2026-08-29T23:14:41Z,92.4453,103.1819,10.7366,0.0000,0.0000,7.9307,10.3853
2026-08-29T23:14:42Z,92.4453,103.1809,10.7356,0.0000,0.0000,7.9307,10.3853
2026-08-29T23:14:43Z,92.4407,103.1799,10.7393,0.0000,0.0000,7.9306,10.3853
2026-08-29T23:14:44Z,92.4407,103.1790,10.7383,0.0000,0.0000,7.9306,10.3853
2026-08-29T23:14:45Z,92.4514,103.1780,10.7266,0.0000,0.0000,7.9305,10.3853
2026-08-29T23:14:46Z,92.4514,103.1770,10.7257,0.0000,0.0000,7.9305,10.3853
2026-08-29T23:14:47Z,92.4407,103.3506,10.9099,0.0000,0.0000,7.9304,10.3586
2026-08-29T23:14:48Z,92.4407,103.3496,10.9089,0.0000,0.0000,7.9304,10.3586
2026-08-29T23:14:49Z,92.4651,103.3486,10.8835,0.0000,0.0000,7.9303,10.3586
2026-08-29T23:14:50Z,92.4651,103.3477,10.8826,0.0000,0.0000,7.9303,10.3586
2026-08-29T23:14:51Z,92.4407,103.2594,10.8187,0.0000,0.0000,7.9302,10.3719
2026-08-29T23:14:52Z,92.4407,103.2584,10.8178,0.0000,0.0000,7.9302,10.3719
2026-08-29T23:14:53Z,92.4514,103.1703,10.7189,0.0000,0.0000,7.9302,10.3853
2026-08-29T23:14:54Z,92.4514,103.1693,10.7179,0.0000,0.0000,7.9301,10.3853
2026-08-29T23:14:55Z,92.4605,103.1683,10.7078,0.0000,0.0000,7.9301,10.3853
2026-08-29T23:14:56Z,92.4605,103.1674,10.7068,0.0000,0.0000,7.9300,10.3853
2026-08-29T23:14:57Z,92.4361,103.2536,10.8175,0.0000,0.0000,7.9300,10.3719
2026-08-29T23:14:58Z,92.4361,103.2526,10.8165,0.0000,0.0000,7.9299,10.3719
2026-08-29T23:14:59Z,92.4453,103.0599,10.6147,0.0000,0.0000,7.9299,10.4013
2026-08-29T23:15:00Z,92.4453,103.0590,10.6137,0.0000,0.0000,7.9298,10.4013
2026-08-29T23:15:01Z,92.4453,103.3370,10.8917,0.0000,0.0000,7.9298,10.3586
2026-08-29T23:15:02Z,92.4453,103.3360,10.8908,0.0000,0.0000,7.9297,10.3586
2026-08-29T23:15:03Z,92.4147,103.1606,10.7459,0.0000,0.0000,7.9297,10.3853
2026-08-29T23:15:04Z,92.4147,103.1596,10.7449,0.0000,0.0000,7.9296,10.3853
2026-08-29T23:15:05Z,92.4453,103.1587,10.7134,0.0000,0.0000,7.9296,10.3853
2026-08-29T23:15:06Z,92.4453,103.1577,10.7124,0.0000,0.0000,7.9295,10.3853
2026-08-29T23:15:07Z,92.4315,103.2439,10.8124,0.0000,0.0000,7.9295,10.3719
2026-08-29T23:15:08Z,92.4315,103.2429,10.8114,0.0000,0.0000,7.9295,10.3719
2026-08-29T23:15:09Z,92.4514,103.1548,10.7034,0.0000,0.0000,7.9294,10.3853
2026-08-29T23:15:10Z,92.4514,103.1538,10.7025,0.0000,0.0000,7.9294,10.3853
2026-08-29T23:15:11Z,92.4514,103.2400,10.7887,0.0000,0.0000,7.9293,10.3719
2026-08-29T23:15:12Z,92.4514,103.2391,10.7877,0.0000,0.0000,7.9293,10.3719
2026-08-29T23:15:13Z,92.4453,103.2381,10.7929,0.0000,0.0000,7.9292,10.3719
2026-08-29T23:15:14Z,92.4453,103.2371,10.7919,0.0000,0.0000,7.9292,10.3719
2026-08-29T23:15:15Z,92.4590,103.2362,10.7772,0.0000,0.0000,7.9291,10.3719
2026-08-29T23:15:16Z,92.4590,103.2352,10.7762,0.0000,0.0000,7.9291,10.3719
2026-08-29T23:15:17Z,92.4285,103.2342,10.8058,0.0000,0.0000,7.9290,10.3719
2026-08-29T23:15:18Z,92.4285,103.2333,10.8048,0.0000,0.0000,7.9290,10.3719
2026-08-29T23:15:19Z,92.4468,103.3196,10.8728,0.0000,0.0000,7.9289,10.3586
2026-08-29T23:15:20Z,92.4468,103.3186,10.8718,0.0000,0.0000,7.9289,10.3586
2026-08-29T23:15:21Z,92.4376,103.3176,10.8800,0.0000,0.0000,7.9289,10.3586
2026-08-29T23:15:22Z,92.4376,103.3167,10.8790,0.0000,0.0000,7.9288,10.3586
2026-08-29T23:15:23Z,92.4773,103.2284,10.7511,0.0000,0.0000,7.9288,10.3719
2026-08-29T23:15:24Z,92.4773,103.2275,10.7502,0.0000,0.0000,7.9287,10.3719
2026-08-29T23:15:25Z,92.4514,103.3138,10.8624,0.0000,0.0000,7.9287,10.3586
2026-08-29T23:15:26Z,92.4514,103.3128,10.8614,0.0000,0.0000,7.9286,10.3586
2026-08-29T23:15:27Z,92.4636,103.2246,10.7610,0.0000,0.0000,7.9286,10.3719
2026-08-29T23:15:28Z,92.4636,103.2236,10.7600,0.0000,0.0000,7.9285,10.3719
2026-08-29T23:15:29Z,92.4514,103.2226,10.7713,0.0000,0.0000,7.9285,10.3719
2026-08-29T23:15:30Z,92.4514,103.2217,10.7703,0.0000,0.0000,7.9284,10.3719
2026-08-29T23:15:31Z,92.4651,103.1335,10.6684,0.0000,0.0000,7.9284,10.3853
2026-08-29T23:15:32Z,92.4651,103.1326,10.6675,0.0000,0.0000,7.9283,10.3853
2026-08-29T23:15:33Z,92.4590,103.2188,10.7598,0.0000,0.0000,7.9283,10.3719
2026-08-29T23:15:34Z,92.4590,103.2178,10.7588,0.0000,0.0000,7.9282,10.3719
2026-08-29T23:15:35Z,92.4544,103.2168,10.7624,0.0000,0.0000,7.9282,10.3719
2026-08-29T23:15:36Z,92.4544,103.2159,10.7615,0.0000,0.0000,7.9282,10.3719
2026-08-29T23:15:37Z,92.4605,103.1277,10.6672,0.0000,0.0000,7.9281,10.3853
2026-08-29T23:15:38Z,92.4605,103.1268,10.6663,0.0000,0.0000,7.9281,10.3853
2026-08-29T23:15:39Z,92.4865,103.2130,10.7265,0.0000,0.0000,7.9280,10.3719
2026-08-29T23:15:40Z,92.4865,103.2120,10.7255,0.0000,0.0000,7.9280,10.3719
2026-08-29T23:15:41Z,92.4407,103.2110,10.7704,0.0000,0.0000,7.9279,10.3719
2026-08-29T23:15:42Z,92.4407,103.2101,10.7694,0.0000,0.0000,7.9279,10.3719
2026-08-29T23:15:43Z,92.4636,103.2091,10.7455,0.0000,0.0000,7.9278,10.3719
2026-08-29T23:15:44Z,92.4636,103.2081,10.7446,0.0000,0.0000,7.9278,10.3719
2026-08-29T23:15:45Z,92.4773,103.2072,10.7299,0.0000,0.0000,7.9277,10.3719
2026-08-29T23:15:46Z,92.4773,103.2062,10.7289,0.0000,0.0000,7.9277,10.3719
2026-08-29T23:15:47Z,92.4773,103.3798,10.9025,0.0000,0.0000,7.9276,10.3452
2026-08-29T23:15:48Z,92.4773,103.3788,10.9015,0.0000,0.0000,7.9276,10.3452
2026-08-29T23:15:49Z,92.4697,103.2905,10.8209,0.0000,0.0000,7.9275,10.3586
2026-08-29T23:15:50Z,92.4697,103.2896,10.8199,0.0000,0.0000,7.9275,10.3586
2026-08-29T23:15:51Z,92.4926,103.2014,10.7088,0.0000,0.0000,7.9275,10.3719
2026-08-29T23:15:52Z,92.4926,103.2004,10.7078,0.0000,0.0000,7.9274,10.3719
2026-08-29T23:15:53Z,92.4605,103.2867,10.8262,0.0000,0.0000,7.9274,10.3586
2026-08-29T23:15:54Z,92.4605,103.2857,10.8252,0.0000,0.0000,7.9273,10.3586
2026-08-29T23:15:55Z,92.4590,103.2847,10.8257,0.0000,0.0000,7.9273,10.3586
2026-08-29T23:15:56Z,92.4590,103.2838,10.8248,0.0000,0.0000,7.9272,10.3586
2026-08-29T23:15:57Z,92.4834,103.3701,10.8867,0.0000,0.0000,7.9272,10.3452
2026-08-29T23:15:58Z,92.4834,103.3692,10.8857,0.0000,0.0000,7.9271,10.3452
2026-08-29T23:15:59Z,92.4636,103.2809,10.8173,0.0000,0.0000,7.9271,10.3586
2026-08-29T23:16:00Z,92.4636,103.2799,10.8163,0.0000,0.0000,7.9270,10.3586
2026-08-29T23:16:01Z,92.4514,103.2789,10.8276,0.0000,0.0000,7.9270,10.3586
2026-08-29T23:16:02Z,92.4514,103.2780,10.8266,0.0000,0.0000,7.9269,10.3586
2026-08-29T23:16:03Z,92.4865,103.2770,10.7905,0.0000,0.0000,7.9269,10.3586
2026-08-29T23:16:04Z,92.4865,103.2760,10.7896,0.0000,0.0000,7.9269,10.3586
2026-08-29T23:16:05Z,92.4590,103.3624,10.9034,0.0000,0.0000,7.9268,10.3452
2026-08-29T23:16:06Z,92.4590,103.3614,10.9024,0.0000,0.0000,7.9268,10.3452
2026-08-29T23:16:07Z,92.4651,103.2731,10.8080,0.0000,0.0000,7.9267,10.3586
2026-08-29T23:16:08Z,92.4651,103.2722,10.8071,0.0000,0.0000,7.9267,10.3586
2026-08-29T23:16:09Z,92.4590,103.2712,10.8122,0.0000,0.0000,7.9266,10.3586
2026-08-29T23:16:10Z,92.4590,103.2702,10.8112,0.0000,0.0000,7.9266,10.3586
2026-08-29T23:16:11Z,92.4727,103.3566,10.8838,0.0000,0.0000,7.9265,10.3452
2026-08-29T23:16:12Z,92.4727,103.3556,10.8829,0.0000,0.0000,7.9265,10.3452
2026-08-29T23:16:13Z,92.4605,103.2673,10.8068,0.0000,0.0000,7.9264,10.3586
2026-08-29T23:16:14Z,92.4605,103.2664,10.8058,0.0000,0.0000,7.9264,10.3586
2026-08-29T23:16:15Z,92.4926,103.2654,10.7728,0.0000,0.0000,7.9263,10.3586
2026-08-29T23:16:16Z,92.4926,103.2644,10.7719,0.0000,0.0000,7.9263,10.3586
2026-08-29T23:16:17Z,92.4788,103.1762,10.6974,0.0000,0.0000,7.9262,10.3719
2026-08-29T23:16:18Z,92.4788,103.1753,10.6965,0.0000,0.0000,7.9262,10.3719
2026-08-29T23:16:19Z,92.4727,103.3488,10.8761,0.0000,0.0000,7.9262,10.3452
2026-08-29T23:16:20Z,92.4727,103.3479,10.8751,0.0000,0.0000,7.9261,10.3452
2026-08-29T23:16:21Z,92.4727,103.3469,10.8742,0.0000,0.0000,7.9261,10.3452
2026-08-29T23:16:22Z,92.4727,103.3459,10.8732,0.0000,0.0000,7.9260,10.3452
2026-08-29T23:16:23Z,92.4727,103.1705,10.6977,0.0000,0.0000,7.9260,10.3719
2026-08-29T23:16:24Z,92.4727,103.1695,10.6968,0.0000,0.0000,7.9259,10.3719
2026-08-29T23:16:25Z,92.4926,103.3430,10.8505,0.0000,0.0000,7.9259,10.3452
2026-08-29T23:16:26Z,92.4926,103.3421,10.8495,0.0000,0.0000,7.9258,10.3452
2026-08-29T23:16:27Z,92.5231,103.4460,10.9229,0.0000,0.0000,7.9258,10.3292
2026-08-29T23:16:28Z,92.5231,103.4450,10.9219,0.0000,0.0000,7.9257,10.3292
2026-08-29T23:16:29Z,92.5109,103.2519,10.7410,0.0000,0.0000,7.9257,10.3586
2026-08-29T23:16:30Z,92.5109,103.2509,10.7400,0.0000,0.0000,7.9256,10.3586
2026-08-29T23:16:31Z,92.4697,103.3372,10.8675,0.0000,0.0000,7.9256,10.3452
2026-08-29T23:16:32Z,92.4697,103.3363,10.8666,0.0000,0.0000,7.9255,10.3452
2026-08-29T23:16:33Z,92.4834,103.3353,10.8519,0.0000,0.0000,7.9255,10.3452
2026-08-29T23:16:34Z,92.4834,103.3343,10.8509,0.0000,0.0000,7.9255,10.3452
2026-08-29T23:16:35Z,92.4834,103.3334,10.8499,0.0000,0.0000,7.9254,10.3452
2026-08-29T23:16:36Z,92.4834,103.3324,10.8490,0.0000,0.0000,7.9254,10.3452
2026-08-29T23:16:37Z,92.4834,103.2441,10.7607,0.0000,0.0000,7.9253,10.3586
2026-08-29T23:16:38Z,92.4834,103.2432,10.7598,0.0000,0.0000,7.9253,10.3586
2026-08-29T23:16:39Z,92.4651,103.3295,10.8644,0.0000,0.0000,7.9252,10.3452
2026-08-29T23:16:40Z,92.4651,103.3285,10.8634,0.0000,0.0000,7.9252,10.3452
2026-08-29T23:16:41Z,92.4727,103.4324,10.9597,0.0000,0.0000,7.9251,10.3292
2026-08-29T23:16:42Z,92.4727,103.4314,10.9587,0.0000,0.0000,7.9251,10.3292
2026-08-29T23:16:43Z,92.4865,103.1511,10.6647,0.0000,0.0000,7.9250,10.3719
2026-08-29T23:16:44Z,92.4865,103.1502,10.6637,0.0000,0.0000,7.9250,10.3719
2026-08-29T23:16:45Z,92.4834,103.3237,10.8403,0.0000,0.0000,7.9249,10.3452
2026-08-29T23:16:46Z,92.4834,103.3227,10.8393,0.0000,0.0000,7.9249,10.3452
2026-08-29T23:16:47Z,92.4910,103.1473,10.6562,0.0000,0.0000,7.9249,10.3719
2026-08-29T23:16:48Z,92.4910,103.1463,10.6553,0.0000,0.0000,7.9248,10.3719
2026-08-29T23:16:49Z,92.4636,103.4247,10.9611,0.0000,0.0000,7.9248,10.3292
2026-08-29T23:16:50Z,92.4636,103.4237,10.9601,0.0000,0.0000,7.9247,10.3292
2026-08-29T23:16:51Z,92.4971,103.4227,10.9256,0.0000,0.0000,7.9247,10.3292
2026-08-29T23:16:52Z,92.4971,103.4217,10.9246,0.0000,0.0000,7.9246,10.3292
2026-08-29T23:16:53Z,92.4727,103.4208,10.9481,0.0000,0.0000,7.9246,10.3292
2026-08-29T23:16:54Z,92.4727,103.4198,10.9471,0.0000,0.0000,7.9245,10.3292
2026-08-29T23:16:55Z,92.4956,103.2267,10.7311,0.0000,0.0000,7.9245,10.3586
2026-08-29T23:16:56Z,92.4956,103.2258,10.7302,0.0000,0.0000,7.9244,10.3586
2026-08-29T23:16:57Z,92.4971,103.2248,10.7277,0.0000,0.0000,7.9244,10.3586
2026-08-29T23:16:58Z,92.4971,103.2238,10.7267,0.0000,0.0000,7.9243,10.3586
2026-08-29T23:16:59Z,92.4773,103.2229,10.7456,0.0000,0.0000,7.9243,10.3586
2026-08-29T23:17:00Z,92.4773,103.2219,10.7446,0.0000,0.0000,7.9242,10.3586
2026-08-29T23:17:01Z,92.4865,103.3082,10.8218,0.0000,0.0000,7.9242,10.3452
2026-08-29T23:17:02Z,92.4865,103.3072,10.8208,0.0000,0.0000,7.9242,10.3452
2026-08-29T23:17:03Z,92.5231,103.4111,10.8880,0.0000,0.0000,7.9241,10.3292
2026-08-29T23:17:04Z,92.5231,103.4101,10.8871,0.0000,0.0000,7.9241,10.3292
2026-08-29T23:17:05Z,92.5017,103.3043,10.8026,0.0000,0.0000,7.9240,10.3452
2026-08-29T23:17:06Z,92.5017,103.3034,10.8017,0.0000,0.0000,7.9240,10.3452
2026-08-29T23:17:07Z,92.4834,103.3024,10.8190,0.0000,0.0000,7.9239,10.3452
2026-08-29T23:17:08Z,92.4834,103.3014,10.8180,0.0000,0.0000,7.9239,10.3452
2026-08-29T23:17:09Z,92.4971,103.3005,10.8033,0.0000,0.0000,7.9238,10.3452
2026-08-29T23:17:10Z,92.4971,103.2995,10.8024,0.0000,0.0000,7.9238,10.3452
2026-08-29T23:17:11Z,92.5093,103.2985,10.7892,0.0000,0.0000,7.9237,10.3452
2026-08-29T23:17:12Z,92.5093,103.2976,10.7882,0.0000,0.0000,7.9237,10.3452
2026-08-29T23:17:13Z,92.4788,103.2966,10.8178,0.0000,0.0000,7.9236,10.3452
2026-08-29T23:17:14Z,92.4788,103.2956,10.8168,0.0000,0.0000,7.9236,10.3452
2026-08-29T23:17:15Z,92.5185,103.2074,10.6889,0.0000,0.0000,7.9236,10.3586
2026-08-29T23:17:16Z,92.5185,103.2065,10.6880,0.0000,0.0000,7.9235,10.3586
2026-08-29T23:17:17Z,92.4865,103.2927,10.8063,0.0000,0.0000,7.9235,10.3452
2026-08-29T23:17:18Z,92.4865,103.2918,10.8053,0.0000,0.0000,7.9234,10.3452
2026-08-29T23:17:19Z,92.5093,103.4831,10.9737,0.0000,0.0000,7.9234,10.3159
2026-08-29T23:17:20Z,92.5093,103.4821,10.9727,0.0000,0.0000,7.9233,10.3159
2026-08-29T23:17:21Z,92.4788,103.3937,10.9149,0.0000,0.0000,7.9233,10.3292
2026-08-29T23:17:22Z,92.4788,103.3927,10.9139,0.0000,0.0000,7.9232,10.3292
2026-08-29T23:17:23Z,92.4865,103.1997,10.7132,0.0000,0.0000,7.9232,10.3586
2026-08-29T23:17:24Z,92.4865,103.1987,10.7123,0.0000,0.0000,7.9231,10.3586
2026-08-29T23:17:25Z,92.5048,103.3898,10.8851,0.0000,0.0000,7.9231,10.3292
2026-08-29T23:17:26Z,92.5048,103.3889,10.8841,0.0000,0.0000,7.9230,10.3292
2026-08-29T23:17:27Z,92.5231,103.2831,10.7600,0.0000,0.0000,7.9230,10.3452
2026-08-29T23:17:28Z,92.5231,103.2821,10.7590,0.0000,0.0000,7.9229,10.3452
2026-08-29T23:17:29Z,92.5017,103.3860,10.8842,0.0000,0.0000,7.9229,10.3292
2026-08-29T23:17:30Z,92.5017,103.3850,10.8833,0.0000,0.0000,7.9229,10.3292
2026-08-29T23:17:31Z,92.5154,103.4714,10.9560,0.0000,0.0000,7.9228,10.3159
2026-08-29T23:17:32Z,92.5154,103.4705,10.9550,0.0000,0.0000,7.9228,10.3159
2026-08-29T23:17:33Z,92.5109,103.2773,10.7664,0.0000,0.0000,7.9227,10.3452
2026-08-29T23:17:34Z,92.5109,103.2763,10.7655,0.0000,0.0000,7.9227,10.3452
2026-08-29T23:17:35Z,92.4773,103.1881,10.7108,0.0000,0.0000,7.9226,10.3586
2026-08-29T23:17:36Z,92.4773,103.1872,10.7099,0.0000,0.0000,7.9226,10.3586
2026-08-29T23:17:37Z,92.4956,103.3782,10.8826,0.0000,0.0000,7.9225,10.3292
2026-08-29T23:17:38Z,92.4956,103.3773,10.8816,0.0000,0.0000,7.9225,10.3292
2026-08-29T23:17:39Z,92.5185,103.2715,10.7530,0.0000,0.0000,7.9224,10.3452
2026-08-29T23:17:40Z,92.5185,103.2705,10.7520,0.0000,0.0000,7.9224,10.3452
2026-08-29T23:17:41Z,92.5017,103.3744,10.8726,0.0000,0.0000,7.9223,10.3292
2026-08-29T23:17:42Z,92.5017,103.3734,10.8717,0.0000,0.0000,7.9223,10.3292
2026-08-29T23:17:43Z,92.4865,103.2676,10.7812,0.0000,0.0000,7.9222,10.3452
2026-08-29T23:17:44Z,92.4865,103.2667,10.7802,0.0000,0.0000,7.9222,10.3452
2026-08-29T23:17:45Z,92.5185,103.2657,10.7472,0.0000,0.0000,7.9222,10.3452
2026-08-29T23:17:46Z,92.5185,103.2647,10.7462,0.0000,0.0000,7.9221,10.3452
2026-08-29T23:17:47Z,92.5154,103.3686,10.8531,0.0000,0.0000,7.9221,10.3292
2026-08-29T23:17:48Z,92.5154,103.3676,10.8521,0.0000,0.0000,7.9220,10.3292
2026-08-29T23:17:49Z,92.4971,103.1746,10.6775,0.0000,0.0000,7.9220,10.3586
2026-08-29T23:17:50Z,92.4971,103.1737,10.6765,0.0000,0.0000,7.9219,10.3586
2026-08-29T23:17:51Z,92.5048,103.3647,10.8599,0.0000,0.0000,7.9219,10.3292
2026-08-29T23:17:52Z,92.5048,103.3637,10.8590,0.0000,0.0000,7.9218,10.3292
2026-08-29T23:17:53Z,92.5246,103.2580,10.7334,0.0000,0.0000,7.9218,10.3452
2026-08-29T23:17:54Z,92.5246,103.2570,10.7324,0.0000,0.0000,7.9217,10.3452
2026-08-29T23:17:55Z,92.4956,103.3608,10.8652,0.0000,0.0000,7.9217,10.3292
2026-08-29T23:17:56Z,92.4956,103.3599,10.8642,0.0000,0.0000,7.9216,10.3292
2026-08-29T23:17:57Z,92.4910,103.3589,10.8679,0.0000,0.0000,7.9216,10.3292
2026-08-29T23:17:58Z,92.4910,103.3579,10.8669,0.0000,0.0000,7.9216,10.3292
2026-08-29T23:17:59Z,92.5154,103.2522,10.7367,0.0000,0.0000,7.9215,10.3452
2026-08-29T23:18:00Z,92.5154,103.2512,10.7358,0.0000,0.0000,7.9215,10.3452
2026-08-29T23:18:01Z,92.5093,103.3550,10.8457,0.0000,0.0000,7.9214,10.3292
2026-08-29T23:18:02Z,92.5093,103.3541,10.8447,0.0000,0.0000,7.9214,10.3292
2026-08-29T23:18:03Z,92.5185,103.2483,10.7298,0.0000,0.0000,7.9213,10.3452
2026-08-29T23:18:04Z,92.5185,103.2474,10.7289,0.0000,0.0000,7.9213,10.3452
2026-08-29T23:18:05Z,92.5368,103.3512,10.8143,0.0000,0.0000,7.9212,10.3292
2026-08-29T23:18:06Z,92.5368,103.3502,10.8134,0.0000,0.0000,7.9212,10.3292
2026-08-29T23:18:07Z,92.5475,103.2445,10.6970,0.0000,0.0000,7.9211,10.3452
2026-08-29T23:18:08Z,92.5475,103.2435,10.6960,0.0000,0.0000,7.9211,10.3452
2026-08-29T23:18:09Z,92.5246,103.3473,10.8227,0.0000,0.0000,7.9210,10.3292
2026-08-29T23:18:10Z,92.5246,103.3463,10.8217,0.0000,0.0000,7.9210,10.3292
2026-08-29T23:18:11Z,92.5475,103.4328,10.8853,0.0000,0.0000,7.9209,10.3159
2026-08-29T23:18:12Z,92.5475,103.4318,10.8843,0.0000,0.0000,7.9209,10.3159
2026-08-29T23:18:13Z,92.4788,103.2387,10.7598,0.0000,0.0000,7.9209,10.3452
2026-08-29T23:18:14Z,92.4788,103.2377,10.7589,0.0000,0.0000,7.9208,10.3452
2026-08-29T23:18:15Z,92.5246,103.2367,10.7121,0.0000,0.0000,7.9208,10.3452
2026-08-29T23:18:16Z,92.5246,103.2358,10.7112,0.0000,0.0000,7.9207,10.3452
2026-08-29T23:18:17Z,92.5093,103.3396,10.8302,0.0000,0.0000,7.9207,10.3292
2026-08-29T23:18:18Z,92.5093,103.3386,10.8293,0.0000,0.0000,7.9206,10.3292
2026-08-29T23:18:19Z,92.5292,103.2329,10.7037,0.0000,0.0000,7.9206,10.3452
2026-08-29T23:18:20Z,92.5292,103.2319,10.7027,0.0000,0.0000,7.9205,10.3452
2026-08-29T23:18:21Z,92.5292,103.2310,10.7018,0.0000,0.0000,7.9205,10.3452
2026-08-29T23:18:22Z,92.5292,103.2300,10.7008,0.0000,0.0000,7.9204,10.3452
2026-08-29T23:18:23Z,92.5246,103.3338,10.8092,0.0000,0.0000,7.9204,10.3292
2026-08-29T23:18:24Z,92.5246,103.3328,10.8082,0.0000,0.0000,7.9203,10.3292
2026-08-29T23:18:25Z,92.5017,103.1399,10.6382,0.0000,0.0000,7.9203,10.3586
2026-08-29T23:18:26Z,92.5017,103.1389,10.6372,0.0000,0.0000,7.9203,10.3586
2026-08-29T23:18:27Z,92.5017,103.3299,10.8282,0.0000,0.0000,7.9202,10.3292
2026-08-29T23:18:28Z,92.5017,103.3289,10.8272,0.0000,0.0000,7.9202,10.3292
2026-08-29T23:18:29Z,92.5185,103.3280,10.8095,0.0000,0.0000,7.9201,10.3292
2026-08-29T23:18:30Z,92.5185,103.3270,10.8085,0.0000,0.0000,7.9201,10.3292
2026-08-29T23:18:31Z,92.5154,103.3260,10.8106,0.0000,0.0000,7.9200,10.3292
2026-08-29T23:18:32Z,92.5154,103.3251,10.8096,0.0000,0.0000,7.9200,10.3292
2026-08-29T23:18:33Z,92.5292,103.3241,10.7949,0.0000,0.0000,7.9199,10.3292
2026-08-29T23:18:34Z,92.5292,103.3232,10.7940,0.0000,0.0000,7.9199,10.3292
2026-08-29T23:18:35Z,92.5231,103.4096,10.8865,0.0000,0.0000,7.9198,10.3159
2026-08-29T23:18:36Z,92.5231,103.4086,10.8855,0.0000,0.0000,7.9198,10.3159
2026-08-29T23:18:37Z,92.5048,103.4076,10.9029,0.0000,0.0000,7.9197,10.3159
2026-08-29T23:18:38Z,92.5048,103.4067,10.9019,0.0000,0.0000,7.9197,10.3159
2026-08-29T23:18:39Z,92.5246,103.3183,10.7937,0.0000,0.0000,7.9196,10.3292
2026-08-29T23:18:40Z,92.5246,103.3174,10.7928,0.0000,0.0000,7.9196,10.3292
2026-08-29T23:18:41Z,92.5185,103.3164,10.7979,0.0000,0.0000,7.9196,10.3292
2026-08-29T23:18:42Z,92.5185,103.3154,10.7969,0.0000,0.0000,7.9195,10.3292
2026-08-29T23:18:43Z,92.5338,103.2097,10.6760,0.0000,0.0000,7.9195,10.3452
2026-08-29T23:18:44Z,92.5338,103.2088,10.6750,0.0000,0.0000,7.9194,10.3452
2026-08-29T23:18:45Z,92.5322,103.3999,10.8677,0.0000,0.0000,7.9194,10.3159
2026-08-29T23:18:46Z,92.5322,103.3989,10.8667,0.0000,0.0000,7.9193,10.3159
2026-08-29T23:18:47Z,92.5475,103.3106,10.7631,0.0000,0.0000,7.9193,10.3292
2026-08-29T23:18:48Z,92.5475,103.3096,10.7621,0.0000,0.0000,7.9192,10.3292
2026-08-29T23:18:49Z,92.5093,103.3087,10.7993,0.0000,0.0000,7.9192,10.3292
2026-08-29T23:18:50Z,92.5093,103.3077,10.7984,0.0000,0.0000,7.9191,10.3292
2026-08-29T23:18:51Z,92.5338,103.4815,10.9478,0.0000,0.0000,7.9191,10.3025
2026-08-29T23:18:52Z,92.5338,103.4806,10.9468,0.0000,0.0000,7.9190,10.3025
2026-08-29T23:18:53Z,92.5414,103.3048,10.7634,0.0000,0.0000,7.9190,10.3292
2026-08-29T23:18:54Z,92.5414,103.3038,10.7625,0.0000,0.0000,7.9190,10.3292
2026-08-29T23:18:55Z,92.5383,103.3029,10.7645,0.0000,0.0000,7.9189,10.3292
2026-08-29T23:18:56Z,92.5383,103.3019,10.7636,0.0000,0.0000,7.9189,10.3292
2026-08-29T23:18:57Z,92.5643,103.3010,10.7367,0.0000,0.0000,7.9188,10.3292
2026-08-29T23:18:58Z,92.5643,103.3000,10.7357,0.0000,0.0000,7.9188,10.3292
2026-08-29T23:18:59Z,92.5505,103.2990,10.7485,0.0000,0.0000,7.9187,10.3292
2026-08-29T23:19:00Z,92.5505,103.2981,10.7475,0.0000,0.0000,7.9187,10.3292
2026-08-29T23:19:01Z,92.5338,103.3844,10.8507,0.0000,0.0000,7.9186,10.3159
2026-08-29T23:19:02Z,92.5338,103.3835,10.8497,0.0000,0.0000,7.9186,10.3159
2026-08-29T23:19:03Z,92.5612,103.1905,10.6292,0.0000,0.0000,7.9185,10.3452
2026-08-29T23:19:04Z,92.5612,103.1895,10.6283,0.0000,0.0000,7.9185,10.3452
2026-08-29T23:19:05Z,92.5429,103.2932,10.7503,0.0000,0.0000,7.9184,10.3292
2026-08-29T23:19:06Z,92.5429,103.2923,10.7494,0.0000,0.0000,7.9184,10.3292
2026-08-29T23:19:07Z,92.5475,103.4661,10.9186,0.0000,0.0000,7.9183,10.3025
2026-08-29T23:19:08Z,92.5475,103.4651,10.9176,0.0000,0.0000,7.9183,10.3025
2026-08-29T23:19:09Z,92.5689,103.2894,10.7205,0.0000,0.0000,7.9183,10.3292
2026-08-29T23:19:10Z,92.5689,103.2884,10.7196,0.0000,0.0000,7.9182,10.3292
2026-08-29T23:19:11Z,92.5383,103.1827,10.6444,0.0000,0.0000,7.9182,10.3452
2026-08-29T23:19:12Z,92.5383,103.1818,10.6434,0.0000,0.0000,7.9181,10.3452
2026-08-29T23:19:13Z,92.5475,103.3729,10.8254,0.0000,0.0000,7.9181,10.3159
2026-08-29T23:19:14Z,92.5475,103.3719,10.8244,0.0000,0.0000,7.9180,10.3159
2026-08-29T23:19:15Z,92.5551,103.3709,10.8158,0.0000,0.0000,7.9180,10.3159
2026-08-29T23:19:16Z,92.5551,103.3700,10.8148,0.0000,0.0000,7.9179,10.3159
2026-08-29T23:19:17Z,92.5475,103.3690,10.8215,0.0000,0.0000,7.9179,10.3159
2026-08-29T23:19:18Z,92.5475,103.3680,10.8205,0.0000,0.0000,7.9178,10.3159
2026-08-29T23:19:19Z,92.5414,103.2797,10.7383,0.0000,0.0000,7.9178,10.3292
2026-08-29T23:19:20Z,92.5414,103.2788,10.7374,0.0000,0.0000,7.9177,10.3292
2026-08-29T23:19:21Z,92.5429,103.3651,10.8222,0.0000,0.0000,7.9177,10.3159
2026-08-29T23:19:22Z,92.5429,103.3642,10.8213,0.0000,0.0000,7.9176,10.3159
2026-08-29T23:19:23Z,92.5612,103.3632,10.8020,0.0000,0.0000,7.9176,10.3159
2026-08-29T23:19:24Z,92.5612,103.3622,10.8010,0.0000,0.0000,7.9176,10.3159
2026-08-29T23:19:25Z,92.5643,103.2739,10.7097,0.0000,0.0000,7.9175,10.3292
2026-08-29T23:19:26Z,92.5643,103.2730,10.7087,0.0000,0.0000,7.9175,10.3292
2026-08-29T23:19:27Z,92.5414,103.1673,10.6259,0.0000,0.0000,7.9174,10.3452
2026-08-29T23:19:28Z,92.5414,103.1664,10.6250,0.0000,0.0000,7.9174,10.3452
2026-08-29T23:19:29Z,92.5551,103.3574,10.8023,0.0000,0.0000,7.9173,10.3159
2026-08-29T23:19:30Z,92.5551,103.3564,10.8013,0.0000,0.0000,7.9173,10.3159
2026-08-29T23:19:31Z,92.5643,103.3555,10.7912,0.0000,0.0000,7.9172,10.3159
2026-08-29T23:19:32Z,92.5643,103.3545,10.7902,0.0000,0.0000,7.9172,10.3159
2026-08-29T23:19:33Z,92.5429,103.2662,10.7233,0.0000,0.0000,7.9171,10.3292
2026-08-29T23:19:34Z,92.5429,103.2653,10.7223,0.0000,0.0000,7.9171,10.3292
2026-08-29T23:19:35Z,92.5597,103.0725,10.5128,0.0000,0.0000,7.9170,10.3586
2026-08-29T23:19:36Z,92.5597,103.0715,10.5118,0.0000,0.0000,7.9170,10.3586
2026-08-29T23:19:37Z,92.5612,103.3497,10.7885,0.0000,0.0000,7.9170,10.3159
2026-08-29T23:19:38Z,92.5612,103.3487,10.7875,0.0000,0.0000,7.9169,10.3159
2026-08-29T23:19:39Z,92.5597,103.1558,10.5961,0.0000,0.0000,7.9169,10.3452
2026-08-29T23:19:40Z,92.5597,103.1548,10.5951,0.0000,0.0000,7.9168,10.3452
2026-08-29T23:19:41Z,92.5383,103.2585,10.7202,0.0000,0.0000,7.9168,10.3292
2026-08-29T23:19:42Z,92.5383,103.2576,10.7192,0.0000,0.0000,7.9167,10.3292
2026-08-29T23:19:43Z,92.5551,103.2566,10.7015,0.0000,0.0000,7.9167,10.3292
2026-08-29T23:19:44Z,92.5551,103.2556,10.7005,0.0000,0.0000,7.9166,10.3292
2026-08-29T23:19:45Z,92.5551,103.5169,10.9617,0.0000,0.0000,7.9166,10.2892
2026-08-29T23:19:46Z,92.5551,103.5159,10.9608,0.0000,0.0000,7.9165,10.2892
2026-08-29T23:19:47Z,92.5780,103.3400,10.7620,0.0000,0.0000,7.9165,10.3159
2026-08-29T23:19:48Z,92.5780,103.3391,10.7611,0.0000,0.0000,7.9164,10.3159
2026-08-29T23:19:49Z,92.5597,103.3381,10.7784,0.0000,0.0000,7.9164,10.3159
2026-08-29T23:19:50Z,92.5597,103.3372,10.7774,0.0000,0.0000,7.9163,10.3159
2026-08-29T23:19:51Z,92.5414,103.2489,10.7075,0.0000,0.0000,7.9163,10.3292
2026-08-29T23:19:52Z,92.5414,103.2479,10.7065,0.0000,0.0000,7.9163,10.3292
2026-08-29T23:19:53Z,92.5505,103.4216,10.8711,0.0000,0.0000,7.9162,10.3025
2026-08-29T23:19:54Z,92.5505,103.4207,10.8701,0.0000,0.0000,7.9162,10.3025
2026-08-29T23:19:55Z,92.5551,103.3323,10.7772,0.0000,0.0000,7.9161,10.3159
2026-08-29T23:19:56Z,92.5551,103.3314,10.7762,0.0000,0.0000,7.9161,10.3159
2026-08-29T23:19:57Z,92.5643,103.3304,10.7661,0.0000,0.0000,7.9160,10.3159
2026-08-29T23:19:58Z,92.5643,103.3294,10.7652,0.0000,0.0000,7.9160,10.3159
2026-08-29T23:19:59Z,92.5551,103.2412,10.6860,0.0000,0.0000,7.9159,10.3292
2026-08-29T23:20:00Z,92.5551,103.2402,10.6851,0.0000,0.0000,7.9159,10.3292
2026-08-29T23:20:01Z,92.5414,103.3265,10.7852,0.0000,0.0000,7.9158,10.3159
2026-08-29T23:20:02Z,92.5414,103.3256,10.7842,0.0000,0.0000,7.9158,10.3159
2026-08-29T23:20:03Z,92.5429,103.1327,10.5897,0.0000,0.0000,7.9157,10.3452
2026-08-29T23:20:04Z,92.5429,103.1317,10.5888,0.0000,0.0000,7.9157,10.3452
2026-08-29T23:20:05Z,92.5689,103.4101,10.8412,0.0000,0.0000,7.9157,10.3025
2026-08-29T23:20:06Z,92.5689,103.4091,10.8402,0.0000,0.0000,7.9156,10.3025
2026-08-29T23:20:07Z,92.5704,103.4081,10.8378,0.0000,0.0000,7.9156,10.3025
2026-08-29T23:20:08Z,92.5704,103.4072,10.8368,0.0000,0.0000,7.9155,10.3025
2026-08-29T23:20:09Z,92.5521,103.2315,10.6795,0.0000,0.0000,7.9155,10.3292
2026-08-29T23:20:10Z,92.5521,103.2306,10.6785,0.0000,0.0000,7.9154,10.3292
2026-08-29T23:20:11Z,92.5475,103.2296,10.6821,0.0000,0.0000,7.9154,10.3292
2026-08-29T23:20:12Z,92.5475,103.2286,10.6811,0.0000,0.0000,7.9153,10.3292
2026-08-29T23:20:13Z,92.5734,103.0359,10.4625,0.0000,0.0000,7.9153,10.3586
2026-08-29T23:20:14Z,92.5734,103.0350,10.4615,0.0000,0.0000,7.9152,10.3586
2026-08-29T23:20:15Z,92.5612,103.4004,10.8392,0.0000,0.0000,7.9152,10.3025
2026-08-29T23:20:16Z,92.5612,103.3995,10.8382,0.0000,0.0000,7.9151,10.3025
2026-08-29T23:20:17Z,92.5704,103.3111,10.7407,0.0000,0.0000,7.9151,10.3159
2026-08-29T23:20:18Z,92.5704,103.3102,10.7398,0.0000,0.0000,7.9150,10.3159
2026-08-29T23:20:19Z,92.6055,103.3092,10.7037,0.0000,0.0000,7.9150,10.3159
2026-08-29T23:20:20Z,92.6055,103.3082,10.7027,0.0000,0.0000,7.9150,10.3159
2026-08-29T23:20:21Z,92.5780,103.3946,10.8166,0.0000,0.0000,7.9149,10.3025
2026-08-29T23:20:22Z,92.5780,103.3937,10.8157,0.0000,0.0000,7.9149,10.3025
2026-08-29T23:20:23Z,92.5704,103.3927,10.8223,0.0000,0.0000,7.9148,10.3025
2026-08-29T23:20:24Z,92.5704,103.3917,10.8214,0.0000,0.0000,7.9148,10.3025
2026-08-29T23:20:25Z,92.5734,103.2161,10.6427,0.0000,0.0000,7.9147,10.3292
2026-08-29T23:20:26Z,92.5734,103.2152,10.6417,0.0000,0.0000,7.9147,10.3292
2026-08-29T23:20:27Z,92.5795,103.2142,10.6347,0.0000,0.0000,7.9146,10.3292
2026-08-29T23:20:28Z,92.5795,103.2132,10.6337,0.0000,0.0000,7.9146,10.3292
2026-08-29T23:20:29Z,92.6055,103.2995,10.6941,0.0000,0.0000,7.9145,10.3159
2026-08-29T23:20:30Z,92.6055,103.2986,10.6931,0.0000,0.0000,7.9145,10.3159
2026-08-29T23:20:31Z,92.5841,103.2103,10.6262,0.0000,0.0000,7.9144,10.3292
2026-08-29T23:20:32Z,92.5841,103.2094,10.6253,0.0000,0.0000,7.9144,10.3292
2026-08-29T23:20:33Z,92.5917,103.2957,10.7039,0.0000,0.0000,7.9144,10.3159
2026-08-29T23:20:34Z,92.5917,103.2947,10.7030,0.0000,0.0000,7.9143,10.3159
2026-08-29T23:20:35Z,92.5841,103.2938,10.7097,0.0000,0.0000,7.9143,10.3159
2026-08-29T23:20:36Z,92.5841,103.2928,10.7087,0.0000,0.0000,7.9142,10.3159
2026-08-29T23:20:37Z,92.5505,103.2046,10.6540,0.0000,0.0000,7.9142,10.3292
2026-08-29T23:20:38Z,92.5505,103.2036,10.6531,0.0000,0.0000,7.9141,10.3292
2026-08-29T23:20:39Z,92.5917,103.2899,10.6982,0.0000,0.0000,7.9141,10.3159
2026-08-29T23:20:40Z,92.5917,103.2889,10.6972,0.0000,0.0000,7.9140,10.3159
2026-08-29T23:20:41Z,92.5734,103.2880,10.7146,0.0000,0.0000,7.9140,10.3159
2026-08-29T23:20:42Z,92.5734,103.2870,10.7136,0.0000,0.0000,7.9139,10.3159
2026-08-29T23:20:43Z,92.5429,103.2861,10.7431,0.0000,0.0000,7.9139,10.3159
2026-08-29T23:20:44Z,92.5429,103.2851,10.7422,0.0000,0.0000,7.9138,10.3159
2026-08-29T23:20:45Z,92.5734,103.2841,10.7107,0.0000,0.0000,7.9138,10.3159
2026-08-29T23:20:46Z,92.5734,103.2832,10.7097,0.0000,0.0000,7.9137,10.3159
2026-08-29T23:20:47Z,92.5978,103.3696,10.7717,0.0000,0.0000,7.9137,10.3025
2026-08-29T23:20:48Z,92.5978,103.3686,10.7707,0.0000,0.0000,7.9137,10.3025
2026-08-29T23:20:49Z,92.5566,103.2803,10.7236,0.0000,0.0000,7.9136,10.3159
2026-08-29T23:20:50Z,92.5566,103.2793,10.7227,0.0000,0.0000,7.9136,10.3159
2026-08-29T23:20:51Z,92.5933,103.0865,10.4932,0.0000,0.0000,7.9135,10.3452
2026-08-29T23:20:52Z,92.5933,103.0855,10.4923,0.0000,0.0000,7.9135,10.3452
2026-08-29T23:20:53Z,92.5780,103.2764,10.6984,0.0000,0.0000,7.9134,10.3159
2026-08-29T23:20:54Z,92.5780,103.2755,10.6974,0.0000,0.0000,7.9134,10.3159
2026-08-29T23:20:55Z,92.5933,103.2745,10.6812,0.0000,0.0000,7.9133,10.3159
2026-08-29T23:20:56Z,92.5933,103.2735,10.6803,0.0000,0.0000,7.9133,10.3159
2026-08-29T23:20:57Z,92.5917,103.1853,10.5936,0.0000,0.0000,7.9132,10.3292
2026-08-29T23:20:58Z,92.5917,103.1844,10.5926,0.0000,0.0000,7.9132,10.3292
2026-08-29T23:20:59Z,92.5704,103.1834,10.6130,0.0000,0.0000,7.9131,10.3292
2026-08-29T23:21:00Z,92.5704,103.1824,10.6120,0.0000,0.0000,7.9131,10.3292
2026-08-29T23:21:01Z,92.5872,103.3561,10.7689,0.0000,0.0000,7.9131,10.3025
2026-08-29T23:21:02Z,92.5872,103.3551,10.7679,0.0000,0.0000,7.9130,10.3025
2026-08-29T23:21:03Z,92.5643,103.1795,10.6153,0.0000,0.0000,7.9130,10.3292
2026-08-29T23:21:04Z,92.5643,103.1786,10.6143,0.0000,0.0000,7.9129,10.3292
2026-08-29T23:21:05Z,92.5933,103.1776,10.5843,0.0000,0.0000,7.9129,10.3292
2026-08-29T23:21:06Z,92.5933,103.1767,10.5834,0.0000,0.0000,7.9128,10.3292
2026-08-29T23:21:07Z,92.5704,103.2629,10.6926,0.0000,0.0000,7.9128,10.3159
2026-08-29T23:21:08Z,92.5704,103.2620,10.6916,0.0000,0.0000,7.9127,10.3159
2026-08-29T23:21:09Z,92.5841,103.2610,10.6769,0.0000,0.0000,7.9127,10.3159
2026-08-29T23:21:10Z,92.5841,103.2601,10.6759,0.0000,0.0000,7.9126,10.3159
2026-08-29T23:21:11Z,92.5780,103.2591,10.6811,0.0000,0.0000,7.9126,10.3159
2026-08-29T23:21:12Z,92.5780,103.2581,10.6801,0.0000,0.0000,7.9125,10.3159
2026-08-29T23:21:13Z,92.6055,103.2572,10.6517,0.0000,0.0000,7.9125,10.3159
2026-08-29T23:21:14Z,92.6055,103.2562,10.6507,0.0000,0.0000,7.9124,10.3159
2026-08-29T23:21:15Z,92.5612,103.2552,10.6940,0.0000,0.0000,7.9124,10.3159
2026-08-29T23:21:16Z,92.5612,103.2543,10.6930,0.0000,0.0000,7.9124,10.3159
2026-08-29T23:21:17Z,92.5795,103.0615,10.4820,0.0000,0.0000,7.9123,10.3452
2026-08-29T23:21:18Z,92.5795,103.0605,10.4810,0.0000,0.0000,7.9123,10.3452
2026-08-29T23:21:19Z,92.5917,103.2514,10.6596,0.0000,0.0000,7.9122,10.3159
2026-08-29T23:21:20Z,92.5917,103.2504,10.6587,0.0000,0.0000,7.9122,10.3159
2026-08-29T23:21:21Z,92.5795,103.2495,10.6699,0.0000,0.0000,7.9121,10.3159
2026-08-29T23:21:22Z,92.5795,103.2485,10.6690,0.0000,0.0000,7.9121,10.3159
2026-08-29T23:21:23Z,92.5734,103.1603,10.5869,0.0000,0.0000,7.9120,10.3292
2026-08-29T23:21:24Z,92.5734,103.1593,10.5859,0.0000,0.0000,7.9120,10.3292
2026-08-29T23:21:25Z,92.6055,103.1584,10.5529,0.0000,0.0000,7.9119,10.3292
2026-08-29T23:21:26Z,92.6055,103.1574,10.5519,0.0000,0.0000,7.9119,10.3292
2026-08-29T23:21:27Z,92.5689,103.2437,10.6748,0.0000,0.0000,7.9118,10.3159
2026-08-29T23:21:28Z,92.5689,103.2427,10.6739,0.0000,0.0000,7.9118,10.3159
2026-08-29T23:21:29Z,92.5872,103.3291,10.7419,0.0000,0.0000,7.9117,10.3025
2026-08-29T23:21:30Z,92.5872,103.3281,10.7409,0.0000,0.0000,7.9117,10.3025
2026-08-29T23:21:31Z,92.5872,103.1526,10.5654,0.0000,0.0000,7.9117,10.3292
2026-08-29T23:21:32Z,92.5872,103.1516,10.5645,0.0000,0.0000,7.9116,10.3292
2026-08-29T23:21:33Z,92.5841,103.2379,10.6538,0.0000,0.0000,7.9116,10.3159
2026-08-29T23:21:34Z,92.5841,103.2370,10.6528,0.0000,0.0000,7.9115,10.3159
2026-08-29T23:21:35Z,92.5933,103.2360,10.6427,0.0000,0.0000,7.9115,10.3159
2026-08-29T23:21:36Z,92.5933,103.2350,10.6418,0.0000,0.0000,7.9114,10.3159
2026-08-29T23:21:37Z,92.5933,103.1468,10.5536,0.0000,0.0000,7.9114,10.3292
2026-08-29T23:21:38Z,92.5933,103.1459,10.5526,0.0000,0.0000,7.9113,10.3292
2026-08-29T23:21:39Z,92.5795,103.2321,10.6526,0.0000,0.0000,7.9113,10.3159
2026-08-29T23:21:40Z,92.5795,103.2312,10.6516,0.0000,0.0000,7.9112,10.3159
2026-08-29T23:21:41Z,92.5795,103.2302,10.6507,0.0000,0.0000,7.9112,10.3159
2026-08-29T23:21:42Z,92.5795,103.2293,10.6497,0.0000,0.0000,7.9111,10.3159
2026-08-29T23:21:43Z,92.5612,103.2283,10.6671,0.0000,0.0000,7.9111,10.3159
2026-08-29T23:21:44Z,92.5612,103.2273,10.6661,0.0000,0.0000,7.9111,10.3159
2026-08-29T23:21:45Z,92.5795,103.1392,10.5596,0.0000,0.0000,7.9110,10.3292
2026-08-29T23:21:46Z,92.5795,103.1382,10.5587,0.0000,0.0000,7.9110,10.3292
2026-08-29T23:21:47Z,92.6238,103.1372,10.5134,0.0000,0.0000,7.9109,10.3292
2026-08-29T23:21:48Z,92.6238,103.1363,10.5125,0.0000,0.0000,7.9109,10.3292
2026-08-29T23:21:49Z,92.5704,103.2225,10.6521,0.0000,0.0000,7.9108,10.3159
2026-08-29T23:21:50Z,92.5704,103.2216,10.6512,0.0000,0.0000,7.9108,10.3159
2026-08-29T23:21:51Z,92.6055,103.2206,10.6151,0.0000,0.0000,7.9107,10.3159
2026-08-29T23:21:52Z,92.6055,103.2196,10.6142,0.0000,0.0000,7.9107,10.3159
2026-08-29T23:21:53Z,92.5704,103.3060,10.7356,0.0000,0.0000,7.9106,10.3025
2026-08-29T23:21:54Z,92.5704,103.3050,10.7346,0.0000,0.0000,7.9106,10.3025
2026-08-29T23:21:55Z,92.5795,103.2167,10.6372,0.0000,0.0000,7.9105,10.3159
2026-08-29T23:21:56Z,92.5795,103.2158,10.6362,0.0000,0.0000,7.9105,10.3159
2026-08-29T23:21:57Z,92.5658,103.1276,10.5618,0.0000,0.0000,7.9104,10.3292
2026-08-29T23:21:58Z,92.5658,103.1267,10.5609,0.0000,0.0000,7.9104,10.3292
2026-08-29T23:21:59Z,92.5414,103.3002,10.7588,0.0000,0.0000,7.9104,10.3025
2026-08-29T23:22:00Z,92.5414,103.2992,10.7578,0.0000,0.0000,7.9103,10.3025
2026-08-29T23:22:01Z,92.5841,103.2110,10.6269,0.0000,0.0000,7.9103,10.3159
2026-08-29T23:22:02Z,92.5841,103.2100,10.6259,0.0000,0.0000,7.9102,10.3159
2026-08-29T23:22:03Z,92.6009,103.2963,10.6954,0.0000,0.0000,7.9102,10.3025
2026-08-29T23:22:04Z,92.6009,103.2954,10.6945,0.0000,0.0000,7.9101,10.3025
2026-08-29T23:22:05Z,92.5734,103.1199,10.5465,0.0000,0.0000,7.9101,10.3292
2026-08-29T23:22:06Z,92.5734,103.1190,10.5455,0.0000,0.0000,7.9100,10.3292
2026-08-29T23:22:07Z,92.5917,103.2925,10.7007,0.0000,0.0000,7.9100,10.3025
2026-08-29T23:22:08Z,92.5917,103.2915,10.6998,0.0000,0.0000,7.9099,10.3025
2026-08-29T23:22:09Z,92.5872,103.2033,10.6161,0.0000,0.0000,7.9099,10.3159
2026-08-29T23:22:10Z,92.5872,103.2023,10.6152,0.0000,0.0000,7.9098,10.3159
2026-08-29T23:22:11Z,92.5643,103.2886,10.7244,0.0000,0.0000,7.9098,10.3025
2026-08-29T23:22:12Z,92.5643,103.2877,10.7234,0.0000,0.0000,7.9098,10.3025
2026-08-29T23:22:13Z,92.5704,103.1122,10.5419,0.0000,0.0000,7.9097,10.3292
2026-08-29T23:22:14Z,92.5704,103.1113,10.5409,0.0000,0.0000,7.9097,10.3292
2026-08-29T23:22:15Z,92.5551,103.2848,10.7297,0.0000,0.0000,7.9096,10.3025
2026-08-29T23:22:16Z,92.5551,103.2838,10.7287,0.0000,0.0000,7.9096,10.3025
2026-08-29T23:22:17Z,92.5643,103.1084,10.5441,0.0000,0.0000,7.9095,10.3292
2026-08-29T23:22:18Z,92.5643,103.1074,10.5432,0.0000,0.0000,7.9095,10.3292
2026-08-29T23:22:19Z,92.5734,103.1937,10.6202,0.0000,0.0000,7.9094,10.3159
2026-08-29T23:22:20Z,92.5734,103.1927,10.6193,0.0000,0.0000,7.9094,10.3159
2026-08-29T23:22:21Z,92.5704,103.1917,10.6214,0.0000,0.0000,7.9093,10.3159
2026-08-29T23:22:22Z,92.5704,103.1908,10.6204,0.0000,0.0000,7.9093,10.3159
2026-08-29T23:22:23Z,92.5566,103.1898,10.6332,0.0000,0.0000,7.9092,10.3159
2026-08-29T23:22:24Z,92.5566,103.1889,10.6322,0.0000,0.0000,7.9092,10.3159
2026-08-29T23:22:25Z,92.5780,103.1879,10.6099,0.0000,0.0000,7.9091,10.3159
2026-08-29T23:22:26Z,92.5780,103.1869,10.6089,0.0000,0.0000,7.9091,10.3159
2026-08-29T23:22:27Z,92.5429,103.3606,10.8177,0.0000,0.0000,7.9091,10.2892
2026-08-29T23:22:28Z,92.5429,103.3596,10.8167,0.0000,0.0000,7.9090,10.2892
2026-08-29T23:22:29Z,92.5475,103.0969,10.5494,0.0000,0.0000,7.9090,10.3292
2026-08-29T23:22:30Z,92.5475,103.0959,10.5484,0.0000,0.0000,7.9089,10.3292
2026-08-29T23:22:31Z,92.5780,103.1821,10.6041,0.0000,0.0000,7.9089,10.3159
2026-08-29T23:22:32Z,92.5780,103.1812,10.6032,0.0000,0.0000,7.9088,10.3159
2026-08-29T23:22:33Z,92.5658,103.2675,10.7017,0.0000,0.0000,7.9088,10.3025
2026-08-29T23:22:34Z,92.5658,103.2665,10.7007,0.0000,0.0000,7.9087,10.3025
2026-08-29T23:22:35Z,92.5658,103.0911,10.5253,0.0000,0.0000,7.9087,10.3292
2026-08-29T23:22:36Z,92.5658,103.0902,10.5244,0.0000,0.0000,7.9086,10.3292
2026-08-29T23:22:37Z,92.5551,103.0892,10.5341,0.0000,0.0000,7.9086,10.3292
2026-08-29T23:22:38Z,92.5551,103.0882,10.5331,0.0000,0.0000,7.9085,10.3292
2026-08-29T23:22:39Z,92.5612,103.1744,10.6132,0.0000,0.0000,7.9085,10.3159
2026-08-29T23:22:40Z,92.5612,103.1735,10.6123,0.0000,0.0000,7.9085,10.3159
2026-08-29T23:22:41Z,92.5780,103.1725,10.5945,0.0000,0.0000,7.9084,10.3159
2026-08-29T23:22:42Z,92.5780,103.1716,10.5936,0.0000,0.0000,7.9084,10.3159
2026-08-29T23:22:43Z,92.5704,103.3452,10.7748,0.0000,0.0000,7.9083,10.2892
2026-08-29T23:22:44Z,92.5704,103.3442,10.7739,0.0000,0.0000,7.9083,10.2892
2026-08-29T23:22:45Z,92.5917,103.1687,10.5769,0.0000,0.0000,7.9082,10.3159
2026-08-29T23:22:46Z,92.5917,103.1677,10.5760,0.0000,0.0000,7.9082,10.3159
2026-08-29T23:22:47Z,92.5612,103.1668,10.6055,0.0000,0.0000,7.9081,10.3159
2026-08-29T23:22:48Z,92.5612,103.1658,10.6046,0.0000,0.0000,7.9081,10.3159
2026-08-29T23:22:49Z,92.5704,103.1648,10.5945,0.0000,0.0000,7.9080,10.3159
2026-08-29T23:22:50Z,92.5704,103.1639,10.5935,0.0000,0.0000,7.9080,10.3159
2026-08-29T23:22:51Z,92.5612,103.1629,10.6017,0.0000,0.0000,7.9079,10.3159
2026-08-29T23:22:52Z,92.5612,103.1620,10.6007,0.0000,0.0000,7.9079,10.3159
2026-08-29T23:22:53Z,92.5795,103.1610,10.5815,0.0000,0.0000,7.9078,10.3159
2026-08-29T23:22:54Z,92.5795,103.1600,10.5805,0.0000,0.0000,7.9078,10.3159
2026-08-29T23:22:55Z,92.5780,103.1591,10.5811,0.0000,0.0000,7.9078,10.3159
2026-08-29T23:22:56Z,92.5780,103.1581,10.5801,0.0000,0.0000,7.9077,10.3159
2026-08-29T23:22:57Z,92.5566,103.1572,10.6005,0.0000,0.0000,7.9077,10.3159
2026-08-29T23:22:58Z,92.5566,103.1562,10.5995,0.0000,0.0000,7.9076,10.3159
2026-08-29T23:22:59Z,92.5704,103.3298,10.7594,0.0000,0.0000,7.9076,10.2892
2026-08-29T23:23:00Z,92.5704,103.3288,10.7585,0.0000,0.0000,7.9075,10.2892
2026-08-29T23:23:01Z,92.5414,103.1533,10.6119,0.0000,0.0000,7.9075,10.3159
2026-08-29T23:23:02Z,92.5414,103.1524,10.6110,0.0000,0.0000,7.9074,10.3159
2026-08-29T23:23:03Z,92.5338,103.2386,10.7049,0.0000,0.0000,7.9074,10.3025
2026-08-29T23:23:04Z,92.5338,103.2377,10.7039,0.0000,0.0000,7.9073,10.3025
2026-08-29T23:23:05Z,92.5292,103.2367,10.7075,0.0000,0.0000,7.9073,10.3025
2026-08-29T23:23:06Z,92.5292,103.2357,10.7066,0.0000,0.0000,7.9072,10.3025
2026-08-29T23:23:07Z,92.5475,103.2348,10.6873,0.0000,0.0000,7.9072,10.3025
2026-08-29T23:23:08Z,92.5475,103.2338,10.6863,0.0000,0.0000,7.9072,10.3025
2026-08-29T23:23:09Z,92.5505,103.0585,10.5079,0.0000,0.0000,7.9071,10.3292
2026-08-29T23:23:10Z,92.5505,103.0575,10.5070,0.0000,0.0000,7.9071,10.3292
2026-08-29T23:23:11Z,92.5704,103.1437,10.5733,0.0000,0.0000,7.9070,10.3159
2026-08-29T23:23:12Z,92.5704,103.1428,10.5724,0.0000,0.0000,7.9070,10.3159
2026-08-29T23:23:13Z,92.5658,103.2290,10.6632,0.0000,0.0000,7.9069,10.3025
2026-08-29T23:23:14Z,92.5658,103.2281,10.6623,0.0000,0.0000,7.9069,10.3025
2026-08-29T23:23:15Z,92.5734,103.2271,10.6537,0.0000,0.0000,7.9068,10.3025
2026-08-29T23:23:16Z,92.5734,103.2261,10.6527,0.0000,0.0000,7.9068,10.3025
2026-08-29T23:23:17Z,92.5704,103.3125,10.7421,0.0000,0.0000,7.9067,10.2892
2026-08-29T23:23:18Z,92.5704,103.3115,10.7411,0.0000,0.0000,7.9067,10.2892
2026-08-29T23:23:19Z,92.5505,103.0489,10.4983,0.0000,0.0000,7.9066,10.3292
2026-08-29T23:23:20Z,92.5505,103.0479,10.4974,0.0000,0.0000,7.9066,10.3292
2026-08-29T23:23:21Z,92.5429,103.1341,10.5912,0.0000,0.0000,7.9065,10.3159
2026-08-29T23:23:22Z,92.5429,103.1332,10.5902,0.0000,0.0000,7.9065,10.3159
2026-08-29T23:23:23Z,92.5566,103.1322,10.5755,0.0000,0.0000,7.9065,10.3159
2026-08-29T23:23:24Z,92.5566,103.1312,10.5746,0.0000,0.0000,7.9064,10.3159
2026-08-29T23:23:25Z,92.5978,103.0431,10.4453,0.0000,0.0000,7.9064,10.3292
2026-08-29T23:23:26Z,92.5978,103.0422,10.4443,0.0000,0.0000,7.9063,10.3292
2026-08-29T23:23:27Z,92.5505,103.1284,10.5778,0.0000,0.0000,7.9063,10.3159
2026-08-29T23:23:28Z,92.5505,103.1274,10.5768,0.0000,0.0000,7.9062,10.3159
2026-08-29T23:23:29Z,92.5475,103.2137,10.6662,0.0000,0.0000,7.9062,10.3025
2026-08-29T23:23:30Z,92.5475,103.2127,10.6652,0.0000,0.0000,7.9061,10.3025
2026-08-29T23:23:31Z,92.5505,103.2117,10.6612,0.0000,0.0000,7.9061,10.3025
2026-08-29T23:23:32Z,92.5505,103.2108,10.6602,0.0000,0.0000,7.9060,10.3025
2026-08-29T23:23:33Z,92.5780,103.1226,10.5446,0.0000,0.0000,7.9060,10.3159
2026-08-29T23:23:34Z,92.5780,103.1216,10.5436,0.0000,0.0000,7.9059,10.3159
2026-08-29T23:23:35Z,92.5277,103.2079,10.6802,0.0000,0.0000,7.9059,10.3025
2026-08-29T23:23:36Z,92.5277,103.2069,10.6793,0.0000,0.0000,7.9059,10.3025
2026-08-29T23:23:37Z,92.5505,103.0316,10.4811,0.0000,0.0000,7.9058,10.3292
2026-08-29T23:23:38Z,92.5505,103.0307,10.4801,0.0000,0.0000,7.9058,10.3292
2026-08-29T23:23:39Z,92.5841,103.1168,10.5327,0.0000,0.0000,7.9057,10.3159
2026-08-29T23:23:40Z,92.5841,103.1159,10.5318,0.0000,0.0000,7.9057,10.3159
2026-08-29T23:23:41Z,92.5612,103.1149,10.5537,0.0000,0.0000,7.9056,10.3159
2026-08-29T23:23:42Z,92.5612,103.1140,10.5527,0.0000,0.0000,7.9056,10.3159
2026-08-29T23:23:43Z,92.5338,103.2875,10.7537,0.0000,0.0000,7.9055,10.2892
2026-08-29T23:23:44Z,92.5338,103.2865,10.7528,0.0000,0.0000,7.9055,10.2892
2026-08-29T23:23:45Z,92.5505,103.1983,10.6477,0.0000,0.0000,7.9054,10.3025
2026-08-29T23:23:46Z,92.5505,103.1973,10.6468,0.0000,0.0000,7.9054,10.3025
2026-08-29T23:23:47Z,92.5704,103.1092,10.5388,0.0000,0.0000,7.9053,10.3159
2026-08-29T23:23:48Z,92.5704,103.1082,10.5378,0.0000,0.0000,7.9053,10.3159
2026-08-29T23:23:49Z,92.5429,103.1944,10.6515,0.0000,0.0000,7.9052,10.3025
2026-08-29T23:23:50Z,92.5429,103.1935,10.6506,0.0000,0.0000,7.9052,10.3025
2026-08-29T23:23:51Z,92.5338,103.1925,10.6588,0.0000,0.0000,7.9052,10.3025
2026-08-29T23:23:52Z,92.5338,103.1916,10.6578,0.0000,0.0000,7.9051,10.3025
2026-08-29T23:23:53Z,92.5292,103.1034,10.5742,0.0000,0.0000,7.9051,10.3159
2026-08-29T23:23:54Z,92.5292,103.1024,10.5733,0.0000,0.0000,7.9050,10.3159
2026-08-29T23:23:55Z,92.5277,103.1887,10.6610,0.0000,0.0000,7.9050,10.3025
2026-08-29T23:23:56Z,92.5277,103.1877,10.6601,0.0000,0.0000,7.9049,10.3025
2026-08-29T23:23:57Z,92.5246,103.0996,10.5750,0.0000,0.0000,7.9049,10.3159
2026-08-29T23:23:58Z,92.5246,103.0986,10.5740,0.0000,0.0000,7.9048,10.3159
2026-08-29T23:23:59Z,92.5368,103.0977,10.5608,0.0000,0.0000,7.9048,10.3159
2026-08-29T23:24:00Z,92.5368,103.0967,10.5599,0.0000,0.0000,7.9047,10.3159
2026-08-29T23:24:01Z,92.5566,103.1829,10.6263,0.0000,0.0000,7.9047,10.3025
2026-08-29T23:24:02Z,92.5566,103.1820,10.6253,0.0000,0.0000,7.9046,10.3025
2026-08-29T23:24:03Z,92.5185,103.0938,10.5753,0.0000,0.0000,7.9046,10.3159
2026-08-29T23:24:04Z,92.5185,103.0929,10.5744,0.0000,0.0000,7.9046,10.3159
2026-08-29T23:24:05Z,92.5109,103.1791,10.6682,0.0000,0.0000,7.9045,10.3025
2026-08-29T23:24:06Z,92.5109,103.1781,10.6673,0.0000,0.0000,7.9045,10.3025
2026-08-29T23:24:07Z,92.5277,103.1772,10.6495,0.0000,0.0000,7.9044,10.3025
2026-08-29T23:24:08Z,92.5277,103.1762,10.6485,0.0000,0.0000,7.9044,10.3025
2026-08-29T23:24:09Z,92.5475,103.1752,10.6278,0.0000,0.0000,7.9043,10.3025
2026-08-29T23:24:10Z,92.5475,103.1743,10.6268,0.0000,0.0000,7.9043,10.3025
2026-08-29T23:24:11Z,92.5414,103.1733,10.6319,0.0000,0.0000,7.9042,10.3025
2026-08-29T23:24:12Z,92.5414,103.1724,10.6310,0.0000,0.0000,7.9042,10.3025
2026-08-29T23:24:13Z,92.5231,103.1714,10.6483,0.0000,0.0000,7.9041,10.3025
2026-08-29T23:24:14Z,92.5231,103.1704,10.6474,0.0000,0.0000,7.9041,10.3025
2026-08-29T23:24:15Z,92.5505,103.2568,10.7062,0.0000,0.0000,7.9040,10.2892
2026-08-29T23:24:16Z,92.5505,103.2558,10.7052,0.0000,0.0000,7.9040,10.2892
2026-08-29T23:24:17Z,92.5277,103.2548,10.7272,0.0000,0.0000,7.9039,10.2892
2026-08-29T23:24:18Z,92.5277,103.2539,10.7262,0.0000,0.0000,7.9039,10.2892
2026-08-29T23:24:19Z,92.5048,103.0785,10.5737,0.0000,0.0000,7.9039,10.3159
2026-08-29T23:24:20Z,92.5048,103.0775,10.5727,0.0000,0.0000,7.9038,10.3159
2026-08-29T23:24:21Z,92.5429,103.1637,10.6208,0.0000,0.0000,7.9038,10.3025
2026-08-29T23:24:22Z,92.5429,103.1628,10.6199,0.0000,0.0000,7.9037,10.3025
2026-08-29T23:24:23Z,92.5475,103.2491,10.7016,0.0000,0.0000,7.9037,10.2892
2026-08-29T23:24:24Z,92.5475,103.2481,10.7006,0.0000,0.0000,7.9036,10.2892
2026-08-29T23:24:25Z,92.5414,103.1599,10.6185,0.0000,0.0000,7.9036,10.3025
2026-08-29T23:24:26Z,92.5414,103.1589,10.6175,0.0000,0.0000,7.9035,10.3025
2026-08-29T23:24:27Z,92.5277,103.2452,10.7176,0.0000,0.0000,7.9035,10.2892
2026-08-29T23:24:28Z,92.5277,103.2443,10.7166,0.0000,0.0000,7.9034,10.2892
2026-08-29T23:24:29Z,92.5292,103.2433,10.7141,0.0000,0.0000,7.9034,10.2892
2026-08-29T23:24:30Z,92.5292,103.2423,10.7132,0.0000,0.0000,7.9033,10.2892
2026-08-29T23:24:31Z,92.4971,103.1541,10.6570,0.0000,0.0000,7.9033,10.3025
2026-08-29T23:24:32Z,92.4971,103.1532,10.6560,0.0000,0.0000,7.9033,10.3025
2026-08-29T23:24:33Z,92.5368,103.1522,10.6154,0.0000,0.0000,7.9032,10.3025
2026-08-29T23:24:34Z,92.5368,103.1513,10.6144,0.0000,0.0000,7.9032,10.3025
2026-08-29T23:24:35Z,92.5475,103.2375,10.6901,0.0000,0.0000,7.9031,10.2892
2026-08-29T23:24:36Z,92.5475,103.2366,10.6891,0.0000,0.0000,7.9031,10.2892
2026-08-29T23:24:37Z,92.5368,103.3404,10.8036,0.0000,0.0000,7.9030,10.2731
2026-08-29T23:24:38Z,92.5368,103.3395,10.8027,0.0000,0.0000,7.9030,10.2731
2026-08-29T23:24:39Z,92.4880,103.1465,10.6585,0.0000,0.0000,7.9029,10.3025
2026-08-29T23:24:40Z,92.4880,103.1455,10.6575,0.0000,0.0000,7.9029,10.3025
2026-08-29T23:24:41Z,92.4971,103.1445,10.6474,0.0000,0.0000,7.9028,10.3025
2026-08-29T23:24:42Z,92.4971,103.1436,10.6464,0.0000,0.0000,7.9028,10.3025
2026-08-29T23:24:43Z,92.5475,103.1426,10.5951,0.0000,0.0000,7.9027,10.3025
2026-08-29T23:24:44Z,92.5475,103.1417,10.5942,0.0000,0.0000,7.9027,10.3025
2026-08-29T23:24:45Z,92.5414,103.1407,10.5993,0.0000,0.0000,7.9026,10.3025
2026-08-29T23:24:46Z,92.5414,103.1398,10.5984,0.0000,0.0000,7.9026,10.3025
2026-08-29T23:24:47Z,92.5475,103.1388,10.5913,0.0000,0.0000,7.9026,10.3025
2026-08-29T23:24:48Z,92.5475,103.1378,10.5903,0.0000,0.0000,7.9025,10.3025
2026-08-29T23:24:49Z,92.4834,103.1369,10.6535,0.0000,0.0000,7.9025,10.3025
2026-08-29T23:24:50Z,92.4834,103.1359,10.6525,0.0000,0.0000,7.9024,10.3025
2026-08-29T23:24:51Z,92.5048,103.1350,10.6302,0.0000,0.0000,7.9024,10.3025
2026-08-29T23:24:52Z,92.5048,103.1340,10.6292,0.0000,0.0000,7.9023,10.3025
2026-08-29T23:24:53Z,92.5154,103.2203,10.7048,0.0000,0.0000,7.9023,10.2892
2026-08-29T23:24:54Z,92.5154,103.2193,10.7039,0.0000,0.0000,7.9022,10.2892
2026-08-29T23:24:55Z,92.5231,103.0440,10.5209,0.0000,0.0000,7.9022,10.3159
2026-08-29T23:24:56Z,92.5231,103.0430,10.5199,0.0000,0.0000,7.9021,10.3159
2026-08-29T23:24:57Z,92.5292,103.0421,10.5129,0.0000,0.0000,7.9021,10.3159
2026-08-29T23:24:58Z,92.5292,103.0411,10.5119,0.0000,0.0000,7.9020,10.3159
2026-08-29T23:24:59Z,92.5185,103.1273,10.6088,0.0000,0.0000,7.9020,10.3025
2026-08-29T23:25:00Z,92.5185,103.1263,10.6078,0.0000,0.0000,7.9020,10.3025
2026-08-29T23:25:01Z,92.5277,103.2126,10.6849,0.0000,0.0000,7.9019,10.2892
2026-08-29T23:25:02Z,92.5277,103.2116,10.6840,0.0000,0.0000,7.9019,10.2892
2026-08-29T23:25:03Z,92.5231,103.0363,10.5132,0.0000,0.0000,7.9018,10.3159
2026-08-29T23:25:04Z,92.5231,103.0354,10.5123,0.0000,0.0000,7.9018,10.3159
2026-08-29T23:25:05Z,92.4788,103.1215,10.6427,0.0000,0.0000,7.9017,10.3025
2026-08-29T23:25:06Z,92.4788,103.1206,10.6418,0.0000,0.0000,7.9017,10.3025
2026-08-29T23:25:07Z,92.5185,103.1196,10.6011,0.0000,0.0000,7.9016,10.3025
2026-08-29T23:25:08Z,92.5185,103.1187,10.6002,0.0000,0.0000,7.9016,10.3025
2026-08-29T23:25:09Z,92.5231,103.0306,10.5075,0.0000,0.0000,7.9015,10.3159
2026-08-29T23:25:10Z,92.5231,103.0296,10.5065,0.0000,0.0000,7.9015,10.3159
2026-08-29T23:25:11Z,92.5154,103.1158,10.6003,0.0000,0.0000,7.9014,10.3025
2026-08-29T23:25:12Z,92.5154,103.1148,10.5994,0.0000,0.0000,7.9014,10.3025
2026-08-29T23:25:13Z,92.5048,103.3059,10.8011,0.0000,0.0000,7.9013,10.2731
2026-08-29T23:25:14Z,92.5048,103.3049,10.8001,0.0000,0.0000,7.9013,10.2731
2026-08-29T23:25:15Z,92.5109,103.1120,10.6011,0.0000,0.0000,7.9013,10.3025
2026-08-29T23:25:16Z,92.5109,103.1110,10.6001,0.0000,0.0000,7.9012,10.3025
2026-08-29T23:25:17Z,92.5185,103.0229,10.5044,0.0000,0.0000,7.9012,10.3159
2026-08-29T23:25:18Z,92.5185,103.0220,10.5035,0.0000,0.0000,7.9011,10.3159
2026-08-29T23:25:19Z,92.4880,103.1081,10.6201,0.0000,0.0000,7.9011,10.3025
2026-08-29T23:25:20Z,92.4880,103.1072,10.6192,0.0000,0.0000,7.9010,10.3025
2026-08-29T23:25:21Z,92.4971,103.1934,10.6963,0.0000,0.0000,7.9010,10.2892
2026-08-29T23:25:22Z,92.4971,103.1925,10.6953,0.0000,0.0000,7.9009,10.2892
2026-08-29T23:25:23Z,92.5277,103.1915,10.6638,0.0000,0.0000,7.9009,10.2892
2026-08-29T23:25:24Z,92.5277,103.1905,10.6629,0.0000,0.0000,7.9008,10.2892
2026-08-29T23:25:25Z,92.5277,103.1896,10.6619,0.0000,0.0000,7.9008,10.2892
2026-08-29T23:25:26Z,92.5277,103.1886,10.6610,0.0000,0.0000,7.9007,10.2892
2026-08-29T23:25:27Z,92.4971,103.1877,10.6905,0.0000,0.0000,7.9007,10.2892
2026-08-29T23:25:28Z,92.4971,103.1867,10.6896,0.0000,0.0000,7.9007,10.2892
2026-08-29T23:25:29Z,92.5154,102.9244,10.4089,0.0000,0.0000,7.9006,10.3292
2026-08-29T23:25:30Z,92.5154,102.9234,10.4080,0.0000,0.0000,7.9006,10.3292
2026-08-29T23:25:31Z,92.5154,103.1838,10.6684,0.0000,0.0000,7.9005,10.2892
2026-08-29T23:25:32Z,92.5154,103.1829,10.6674,0.0000,0.0000,7.9005,10.2892
2026-08-29T23:25:33Z,92.4834,103.1819,10.6985,0.0000,0.0000,7.9004,10.2892
2026-08-29T23:25:34Z,92.4834,103.1810,10.6975,0.0000,0.0000,7.9004,10.2892
2026-08-29T23:25:35Z,92.4788,103.2847,10.8059,0.0000,0.0000,7.9003,10.2731
2026-08-29T23:25:36Z,92.4788,103.2838,10.8050,0.0000,0.0000,7.9003,10.2731
2026-08-29T23:25:37Z,92.4788,103.0909,10.6121,0.0000,0.0000,7.9002,10.3025
2026-08-29T23:25:38Z,92.4788,103.0899,10.6111,0.0000,0.0000,7.9002,10.3025
2026-08-29T23:25:39Z,92.5017,103.0019,10.5001,0.0000,0.0000,7.9001,10.3159
2026-08-29T23:25:40Z,92.5017,103.0009,10.4992,0.0000,0.0000,7.9001,10.3159
2026-08-29T23:25:41Z,92.5185,103.1742,10.6557,0.0000,0.0000,7.9000,10.2892
2026-08-29T23:25:42Z,92.5185,103.1733,10.6548,0.0000,0.0000,7.9000,10.2892
2026-08-29T23:25:43Z,92.4971,103.1723,10.6752,0.0000,0.0000,7.9000,10.2892
2026-08-29T23:25:44Z,92.4971,103.1714,10.6742,0.0000,0.0000,7.8999,10.2892
2026-08-29T23:25:45Z,92.5017,103.0832,10.5815,0.0000,0.0000,7.8999,10.3025
2026-08-29T23:25:46Z,92.5017,103.0823,10.5805,0.0000,0.0000,7.8998,10.3025
2026-08-29T23:25:47Z,92.4590,103.1685,10.7095,0.0000,0.0000,7.8998,10.2892
2026-08-29T23:25:48Z,92.4590,103.1675,10.7085,0.0000,0.0000,7.8997,10.2892
2026-08-29T23:25:49Z,92.5109,103.1666,10.6557,0.0000,0.0000,7.8997,10.2892
2026-08-29T23:25:50Z,92.5109,103.1656,10.6547,0.0000,0.0000,7.8996,10.2892
2026-08-29T23:25:51Z,92.4956,103.1647,10.6690,0.0000,0.0000,7.8996,10.2892
2026-08-29T23:25:52Z,92.4956,103.1637,10.6681,0.0000,0.0000,7.8995,10.2892
2026-08-29T23:25:53Z,92.5292,103.1627,10.6336,0.0000,0.0000,7.8995,10.2892
2026-08-29T23:25:54Z,92.5292,103.1618,10.6326,0.0000,0.0000,7.8994,10.2892
2026-08-29T23:25:55Z,92.4880,103.1608,10.6728,0.0000,0.0000,7.8994,10.2892
2026-08-29T23:25:56Z,92.4880,103.1599,10.6719,0.0000,0.0000,7.8994,10.2892
2026-08-29T23:25:57Z,92.4834,103.0717,10.5883,0.0000,0.0000,7.8993,10.3025
2026-08-29T23:25:58Z,92.4834,103.0708,10.5874,0.0000,0.0000,7.8993,10.3025
2026-08-29T23:25:59Z,92.4788,103.0698,10.5910,0.0000,0.0000,7.8992,10.3025
2026-08-29T23:26:00Z,92.4788,103.0689,10.5900,0.0000,0.0000,7.8992,10.3025
2026-08-29T23:26:01Z,92.4834,103.0679,10.5845,0.0000,0.0000,7.8991,10.3025
2026-08-29T23:26:02Z,92.4834,103.0669,10.5835,0.0000,0.0000,7.8991,10.3025
2026-08-29T23:26:03Z,92.4834,103.1532,10.6698,0.0000,0.0000,7.8990,10.2892
2026-08-29T23:26:04Z,92.4834,103.1522,10.6688,0.0000,0.0000,7.8990,10.2892
2026-08-29T23:26:05Z,92.5017,103.0641,10.5624,0.0000,0.0000,7.8989,10.3025
2026-08-29T23:26:06Z,92.5017,103.0631,10.5614,0.0000,0.0000,7.8989,10.3025
2026-08-29T23:26:07Z,92.4697,103.1493,10.6797,0.0000,0.0000,7.8988,10.2892
2026-08-29T23:26:08Z,92.4697,103.1484,10.6787,0.0000,0.0000,7.8988,10.2892
2026-08-29T23:26:09Z,92.4788,103.1474,10.6686,0.0000,0.0000,7.8987,10.2892
2026-08-29T23:26:10Z,92.4788,103.1465,10.6676,0.0000,0.0000,7.8987,10.2892
2026-08-29T23:26:11Z,92.4834,103.2502,10.7668,0.0000,0.0000,7.8987,10.2731
2026-08-29T23:26:12Z,92.4834,103.2493,10.7658,0.0000,0.0000,7.8986,10.2731
2026-08-29T23:26:13Z,92.4788,103.1436,10.6648,0.0000,0.0000,7.8986,10.2892
2026-08-29T23:26:14Z,92.4788,103.1426,10.6638,0.0000,0.0000,7.8985,10.2892
2026-08-29T23:26:15Z,92.4834,103.0545,10.5711,0.0000,0.0000,7.8985,10.3025
2026-08-29T23:26:16Z,92.4834,103.0535,10.5701,0.0000,0.0000,7.8984,10.3025
2026-08-29T23:26:17Z,92.5017,103.0526,10.5509,0.0000,0.0000,7.8984,10.3025
2026-08-29T23:26:18Z,92.5017,103.0516,10.5499,0.0000,0.0000,7.8983,10.3025
2026-08-29T23:26:19Z,92.4880,103.0507,10.5627,0.0000,0.0000,7.8983,10.3025
2026-08-29T23:26:20Z,92.4880,103.0497,10.5617,0.0000,0.0000,7.8982,10.3025
2026-08-29T23:26:21Z,92.4819,103.1359,10.6540,0.0000,0.0000,7.8982,10.2892
2026-08-29T23:26:22Z,92.4819,103.1350,10.6531,0.0000,0.0000,7.8981,10.2892
2026-08-29T23:26:23Z,92.4880,103.0468,10.5589,0.0000,0.0000,7.8981,10.3025
2026-08-29T23:26:24Z,92.4880,103.0459,10.5579,0.0000,0.0000,7.8981,10.3025
2026-08-29T23:26:25Z,92.4651,103.2368,10.7717,0.0000,0.0000,7.8980,10.2731
2026-08-29T23:26:26Z,92.4651,103.2358,10.7707,0.0000,0.0000,7.8980,10.2731
2026-08-29T23:26:27Z,92.5185,103.2349,10.7164,0.0000,0.0000,7.8979,10.2731
2026-08-29T23:26:28Z,92.5185,103.2339,10.7154,0.0000,0.0000,7.8979,10.2731
2026-08-29T23:26:29Z,92.5185,103.1283,10.6098,0.0000,0.0000,7.8978,10.2892
2026-08-29T23:26:30Z,92.5185,103.1273,10.6088,0.0000,0.0000,7.8978,10.2892
2026-08-29T23:26:31Z,92.4788,103.0392,10.5604,0.0000,0.0000,7.8977,10.3025
2026-08-29T23:26:32Z,92.4788,103.0382,10.5594,0.0000,0.0000,7.8977,10.3025
2026-08-29T23:26:33Z,92.4743,103.1244,10.6502,0.0000,0.0000,7.8976,10.2892
2026-08-29T23:26:34Z,92.4743,103.1235,10.6492,0.0000,0.0000,7.8976,10.2892
2026-08-29T23:26:35Z,92.4636,103.1225,10.6589,0.0000,0.0000,7.8975,10.2892
2026-08-29T23:26:36Z,92.4636,103.1216,10.6580,0.0000,0.0000,7.8975,10.2892
2026-08-29T23:26:37Z,92.4956,102.9464,10.4508,0.0000,0.0000,7.8974,10.3159
2026-08-29T23:26:38Z,92.4956,102.9454,10.4498,0.0000,0.0000,7.8974,10.3159
2026-08-29T23:26:39Z,92.5017,103.2234,10.7217,0.0000,0.0000,7.8974,10.2731
2026-08-29T23:26:40Z,92.5017,103.2224,10.7207,0.0000,0.0000,7.8973,10.2731
2026-08-29T23:26:41Z,92.4971,103.0296,10.5325,0.0000,0.0000,7.8973,10.3025
2026-08-29T23:26:42Z,92.4971,103.0287,10.5315,0.0000,0.0000,7.8972,10.3025
2026-08-29T23:26:43Z,92.4590,103.1149,10.6559,0.0000,0.0000,7.8972,10.2892
2026-08-29T23:26:44Z,92.4590,103.1139,10.6549,0.0000,0.0000,7.8971,10.2892
2026-08-29T23:26:45Z,92.4453,103.0258,10.5805,0.0000,0.0000,7.8971,10.3025
2026-08-29T23:26:46Z,92.4453,103.0248,10.5796,0.0000,0.0000,7.8970,10.3025
2026-08-29T23:26:47Z,92.4834,103.0239,10.5405,0.0000,0.0000,7.8970,10.3025
2026-08-29T23:26:48Z,92.4834,103.0229,10.5395,0.0000,0.0000,7.8969,10.3025
2026-08-29T23:26:49Z,92.4697,103.1091,10.6394,0.0000,0.0000,7.8969,10.2892
2026-08-29T23:26:50Z,92.4697,103.1082,10.6385,0.0000,0.0000,7.8968,10.2892
2026-08-29T23:26:51Z,92.4651,103.0201,10.5550,0.0000,0.0000,7.8968,10.3025
2026-08-29T23:26:52Z,92.4651,103.0191,10.5540,0.0000,0.0000,7.8968,10.3025
2026-08-29T23:26:53Z,92.4407,103.0182,10.5775,0.0000,0.0000,7.8967,10.3025
2026-08-29T23:26:54Z,92.4407,103.0172,10.5765,0.0000,0.0000,7.8967,10.3025
2026-08-29T23:26:55Z,92.5017,103.2080,10.7063,0.0000,0.0000,7.8966,10.2731
2026-08-29T23:26:56Z,92.5017,103.2071,10.7054,0.0000,0.0000,7.8966,10.2731
2026-08-29T23:26:57Z,92.4559,103.2061,10.7502,0.0000,0.0000,7.8965,10.2731
2026-08-29T23:26:58Z,92.4559,103.2052,10.7492,0.0000,0.0000,7.8965,10.2731
2026-08-29T23:26:59Z,92.4697,103.2042,10.7345,0.0000,0.0000,7.8964,10.2731
2026-08-29T23:27:00Z,92.4697,103.2033,10.7336,0.0000,0.0000,7.8964,10.2731
2026-08-29T23:27:01Z,92.4514,103.2023,10.7509,0.0000,0.0000,7.8963,10.2731
2026-08-29T23:27:02Z,92.4514,103.2013,10.7500,0.0000,0.0000,7.8963,10.2731
2026-08-29T23:27:03Z,92.4590,103.0957,10.6367,0.0000,0.0000,7.8962,10.2892
2026-08-29T23:27:04Z,92.4590,103.0948,10.6358,0.0000,0.0000,7.8962,10.2892
2026-08-29T23:27:05Z,92.4651,103.0067,10.5416,0.0000,0.0000,7.8961,10.3025
2026-08-29T23:27:06Z,92.4651,103.0057,10.5406,0.0000,0.0000,7.8961,10.3025
2026-08-29T23:27:07Z,92.4956,103.0919,10.5963,0.0000,0.0000,7.8961,10.2892
2026-08-29T23:27:08Z,92.4956,103.0909,10.5953,0.0000,0.0000,7.8960,10.2892
2026-08-29T23:27:09Z,92.4697,103.0029,10.5332,0.0000,0.0000,7.8960,10.3025
2026-08-29T23:27:10Z,92.4697,103.0019,10.5322,0.0000,0.0000,7.8959,10.3025
2026-08-29T23:27:11Z,92.4407,103.0881,10.6474,0.0000,0.0000,7.8959,10.2892
2026-08-29T23:27:12Z,92.4407,103.0871,10.6464,0.0000,0.0000,7.8958,10.2892
2026-08-29T23:27:13Z,92.4788,103.0862,10.6073,0.0000,0.0000,7.8958,10.2892
2026-08-29T23:27:14Z,92.4788,103.0852,10.6064,0.0000,0.0000,7.8957,10.2892
2026-08-29T23:27:15Z,92.4651,103.0842,10.6191,0.0000,0.0000,7.8957,10.2892
2026-08-29T23:27:16Z,92.4651,103.0833,10.6182,0.0000,0.0000,7.8956,10.2892
2026-08-29T23:27:17Z,92.4285,103.1870,10.7585,0.0000,0.0000,7.8956,10.2731
2026-08-29T23:27:18Z,92.4285,103.1860,10.7575,0.0000,0.0000,7.8955,10.2731
2026-08-29T23:27:19Z,92.4727,103.1851,10.7123,0.0000,0.0000,7.8955,10.2731
2026-08-29T23:27:20Z,92.4727,103.1841,10.7114,0.0000,0.0000,7.8955,10.2731
2026-08-29T23:27:21Z,92.4788,102.9914,10.5126,0.0000,0.0000,7.8954,10.3025
2026-08-29T23:27:22Z,92.4788,102.9904,10.5116,0.0000,0.0000,7.8954,10.3025
2026-08-29T23:27:23Z,92.4697,103.1812,10.7116,0.0000,0.0000,7.8953,10.2731
2026-08-29T23:27:24Z,92.4697,103.1803,10.7106,0.0000,0.0000,7.8953,10.2731
2026-08-29T23:27:25Z,92.4590,103.0747,10.6157,0.0000,0.0000,7.8952,10.2892
2026-08-29T23:27:26Z,92.4590,103.0737,10.6147,0.0000,0.0000,7.8952,10.2892
2026-08-29T23:27:27Z,92.4651,103.1774,10.7123,0.0000,0.0000,7.8951,10.2731
2026-08-29T23:27:28Z,92.4651,103.1764,10.7114,0.0000,0.0000,7.8951,10.2731
2026-08-29T23:27:29Z,92.4498,103.0709,10.6210,0.0000,0.0000,7.8950,10.2892
2026-08-29T23:27:30Z,92.4498,103.0699,10.6201,0.0000,0.0000,7.8950,10.2892
2026-08-29T23:27:31Z,92.4361,102.9818,10.5457,0.0000,0.0000,7.8949,10.3025
2026-08-29T23:27:32Z,92.4361,102.9809,10.5448,0.0000,0.0000,7.8949,10.3025
2026-08-29T23:27:33Z,92.4956,102.9799,10.4843,0.0000,0.0000,7.8949,10.3025
2026-08-29T23:27:34Z,92.4956,102.9790,10.4834,0.0000,0.0000,7.8948,10.3025
2026-08-29T23:27:35Z,92.4651,103.0651,10.6000,0.0000,0.0000,7.8948,10.2892
2026-08-29T23:27:36Z,92.4651,103.0642,10.5991,0.0000,0.0000,7.8947,10.2892
2026-08-29T23:27:37Z,92.4956,103.0632,10.5676,0.0000,0.0000,7.8947,10.2892
2026-08-29T23:27:38Z,92.4956,103.0623,10.5666,0.0000,0.0000,7.8946,10.2892
2026-08-29T23:27:39Z,92.4559,103.0613,10.6054,0.0000,0.0000,7.8946,10.2892
2026-08-29T23:27:40Z,92.4559,103.0603,10.6044,0.0000,0.0000,7.8945,10.2892
2026-08-29T23:27:41Z,92.4361,102.9723,10.5362,0.0000,0.0000,7.8945,10.3025
2026-08-29T23:27:42Z,92.4361,102.9713,10.5352,0.0000,0.0000,7.8944,10.3025
2026-08-29T23:27:43Z,92.4651,103.1621,10.6970,0.0000,0.0000,7.8944,10.2731
2026-08-29T23:27:44Z,92.4651,103.1611,10.6960,0.0000,0.0000,7.8943,10.2731
2026-08-29T23:27:45Z,92.4697,102.9685,10.4988,0.0000,0.0000,7.8943,10.3025
2026-08-29T23:27:46Z,92.4697,102.9675,10.4978,0.0000,0.0000,7.8942,10.3025
2026-08-29T23:27:47Z,92.4407,102.7926,10.3519,0.0000,0.0000,7.8942,10.3292
2026-08-29T23:27:48Z,92.4407,102.7917,10.3510,0.0000,0.0000,7.8942,10.3292
2026-08-29T23:27:49Z,92.4514,103.2611,10.8097,0.0000,0.0000,7.8941,10.2571
2026-08-29T23:27:50Z,92.4514,103.2601,10.8088,0.0000,0.0000,7.8941,10.2571
2026-08-29T23:27:51Z,92.4590,103.1544,10.6955,0.0000,0.0000,7.8940,10.2731
2026-08-29T23:27:52Z,92.4590,103.1535,10.6945,0.0000,0.0000,7.8940,10.2731
2026-08-29T23:27:53Z,92.4910,103.1525,10.6615,0.0000,0.0000,7.8939,10.2731
2026-08-29T23:27:54Z,92.4910,103.1516,10.6605,0.0000,0.0000,7.8939,10.2731
2026-08-29T23:27:55Z,92.4453,102.9589,10.5137,0.0000,0.0000,7.8938,10.3025
2026-08-29T23:27:56Z,92.4453,102.9580,10.5127,0.0000,0.0000,7.8938,10.3025
2026-08-29T23:27:57Z,92.4697,103.0441,10.5744,0.0000,0.0000,7.8937,10.2892
2026-08-29T23:27:58Z,92.4697,103.0431,10.5735,0.0000,0.0000,7.8937,10.2892
2026-08-29T23:27:59Z,92.4453,103.0422,10.5969,0.0000,0.0000,7.8936,10.2892
2026-08-29T23:28:00Z,92.4453,103.0412,10.5960,0.0000,0.0000,7.8936,10.2892
2026-08-29T23:28:01Z,92.4514,103.1449,10.6935,0.0000,0.0000,7.8936,10.2731
2026-08-29T23:28:02Z,92.4514,103.1439,10.6926,0.0000,0.0000,7.8935,10.2731
2026-08-29T23:28:03Z,92.4559,103.0384,10.5824,0.0000,0.0000,7.8935,10.2892
2026-08-29T23:28:04Z,92.4559,103.0374,10.5815,0.0000,0.0000,7.8934,10.2892
2026-08-29T23:28:05Z,92.4514,102.8624,10.4110,0.0000,0.0000,7.8934,10.3159
2026-08-29T23:28:06Z,92.4514,102.8614,10.4101,0.0000,0.0000,7.8933,10.3159
2026-08-29T23:28:07Z,92.4727,103.0345,10.5618,0.0000,0.0000,7.8933,10.2892
2026-08-29T23:28:08Z,92.4727,103.0336,10.5609,0.0000,0.0000,7.8932,10.2892
2026-08-29T23:28:09Z,92.4407,102.9456,10.5049,0.0000,0.0000,7.8932,10.3025
2026-08-29T23:28:10Z,92.4407,102.9446,10.5039,0.0000,0.0000,7.8931,10.3025
2026-08-29T23:28:11Z,92.4590,103.1353,10.6763,0.0000,0.0000,7.8931,10.2731
2026-08-29T23:28:12Z,92.4590,103.1344,10.6754,0.0000,0.0000,7.8930,10.2731
2026-08-29T23:28:13Z,92.4514,103.1334,10.6820,0.0000,0.0000,7.8930,10.2731
2026-08-29T23:28:14Z,92.4514,103.1324,10.6811,0.0000,0.0000,7.8929,10.2731
2026-08-29T23:28:15Z,92.4498,103.0269,10.5771,0.0000,0.0000,7.8929,10.2892
2026-08-29T23:28:16Z,92.4498,103.0259,10.5761,0.0000,0.0000,7.8929,10.2892
2026-08-29T23:28:17Z,92.4269,103.0250,10.5980,0.0000,0.0000,7.8928,10.2892
2026-08-29T23:28:18Z,92.4269,103.0240,10.5971,0.0000,0.0000,7.8928,10.2892
2026-08-29T23:28:19Z,92.4361,103.0231,10.5870,0.0000,0.0000,7.8927,10.2892
2026-08-29T23:28:20Z,92.4361,103.0221,10.5860,0.0000,0.0000,7.8927,10.2892
2026-08-29T23:28:21Z,92.4361,102.9341,10.4980,0.0000,0.0000,7.8926,10.3025
2026-08-29T23:28:22Z,92.4361,102.9332,10.4970,0.0000,0.0000,7.8926,10.3025
2026-08-29T23:28:23Z,92.4361,103.1238,10.6877,0.0000,0.0000,7.8925,10.2731
2026-08-29T23:28:24Z,92.4361,103.1229,10.6868,0.0000,0.0000,7.8925,10.2731
2026-08-29T23:28:25Z,92.4331,103.2266,10.7936,0.0000,0.0000,7.8924,10.2571
2026-08-29T23:28:26Z,92.4331,103.2257,10.7926,0.0000,0.0000,7.8924,10.2571
2026-08-29T23:28:27Z,92.4193,102.9284,10.5091,0.0000,0.0000,7.8923,10.3025
2026-08-29T23:28:28Z,92.4193,102.9274,10.5081,0.0000,0.0000,7.8923,10.3025
2026-08-29T23:28:29Z,92.4361,103.0135,10.5774,0.0000,0.0000,7.8923,10.2892
2026-08-29T23:28:30Z,92.4361,103.0126,10.5765,0.0000,0.0000,7.8922,10.2892
2026-08-29T23:28:31Z,92.4285,103.0116,10.5831,0.0000,0.0000,7.8922,10.2892
2026-08-29T23:28:32Z,92.4285,103.0107,10.5822,0.0000,0.0000,7.8921,10.2892
2026-08-29T23:28:33Z,92.4147,102.9227,10.5079,0.0000,0.0000,7.8921,10.3025
2026-08-29T23:28:34Z,92.4147,102.9217,10.5070,0.0000,0.0000,7.8920,10.3025
2026-08-29T23:28:35Z,92.4193,103.1124,10.6931,0.0000,0.0000,7.8920,10.2731
2026-08-29T23:28:36Z,92.4193,103.1114,10.6921,0.0000,0.0000,7.8919,10.2731
2026-08-29T23:28:37Z,92.4361,102.9188,10.4827,0.0000,0.0000,7.8919,10.3025
2026-08-29T23:28:38Z,92.4361,102.9179,10.4818,0.0000,0.0000,7.8918,10.3025
2026-08-29T23:28:39Z,92.4269,103.0040,10.5770,0.0000,0.0000,7.8918,10.2892
2026-08-29T23:28:40Z,92.4269,103.0030,10.5761,0.0000,0.0000,7.8917,10.2892
2026-08-29T23:28:41Z,92.4361,103.0021,10.5660,0.0000,0.0000,7.8917,10.2892
2026-08-29T23:28:42Z,92.4361,103.0011,10.5650,0.0000,0.0000,7.8916,10.2892
2026-08-29T23:28:43Z,92.4407,103.2967,10.8561,0.0000,0.0000,7.8916,10.2438
2026-08-29T23:28:44Z,92.4407,103.2958,10.8551,0.0000,0.0000,7.8916,10.2438
2026-08-29T23:28:45Z,92.4407,103.1028,10.6621,0.0000,0.0000,7.8915,10.2731
2026-08-29T23:28:46Z,92.4407,103.1019,10.6612,0.0000,0.0000,7.8915,10.2731
2026-08-29T23:28:47Z,92.4361,102.9093,10.4732,0.0000,0.0000,7.8914,10.3025
2026-08-29T23:28:48Z,92.4361,102.9084,10.4722,0.0000,0.0000,7.8914,10.3025
2026-08-29T23:28:49Z,92.4361,102.9074,10.4713,0.0000,0.0000,7.8913,10.3025
2026-08-29T23:28:50Z,92.4361,102.9064,10.4703,0.0000,0.0000,7.8913,10.3025
2026-08-29T23:28:51Z,92.4132,103.0971,10.6839,0.0000,0.0000,7.8912,10.2731
2026-08-29T23:28:52Z,92.4132,103.0961,10.6829,0.0000,0.0000,7.8912,10.2731
2026-08-29T23:28:53Z,92.4727,102.9906,10.5179,0.0000,0.0000,7.8911,10.2892
2026-08-29T23:28:54Z,92.4727,102.9897,10.5169,0.0000,0.0000,7.8911,10.2892
2026-08-29T23:28:55Z,92.4331,102.9017,10.4686,0.0000,0.0000,7.8910,10.3025
2026-08-29T23:28:56Z,92.4331,102.9007,10.4677,0.0000,0.0000,7.8910,10.3025
2026-08-29T23:28:57Z,92.4636,103.0914,10.6278,0.0000,0.0000,7.8910,10.2731
2026-08-29T23:28:58Z,92.4636,103.0904,10.6268,0.0000,0.0000,7.8909,10.2731
2026-08-29T23:28:59Z,92.4514,102.9849,10.5335,0.0000,0.0000,7.8909,10.2892
2026-08-29T23:29:00Z,92.4514,102.9839,10.5326,0.0000,0.0000,7.8908,10.2892
2026-08-29T23:29:01Z,92.4086,103.0875,10.6789,0.0000,0.0000,7.8908,10.2731
2026-08-29T23:29:02Z,92.4086,103.0866,10.6779,0.0000,0.0000,7.8907,10.2731
2026-08-29T23:29:03Z,92.4147,102.9811,10.5663,0.0000,0.0000,7.8907,10.2892
2026-08-29T23:29:04Z,92.4147,102.9801,10.5654,0.0000,0.0000,7.8906,10.2892
2026-08-29T23:29:05Z,92.4453,102.9792,10.5339,0.0000,0.0000,7.8906,10.2892
2026-08-29T23:29:06Z,92.4453,102.9782,10.5330,0.0000,0.0000,7.8905,10.2892
2026-08-29T23:29:07Z,92.4193,102.9773,10.5579,0.0000,0.0000,7.8905,10.2892
2026-08-29T23:29:08Z,92.4193,102.9763,10.5570,0.0000,0.0000,7.8904,10.2892
2026-08-29T23:29:09Z,92.4361,103.0799,10.6438,0.0000,0.0000,7.8904,10.2731
2026-08-29T23:29:10Z,92.4361,103.0789,10.6428,0.0000,0.0000,7.8903,10.2731
2026-08-29T23:29:11Z,92.4102,102.9734,10.5633,0.0000,0.0000,7.8903,10.2892
2026-08-29T23:29:12Z,92.4102,102.9725,10.5623,0.0000,0.0000,7.8903,10.2892
2026-08-29T23:29:13Z,92.4361,102.9715,10.5354,0.0000,0.0000,7.8902,10.2892
2026-08-29T23:29:14Z,92.4361,102.9706,10.5345,0.0000,0.0000,7.8902,10.2892
2026-08-29T23:29:15Z,92.4224,102.9696,10.5473,0.0000,0.0000,7.8901,10.2892
2026-08-29T23:29:16Z,92.4224,102.9687,10.5463,0.0000,0.0000,7.8901,10.2892
2026-08-29T23:29:17Z,92.4453,102.9677,10.5225,0.0000,0.0000,7.8900,10.2892
2026-08-29T23:29:18Z,92.4453,102.9668,10.5215,0.0000,0.0000,7.8900,10.2892
2026-08-29T23:29:19Z,92.4514,103.0703,10.6190,0.0000,0.0000,7.8899,10.2731
2026-08-29T23:29:20Z,92.4514,103.0694,10.6180,0.0000,0.0000,7.8899,10.2731
2026-08-29T23:29:21Z,92.4422,102.8769,10.4347,0.0000,0.0000,7.8898,10.3025
2026-08-29T23:29:22Z,92.4422,102.8759,10.4337,0.0000,0.0000,7.8898,10.3025
2026-08-29T23:29:23Z,92.4132,102.9620,10.5488,0.0000,0.0000,7.8897,10.2892
2026-08-29T23:29:24Z,92.4132,102.9610,10.5478,0.0000,0.0000,7.8897,10.2892
2026-08-29T23:29:25Z,92.4269,103.0646,10.6377,0.0000,0.0000,7.8897,10.2731
2026-08-29T23:29:26Z,92.4269,103.0637,10.6367,0.0000,0.0000,7.8896,10.2731
2026-08-29T23:29:27Z,92.4361,102.9582,10.5221,0.0000,0.0000,7.8896,10.2892
2026-08-29T23:29:28Z,92.4361,102.9572,10.5211,0.0000,0.0000,7.8895,10.2892
2026-08-29T23:29:29Z,92.4453,103.0608,10.6155,0.0000,0.0000,7.8895,10.2731
2026-08-29T23:29:30Z,92.4453,103.0598,10.6146,0.0000,0.0000,7.8894,10.2731
2026-08-29T23:29:31Z,92.4224,102.9544,10.5320,0.0000,0.0000,7.8894,10.2892
2026-08-29T23:29:32Z,92.4224,102.9534,10.5311,0.0000,0.0000,7.8893,10.2892
2026-08-29T23:29:33Z,92.4285,102.9525,10.5240,0.0000,0.0000,7.8893,10.2892
2026-08-29T23:29:34Z,92.4285,102.9515,10.5230,0.0000,0.0000,7.8892,10.2892
2026-08-29T23:29:35Z,92.3949,102.9506,10.5557,0.0000,0.0000,7.8892,10.2892
2026-08-29T23:29:36Z,92.3949,102.9496,10.5547,0.0000,0.0000,7.8891,10.2892
2026-08-29T23:29:37Z,92.4269,102.8617,10.4347,0.0000,0.0000,7.8891,10.3025
2026-08-29T23:29:38Z,92.4269,102.8607,10.4338,0.0000,0.0000,7.8891,10.3025
2026-08-29T23:29:39Z,92.4269,102.9467,10.5198,0.0000,0.0000,7.8890,10.2892
2026-08-29T23:29:40Z,92.4269,102.9458,10.5188,0.0000,0.0000,7.8890,10.2892
2026-08-29T23:29:41Z,92.4193,102.9448,10.5255,0.0000,0.0000,7.8889,10.2892
2026-08-29T23:29:42Z,92.4193,102.9439,10.5246,0.0000,0.0000,7.8889,10.2892
2026-08-29T23:29:43Z,92.4285,102.9429,10.5145,0.0000,0.0000,7.8888,10.2892
2026-08-29T23:29:44Z,92.4285,102.9420,10.5135,0.0000,0.0000,7.8888,10.2892
2026-08-29T23:29:45Z,92.4193,103.0455,10.6262,0.0000,0.0000,7.8887,10.2731
2026-08-29T23:29:46Z,92.4193,103.0446,10.6253,0.0000,0.0000,7.8887,10.2731
2026-08-29T23:29:47Z,92.4331,102.9391,10.5061,0.0000,0.0000,7.8886,10.2892
2026-08-29T23:29:48Z,92.4331,102.9382,10.5051,0.0000,0.0000,7.8886,10.2892
2026-08-29T23:29:49Z,92.4285,102.8502,10.4218,0.0000,0.0000,7.8885,10.3025
2026-08-29T23:29:50Z,92.4285,102.8493,10.4208,0.0000,0.0000,7.8885,10.3025
2026-08-29T23:29:51Z,92.4331,103.0398,10.6068,0.0000,0.0000,7.8884,10.2731
2026-08-29T23:29:52Z,92.4331,103.0389,10.6058,0.0000,0.0000,7.8884,10.2731
2026-08-29T23:29:53Z,92.4498,102.8464,10.3966,0.0000,0.0000,7.8884,10.3025
2026-08-29T23:29:54Z,92.4498,102.8455,10.3956,0.0000,0.0000,7.8883,10.3025
2026-08-29T23:29:55Z,92.4269,102.9315,10.5046,0.0000,0.0000,7.8883,10.2892
2026-08-29T23:29:56Z,92.4269,102.9305,10.5036,0.0000,0.0000,7.8882,10.2892
2026-08-29T23:29:57Z,92.4269,102.8426,10.4157,0.0000,0.0000,7.8882,10.3025
2026-08-29T23:29:58Z,92.4269,102.8417,10.4147,0.0000,0.0000,7.8881,10.3025
2026-08-29T23:29:59Z,92.4086,102.7538,10.3452,0.0000,0.0000,7.8881,10.3159
2026-08-29T23:30:00Z,92.4086,102.7529,10.3442,0.0000,0.0000,7.8880,10.3159
2026-08-29T23:30:01Z,92.4285,102.9258,10.4973,0.0000,0.0000,7.8880,10.2892
2026-08-29T23:30:02Z,92.4285,102.9248,10.4964,0.0000,0.0000,7.8879,10.2892
2026-08-29T23:30:03Z,92.4407,102.9239,10.4832,0.0000,0.0000,7.8879,10.2892
2026-08-29T23:30:04Z,92.4407,102.9229,10.4822,0.0000,0.0000,7.8878,10.2892
2026-08-29T23:30:05Z,92.4422,102.7481,10.3059,0.0000,0.0000,7.8878,10.3159
2026-08-29T23:30:06Z,92.4422,102.7471,10.3049,0.0000,0.0000,7.8878,10.3159
2026-08-29T23:30:07Z,92.4193,102.9201,10.5007,0.0000,0.0000,7.8877,10.2892
2026-08-29T23:30:08Z,92.4193,102.9191,10.4998,0.0000,0.0000,7.8877,10.2892
2026-08-29T23:30:09Z,92.4453,103.0226,10.5774,0.0000,0.0000,7.8876,10.2731
2026-08-29T23:30:10Z,92.4453,103.0217,10.5764,0.0000,0.0000,7.8876,10.2731
2026-08-29T23:30:11Z,92.4590,102.9163,10.4573,0.0000,0.0000,7.8875,10.2892
2026-08-29T23:30:12Z,92.4590,102.9153,10.4563,0.0000,0.0000,7.8875,10.2892
2026-08-29T23:30:13Z,92.4269,102.8274,10.4004,0.0000,0.0000,7.8874,10.3025
2026-08-29T23:30:14Z,92.4269,102.8264,10.3995,0.0000,0.0000,7.8874,10.3025
2026-08-29T23:30:15Z,92.4453,102.9124,10.4672,0.0000,0.0000,7.8873,10.2892
2026-08-29T23:30:16Z,92.4453,102.9115,10.4662,0.0000,0.0000,7.8873,10.2892
2026-08-29T23:30:17Z,92.4407,102.8236,10.3829,0.0000,0.0000,7.8872,10.3025
2026-08-29T23:30:18Z,92.4407,102.8226,10.3819,0.0000,0.0000,7.8872,10.3025
2026-08-29T23:30:19Z,92.4559,102.9086,10.4527,0.0000,0.0000,7.8871,10.2892
2026-08-29T23:30:20Z,92.4559,102.9077,10.4517,0.0000,0.0000,7.8871,10.2892
2026-08-29T23:30:21Z,92.4147,102.9067,10.4920,0.0000,0.0000,7.8871,10.2892
2026-08-29T23:30:22Z,92.4147,102.9058,10.4910,0.0000,0.0000,7.8870,10.2892
2026-08-29T23:30:23Z,92.4559,103.0093,10.5534,0.0000,0.0000,7.8870,10.2731
2026-08-29T23:30:24Z,92.4559,103.0083,10.5524,0.0000,0.0000,7.8869,10.2731
2026-08-29T23:30:25Z,92.4147,102.9029,10.4882,0.0000,0.0000,7.8869,10.2892
2026-08-29T23:30:26Z,92.4147,102.9020,10.4872,0.0000,0.0000,7.8868,10.2892
2026-08-29T23:30:27Z,92.4361,102.7272,10.2911,0.0000,0.0000,7.8868,10.3159
2026-08-29T23:30:28Z,92.4361,102.7262,10.2901,0.0000,0.0000,7.8867,10.3159
2026-08-29T23:30:29Z,92.4498,102.8122,10.3623,0.0000,0.0000,7.8867,10.3025
2026-08-29T23:30:30Z,92.4498,102.8112,10.3614,0.0000,0.0000,7.8866,10.3025
2026-08-29T23:30:31Z,92.4269,102.8972,10.4703,0.0000,0.0000,7.8866,10.2892
2026-08-29T23:30:32Z,92.4269,102.8963,10.4693,0.0000,0.0000,7.8865,10.2892
2026-08-29T23:30:33Z,92.4453,102.8953,10.4500,0.0000,0.0000,7.8865,10.2892
2026-08-29T23:30:34Z,92.4453,102.8944,10.4491,0.0000,0.0000,7.8865,10.2892
2026-08-29T23:30:35Z,92.4514,102.8934,10.4420,0.0000,0.0000,7.8864,10.2892
2026-08-29T23:30:36Z,92.4514,102.8924,10.4411,0.0000,0.0000,7.8864,10.2892
2026-08-29T23:30:37Z,92.4285,102.8045,10.3761,0.0000,0.0000,7.8863,10.3025
2026-08-29T23:30:38Z,92.4285,102.8036,10.3751,0.0000,0.0000,7.8863,10.3025
2026-08-29T23:30:39Z,92.4193,102.7158,10.2965,0.0000,0.0000,7.8862,10.3159
2026-08-29T23:30:40Z,92.4193,102.7148,10.2955,0.0000,0.0000,7.8862,10.3159
2026-08-29T23:30:41Z,92.4453,102.8007,10.3555,0.0000,0.0000,7.8861,10.3025
2026-08-29T23:30:42Z,92.4453,102.7998,10.3545,0.0000,0.0000,7.8861,10.3025
2026-08-29T23:30:43Z,92.4331,102.7988,10.3658,0.0000,0.0000,7.8860,10.3025
2026-08-29T23:30:44Z,92.4331,102.7979,10.3648,0.0000,0.0000,7.8860,10.3025
2026-08-29T23:30:45Z,92.4590,102.7969,10.3379,0.0000,0.0000,7.8859,10.3025
2026-08-29T23:30:46Z,92.4590,102.7960,10.3370,0.0000,0.0000,7.8859,10.3025
2026-08-29T23:30:47Z,92.4331,102.8820,10.4489,0.0000,0.0000,7.8859,10.2892
2026-08-29T23:30:48Z,92.4331,102.8810,10.4480,0.0000,0.0000,7.8858,10.2892
2026-08-29T23:30:49Z,92.4407,102.7931,10.3524,0.0000,0.0000,7.8858,10.3025
2026-08-29T23:30:50Z,92.4407,102.7922,10.3515,0.0000,0.0000,7.8857,10.3025
2026-08-29T23:30:51Z,92.4407,102.9826,10.5419,0.0000,0.0000,7.8857,10.2731
2026-08-29T23:30:52Z,92.4407,102.9817,10.5410,0.0000,0.0000,7.8856,10.2731
2026-08-29T23:30:53Z,92.4743,102.8763,10.4020,0.0000,0.0000,7.8856,10.2892
2026-08-29T23:30:54Z,92.4743,102.8753,10.4011,0.0000,0.0000,7.8855,10.2892
2026-08-29T23:30:55Z,92.4407,102.8744,10.4337,0.0000,0.0000,7.8855,10.2892
2026-08-29T23:30:56Z,92.4407,102.8734,10.4327,0.0000,0.0000,7.8854,10.2892
2026-08-29T23:30:57Z,92.4361,102.6987,10.2626,0.0000,0.0000,7.8854,10.3159
2026-08-29T23:30:58Z,92.4361,102.6977,10.2616,0.0000,0.0000,7.8853,10.3159
2026-08-29T23:30:59Z,92.4102,102.9750,10.5648,0.0000,0.0000,7.8853,10.2731
2026-08-29T23:31:00Z,92.4102,102.9740,10.5639,0.0000,0.0000,7.8852,10.2731
2026-08-29T23:31:01Z,92.3964,102.7817,10.3853,0.0000,0.0000,7.8852,10.3025
2026-08-29T23:31:02Z,92.3964,102.7808,10.3843,0.0000,0.0000,7.8852,10.3025
2026-08-29T23:31:03Z,92.4193,102.8668,10.4474,0.0000,0.0000,7.8851,10.2892
2026-08-29T23:31:04Z,92.4193,102.8658,10.4465,0.0000,0.0000,7.8851,10.2892
2026-08-29T23:31:05Z,92.4285,102.8648,10.4364,0.0000,0.0000,7.8850,10.2892
2026-08-29T23:31:06Z,92.4285,102.8639,10.4354,0.0000,0.0000,7.8850,10.2892
2026-08-29T23:31:07Z,92.3766,102.8629,10.4864,0.0000,0.0000,7.8849,10.2892
2026-08-29T23:31:08Z,92.3766,102.8620,10.4854,0.0000,0.0000,7.8849,10.2892
2026-08-29T23:31:09Z,92.3766,102.6873,10.3107,0.0000,0.0000,7.8848,10.3159
2026-08-29T23:31:10Z,92.3766,102.6863,10.3097,0.0000,0.0000,7.8848,10.3159
2026-08-29T23:31:11Z,92.3720,102.8591,10.4871,0.0000,0.0000,7.8847,10.2892
2026-08-29T23:31:12Z,92.3720,102.8582,10.4862,0.0000,0.0000,7.8847,10.2892
2026-08-29T23:31:13Z,92.3903,102.7703,10.3800,0.0000,0.0000,7.8846,10.3025
2026-08-29T23:31:14Z,92.3903,102.7694,10.3790,0.0000,0.0000,7.8846,10.3025
2026-08-29T23:31:15Z,92.4224,102.6816,10.2592,0.0000,0.0000,7.8846,10.3159
2026-08-29T23:31:16Z,92.4224,102.6806,10.2583,0.0000,0.0000,7.8845,10.3159
2026-08-29T23:31:17Z,92.3964,102.8534,10.4570,0.0000,0.0000,7.8845,10.2892
2026-08-29T23:31:18Z,92.3964,102.8525,10.4561,0.0000,0.0000,7.8844,10.2892
2026-08-29T23:31:19Z,92.3720,102.7646,10.3926,0.0000,0.0000,7.8844,10.3025
2026-08-29T23:31:20Z,92.3720,102.7637,10.3916,0.0000,0.0000,7.8843,10.3025
2026-08-29T23:31:21Z,92.3949,102.8496,10.4547,0.0000,0.0000,7.8843,10.2892
2026-08-29T23:31:22Z,92.3949,102.8487,10.4538,0.0000,0.0000,7.8842,10.2892
2026-08-29T23:31:23Z,92.3720,102.7608,10.3888,0.0000,0.0000,7.8842,10.3025
2026-08-29T23:31:24Z,92.3720,102.7599,10.3878,0.0000,0.0000,7.8841,10.3025
2026-08-29T23:31:25Z,92.3598,102.7589,10.3991,0.0000,0.0000,7.8841,10.3025
2026-08-29T23:31:26Z,92.3598,102.7580,10.3982,0.0000,0.0000,7.8840,10.3025
2026-08-29T23:31:27Z,92.3507,102.8439,10.4933,0.0000,0.0000,7.8840,10.2892
2026-08-29T23:31:28Z,92.3507,102.8430,10.4923,0.0000,0.0000,7.8839,10.2892
2026-08-29T23:31:29Z,92.3537,102.9464,10.5927,0.0000,0.0000,7.8839,10.2731
2026-08-29T23:31:30Z,92.3537,102.9455,10.5918,0.0000,0.0000,7.8839,10.2731
2026-08-29T23:31:31Z,92.3445,102.7532,10.4087,0.0000,0.0000,7.8838,10.3025
2026-08-29T23:31:32Z,92.3445,102.7523,10.4077,0.0000,0.0000,7.8838,10.3025
2026-08-29T23:31:33Z,92.3369,102.7513,10.4144,0.0000,0.0000,7.8837,10.3025
2026-08-29T23:31:34Z,92.3369,102.7504,10.4134,0.0000,0.0000,7.8837,10.3025
2026-08-29T23:31:35Z,92.3278,102.8363,10.5086,0.0000,0.0000,7.8836,10.2892
2026-08-29T23:31:36Z,92.3278,102.8354,10.5076,0.0000,0.0000,7.8836,10.2892
2026-08-29T23:31:37Z,92.3003,102.7475,10.4472,0.0000,0.0000,7.8835,10.3025
2026-08-29T23:31:38Z,92.3003,102.7466,10.4463,0.0000,0.0000,7.8835,10.3025
2026-08-29T23:31:39Z,92.3003,102.7456,10.4453,0.0000,0.0000,7.8834,10.3025
2026-08-29T23:31:40Z,92.3003,102.7447,10.4444,0.0000,0.0000,7.8834,10.3025
2026-08-29T23:31:41Z,92.3217,102.8306,10.5090,0.0000,0.0000,7.8833,10.2892
2026-08-29T23:31:42Z,92.3217,102.8297,10.5080,0.0000,0.0000,7.8833,10.2892
2026-08-29T23:31:43Z,92.3217,102.8287,10.5071,0.0000,0.0000,7.8833,10.2892
2026-08-29T23:31:44Z,92.3217,102.8278,10.5061,0.0000,0.0000,7.8832,10.2892
2026-08-29T23:31:45Z,92.3217,102.8268,10.5052,0.0000,0.0000,7.8832,10.2892
2026-08-29T23:31:46Z,92.3217,102.8259,10.5042,0.0000,0.0000,7.8831,10.2892
2026-08-29T23:31:47Z,92.2805,102.6512,10.3707,0.0000,0.0000,7.8831,10.3159
2026-08-29T23:31:48Z,92.2805,102.6502,10.3698,0.0000,0.0000,7.8830,10.3159
2026-08-29T23:31:49Z,92.3323,102.7361,10.4038,0.0000,0.0000,7.8830,10.3025
2026-08-29T23:31:50Z,92.3323,102.7352,10.4028,0.0000,0.0000,7.8829,10.3025
2026-08-29T23:31:51Z,92.3079,102.8211,10.5132,0.0000,0.0000,7.8829,10.2892
2026-08-29T23:31:52Z,92.3079,102.8202,10.5122,0.0000,0.0000,7.8828,10.2892
2026-08-29T23:31:53Z,92.2942,102.7323,10.4381,0.0000,0.0000,7.8828,10.3025
2026-08-29T23:31:54Z,92.2942,102.7314,10.4372,0.0000,0.0000,7.8827,10.3025
2026-08-29T23:31:55Z,92.2728,102.8173,10.5445,0.0000,0.0000,7.8827,10.2892
2026-08-29T23:31:56Z,92.2728,102.8164,10.5435,0.0000,0.0000,7.8827,10.2892
2026-08-29T23:31:57Z,92.3003,102.8154,10.5151,0.0000,0.0000,7.8826,10.2892
2026-08-29T23:31:58Z,92.3003,102.8145,10.5142,0.0000,0.0000,7.8826,10.2892
2026-08-29T23:31:59Z,92.2667,102.6398,10.3731,0.0000,0.0000,7.8825,10.3159
2026-08-29T23:32:00Z,92.2667,102.6389,10.3721,0.0000,0.0000,7.8825,10.3159
2026-08-29T23:32:01Z,92.2683,102.9160,10.6477,0.0000,0.0000,7.8824,10.2731
2026-08-29T23:32:02Z,92.2683,102.9150,10.6468,0.0000,0.0000,7.8824,10.2731
2026-08-29T23:32:03Z,92.2362,102.7228,10.4866,0.0000,0.0000,7.8823,10.3025
2026-08-29T23:32:04Z,92.2362,102.7219,10.4857,0.0000,0.0000,7.8823,10.3025
2026-08-29T23:32:05Z,92.2499,102.9122,10.6622,0.0000,0.0000,7.8822,10.2731
2026-08-29T23:32:06Z,92.2499,102.9112,10.6613,0.0000,0.0000,7.8822,10.2731
2026-08-29T23:32:07Z,92.2316,102.8059,10.5743,0.0000,0.0000,7.8821,10.2892
2026-08-29T23:32:08Z,92.2316,102.8050,10.5733,0.0000,0.0000,7.8821,10.2892
2026-08-29T23:32:09Z,92.2499,102.7171,10.4672,0.0000,0.0000,7.8820,10.3025
2026-08-29T23:32:10Z,92.2499,102.7162,10.4662,0.0000,0.0000,7.8820,10.3025
2026-08-29T23:32:11Z,92.2316,102.9065,10.6748,0.0000,0.0000,7.8820,10.2731
2026-08-29T23:32:12Z,92.2316,102.9055,10.6739,0.0000,0.0000,7.8819,10.2731
2026-08-29T23:32:13Z,92.2301,102.7133,10.4832,0.0000,0.0000,7.8819,10.3025
2026-08-29T23:32:14Z,92.2301,102.7124,10.4823,0.0000,0.0000,7.8818,10.3025
2026-08-29T23:32:15Z,92.2316,102.7983,10.5667,0.0000,0.0000,7.8818,10.2892
2026-08-29T23:32:16Z,92.2316,102.7974,10.5657,0.0000,0.0000,7.8817,10.2892
2026-08-29T23:32:17Z,92.2179,102.7964,10.5785,0.0000,0.0000,7.8817,10.2892
2026-08-29T23:32:18Z,92.2179,102.7955,10.5776,0.0000,0.0000,7.8816,10.2892
2026-08-29T23:32:19Z,92.2301,102.7945,10.5644,0.0000,0.0000,7.8816,10.2892
2026-08-29T23:32:20Z,92.2301,102.7936,10.5634,0.0000,0.0000,7.8815,10.2892
2026-08-29T23:32:21Z,92.2133,102.7926,10.5793,0.0000,0.0000,7.8815,10.2892
2026-08-29T23:32:22Z,92.2133,102.7917,10.5783,0.0000,0.0000,7.8814,10.2892
2026-08-29T23:32:23Z,92.2133,102.7038,10.4905,0.0000,0.0000,7.8814,10.3025
2026-08-29T23:32:24Z,92.2133,102.7029,10.4896,0.0000,0.0000,7.8814,10.3025
2026-08-29T23:32:25Z,92.2438,102.7888,10.5450,0.0000,0.0000,7.8813,10.2892
2026-08-29T23:32:26Z,92.2438,102.7879,10.5440,0.0000,0.0000,7.8813,10.2892
2026-08-29T23:32:27Z,92.1767,102.7000,10.5233,0.0000,0.0000,7.8812,10.3025
2026-08-29T23:32:28Z,92.1767,102.6991,10.5224,0.0000,0.0000,7.8812,10.3025
2026-08-29T23:32:29Z,92.2133,102.6114,10.3980,0.0000,0.0000,7.8811,10.3159
2026-08-29T23:32:30Z,92.2133,102.6104,10.3971,0.0000,0.0000,7.8811,10.3159
2026-08-29T23:32:31Z,92.1950,102.7831,10.5881,0.0000,0.0000,7.8810,10.2892
2026-08-29T23:32:32Z,92.1950,102.7822,10.5872,0.0000,0.0000,7.8810,10.2892
2026-08-29T23:32:33Z,92.1813,102.7812,10.5999,0.0000,0.0000,7.8809,10.2892
2026-08-29T23:32:34Z,92.1813,102.7803,10.5990,0.0000,0.0000,7.8809,10.2892
2026-08-29T23:32:35Z,92.2179,102.7793,10.5614,0.0000,0.0000,7.8808,10.2892
2026-08-29T23:32:36Z,92.2179,102.7784,10.5605,0.0000,0.0000,7.8808,10.2892
2026-08-29T23:32:37Z,92.2042,102.6906,10.4864,0.0000,0.0000,7.8807,10.3025
2026-08-29T23:32:38Z,92.2042,102.6896,10.4854,0.0000,0.0000,7.8807,10.3025
2026-08-29T23:32:39Z,92.1721,102.7755,10.6034,0.0000,0.0000,7.8807,10.2892
2026-08-29T23:32:40Z,92.1721,102.7746,10.6024,0.0000,0.0000,7.8806,10.2892
2026-08-29T23:32:41Z,92.1569,102.8780,10.7211,0.0000,0.0000,7.8806,10.2731
2026-08-29T23:32:42Z,92.1569,102.8770,10.7201,0.0000,0.0000,7.8805,10.2731
2026-08-29T23:32:43Z,92.1767,102.7717,10.5950,0.0000,0.0000,7.8805,10.2892
2026-08-29T23:32:44Z,92.1767,102.7708,10.5941,0.0000,0.0000,7.8804,10.2892
2026-08-29T23:32:45Z,92.1889,102.6830,10.4941,0.0000,0.0000,7.8804,10.3025
2026-08-29T23:32:46Z,92.1889,102.6820,10.4931,0.0000,0.0000,7.8803,10.3025
2026-08-29T23:32:47Z,92.1431,102.9767,10.8336,0.0000,0.0000,7.8803,10.2571
2026-08-29T23:32:48Z,92.1431,102.9757,10.8326,0.0000,0.0000,7.8802,10.2571
2026-08-29T23:32:49Z,92.1538,102.7660,10.6122,0.0000,0.0000,7.8802,10.2892
2026-08-29T23:32:50Z,92.1538,102.7651,10.6113,0.0000,0.0000,7.8801,10.2892
2026-08-29T23:32:51Z,92.1248,102.7641,10.6393,0.0000,0.0000,7.8801,10.2892
2026-08-29T23:32:52Z,92.1248,102.7632,10.6384,0.0000,0.0000,7.8801,10.2892
2026-08-29T23:32:53Z,92.1157,102.7622,10.6466,0.0000,0.0000,7.8800,10.2892
2026-08-29T23:32:54Z,92.1157,102.7613,10.6456,0.0000,0.0000,7.8800,10.2892
2026-08-29T23:32:55Z,92.1248,102.7603,10.6355,0.0000,0.0000,7.8799,10.2892
2026-08-29T23:32:56Z,92.1248,102.7594,10.6346,0.0000,0.0000,7.8799,10.2892
2026-08-29T23:32:57Z,92.1111,102.6716,10.5605,0.0000,0.0000,7.8798,10.3025
2026-08-29T23:32:58Z,92.1111,102.6706,10.5596,0.0000,0.0000,7.8798,10.3025
2026-08-29T23:32:59Z,92.1447,102.7565,10.6119,0.0000,0.0000,7.8797,10.2892
2026-08-29T23:33:00Z,92.1447,102.7556,10.6109,0.0000,0.0000,7.8797,10.2892
2026-08-29T23:33:01Z,92.1492,102.6678,10.5186,0.0000,0.0000,7.8796,10.3025
2026-08-29T23:33:02Z,92.1492,102.6668,10.5176,0.0000,0.0000,7.8796,10.3025
2026-08-29T23:33:03Z,92.1675,102.7527,10.5852,0.0000,0.0000,7.8795,10.2892
2026-08-29T23:33:04Z,92.1675,102.7518,10.5842,0.0000,0.0000,7.8795,10.2892
2026-08-29T23:33:05Z,92.1035,102.6640,10.5605,0.0000,0.0000,7.8795,10.3025
2026-08-29T23:33:06Z,92.1035,102.6631,10.5596,0.0000,0.0000,7.8794,10.3025
2026-08-29T23:33:07Z,92.1065,102.6621,10.5556,0.0000,0.0000,7.8794,10.3025
2026-08-29T23:33:08Z,92.1065,102.6612,10.5547,0.0000,0.0000,7.8793,10.3025
2026-08-29T23:33:09Z,92.1035,102.6602,10.5568,0.0000,0.0000,7.8793,10.3025
2026-08-29T23:33:10Z,92.1035,102.6593,10.5558,0.0000,0.0000,7.8792,10.3025
2026-08-29T23:33:11Z,92.1309,102.7451,10.6142,0.0000,0.0000,7.8792,10.2892
2026-08-29T23:33:12Z,92.1309,102.7442,10.6133,0.0000,0.0000,7.8791,10.2892
2026-08-29T23:33:13Z,92.0851,102.7432,10.6581,0.0000,0.0000,7.8791,10.2892
2026-08-29T23:33:14Z,92.0851,102.7423,10.6572,0.0000,0.0000,7.8790,10.2892
2026-08-29T23:33:15Z,92.1218,102.8457,10.7239,0.0000,0.0000,7.8790,10.2731
2026-08-29T23:33:16Z,92.1218,102.8447,10.7229,0.0000,0.0000,7.8789,10.2731
2026-08-29T23:33:17Z,92.0668,102.7395,10.6726,0.0000,0.0000,7.8789,10.2892
2026-08-29T23:33:18Z,92.0668,102.7385,10.6717,0.0000,0.0000,7.8788,10.2892
2026-08-29T23:33:19Z,92.0851,102.5640,10.4788,0.0000,0.0000,7.8788,10.3159
2026-08-29T23:33:20Z,92.0851,102.5630,10.4779,0.0000,0.0000,7.8788,10.3159
2026-08-29T23:33:21Z,92.0851,102.7357,10.6505,0.0000,0.0000,7.8787,10.2892
2026-08-29T23:33:22Z,92.0851,102.7347,10.6496,0.0000,0.0000,7.8787,10.2892
2026-08-29T23:33:23Z,92.0974,102.7338,10.6364,0.0000,0.0000,7.8786,10.2892
2026-08-29T23:33:24Z,92.0974,102.7328,10.6355,0.0000,0.0000,7.8786,10.2892
2026-08-29T23:33:25Z,92.0974,102.8362,10.7388,0.0000,0.0000,7.8785,10.2731
2026-08-29T23:33:26Z,92.0974,102.8352,10.7379,0.0000,0.0000,7.8785,10.2731
2026-08-29T23:33:27Z,92.0668,102.7300,10.6631,0.0000,0.0000,7.8784,10.2892
2026-08-29T23:33:28Z,92.0668,102.7290,10.6622,0.0000,0.0000,7.8784,10.2892
2026-08-29T23:33:29Z,92.0668,102.7281,10.6612,0.0000,0.0000,7.8783,10.2892
2026-08-29T23:33:30Z,92.0668,102.7271,10.6603,0.0000,0.0000,7.8783,10.2892
2026-08-29T23:33:31Z,92.0790,102.7262,10.6471,0.0000,0.0000,7.8782,10.2892
2026-08-29T23:33:32Z,92.0790,102.7252,10.6462,0.0000,0.0000,7.8782,10.2892
2026-08-29T23:33:33Z,92.0851,102.6375,10.5523,0.0000,0.0000,7.8782,10.3025
2026-08-29T23:33:34Z,92.0851,102.6365,10.5514,0.0000,0.0000,7.8781,10.3025
2026-08-29T23:33:35Z,92.0562,102.7224,10.6662,0.0000,0.0000,7.8781,10.2892
2026-08-29T23:33:36Z,92.0562,102.7214,10.6653,0.0000,0.0000,7.8780,10.2892
2026-08-29T23:33:37Z,92.0531,102.6337,10.5806,0.0000,0.0000,7.8780,10.3025
2026-08-29T23:33:38Z,92.0531,102.6327,10.5796,0.0000,0.0000,7.8779,10.3025
2026-08-29T23:33:39Z,92.0607,102.7186,10.6579,0.0000,0.0000,7.8779,10.2892
2026-08-29T23:33:40Z,92.0607,102.7176,10.6569,0.0000,0.0000,7.8778,10.2892
2026-08-29T23:33:41Z,92.0623,102.6299,10.5676,0.0000,0.0000,7.8778,10.3025
2026-08-29T23:33:42Z,92.0623,102.6289,10.5667,0.0000,0.0000,7.8777,10.3025
2026-08-29T23:33:43Z,92.0531,102.6280,10.5749,0.0000,0.0000,7.8777,10.3025
2026-08-29T23:33:44Z,92.0531,102.6270,10.5739,0.0000,0.0000,7.8776,10.3025
2026-08-29T23:33:45Z,92.0287,102.6261,10.5974,0.0000,0.0000,7.8776,10.3025
2026-08-29T23:33:46Z,92.0287,102.6252,10.5965,0.0000,0.0000,7.8775,10.3025
2026-08-29T23:33:47Z,92.0333,102.6242,10.5909,0.0000,0.0000,7.8775,10.3025
2026-08-29T23:33:48Z,92.0333,102.6233,10.5900,0.0000,0.0000,7.8775,10.3025
2026-08-29T23:33:49Z,92.0424,102.8134,10.7710,0.0000,0.0000,7.8774,10.2731
2026-08-29T23:33:50Z,92.0424,102.8124,10.7700,0.0000,0.0000,7.8774,10.2731
2026-08-29T23:33:51Z,92.0287,102.6204,10.5917,0.0000,0.0000,7.8773,10.3025
2026-08-29T23:33:52Z,92.0287,102.6195,10.5908,0.0000,0.0000,7.8773,10.3025
2026-08-29T23:33:53Z,92.0333,102.4452,10.4119,0.0000,0.0000,7.8772,10.3292
2026-08-29T23:33:54Z,92.0333,102.4442,10.4110,0.0000,0.0000,7.8772,10.3292
2026-08-29T23:33:55Z,92.0287,102.8077,10.7790,0.0000,0.0000,7.8771,10.2731
2026-08-29T23:33:56Z,92.0287,102.8067,10.7781,0.0000,0.0000,7.8771,10.2731
2026-08-29T23:33:57Z,92.0150,102.6147,10.5998,0.0000,0.0000,7.8770,10.3025
2026-08-29T23:33:58Z,92.0150,102.6138,10.5988,0.0000,0.0000,7.8770,10.3025
2026-08-29T23:33:59Z,92.0165,102.8039,10.7874,0.0000,0.0000,7.8769,10.2731
2026-08-29T23:34:00Z,92.0165,102.8029,10.7865,0.0000,0.0000,7.8769,10.2731
2026-08-29T23:34:01Z,92.0348,102.6977,10.6629,0.0000,0.0000,7.8769,10.2892
2026-08-29T23:34:02Z,92.0348,102.6968,10.6620,0.0000,0.0000,7.8768,10.2892
2026-08-29T23:34:03Z,92.0165,102.6958,10.6794,0.0000,0.0000,7.8768,10.2892
2026-08-29T23:34:04Z,92.0165,102.6949,10.6784,0.0000,0.0000,7.8767,10.2892
2026-08-29T23:34:05Z,92.0348,102.6940,10.6592,0.0000,0.0000,7.8767,10.2892
2026-08-29T23:34:06Z,92.0348,102.6930,10.6582,0.0000,0.0000,7.8766,10.2892
2026-08-29T23:34:07Z,91.9966,102.6921,10.6954,0.0000,0.0000,7.8766,10.2892
2026-08-29T23:34:08Z,91.9966,102.6911,10.6945,0.0000,0.0000,7.8765,10.2892
2026-08-29T23:34:09Z,92.0165,102.6902,10.6737,0.0000,0.0000,7.8765,10.2892
2026-08-29T23:34:10Z,92.0165,102.6892,10.6727,0.0000,0.0000,7.8764,10.2892
2026-08-29T23:34:11Z,92.0012,102.6015,10.6003,0.0000,0.0000,7.8764,10.3025
2026-08-29T23:34:12Z,92.0012,102.6005,10.5993,0.0000,0.0000,7.8763,10.3025
2026-08-29T23:34:13Z,91.9966,102.7906,10.7940,0.0000,0.0000,7.8763,10.2731
2026-08-29T23:34:14Z,91.9966,102.7897,10.7930,0.0000,0.0000,7.8763,10.2731
2026-08-29T23:34:15Z,92.0073,102.7887,10.7814,0.0000,0.0000,7.8762,10.2731
2026-08-29T23:34:16Z,92.0073,102.7878,10.7804,0.0000,0.0000,7.8762,10.2731
2026-08-29T23:34:17Z,91.9966,102.5958,10.5992,0.0000,0.0000,7.8761,10.3025
2026-08-29T23:34:18Z,91.9966,102.5949,10.5982,0.0000,0.0000,7.8761,10.3025
2026-08-29T23:34:19Z,92.0073,102.5939,10.5866,0.0000,0.0000,7.8760,10.3025
2026-08-29T23:34:20Z,92.0073,102.5930,10.5856,0.0000,0.0000,7.8760,10.3025
2026-08-29T23:34:21Z,91.9753,102.5920,10.6167,0.0000,0.0000,7.8759,10.3025
2026-08-29T23:34:22Z,91.9753,102.5911,10.6158,0.0000,0.0000,7.8759,10.3025
2026-08-29T23:34:23Z,91.9783,102.6769,10.6986,0.0000,0.0000,7.8758,10.2892
2026-08-29T23:34:24Z,91.9783,102.6760,10.6976,0.0000,0.0000,7.8758,10.2892
2026-08-29T23:34:25Z,91.9966,102.6750,10.6784,0.0000,0.0000,7.8757,10.2892
2026-08-29T23:34:26Z,91.9966,102.6741,10.6774,0.0000,0.0000,7.8757,10.2892
2026-08-29T23:34:27Z,92.0073,102.7773,10.7700,0.0000,0.0000,7.8756,10.2731
2026-08-29T23:34:28Z,92.0073,102.7764,10.7691,0.0000,0.0000,7.8756,10.2731
2026-08-29T23:34:29Z,91.9799,102.6712,10.6914,0.0000,0.0000,7.8756,10.2892
2026-08-29T23:34:30Z,91.9799,102.6703,10.6904,0.0000,0.0000,7.8755,10.2892
2026-08-29T23:34:31Z,91.9646,102.5826,10.6180,0.0000,0.0000,7.8755,10.3025
2026-08-29T23:34:32Z,91.9646,102.5816,10.6170,0.0000,0.0000,7.8754,10.3025
2026-08-29T23:34:33Z,91.9707,102.4074,10.4367,0.0000,0.0000,7.8754,10.3292
2026-08-29T23:34:34Z,91.9707,102.4064,10.4357,0.0000,0.0000,7.8753,10.3292
2026-08-29T23:34:35Z,91.9554,102.5788,10.6233,0.0000,0.0000,7.8753,10.3025
2026-08-29T23:34:36Z,91.9554,102.5778,10.6224,0.0000,0.0000,7.8752,10.3025
2026-08-29T23:34:37Z,91.9524,102.6636,10.7112,0.0000,0.0000,7.8752,10.2892
2026-08-29T23:34:38Z,91.9524,102.6627,10.7103,0.0000,0.0000,7.8751,10.2892
2026-08-29T23:34:39Z,91.9844,102.5750,10.5906,0.0000,0.0000,7.8751,10.3025
2026-08-29T23:34:40Z,91.9844,102.5740,10.5896,0.0000,0.0000,7.8750,10.3025
2026-08-29T23:34:41Z,91.9692,102.5731,10.6039,0.0000,0.0000,7.8750,10.3025
2026-08-29T23:34:42Z,91.9692,102.5722,10.6030,0.0000,0.0000,7.8750,10.3025
2026-08-29T23:34:43Z,91.9692,102.5712,10.6020,0.0000,0.0000,7.8749,10.3025
2026-08-29T23:34:44Z,91.9692,102.5703,10.6011,0.0000,0.0000,7.8749,10.3025
2026-08-29T23:34:45Z,91.9463,102.7603,10.8140,0.0000,0.0000,7.8748,10.2731
2026-08-29T23:34:46Z,91.9463,102.7593,10.8130,0.0000,0.0000,7.8748,10.2731
2026-08-29T23:34:47Z,91.9280,102.5674,10.6394,0.0000,0.0000,7.8747,10.3025
2026-08-29T23:34:48Z,91.9280,102.5665,10.6385,0.0000,0.0000,7.8747,10.3025
2026-08-29T23:34:49Z,91.9417,102.6523,10.7106,0.0000,0.0000,7.8746,10.2892
2026-08-29T23:34:50Z,91.9417,102.6513,10.7096,0.0000,0.0000,7.8746,10.2892
2026-08-29T23:34:51Z,91.9478,102.6504,10.7026,0.0000,0.0000,7.8745,10.2892
2026-08-29T23:34:52Z,91.9478,102.6494,10.7016,0.0000,0.0000,7.8745,10.2892
2026-08-29T23:34:53Z,91.9341,102.5617,10.6277,0.0000,0.0000,7.8744,10.3025
2026-08-29T23:34:54Z,91.9341,102.5608,10.6267,0.0000,0.0000,7.8744,10.3025
2026-08-29T23:34:55Z,91.8914,102.7508,10.8595,0.0000,0.0000,7.8744,10.2731
2026-08-29T23:34:56Z,91.8914,102.7499,10.8585,0.0000,0.0000,7.8743,10.2731
2026-08-29T23:34:57Z,91.9417,102.5580,10.6163,0.0000,0.0000,7.8743,10.3025
2026-08-29T23:34:58Z,91.9417,102.5570,10.6153,0.0000,0.0000,7.8742,10.3025
2026-08-29T23:34:59Z,91.9280,102.5561,10.6281,0.0000,0.0000,7.8742,10.3025
2026-08-29T23:35:00Z,91.9280,102.5551,10.6272,0.0000,0.0000,7.8741,10.3025
2026-08-29T23:35:01Z,91.9341,102.6409,10.7068,0.0000,0.0000,7.8741,10.2892
2026-08-29T23:35:02Z,91.9341,102.6400,10.7059,0.0000,0.0000,7.8740,10.2892
2026-08-29T23:35:03Z,91.9020,102.6390,10.7370,0.0000,0.0000,7.8740,10.2892
2026-08-29T23:35:04Z,91.9020,102.6381,10.7360,0.0000,0.0000,7.8739,10.2892
2026-08-29T23:35:05Z,91.8883,102.6371,10.7488,0.0000,0.0000,7.8739,10.2892
2026-08-29T23:35:06Z,91.8883,102.6362,10.7479,0.0000,0.0000,7.8738,10.2892
2026-08-29T23:35:07Z,91.9142,102.4619,10.5476,0.0000,0.0000,7.8738,10.3159
2026-08-29T23:35:08Z,91.9142,102.4609,10.5467,0.0000,0.0000,7.8737,10.3159
2026-08-29T23:35:09Z,91.8791,102.5466,10.6675,0.0000,0.0000,7.8737,10.3025
2026-08-29T23:35:10Z,91.8791,102.5457,10.6665,0.0000,0.0000,7.8737,10.3025
2026-08-29T23:35:11Z,91.8776,102.7357,10.8580,0.0000,0.0000,7.8736,10.2731
2026-08-29T23:35:12Z,91.8776,102.7347,10.8571,0.0000,0.0000,7.8736,10.2731
2026-08-29T23:35:13Z,91.8959,102.6296,10.7336,0.0000,0.0000,7.8735,10.2892
2026-08-29T23:35:14Z,91.8959,102.6286,10.7327,0.0000,0.0000,7.8735,10.2892
2026-08-29T23:35:15Z,91.8883,102.5409,10.6526,0.0000,0.0000,7.8734,10.3025
2026-08-29T23:35:16Z,91.8883,102.5400,10.6517,0.0000,0.0000,7.8734,10.3025
2026-08-29T23:35:17Z,91.8959,102.4524,10.5565,0.0000,0.0000,7.8733,10.3159
2026-08-29T23:35:18Z,91.8959,102.4515,10.5555,0.0000,0.0000,7.8733,10.3159
2026-08-29T23:35:19Z,91.8791,102.6239,10.7447,0.0000,0.0000,7.8732,10.2892
2026-08-29T23:35:20Z,91.8791,102.6229,10.7438,0.0000,0.0000,7.8732,10.2892
2026-08-29T23:35:21Z,91.8776,102.5353,10.6577,0.0000,0.0000,7.8731,10.3025
2026-08-29T23:35:22Z,91.8776,102.5343,10.6567,0.0000,0.0000,7.8731,10.3025
2026-08-29T23:35:23Z,91.8837,102.7243,10.8406,0.0000,0.0000,7.8731,10.2731
2026-08-29T23:35:24Z,91.8837,102.7233,10.8396,0.0000,0.0000,7.8730,10.2731
2026-08-29T23:35:25Z,91.8929,102.6182,10.7253,0.0000,0.0000,7.8730,10.2892
2026-08-29T23:35:26Z,91.8929,102.6173,10.7244,0.0000,0.0000,7.8729,10.2892
2026-08-29T23:35:27Z,91.8685,102.5296,10.6611,0.0000,0.0000,7.8729,10.3025
2026-08-29T23:35:28Z,91.8685,102.5287,10.6602,0.0000,0.0000,7.8728,10.3025
2026-08-29T23:35:29Z,91.8791,102.6144,10.7353,0.0000,0.0000,7.8728,10.2892
2026-08-29T23:35:30Z,91.8791,102.6135,10.7343,0.0000,0.0000,7.8727,10.2892
2026-08-29T23:35:31Z,91.8593,102.7167,10.8574,0.0000,0.0000,7.8727,10.2731
2026-08-29T23:35:32Z,91.8593,102.7158,10.8565,0.0000,0.0000,7.8726,10.2731
2026-08-29T23:35:33Z,91.9005,102.6107,10.7101,0.0000,0.0000,7.8726,10.2892
2026-08-29T23:35:34Z,91.9005,102.6097,10.7092,0.0000,0.0000,7.8725,10.2892
2026-08-29T23:35:35Z,91.9005,102.6088,10.7083,0.0000,0.0000,7.8725,10.2892
2026-08-29T23:35:36Z,91.9005,102.6078,10.7073,0.0000,0.0000,7.8725,10.2892
2026-08-29T23:35:37Z,91.8502,102.6069,10.7567,0.0000,0.0000,7.8724,10.2892
2026-08-29T23:35:38Z,91.8502,102.6059,10.7558,0.0000,0.0000,7.8724,10.2892
2026-08-29T23:35:39Z,91.8334,102.6050,10.7716,0.0000,0.0000,7.8723,10.2892
2026-08-29T23:35:40Z,91.8334,102.6040,10.7707,0.0000,0.0000,7.8723,10.2892
2026-08-29T23:35:41Z,91.8502,102.7073,10.8571,0.0000,0.0000,7.8722,10.2731
2026-08-29T23:35:42Z,91.8502,102.7063,10.8561,0.0000,0.0000,7.8722,10.2731
2026-08-29T23:35:43Z,91.8563,102.4279,10.5716,0.0000,0.0000,7.8721,10.3159
2026-08-29T23:35:44Z,91.8563,102.4269,10.5707,0.0000,0.0000,7.8721,10.3159
2026-08-29T23:35:45Z,91.8273,102.5993,10.7720,0.0000,0.0000,7.8720,10.2892
2026-08-29T23:35:46Z,91.8273,102.5984,10.7711,0.0000,0.0000,7.8720,10.2892
2026-08-29T23:35:47Z,91.8334,102.5107,10.6773,0.0000,0.0000,7.8719,10.3025
2026-08-29T23:35:48Z,91.8334,102.5098,10.6764,0.0000,0.0000,7.8719,10.3025
2026-08-29T23:35:49Z,91.8410,102.5088,10.6678,0.0000,0.0000,7.8718,10.3025
2026-08-29T23:35:50Z,91.8410,102.5079,10.6669,0.0000,0.0000,7.8718,10.3025
2026-08-29T23:35:51Z,91.8242,102.5069,10.6827,0.0000,0.0000,7.8718,10.3025
2026-08-29T23:35:52Z,91.8242,102.5060,10.6818,0.0000,0.0000,7.8717,10.3025
2026-08-29T23:35:53Z,91.8181,102.5050,10.6869,0.0000,0.0000,7.8717,10.3025
2026-08-29T23:35:54Z,91.8181,102.5041,10.6860,0.0000,0.0000,7.8716,10.3025
2026-08-29T23:35:55Z,91.8410,102.5899,10.7489,0.0000,0.0000,7.8716,10.2892
2026-08-29T23:35:56Z,91.8410,102.5889,10.7479,0.0000,0.0000,7.8715,10.2892
2026-08-29T23:35:57Z,91.8410,102.5013,10.6603,0.0000,0.0000,7.8715,10.3025
2026-08-29T23:35:58Z,91.8410,102.5003,10.6593,0.0000,0.0000,7.8714,10.3025
2026-08-29T23:35:59Z,91.8410,102.4994,10.6584,0.0000,0.0000,7.8714,10.3025
2026-08-29T23:36:00Z,91.8410,102.4984,10.6574,0.0000,0.0000,7.8713,10.3025
2026-08-29T23:36:01Z,91.8196,102.5842,10.7645,0.0000,0.0000,7.8713,10.2892
2026-08-29T23:36:02Z,91.8196,102.5832,10.7636,0.0000,0.0000,7.8712,10.2892
2026-08-29T23:36:03Z,91.8456,102.4956,10.6500,0.0000,0.0000,7.8712,10.3025
2026-08-29T23:36:04Z,91.8456,102.4947,10.6491,0.0000,0.0000,7.8712,10.3025
2026-08-29T23:36:05Z,91.8059,102.4937,10.6878,0.0000,0.0000,7.8711,10.3025
2026-08-29T23:36:06Z,91.8059,102.4928,10.6869,0.0000,0.0000,7.8711,10.3025
2026-08-29T23:36:07Z,91.8379,102.4052,10.5673,0.0000,0.0000,7.8710,10.3159
2026-08-29T23:36:08Z,91.8379,102.4043,10.5663,0.0000,0.0000,7.8710,10.3159
2026-08-29T23:36:09Z,91.8273,102.4033,10.5761,0.0000,0.0000,7.8709,10.3159
2026-08-29T23:36:10Z,91.8273,102.4024,10.5751,0.0000,0.0000,7.8709,10.3159
2026-08-29T23:36:11Z,91.8196,102.5747,10.7551,0.0000,0.0000,7.8708,10.2892
2026-08-29T23:36:12Z,91.8196,102.5738,10.7542,0.0000,0.0000,7.8708,10.2892
2026-08-29T23:36:13Z,91.8135,102.4862,10.6726,0.0000,0.0000,7.8707,10.3025
2026-08-29T23:36:14Z,91.8135,102.4852,10.6717,0.0000,0.0000,7.8707,10.3025
2026-08-29T23:36:15Z,91.8242,102.5710,10.7467,0.0000,0.0000,7.8706,10.2892
2026-08-29T23:36:16Z,91.8242,102.5700,10.7458,0.0000,0.0000,7.8706,10.2892
2026-08-29T23:36:17Z,91.8135,102.4824,10.6689,0.0000,0.0000,7.8706,10.3025
2026-08-29T23:36:18Z,91.8135,102.4814,10.6679,0.0000,0.0000,7.8705,10.3025
2026-08-29T23:36:19Z,91.7815,102.5672,10.7857,0.0000,0.0000,7.8705,10.2892
2026-08-29T23:36:20Z,91.7815,102.5662,10.7847,0.0000,0.0000,7.8704,10.2892
2026-08-29T23:36:21Z,91.7922,102.5653,10.7731,0.0000,0.0000,7.8704,10.2892
2026-08-29T23:36:22Z,91.7922,102.5643,10.7722,0.0000,0.0000,7.8703,10.2892
2026-08-29T23:36:23Z,91.7815,102.3901,10.6086,0.0000,0.0000,7.8703,10.3159
2026-08-29T23:36:24Z,91.7815,102.3892,10.6077,0.0000,0.0000,7.8702,10.3159
2026-08-29T23:36:25Z,91.7876,102.3882,10.6007,0.0000,0.0000,7.8702,10.3159
2026-08-29T23:36:26Z,91.7876,102.3873,10.5997,0.0000,0.0000,7.8701,10.3159
2026-08-29T23:36:27Z,91.8181,102.4729,10.6548,0.0000,0.0000,7.8701,10.3025
2026-08-29T23:36:28Z,91.8181,102.4720,10.6539,0.0000,0.0000,7.8700,10.3025
2026-08-29T23:36:29Z,91.7876,102.5577,10.7701,0.0000,0.0000,7.8700,10.2892
2026-08-29T23:36:30Z,91.7876,102.5568,10.7692,0.0000,0.0000,7.8699,10.2892
2026-08-29T23:36:31Z,91.7922,102.5558,10.7637,0.0000,0.0000,7.8699,10.2892
2026-08-29T23:36:32Z,91.7922,102.5549,10.7627,0.0000,0.0000,7.8699,10.2892
2026-08-29T23:36:33Z,91.7876,102.5540,10.7664,0.0000,0.0000,7.8698,10.2892
2026-08-29T23:36:34Z,91.7876,102.5530,10.7654,0.0000,0.0000,7.8698,10.2892
2026-08-29T23:36:35Z,91.7678,102.4654,10.6976,0.0000,0.0000,7.8697,10.3025
2026-08-29T23:36:36Z,91.7678,102.4645,10.6967,0.0000,0.0000,7.8697,10.3025
2026-08-29T23:36:37Z,91.7861,102.4635,10.6774,0.0000,0.0000,7.8696,10.3025
2026-08-29T23:36:38Z,91.7861,102.4626,10.6765,0.0000,0.0000,7.8696,10.3025
2026-08-29T23:36:39Z,91.7632,102.3750,10.6119,0.0000,0.0000,7.8695,10.3159
2026-08-29T23:36:40Z,91.7632,102.3741,10.6109,0.0000,0.0000,7.8695,10.3159
2026-08-29T23:36:41Z,91.7922,102.4597,10.6676,0.0000,0.0000,7.8694,10.3025
2026-08-29T23:36:42Z,91.7922,102.4588,10.6666,0.0000,0.0000,7.8694,10.3025
2026-08-29T23:36:43Z,91.7723,102.5445,10.7722,0.0000,0.0000,7.8693,10.2892
2026-08-29T23:36:44Z,91.7723,102.5436,10.7712,0.0000,0.0000,7.8693,10.2892
2026-08-29T23:36:45Z,91.7739,102.3694,10.5955,0.0000,0.0000,7.8693,10.3159
2026-08-29T23:36:46Z,91.7739,102.3684,10.5946,0.0000,0.0000,7.8692,10.3159
2026-08-29T23:36:47Z,91.7510,102.3675,10.6165,0.0000,0.0000,7.8692,10.3159
2026-08-29T23:36:48Z,91.7510,102.3666,10.6156,0.0000,0.0000,7.8691,10.3159
2026-08-29T23:36:49Z,91.8013,102.3656,10.5643,0.0000,0.0000,7.8691,10.3159
2026-08-29T23:36:50Z,91.8013,102.3647,10.5634,0.0000,0.0000,7.8690,10.3159
2026-08-29T23:36:51Z,91.7510,102.5370,10.7860,0.0000,0.0000,7.8690,10.2892
2026-08-29T23:36:52Z,91.7510,102.5360,10.7850,0.0000,0.0000,7.8689,10.2892
2026-08-29T23:36:53Z,91.7449,102.3619,10.6170,0.0000,0.0000,7.8689,10.3159
2026-08-29T23:36:54Z,91.7449,102.3609,10.6160,0.0000,0.0000,7.8688,10.3159
2026-08-29T23:36:55Z,91.7586,102.4465,10.6879,0.0000,0.0000,7.8688,10.3025
2026-08-29T23:36:56Z,91.7586,102.4456,10.6870,0.0000,0.0000,7.8687,10.3025
2026-08-29T23:36:57Z,91.8013,102.4446,10.6433,0.0000,0.0000,7.8687,10.3025
2026-08-29T23:36:58Z,91.8013,102.4437,10.6424,0.0000,0.0000,7.8687,10.3025
2026-08-29T23:36:59Z,91.7693,102.3562,10.5869,0.0000,0.0000,7.8686,10.3159
2026-08-29T23:37:00Z,91.7693,102.3553,10.5860,0.0000,0.0000,7.8686,10.3159
2026-08-29T23:37:01Z,91.7494,102.3543,10.6049,0.0000,0.0000,7.8685,10.3159
2026-08-29T23:37:02Z,91.7494,102.3534,10.6039,0.0000,0.0000,7.8685,10.3159
2026-08-29T23:37:03Z,91.7647,102.5256,10.7609,0.0000,0.0000,7.8684,10.2892
2026-08-29T23:37:04Z,91.7647,102.5247,10.7600,0.0000,0.0000,7.8684,10.2892
2026-08-29T23:37:05Z,91.7739,102.4371,10.6632,0.0000,0.0000,7.8683,10.3025
2026-08-29T23:37:06Z,91.7739,102.4362,10.6623,0.0000,0.0000,7.8683,10.3025
2026-08-29T23:37:07Z,91.7632,102.4352,10.6720,0.0000,0.0000,7.8682,10.3025
2026-08-29T23:37:08Z,91.7632,102.4343,10.6711,0.0000,0.0000,7.8682,10.3025
2026-08-29T23:37:09Z,91.7876,102.2603,10.4727,0.0000,0.0000,7.8681,10.3292
2026-08-29T23:37:10Z,91.7876,102.2594,10.4718,0.0000,0.0000,7.8681,10.3292
2026-08-29T23:37:11Z,91.7632,102.5181,10.7549,0.0000,0.0000,7.8680,10.2892
2026-08-29T23:37:12Z,91.7632,102.5171,10.7540,0.0000,0.0000,7.8680,10.2892
2026-08-29T23:37:13Z,91.7418,102.3430,10.6012,0.0000,0.0000,7.8680,10.3159
2026-08-29T23:37:14Z,91.7418,102.3421,10.6003,0.0000,0.0000,7.8679,10.3159
2026-08-29T23:37:15Z,91.7128,102.3411,10.6283,0.0000,0.0000,7.8679,10.3159
2026-08-29T23:37:16Z,91.7128,102.3402,10.6274,0.0000,0.0000,7.8678,10.3159
2026-08-29T23:37:17Z,91.7510,102.4258,10.6748,0.0000,0.0000,7.8678,10.3025
2026-08-29T23:37:18Z,91.7510,102.4249,10.6739,0.0000,0.0000,7.8677,10.3025
2026-08-29T23:37:19Z,91.7556,102.3374,10.5818,0.0000,0.0000,7.8677,10.3159
2026-08-29T23:37:20Z,91.7556,102.3364,10.5809,0.0000,0.0000,7.8676,10.3159
2026-08-29T23:37:21Z,91.7815,102.6127,10.8312,0.0000,0.0000,7.8676,10.2731
2026-08-29T23:37:22Z,91.7815,102.6118,10.8303,0.0000,0.0000,7.8675,10.2731
2026-08-29T23:37:23Z,91.7586,102.4201,10.6615,0.0000,0.0000,7.8675,10.3025
2026-08-29T23:37:24Z,91.7586,102.4192,10.6606,0.0000,0.0000,7.8674,10.3025
2026-08-29T23:37:25Z,91.7311,102.3317,10.6006,0.0000,0.0000,7.8674,10.3159
2026-08-29T23:37:26Z,91.7311,102.3308,10.5996,0.0000,0.0000,7.8674,10.3159
2026-08-29T23:37:27Z,91.7266,102.3298,10.6033,0.0000,0.0000,7.8673,10.3159
2026-08-29T23:37:28Z,91.7266,102.3289,10.6023,0.0000,0.0000,7.8673,10.3159
2026-08-29T23:37:29Z,91.7006,102.4145,10.7139,0.0000,0.0000,7.8672,10.3025
2026-08-29T23:37:30Z,91.7006,102.4135,10.7129,0.0000,0.0000,7.8672,10.3025
2026-08-29T23:37:31Z,91.7494,102.4126,10.6632,0.0000,0.0000,7.8671,10.3025
2026-08-29T23:37:32Z,91.7494,102.4117,10.6622,0.0000,0.0000,7.8671,10.3025
2026-08-29T23:37:33Z,91.7266,102.3242,10.5976,0.0000,0.0000,7.8670,10.3159
2026-08-29T23:37:34Z,91.7266,102.3232,10.5967,0.0000,0.0000,7.8670,10.3159
2026-08-29T23:37:35Z,91.7189,102.3223,10.6034,0.0000,0.0000,7.8669,10.3159
2026-08-29T23:37:36Z,91.7189,102.3214,10.6024,0.0000,0.0000,7.8669,10.3159
2026-08-29T23:37:37Z,91.7037,102.3204,10.6167,0.0000,0.0000,7.8668,10.3159
2026-08-29T23:37:38Z,91.7037,102.3195,10.6158,0.0000,0.0000,7.8668,10.3159
2026-08-29T23:37:39Z,91.7235,102.3185,10.5950,0.0000,0.0000,7.8668,10.3159
2026-08-29T23:37:40Z,91.7235,102.3176,10.5941,0.0000,0.0000,7.8667,10.3159
2026-08-29T23:37:41Z,91.7189,102.4032,10.6842,0.0000,0.0000,7.8667,10.3025
2026-08-29T23:37:42Z,91.7189,102.4022,10.6833,0.0000,0.0000,7.8666,10.3025
2026-08-29T23:37:43Z,91.7006,102.2283,10.5277,0.0000,0.0000,7.8666,10.3292
2026-08-29T23:37:44Z,91.7006,102.2274,10.5268,0.0000,0.0000,7.8665,10.3292
2026-08-29T23:37:45Z,91.6960,102.3994,10.7034,0.0000,0.0000,7.8665,10.3025
2026-08-29T23:37:46Z,91.6960,102.3985,10.7024,0.0000,0.0000,7.8664,10.3025
2026-08-29T23:37:47Z,91.7037,102.3110,10.6073,0.0000,0.0000,7.8664,10.3159
2026-08-29T23:37:48Z,91.7037,102.3101,10.6064,0.0000,0.0000,7.8663,10.3159
2026-08-29T23:37:49Z,91.7098,102.3956,10.6859,0.0000,0.0000,7.8663,10.3025
2026-08-29T23:37:50Z,91.7098,102.3947,10.6849,0.0000,0.0000,7.8662,10.3025
2026-08-29T23:37:51Z,91.7037,102.3072,10.6036,0.0000,0.0000,7.8662,10.3159
2026-08-29T23:37:52Z,91.7037,102.3063,10.6026,0.0000,0.0000,7.8661,10.3159
2026-08-29T23:37:53Z,91.6854,102.2189,10.5336,0.0000,0.0000,7.8661,10.3292
2026-08-29T23:37:54Z,91.6854,102.2180,10.5326,0.0000,0.0000,7.8661,10.3292
2026-08-29T23:37:55Z,91.6960,102.4766,10.7806,0.0000,0.0000,7.8660,10.2892
2026-08-29T23:37:56Z,91.6960,102.4757,10.7796,0.0000,0.0000,7.8660,10.2892
2026-08-29T23:37:57Z,91.6579,102.3881,10.7302,0.0000,0.0000,7.8659,10.3025
2026-08-29T23:37:58Z,91.6579,102.3872,10.7293,0.0000,0.0000,7.8659,10.3025
2026-08-29T23:37:59Z,91.6808,102.3862,10.7054,0.0000,0.0000,7.8658,10.3025
2026-08-29T23:38:00Z,91.6808,102.3853,10.7045,0.0000,0.0000,7.8658,10.3025
2026-08-29T23:38:01Z,91.7006,102.2114,10.5108,0.0000,0.0000,7.8657,10.3292
2026-08-29T23:38:02Z,91.7006,102.2105,10.5098,0.0000,0.0000,7.8657,10.3292
2026-08-29T23:38:03Z,91.6777,102.3825,10.7047,0.0000,0.0000,7.8656,10.3025
2026-08-29T23:38:04Z,91.6777,102.3815,10.7038,0.0000,0.0000,7.8656,10.3025
2026-08-29T23:38:05Z,91.6670,102.3806,10.7135,0.0000,0.0000,7.8655,10.3025
2026-08-29T23:38:06Z,91.6670,102.3796,10.7126,0.0000,0.0000,7.8655,10.3025
2026-08-29T23:38:07Z,91.6777,102.2922,10.6145,0.0000,0.0000,7.8655,10.3159
2026-08-29T23:38:08Z,91.6777,102.2912,10.6135,0.0000,0.0000,7.8654,10.3159
2026-08-29T23:38:09Z,91.6670,102.2903,10.6233,0.0000,0.0000,7.8654,10.3159
2026-08-29T23:38:10Z,91.6670,102.2894,10.6223,0.0000,0.0000,7.8653,10.3159
2026-08-29T23:38:11Z,91.6732,102.2884,10.6153,0.0000,0.0000,7.8653,10.3159
2026-08-29T23:38:12Z,91.6732,102.2875,10.6143,0.0000,0.0000,7.8652,10.3159
2026-08-29T23:38:13Z,91.6899,102.3730,10.6831,0.0000,0.0000,7.8652,10.3025
2026-08-29T23:38:14Z,91.6899,102.3721,10.6822,0.0000,0.0000,7.8651,10.3025
2026-08-29T23:38:15Z,91.6625,102.1982,10.5358,0.0000,0.0000,7.8651,10.3292
2026-08-29T23:38:16Z,91.6625,102.1973,10.5348,0.0000,0.0000,7.8650,10.3292
2026-08-29T23:38:17Z,91.6670,102.2828,10.6157,0.0000,0.0000,7.8650,10.3159
2026-08-29T23:38:18Z,91.6670,102.2818,10.6148,0.0000,0.0000,7.8649,10.3159
2026-08-29T23:38:19Z,91.6548,102.2809,10.6261,0.0000,0.0000,7.8649,10.3159
2026-08-29T23:38:20Z,91.6548,102.2800,10.6251,0.0000,0.0000,7.8649,10.3159
2026-08-29T23:38:21Z,91.6442,102.2790,10.6349,0.0000,0.0000,7.8648,10.3159
2026-08-29T23:38:22Z,91.6442,102.2781,10.6339,0.0000,0.0000,7.8648,10.3159
2026-08-29T23:38:23Z,91.6579,102.1907,10.5328,0.0000,0.0000,7.8647,10.3292
2026-08-29T23:38:24Z,91.6579,102.1898,10.5319,0.0000,0.0000,7.8647,10.3292
2026-08-29T23:38:25Z,91.6365,102.2753,10.6387,0.0000,0.0000,7.8646,10.3159
2026-08-29T23:38:26Z,91.6365,102.2743,10.6378,0.0000,0.0000,7.8646,10.3159
2026-08-29T23:38:27Z,91.6350,102.3599,10.7249,0.0000,0.0000,7.8645,10.3025
2026-08-29T23:38:28Z,91.6350,102.3589,10.7239,0.0000,0.0000,7.8645,10.3025
2026-08-29T23:38:29Z,91.6503,102.2715,10.6212,0.0000,0.0000,7.8644,10.3159
2026-08-29T23:38:30Z,91.6503,102.2705,10.6203,0.0000,0.0000,7.8644,10.3159
2026-08-29T23:38:31Z,91.6442,102.1832,10.5390,0.0000,0.0000,7.8643,10.3292
2026-08-29T23:38:32Z,91.6442,102.1823,10.5381,0.0000,0.0000,7.8643,10.3292
2026-08-29T23:38:33Z,91.6777,102.2677,10.5900,0.0000,0.0000,7.8642,10.3159
2026-08-29T23:38:34Z,91.6777,102.2668,10.5891,0.0000,0.0000,7.8642,10.3159
2026-08-29T23:38:35Z,91.6411,102.2658,10.6247,0.0000,0.0000,7.8642,10.3159
2026-08-29T23:38:36Z,91.6411,102.2649,10.6238,0.0000,0.0000,7.8641,10.3159
2026-08-29T23:38:37Z,91.6350,102.2640,10.6290,0.0000,0.0000,7.8641,10.3159
2026-08-29T23:38:38Z,91.6350,102.2630,10.6280,0.0000,0.0000,7.8640,10.3159
2026-08-29T23:38:39Z,91.6411,102.2621,10.6210,0.0000,0.0000,7.8640,10.3159
2026-08-29T23:38:40Z,91.6411,102.2611,10.6200,0.0000,0.0000,7.8639,10.3159
2026-08-29T23:38:41Z,91.6411,102.1738,10.5327,0.0000,0.0000,7.8639,10.3292
2026-08-29T23:38:42Z,91.6411,102.1729,10.5318,0.0000,0.0000,7.8638,10.3292
2026-08-29T23:38:43Z,91.6411,102.2583,10.6172,0.0000,0.0000,7.8638,10.3159
2026-08-29T23:38:44Z,91.6411,102.2574,10.6163,0.0000,0.0000,7.8637,10.3159
2026-08-29T23:38:45Z,91.6548,102.3429,10.6881,0.0000,0.0000,7.8637,10.3025
2026-08-29T23:38:46Z,91.6548,102.3420,10.6871,0.0000,0.0000,7.8636,10.3025
2026-08-29T23:38:47Z,91.6091,102.2546,10.6455,0.0000,0.0000,7.8636,10.3159
2026-08-29T23:38:48Z,91.6091,102.2536,10.6446,0.0000,0.0000,7.8636,10.3159
2026-08-29T23:38:49Z,91.6121,102.1663,10.5542,0.0000,0.0000,7.8635,10.3292
2026-08-29T23:38:50Z,91.6121,102.1654,10.5532,0.0000,0.0000,7.8635,10.3292
2026-08-29T23:38:51Z,91.6121,102.2508,10.6387,0.0000,0.0000,7.8634,10.3159
2026-08-29T23:38:52Z,91.6121,102.2499,10.6378,0.0000,0.0000,7.8634,10.3159
2026-08-29T23:38:53Z,91.6091,102.2489,10.6399,0.0000,0.0000,7.8633,10.3159
2026-08-29T23:38:54Z,91.6091,102.2480,10.6389,0.0000,0.0000,7.8633,10.3159
2026-08-29T23:38:55Z,91.6487,102.3335,10.6848,0.0000,0.0000,7.8632,10.3025
2026-08-29T23:38:56Z,91.6487,102.3326,10.6838,0.0000,0.0000,7.8632,10.3025
2026-08-29T23:38:57Z,91.6411,102.2452,10.6041,0.0000,0.0000,7.8631,10.3159
2026-08-29T23:38:58Z,91.6411,102.2442,10.6031,0.0000,0.0000,7.8631,10.3159
2026-08-29T23:38:59Z,91.6350,102.3298,10.6948,0.0000,0.0000,7.8630,10.3025
2026-08-29T23:39:00Z,91.6350,102.3288,10.6938,0.0000,0.0000,7.8630,10.3025
2026-08-29T23:39:01Z,91.5892,102.2414,10.6522,0.0000,0.0000,7.8630,10.3159
2026-08-29T23:39:02Z,91.5892,102.2405,10.6512,0.0000,0.0000,7.8629,10.3159
2026-08-29T23:39:03Z,91.5816,102.2395,10.6579,0.0000,0.0000,7.8629,10.3159
2026-08-29T23:39:04Z,91.5816,102.2386,10.6570,0.0000,0.0000,7.8628,10.3159
2026-08-29T23:39:05Z,91.6304,102.3241,10.6937,0.0000,0.0000,7.8628,10.3025
2026-08-29T23:39:06Z,91.6304,102.3232,10.6928,0.0000,0.0000,7.8627,10.3025
2026-08-29T23:39:07Z,91.6304,102.2358,10.6053,0.0000,0.0000,7.8627,10.3159
2026-08-29T23:39:08Z,91.6304,102.2348,10.6044,0.0000,0.0000,7.8626,10.3159
2026-08-29T23:39:09Z,91.5892,102.1475,10.5583,0.0000,0.0000,7.8626,10.3292
2026-08-29T23:39:10Z,91.5892,102.1466,10.5574,0.0000,0.0000,7.8625,10.3292
2026-08-29T23:39:11Z,91.5892,102.2320,10.6428,0.0000,0.0000,7.8625,10.3159
2026-08-29T23:39:12Z,91.5892,102.2311,10.6419,0.0000,0.0000,7.8624,10.3159
2026-08-29T23:39:13Z,91.5984,102.1438,10.5454,0.0000,0.0000,7.8624,10.3292
2026-08-29T23:39:14Z,91.5984,102.1428,10.5444,0.0000,0.0000,7.8623,10.3292
2026-08-29T23:39:15Z,91.6030,102.2283,10.6253,0.0000,0.0000,7.8623,10.3159
2026-08-29T23:39:16Z,91.6030,102.2273,10.6244,0.0000,0.0000,7.8623,10.3159
2026-08-29T23:39:17Z,91.6228,102.3128,10.6900,0.0000,0.0000,7.8622,10.3025
2026-08-29T23:39:18Z,91.6228,102.3119,10.6891,0.0000,0.0000,7.8622,10.3025
2026-08-29T23:39:19Z,91.6030,102.0346,10.4316,0.0000,0.0000,7.8621,10.3452
2026-08-29T23:39:20Z,91.6030,102.0337,10.4307,0.0000,0.0000,7.8621,10.3452
2026-08-29T23:39:21Z,91.6121,102.2226,10.6105,0.0000,0.0000,7.8620,10.3159
2026-08-29T23:39:22Z,91.6121,102.2217,10.6096,0.0000,0.0000,7.8620,10.3159
2026-08-29T23:39:23Z,91.6304,102.0308,10.4004,0.0000,0.0000,7.8619,10.3452
2026-08-29T23:39:24Z,91.6304,102.0299,10.3995,0.0000,0.0000,7.8619,10.3452
2026-08-29T23:39:25Z,91.6350,102.2189,10.5839,0.0000,0.0000,7.8618,10.3159
2026-08-29T23:39:26Z,91.6350,102.2179,10.5829,0.0000,0.0000,7.8618,10.3159
2026-08-29T23:39:27Z,91.5892,102.2170,10.6278,0.0000,0.0000,7.8617,10.3159
2026-08-29T23:39:28Z,91.5892,102.2161,10.6268,0.0000,0.0000,7.8617,10.3159
2026-08-29T23:39:29Z,91.5663,102.2151,10.6488,0.0000,0.0000,7.8617,10.3159
2026-08-29T23:39:30Z,91.5663,102.2142,10.6478,0.0000,0.0000,7.8616,10.3159
2026-08-29T23:39:31Z,91.5770,102.2132,10.6362,0.0000,0.0000,7.8616,10.3159
2026-08-29T23:39:32Z,91.5770,102.2123,10.6353,0.0000,0.0000,7.8615,10.3159
2026-08-29T23:39:33Z,91.5724,102.1250,10.5526,0.0000,0.0000,7.8615,10.3292
2026-08-29T23:39:34Z,91.5724,102.1241,10.5516,0.0000,0.0000,7.8614,10.3292
2026-08-29T23:39:35Z,91.6121,102.1231,10.5110,0.0000,0.0000,7.8614,10.3292
2026-08-29T23:39:36Z,91.6121,102.1222,10.5101,0.0000,0.0000,7.8613,10.3292
2026-08-29T23:39:37Z,91.5862,102.1212,10.5351,0.0000,0.0000,7.8613,10.3292
2026-08-29T23:39:38Z,91.5862,102.1203,10.5341,0.0000,0.0000,7.8612,10.3292
2026-08-29T23:39:39Z,91.5663,102.2057,10.6394,0.0000,0.0000,7.8612,10.3159
2026-08-29T23:39:40Z,91.5663,102.2048,10.6384,0.0000,0.0000,7.8611,10.3159
2026-08-29T23:39:41Z,91.5572,102.0140,10.4568,0.0000,0.0000,7.8611,10.3452
2026-08-29T23:39:42Z,91.5572,102.0130,10.4559,0.0000,0.0000,7.8611,10.3452
2026-08-29T23:39:43Z,91.5618,102.2020,10.6402,0.0000,0.0000,7.8610,10.3159
2026-08-29T23:39:44Z,91.5618,102.2010,10.6393,0.0000,0.0000,7.8610,10.3159
2026-08-29T23:39:45Z,91.5618,102.1137,10.5520,0.0000,0.0000,7.8609,10.3292
2026-08-29T23:39:46Z,91.5618,102.1128,10.5510,0.0000,0.0000,7.8609,10.3292
2026-08-29T23:39:47Z,91.6030,102.1119,10.5089,0.0000,0.0000,7.8608,10.3292
2026-08-29T23:39:48Z,91.6030,102.1109,10.5080,0.0000,0.0000,7.8608,10.3292
2026-08-29T23:39:49Z,91.5846,102.0065,10.4218,0.0000,0.0000,7.8607,10.3452
2026-08-29T23:39:50Z,91.5846,102.0055,10.4209,0.0000,0.0000,7.8607,10.3452
2026-08-29T23:39:51Z,91.5724,102.2809,10.7084,0.0000,0.0000,7.8606,10.3025
2026-08-29T23:39:52Z,91.5724,102.2799,10.7075,0.0000,0.0000,7.8606,10.3025
2026-08-29T23:39:53Z,91.5343,102.0027,10.4684,0.0000,0.0000,7.8605,10.3452
2026-08-29T23:39:54Z,91.5343,102.0018,10.4675,0.0000,0.0000,7.8605,10.3452
2026-08-29T23:39:55Z,91.5526,102.1907,10.6381,0.0000,0.0000,7.8605,10.3159
2026-08-29T23:39:56Z,91.5526,102.1898,10.6372,0.0000,0.0000,7.8604,10.3159
2026-08-29T23:39:57Z,91.5770,102.1888,10.6118,0.0000,0.0000,7.8604,10.3159
2026-08-29T23:39:58Z,91.5770,102.1879,10.6109,0.0000,0.0000,7.8603,10.3159
2026-08-29T23:39:59Z,91.5343,102.1006,10.5663,0.0000,0.0000,7.8603,10.3292
2026-08-29T23:40:00Z,91.5343,102.0997,10.5654,0.0000,0.0000,7.8602,10.3292
2026-08-29T23:40:01Z,91.5587,102.1851,10.6264,0.0000,0.0000,7.8602,10.3159
2026-08-29T23:40:02Z,91.5587,102.1841,10.6254,0.0000,0.0000,7.8601,10.3159
2026-08-29T23:40:03Z,91.5724,102.1832,10.6108,0.0000,0.0000,7.8601,10.3159
2026-08-29T23:40:04Z,91.5724,102.1823,10.6098,0.0000,0.0000,7.8600,10.3159
2026-08-29T23:40:05Z,91.5297,102.1813,10.6516,0.0000,0.0000,7.8600,10.3159
2026-08-29T23:40:06Z,91.5297,102.1804,10.6507,0.0000,0.0000,7.8599,10.3159
2026-08-29T23:40:07Z,91.5526,102.0931,10.5405,0.0000,0.0000,7.8599,10.3292
2026-08-29T23:40:08Z,91.5526,102.0922,10.5396,0.0000,0.0000,7.8598,10.3292
2026-08-29T23:40:09Z,91.5587,102.0912,10.5325,0.0000,0.0000,7.8598,10.3292
2026-08-29T23:40:10Z,91.5587,102.0903,10.5316,0.0000,0.0000,7.8598,10.3292
2026-08-29T23:40:11Z,91.5297,102.0894,10.5596,0.0000,0.0000,7.8597,10.3292
2026-08-29T23:40:12Z,91.5297,102.0884,10.5587,0.0000,0.0000,7.8597,10.3292
2026-08-29T23:40:13Z,91.5435,102.0875,10.5440,0.0000,0.0000,7.8596,10.3292
2026-08-29T23:40:14Z,91.5435,102.0866,10.5431,0.0000,0.0000,7.8596,10.3292
2026-08-29T23:40:15Z,91.5297,102.1719,10.6422,0.0000,0.0000,7.8595,10.3159
2026-08-29T23:40:16Z,91.5297,102.1710,10.6413,0.0000,0.0000,7.8595,10.3159
2026-08-29T23:40:17Z,91.5129,102.0837,10.5708,0.0000,0.0000,7.8594,10.3292
2026-08-29T23:40:18Z,91.5129,102.0828,10.5699,0.0000,0.0000,7.8594,10.3292
2026-08-29T23:40:19Z,91.5526,102.0819,10.5293,0.0000,0.0000,7.8593,10.3292
2026-08-29T23:40:20Z,91.5526,102.0809,10.5283,0.0000,0.0000,7.8593,10.3292
2026-08-29T23:40:21Z,91.5221,102.1663,10.6442,0.0000,0.0000,7.8592,10.3159
2026-08-29T23:40:22Z,91.5221,102.1654,10.6433,0.0000,0.0000,7.8592,10.3159
2026-08-29T23:40:23Z,91.5480,101.9746,10.4266,0.0000,0.0000,7.8592,10.3452
2026-08-29T23:40:24Z,91.5480,101.9737,10.4257,0.0000,0.0000,7.8591,10.3452
2026-08-29T23:40:25Z,91.5084,102.1626,10.6542,0.0000,0.0000,7.8591,10.3159
2026-08-29T23:40:26Z,91.5084,102.1616,10.6533,0.0000,0.0000,7.8590,10.3159
2026-08-29T23:40:27Z,91.4946,101.9709,10.4763,0.0000,0.0000,7.8590,10.3452
2026-08-29T23:40:28Z,91.4946,101.9700,10.4753,0.0000,0.0000,7.8589,10.3452
2026-08-29T23:40:29Z,91.5358,102.1588,10.6230,0.0000,0.0000,7.8589,10.3159
2026-08-29T23:40:30Z,91.5358,102.1579,10.6221,0.0000,0.0000,7.8588,10.3159
2026-08-29T23:40:31Z,91.5221,101.9672,10.4451,0.0000,0.0000,7.8588,10.3452
2026-08-29T23:40:32Z,91.5221,101.9662,10.4441,0.0000,0.0000,7.8587,10.3452
2026-08-29T23:40:33Z,91.5435,101.9653,10.4218,0.0000,0.0000,7.8587,10.3452
2026-08-29T23:40:34Z,91.5435,101.9643,10.4209,0.0000,0.0000,7.8586,10.3452
2026-08-29T23:40:35Z,91.5221,102.0669,10.5448,0.0000,0.0000,7.8586,10.3292
2026-08-29T23:40:36Z,91.5221,102.0659,10.5439,0.0000,0.0000,7.8586,10.3292
2026-08-29T23:40:37Z,91.5084,102.1513,10.6430,0.0000,0.0000,7.8585,10.3159
2026-08-29T23:40:38Z,91.5084,102.1504,10.6420,0.0000,0.0000,7.8585,10.3159
2026-08-29T23:40:39Z,91.5038,102.1494,10.6457,0.0000,0.0000,7.8584,10.3159
2026-08-29T23:40:40Z,91.5038,102.1485,10.6447,0.0000,0.0000,7.8584,10.3159
2026-08-29T23:40:41Z,91.5129,102.0613,10.5483,0.0000,0.0000,7.8583,10.3292
2026-08-29T23:40:42Z,91.5129,102.0603,10.5474,0.0000,0.0000,7.8583,10.3292
2026-08-29T23:40:43Z,91.5038,102.2321,10.7283,0.0000,0.0000,7.8582,10.3025
2026-08-29T23:40:44Z,91.5038,102.2311,10.7274,0.0000,0.0000,7.8582,10.3025
2026-08-29T23:40:45Z,91.5480,102.1438,10.5958,0.0000,0.0000,7.8581,10.3159
2026-08-29T23:40:46Z,91.5480,102.1429,10.5948,0.0000,0.0000,7.8581,10.3159
2026-08-29T23:40:47Z,91.4946,102.0556,10.5610,0.0000,0.0000,7.8580,10.3292
2026-08-29T23:40:48Z,91.4946,102.0547,10.5601,0.0000,0.0000,7.8580,10.3292
2026-08-29T23:40:49Z,91.5221,102.0538,10.5317,0.0000,0.0000,7.8579,10.3292
2026-08-29T23:40:50Z,91.5221,102.0528,10.5307,0.0000,0.0000,7.8579,10.3292
2026-08-29T23:40:51Z,91.4946,101.9484,10.4538,0.0000,0.0000,7.8579,10.3452
2026-08-29T23:40:52Z,91.4946,101.9475,10.4529,0.0000,0.0000,7.8578,10.3452
2026-08-29T23:40:53Z,91.5023,102.0500,10.5478,0.0000,0.0000,7.8578,10.3292
2026-08-29T23:40:54Z,91.5023,102.0491,10.5468,0.0000,0.0000,7.8577,10.3292
2026-08-29T23:40:55Z,91.5084,102.2208,10.7125,0.0000,0.0000,7.8577,10.3025
2026-08-29T23:40:56Z,91.5084,102.2199,10.7115,0.0000,0.0000,7.8576,10.3025
2026-08-29T23:40:57Z,91.5038,101.9428,10.4391,0.0000,0.0000,7.8576,10.3452
2026-08-29T23:40:58Z,91.5038,101.9419,10.4381,0.0000,0.0000,7.8575,10.3452
2026-08-29T23:40:59Z,91.4885,102.0444,10.5559,0.0000,0.0000,7.8575,10.3292
2026-08-29T23:41:00Z,91.4885,102.0435,10.5549,0.0000,0.0000,7.8574,10.3292
2026-08-29T23:41:01Z,91.5572,102.1288,10.5716,0.0000,0.0000,7.8574,10.3159
2026-08-29T23:41:02Z,91.5572,102.1279,10.5707,0.0000,0.0000,7.8573,10.3159
2026-08-29T23:41:03Z,91.4946,102.0407,10.5460,0.0000,0.0000,7.8573,10.3292
2026-08-29T23:41:04Z,91.4946,102.0397,10.5451,0.0000,0.0000,7.8573,10.3292
2026-08-29T23:41:05Z,91.5267,102.0388,10.5121,0.0000,0.0000,7.8572,10.3292
2026-08-29T23:41:06Z,91.5267,102.0378,10.5112,0.0000,0.0000,7.8572,10.3292
2026-08-29T23:41:07Z,91.4885,101.9335,10.4450,0.0000,0.0000,7.8571,10.3452
2026-08-29T23:41:08Z,91.4885,101.9325,10.4440,0.0000,0.0000,7.8571,10.3452
2026-08-29T23:41:09Z,91.5358,102.0350,10.4992,0.0000,0.0000,7.8570,10.3292
2026-08-29T23:41:10Z,91.5358,102.0341,10.4983,0.0000,0.0000,7.8570,10.3292
2026-08-29T23:41:11Z,91.4794,102.0332,10.5538,0.0000,0.0000,7.8569,10.3292
2026-08-29T23:41:12Z,91.4794,102.0322,10.5529,0.0000,0.0000,7.8569,10.3292
2026-08-29T23:41:13Z,91.5084,101.9279,10.4195,0.0000,0.0000,7.8568,10.3452
2026-08-29T23:41:14Z,91.5084,101.9269,10.4186,0.0000,0.0000,7.8568,10.3452
2026-08-29T23:41:15Z,91.4839,102.1157,10.6318,0.0000,0.0000,7.8567,10.3159
2026-08-29T23:41:16Z,91.4839,102.1148,10.6308,0.0000,0.0000,7.8567,10.3159
2026-08-29T23:41:17Z,91.4977,102.0275,10.5299,0.0000,0.0000,7.8567,10.3292
2026-08-29T23:41:18Z,91.4977,102.0266,10.5289,0.0000,0.0000,7.8566,10.3292
2026-08-29T23:41:19Z,91.4885,102.1120,10.6234,0.0000,0.0000,7.8566,10.3159
2026-08-29T23:41:20Z,91.4885,102.1110,10.6225,0.0000,0.0000,7.8565,10.3159
2026-08-29T23:41:21Z,91.4900,101.9204,10.4303,0.0000,0.0000,7.8565,10.3452
2026-08-29T23:41:22Z,91.4900,101.9194,10.4294,0.0000,0.0000,7.8564,10.3452
2026-08-29T23:41:23Z,91.4839,102.0219,10.5380,0.0000,0.0000,7.8564,10.3292
2026-08-29T23:41:24Z,91.4839,102.0210,10.5371,0.0000,0.0000,7.8563,10.3292
2026-08-29T23:41:25Z,91.4900,101.8306,10.3405,0.0000,0.0000,7.8563,10.3586
2026-08-29T23:41:26Z,91.4900,101.8296,10.3396,0.0000,0.0000,7.8562,10.3586
2026-08-29T23:41:27Z,91.4885,102.1045,10.6159,0.0000,0.0000,7.8562,10.3159
2026-08-29T23:41:28Z,91.4885,102.1035,10.6150,0.0000,0.0000,7.8561,10.3159
2026-08-29T23:41:29Z,91.4580,101.8268,10.3688,0.0000,0.0000,7.8561,10.3586
2026-08-29T23:41:30Z,91.4580,101.8259,10.3679,0.0000,0.0000,7.8561,10.3586
2026-08-29T23:41:31Z,91.4748,101.8250,10.3502,0.0000,0.0000,7.8560,10.3586
2026-08-29T23:41:32Z,91.4748,101.8240,10.3492,0.0000,0.0000,7.8560,10.3586
2026-08-29T23:41:33Z,91.4702,101.9092,10.4390,0.0000,0.0000,7.8559,10.3452
2026-08-29T23:41:34Z,91.4702,101.9082,10.4380,0.0000,0.0000,7.8559,10.3452
2026-08-29T23:41:35Z,91.4946,102.0107,10.5161,0.0000,0.0000,7.8558,10.3292
2026-08-29T23:41:36Z,91.4946,102.0098,10.5151,0.0000,0.0000,7.8558,10.3292
2026-08-29T23:41:37Z,91.5038,102.0088,10.5051,0.0000,0.0000,7.8557,10.3292
2026-08-29T23:41:38Z,91.5038,102.0079,10.5041,0.0000,0.0000,7.8557,10.3292
2026-08-29T23:41:39Z,91.4946,102.0070,10.5123,0.0000,0.0000,7.8556,10.3292
2026-08-29T23:41:40Z,91.4946,102.0060,10.5114,0.0000,0.0000,7.8556,10.3292
2026-08-29T23:41:41Z,91.5084,101.9017,10.3933,0.0000,0.0000,7.8555,10.3452
2026-08-29T23:41:42Z,91.5084,101.9008,10.3924,0.0000,0.0000,7.8555,10.3452
2026-08-29T23:41:43Z,91.4885,102.0032,10.5147,0.0000,0.0000,7.8554,10.3292
2026-08-29T23:41:44Z,91.4885,102.0023,10.5138,0.0000,0.0000,7.8554,10.3292
2026-08-29T23:41:45Z,91.4946,101.8119,10.3173,0.0000,0.0000,7.8554,10.3586
2026-08-29T23:41:46Z,91.4946,101.8109,10.3163,0.0000,0.0000,7.8553,10.3586
2026-08-29T23:41:47Z,91.5114,101.8961,10.3847,0.0000,0.0000,7.8553,10.3452
2026-08-29T23:41:48Z,91.5114,101.8952,10.3837,0.0000,0.0000,7.8552,10.3452
2026-08-29T23:41:49Z,91.5084,101.9976,10.4893,0.0000,0.0000,7.8552,10.3292
2026-08-29T23:41:50Z,91.5084,101.9967,10.4883,0.0000,0.0000,7.8551,10.3292
2026-08-29T23:41:51Z,91.4977,101.9957,10.4981,0.0000,0.0000,7.8551,10.3292
2026-08-29T23:41:52Z,91.4977,101.9948,10.4971,0.0000,0.0000,7.8550,10.3292
2026-08-29T23:41:53Z,91.4977,101.9939,10.4962,0.0000,0.0000,7.8550,10.3292
2026-08-29T23:41:54Z,91.4977,101.9929,10.4953,0.0000,0.0000,7.8549,10.3292
2026-08-29T23:41:55Z,91.4702,101.8025,10.3323,0.0000,0.0000,7.8549,10.3586
2026-08-29T23:41:56Z,91.4702,101.8016,10.3314,0.0000,0.0000,7.8548,10.3586
2026-08-29T23:41:57Z,91.5038,101.8007,10.2969,0.0000,0.0000,7.8548,10.3586
2026-08-29T23:41:58Z,91.5038,101.7997,10.2960,0.0000,0.0000,7.8548,10.3586
2026-08-29T23:41:59Z,91.4885,101.8849,10.3964,0.0000,0.0000,7.8547,10.3452
2026-08-29T23:42:00Z,91.4885,101.8839,10.3954,0.0000,0.0000,7.8547,10.3452
2026-08-29T23:42:01Z,91.5129,101.7969,10.2840,0.0000,0.0000,7.8546,10.3586
2026-08-29T23:42:02Z,91.5129,101.7960,10.2831,0.0000,0.0000,7.8546,10.3586
2026-08-29T23:42:03Z,91.5160,101.9845,10.4685,0.0000,0.0000,7.8545,10.3292
2026-08-29T23:42:04Z,91.5160,101.9836,10.4676,0.0000,0.0000,7.8545,10.3292
2026-08-29T23:42:05Z,91.4794,101.7932,10.3138,0.0000,0.0000,7.8544,10.3586
2026-08-29T23:42:06Z,91.4794,101.7923,10.3129,0.0000,0.0000,7.8544,10.3586
2026-08-29T23:42:07Z,91.5114,101.9808,10.4694,0.0000,0.0000,7.8543,10.3292
2026-08-29T23:42:08Z,91.5114,101.9798,10.4684,0.0000,0.0000,7.8543,10.3292
2026-08-29T23:42:09Z,91.4839,101.8755,10.3916,0.0000,0.0000,7.8542,10.3452
2026-08-29T23:42:10Z,91.4839,101.8746,10.3907,0.0000,0.0000,7.8542,10.3452
2026-08-29T23:42:11Z,91.4977,101.7876,10.2899,0.0000,0.0000,7.8542,10.3586
2026-08-29T23:42:12Z,91.4977,101.7867,10.2890,0.0000,0.0000,7.8541,10.3586
2026-08-29T23:42:13Z,91.5496,101.8718,10.3222,0.0000,0.0000,7.8541,10.3452
2026-08-29T23:42:14Z,91.5496,101.8709,10.3213,0.0000,0.0000,7.8540,10.3452
2026-08-29T23:42:15Z,91.5023,101.8699,10.3677,0.0000,0.0000,7.8540,10.3452
2026-08-29T23:42:16Z,91.5023,101.8690,10.3667,0.0000,0.0000,7.8539,10.3452
2026-08-29T23:42:17Z,91.5160,101.8681,10.3521,0.0000,0.0000,7.8539,10.3452
2026-08-29T23:42:18Z,91.5160,101.8671,10.3511,0.0000,0.0000,7.8538,10.3452
2026-08-29T23:42:19Z,91.5496,101.9696,10.4200,0.0000,0.0000,7.8538,10.3292
2026-08-29T23:42:20Z,91.5496,101.9686,10.4191,0.0000,0.0000,7.8537,10.3292
2026-08-29T23:42:21Z,91.5267,101.9677,10.4410,0.0000,0.0000,7.8537,10.3292
2026-08-29T23:42:22Z,91.5267,101.9668,10.4401,0.0000,0.0000,7.8536,10.3292
2026-08-29T23:42:23Z,91.4946,101.8625,10.3678,0.0000,0.0000,7.8536,10.3452
2026-08-29T23:42:24Z,91.4946,101.8615,10.3669,0.0000,0.0000,7.8536,10.3452
2026-08-29T23:42:25Z,91.5587,101.7746,10.2158,0.0000,0.0000,7.8535,10.3586
2026-08-29T23:42:26Z,91.5587,101.7736,10.2149,0.0000,0.0000,7.8535,10.3586
2026-08-29T23:42:27Z,91.5038,101.8587,10.3550,0.0000,0.0000,7.8534,10.3452
2026-08-29T23:42:28Z,91.5038,101.8578,10.3540,0.0000,0.0000,7.8534,10.3452
2026-08-29T23:42:29Z,91.5221,101.8569,10.3348,0.0000,0.0000,7.8533,10.3452
2026-08-29T23:42:30Z,91.5221,101.8559,10.3338,0.0000,0.0000,7.8533,10.3452
2026-08-29T23:42:31Z,91.5297,101.9583,10.4286,0.0000,0.0000,7.8532,10.3292
2026-08-29T23:42:32Z,91.5297,101.9574,10.4277,0.0000,0.0000,7.8532,10.3292
2026-08-29T23:42:33Z,91.5038,101.7671,10.2633,0.0000,0.0000,7.8531,10.3586
2026-08-29T23:42:34Z,91.5038,101.7662,10.2624,0.0000,0.0000,7.8531,10.3586
2026-08-29T23:42:35Z,91.5084,101.8513,10.3429,0.0000,0.0000,7.8530,10.3452
2026-08-29T23:42:36Z,91.5084,101.8503,10.3420,0.0000,0.0000,7.8530,10.3452
2026-08-29T23:42:37Z,91.5343,101.8494,10.3151,0.0000,0.0000,7.8529,10.3452
2026-08-29T23:42:38Z,91.5343,101.8485,10.3142,0.0000,0.0000,7.8529,10.3452
2026-08-29T23:42:39Z,91.5404,101.8475,10.3071,0.0000,0.0000,7.8529,10.3452
2026-08-29T23:42:40Z,91.5404,101.8466,10.3062,0.0000,0.0000,7.8528,10.3452
2026-08-29T23:42:41Z,91.5114,101.8457,10.3343,0.0000,0.0000,7.8528,10.3452
2026-08-29T23:42:42Z,91.5114,101.8447,10.3333,0.0000,0.0000,7.8527,10.3452
2026-08-29T23:42:43Z,91.5129,101.8438,10.3309,0.0000,0.0000,7.8527,10.3452
2026-08-29T23:42:44Z,91.5129,101.8429,10.3299,0.0000,0.0000,7.8526,10.3452
2026-08-29T23:42:45Z,91.5480,101.8419,10.2939,0.0000,0.0000,7.8526,10.3452
2026-08-29T23:42:46Z,91.5480,101.8410,10.2930,0.0000,0.0000,7.8525,10.3452
2026-08-29T23:42:47Z,91.5297,101.9434,10.4137,0.0000,0.0000,7.8525,10.3292
2026-08-29T23:42:48Z,91.5297,101.9425,10.4127,0.0000,0.0000,7.8524,10.3292
2026-08-29T23:42:49Z,91.5404,101.7522,10.2118,0.0000,0.0000,7.8524,10.3586
2026-08-29T23:42:50Z,91.5404,101.7512,10.2108,0.0000,0.0000,7.8523,10.3586
2026-08-29T23:42:51Z,91.5480,101.8363,10.2883,0.0000,0.0000,7.8523,10.3452
2026-08-29T23:42:52Z,91.5480,101.8354,10.2874,0.0000,0.0000,7.8523,10.3452
2026-08-29T23:42:53Z,91.5480,101.7484,10.2004,0.0000,0.0000,7.8522,10.3586
2026-08-29T23:42:54Z,91.5480,101.7475,10.1995,0.0000,0.0000,7.8522,10.3586
2026-08-29T23:42:55Z,91.5297,101.7466,10.2169,0.0000,0.0000,7.8521,10.3586
2026-08-29T23:42:56Z,91.5297,101.7456,10.2159,0.0000,0.0000,7.8521,10.3586
2026-08-29T23:42:57Z,91.5526,101.8307,10.2781,0.0000,0.0000,7.8520,10.3452
2026-08-29T23:42:58Z,91.5526,101.8298,10.2772,0.0000,0.0000,7.8520,10.3452
2026-08-29T23:42:59Z,91.5358,101.8289,10.2930,0.0000,0.0000,7.8519,10.3452
2026-08-29T23:43:00Z,91.5358,101.8279,10.2921,0.0000,0.0000,7.8519,10.3452
2026-08-29T23:43:01Z,91.5358,101.8270,10.2912,0.0000,0.0000,7.8518,10.3452
2026-08-29T23:43:02Z,91.5358,101.8261,10.2902,0.0000,0.0000,7.8518,10.3452
2026-08-29T23:43:03Z,91.5496,101.8251,10.2756,0.0000,0.0000,7.8517,10.3452
2026-08-29T23:43:04Z,91.5496,101.8242,10.2746,0.0000,0.0000,7.8517,10.3452
2026-08-29T23:43:05Z,91.5480,101.7373,10.1892,0.0000,0.0000,7.8517,10.3586
2026-08-29T23:43:06Z,91.5480,101.7363,10.1883,0.0000,0.0000,7.8516,10.3586
2026-08-29T23:43:07Z,91.5541,101.9247,10.3706,0.0000,0.0000,7.8516,10.3292
2026-08-29T23:43:08Z,91.5541,101.9238,10.3697,0.0000,0.0000,7.8515,10.3292
2026-08-29T23:43:09Z,91.5633,101.7335,10.1702,0.0000,0.0000,7.8515,10.3586
2026-08-29T23:43:10Z,91.5633,101.7326,10.1693,0.0000,0.0000,7.8514,10.3586
2026-08-29T23:43:11Z,91.5908,101.9210,10.3302,0.0000,0.0000,7.8514,10.3292
2026-08-29T23:43:12Z,91.5908,101.9201,10.3293,0.0000,0.0000,7.8513,10.3292
2026-08-29T23:43:13Z,91.5572,101.8158,10.2586,0.0000,0.0000,7.8513,10.3452
2026-08-29T23:43:14Z,91.5572,101.8149,10.2577,0.0000,0.0000,7.8512,10.3452
2026-08-29T23:43:15Z,91.5297,101.6420,10.1123,0.0000,0.0000,7.8512,10.3719
2026-08-29T23:43:16Z,91.5297,101.6411,10.1114,0.0000,0.0000,7.8511,10.3719
2026-08-29T23:43:17Z,91.5862,101.7261,10.1399,0.0000,0.0000,7.8511,10.3586
2026-08-29T23:43:18Z,91.5862,101.7251,10.1390,0.0000,0.0000,7.8511,10.3586
2026-08-29T23:43:19Z,91.5709,101.8102,10.2393,0.0000,0.0000,7.8510,10.3452
2026-08-29T23:43:20Z,91.5709,101.8093,10.2384,0.0000,0.0000,7.8510,10.3452
2026-08-29T23:43:21Z,91.5663,101.8084,10.2420,0.0000,0.0000,7.8509,10.3452
2026-08-29T23:43:22Z,91.5663,101.8074,10.2411,0.0000,0.0000,7.8509,10.3452
2026-08-29T23:43:23Z,91.5572,101.6346,10.0774,0.0000,0.0000,7.8508,10.3719
2026-08-29T23:43:24Z,91.5572,101.6336,10.0765,0.0000,0.0000,7.8508,10.3719
2026-08-29T23:43:25Z,91.5358,101.6327,10.0969,0.0000,0.0000,7.8507,10.3719
2026-08-29T23:43:26Z,91.5358,101.6318,10.0960,0.0000,0.0000,7.8507,10.3719
2026-08-29T23:43:27Z,91.5587,101.8028,10.2440,0.0000,0.0000,7.8506,10.3452
2026-08-29T23:43:28Z,91.5587,101.8018,10.2431,0.0000,0.0000,7.8506,10.3452
2026-08-29T23:43:29Z,91.5404,101.9042,10.3638,0.0000,0.0000,7.8505,10.3292
2026-08-29T23:43:30Z,91.5404,101.9033,10.3629,0.0000,0.0000,7.8505,10.3292
2026-08-29T23:43:31Z,91.5435,101.9023,10.3589,0.0000,0.0000,7.8504,10.3292
2026-08-29T23:43:32Z,91.5435,101.9014,10.3579,0.0000,0.0000,7.8504,10.3292
2026-08-29T23:43:33Z,91.5572,101.7112,10.1540,0.0000,0.0000,7.8504,10.3586
2026-08-29T23:43:34Z,91.5572,101.7102,10.1531,0.0000,0.0000,7.8503,10.3586
2026-08-29T23:43:35Z,91.5724,101.7953,10.2229,0.0000,0.0000,7.8503,10.3452
2026-08-29T23:43:36Z,91.5724,101.7944,10.2219,0.0000,0.0000,7.8502,10.3452
2026-08-29T23:43:37Z,91.5724,101.7934,10.2210,0.0000,0.0000,7.8502,10.3452
2026-08-29T23:43:38Z,91.5724,101.7925,10.2201,0.0000,0.0000,7.8501,10.3452
2026-08-29T23:43:39Z,91.5496,101.7056,10.1560,0.0000,0.0000,7.8501,10.3586
2026-08-29T23:43:40Z,91.5496,101.7047,10.1551,0.0000,0.0000,7.8500,10.3586
2026-08-29T23:43:41Z,91.5724,101.7037,10.1313,0.0000,0.0000,7.8500,10.3586
2026-08-29T23:43:42Z,91.5724,101.7028,10.1304,0.0000,0.0000,7.8499,10.3586
2026-08-29T23:43:43Z,91.5572,101.7019,10.1447,0.0000,0.0000,7.8499,10.3586
2026-08-29T23:43:44Z,91.5572,101.7009,10.1437,0.0000,0.0000,7.8498,10.3586
2026-08-29T23:43:45Z,91.5724,101.7000,10.1276,0.0000,0.0000,7.8498,10.3586
2026-08-29T23:43:46Z,91.5724,101.6991,10.1266,0.0000,0.0000,7.8498,10.3586
2026-08-29T23:43:47Z,91.5908,101.8874,10.2966,0.0000,0.0000,7.8497,10.3292
2026-08-29T23:43:48Z,91.5908,101.8865,10.2957,0.0000,0.0000,7.8497,10.3292
2026-08-29T23:43:49Z,91.5770,101.6963,10.1193,0.0000,0.0000,7.8496,10.3586
2026-08-29T23:43:50Z,91.5770,101.6953,10.1183,0.0000,0.0000,7.8496,10.3586
2026-08-29T23:43:51Z,91.5801,101.5227,9.9426,0.0000,0.0000,7.8495,10.3853
2026-08-29T23:43:52Z,91.5801,101.5218,9.9417,0.0000,0.0000,7.8495,10.3853
2026-08-29T23:43:53Z,91.5404,101.6926,10.1522,0.0000,0.0000,7.8494,10.3586
2026-08-29T23:43:54Z,91.5404,101.6916,10.1512,0.0000,0.0000,7.8494,10.3586
2026-08-29T23:43:55Z,91.5801,101.7767,10.1966,0.0000,0.0000,7.8493,10.3452
2026-08-29T23:43:56Z,91.5801,101.7757,10.1957,0.0000,0.0000,7.8493,10.3452
2026-08-29T23:43:57Z,91.5846,101.6029,10.0183,0.0000,0.0000,7.8492,10.3719
2026-08-29T23:43:58Z,91.5846,101.6020,10.0174,0.0000,0.0000,7.8492,10.3719
2026-08-29T23:43:59Z,91.5709,101.7729,10.2020,0.0000,0.0000,7.8492,10.3452
2026-08-29T23:44:00Z,91.5709,101.7720,10.2011,0.0000,0.0000,7.8491,10.3452
2026-08-29T23:44:01Z,91.5801,101.7711,10.1910,0.0000,0.0000,7.8491,10.3452
2026-08-29T23:44:02Z,91.5801,101.7701,10.1901,0.0000,0.0000,7.8490,10.3452
2026-08-29T23:44:03Z,91.5801,101.7692,10.1891,0.0000,0.0000,7.8490,10.3452
2026-08-29T23:44:04Z,91.5801,101.7683,10.1882,0.0000,0.0000,7.8489,10.3452
2026-08-29T23:44:05Z,91.5496,101.6814,10.1318,0.0000,0.0000,7.8489,10.3586
2026-08-29T23:44:06Z,91.5496,101.6805,10.1309,0.0000,0.0000,7.8488,10.3586
2026-08-29T23:44:07Z,91.5496,101.5936,10.0441,0.0000,0.0000,7.8488,10.3719
2026-08-29T23:44:08Z,91.5496,101.5927,10.0432,0.0000,0.0000,7.8487,10.3719
2026-08-29T23:44:09Z,91.5724,101.6777,10.1052,0.0000,0.0000,7.8487,10.3586
2026-08-29T23:44:10Z,91.5724,101.6767,10.1043,0.0000,0.0000,7.8486,10.3586
2026-08-29T23:44:11Z,91.6304,101.5899,9.9595,0.0000,0.0000,7.8486,10.3719
2026-08-29T23:44:12Z,91.6304,101.5890,9.9586,0.0000,0.0000,7.8486,10.3719
2026-08-29T23:44:13Z,91.5770,101.7599,10.1829,0.0000,0.0000,7.8485,10.3452
2026-08-29T23:44:14Z,91.5770,101.7590,10.1819,0.0000,0.0000,7.8485,10.3452
2026-08-29T23:44:15Z,91.5908,101.6721,10.0813,0.0000,0.0000,7.8484,10.3586
2026-08-29T23:44:16Z,91.5908,101.6711,10.0804,0.0000,0.0000,7.8484,10.3586
2026-08-29T23:44:17Z,91.5541,101.6702,10.1161,0.0000,0.0000,7.8483,10.3586
2026-08-29T23:44:18Z,91.5541,101.6693,10.1152,0.0000,0.0000,7.8483,10.3586
2026-08-29T23:44:19Z,91.5633,101.5825,10.0192,0.0000,0.0000,7.8482,10.3719
2026-08-29T23:44:20Z,91.5633,101.5816,10.0183,0.0000,0.0000,7.8482,10.3719
2026-08-29T23:44:21Z,91.5663,101.5806,10.0143,0.0000,0.0000,7.8481,10.3719
2026-08-29T23:44:22Z,91.5663,101.5797,10.0134,0.0000,0.0000,7.8481,10.3719
2026-08-29T23:44:23Z,91.5908,101.6646,10.0739,0.0000,0.0000,7.8480,10.3586
2026-08-29T23:44:24Z,91.5908,101.6637,10.0730,0.0000,0.0000,7.8480,10.3586
2026-08-29T23:44:25Z,91.5846,101.5769,9.9923,0.0000,0.0000,7.8479,10.3719
2026-08-29T23:44:26Z,91.5846,101.5760,9.9913,0.0000,0.0000,7.8479,10.3719
2026-08-29T23:44:27Z,91.5938,101.8501,10.2563,0.0000,0.0000,7.8479,10.3292
2026-08-29T23:44:28Z,91.5938,101.8492,10.2554,0.0000,0.0000,7.8478,10.3292
2026-08-29T23:44:29Z,91.5709,101.6591,10.0881,0.0000,0.0000,7.8478,10.3586
2026-08-29T23:44:30Z,91.5709,101.6581,10.0872,0.0000,0.0000,7.8477,10.3586
2026-08-29T23:44:31Z,91.5633,101.6572,10.0939,0.0000,0.0000,7.8477,10.3586
2026-08-29T23:44:32Z,91.5633,101.6563,10.0930,0.0000,0.0000,7.8476,10.3586
2026-08-29T23:44:33Z,91.6045,101.7413,10.1368,0.0000,0.0000,7.8476,10.3452
2026-08-29T23:44:34Z,91.6045,101.7403,10.1359,0.0000,0.0000,7.8475,10.3452
2026-08-29T23:44:35Z,91.6030,101.6535,10.0505,0.0000,0.0000,7.8475,10.3586
2026-08-29T23:44:36Z,91.6030,101.6525,10.0496,0.0000,0.0000,7.8474,10.3586
2026-08-29T23:44:37Z,91.5801,101.6516,10.0715,0.0000,0.0000,7.8474,10.3586
2026-08-29T23:44:38Z,91.5801,101.6507,10.0706,0.0000,0.0000,7.8473,10.3586
2026-08-29T23:44:39Z,91.5724,101.6498,10.0773,0.0000,0.0000,7.8473,10.3586
2026-08-29T23:44:40Z,91.5724,101.6488,10.0764,0.0000,0.0000,7.8473,10.3586
2026-08-29T23:44:41Z,91.6091,101.6479,10.0388,0.0000,0.0000,7.8472,10.3586
2026-08-29T23:44:42Z,91.6091,101.6470,10.0379,0.0000,0.0000,7.8472,10.3586
2026-08-29T23:44:43Z,91.5801,101.6460,10.0660,0.0000,0.0000,7.8471,10.3586
2026-08-29T23:44:44Z,91.5801,101.6451,10.0650,0.0000,0.0000,7.8471,10.3586
2026-08-29T23:44:45Z,91.5770,101.5583,9.9813,0.0000,0.0000,7.8470,10.3719
2026-08-29T23:44:46Z,91.5770,101.5574,9.9804,0.0000,0.0000,7.8470,10.3719
2026-08-29T23:44:47Z,91.5770,101.7282,10.1512,0.0000,0.0000,7.8469,10.3452
2026-08-29T23:44:48Z,91.5770,101.7273,10.1503,0.0000,0.0000,7.8469,10.3452
2026-08-29T23:44:49Z,91.5801,101.6405,10.0604,0.0000,0.0000,7.8468,10.3586
2026-08-29T23:44:50Z,91.5801,101.6395,10.0595,0.0000,0.0000,7.8468,10.3586
2026-08-29T23:44:51Z,91.5709,101.6386,10.0677,0.0000,0.0000,7.8467,10.3586
2026-08-29T23:44:52Z,91.5709,101.6377,10.0667,0.0000,0.0000,7.8467,10.3586
2026-08-29T23:44:53Z,91.5709,101.6367,10.0658,0.0000,0.0000,7.8467,10.3586
2026-08-29T23:44:54Z,91.5709,101.6358,10.0649,0.0000,0.0000,7.8466,10.3586
2026-08-29T23:44:55Z,91.5709,101.6349,10.0640,0.0000,0.0000,7.8466,10.3586
2026-08-29T23:44:56Z,91.5709,101.6339,10.0630,0.0000,0.0000,7.8465,10.3586
2026-08-29T23:44:57Z,91.6030,101.6330,10.0301,0.0000,0.0000,7.8465,10.3586
2026-08-29T23:44:58Z,91.6030,101.6321,10.0291,0.0000,0.0000,7.8464,10.3586
2026-08-29T23:44:59Z,91.5724,101.6312,10.0587,0.0000,0.0000,7.8464,10.3586
2026-08-29T23:45:00Z,91.5724,101.6302,10.0578,0.0000,0.0000,7.8463,10.3586
2026-08-29T23:45:01Z,91.5587,101.5435,9.9848,0.0000,0.0000,7.8463,10.3719
2026-08-29T23:45:02Z,91.5587,101.5425,9.9838,0.0000,0.0000,7.8462,10.3719
2026-08-29T23:45:03Z,91.5908,101.6274,10.0367,0.0000,0.0000,7.8462,10.3586
2026-08-29T23:45:04Z,91.5908,101.6265,10.0358,0.0000,0.0000,7.8461,10.3586
2026-08-29T23:45:05Z,91.5846,101.5397,9.9551,0.0000,0.0000,7.8461,10.3719
2026-08-29T23:45:06Z,91.5846,101.5388,9.9542,0.0000,0.0000,7.8461,10.3719
2026-08-29T23:45:07Z,91.5633,101.5379,9.9746,0.0000,0.0000,7.8460,10.3719
2026-08-29T23:45:08Z,91.5633,101.5370,9.9737,0.0000,0.0000,7.8460,10.3719
2026-08-29T23:45:09Z,91.5862,101.7078,10.1216,0.0000,0.0000,7.8459,10.3452
2026-08-29T23:45:10Z,91.5862,101.7068,10.1207,0.0000,0.0000,7.8459,10.3452
2026-08-29T23:45:11Z,91.5770,101.4484,9.8714,0.0000,0.0000,7.8458,10.3853
2026-08-29T23:45:12Z,91.5770,101.4475,9.8705,0.0000,0.0000,7.8458,10.3853
2026-08-29T23:45:13Z,91.5984,101.6181,10.0198,0.0000,0.0000,7.8457,10.3586
2026-08-29T23:45:14Z,91.5984,101.6172,10.0188,0.0000,0.0000,7.8457,10.3586
2026-08-29T23:45:15Z,91.6030,101.7022,10.0992,0.0000,0.0000,7.8456,10.3452
2026-08-29T23:45:16Z,91.6030,101.7013,10.0983,0.0000,0.0000,7.8456,10.3452
2026-08-29T23:45:17Z,91.5724,101.6144,10.0420,0.0000,0.0000,7.8455,10.3586
2026-08-29T23:45:18Z,91.5724,101.6135,10.0411,0.0000,0.0000,7.8455,10.3586
2026-08-29T23:45:19Z,91.5908,101.5267,9.9360,0.0000,0.0000,7.8455,10.3719
2026-08-29T23:45:20Z,91.5908,101.5258,9.9351,0.0000,0.0000,7.8454,10.3719
2026-08-29T23:45:21Z,91.5801,101.4392,9.8591,0.0000,0.0000,7.8454,10.3853
2026-08-29T23:45:22Z,91.5801,101.4382,9.8582,0.0000,0.0000,7.8453,10.3853
2026-08-29T23:45:23Z,91.5724,101.6089,10.0364,0.0000,0.0000,7.8453,10.3586
2026-08-29T23:45:24Z,91.5724,101.6079,10.0355,0.0000,0.0000,7.8452,10.3586
2026-08-29T23:45:25Z,91.5908,101.5212,9.9304,0.0000,0.0000,7.8452,10.3719
2026-08-29T23:45:26Z,91.5908,101.5203,9.9295,0.0000,0.0000,7.8451,10.3719
2026-08-29T23:45:27Z,91.5984,101.6051,10.0068,0.0000,0.0000,7.8451,10.3586
2026-08-29T23:45:28Z,91.5984,101.6042,10.0058,0.0000,0.0000,7.8450,10.3586
2026-08-29T23:45:29Z,91.6030,101.6892,10.0862,0.0000,0.0000,7.8450,10.3452
2026-08-29T23:45:30Z,91.6030,101.6882,10.0853,0.0000,0.0000,7.8449,10.3452
2026-08-29T23:45:31Z,91.5846,101.5156,9.9310,0.0000,0.0000,7.8449,10.3719
2026-08-29T23:45:32Z,91.5846,101.5147,9.9300,0.0000,0.0000,7.8448,10.3719
2026-08-29T23:45:33Z,91.6030,101.5996,9.9966,0.0000,0.0000,7.8448,10.3586
2026-08-29T23:45:34Z,91.6030,101.5986,9.9957,0.0000,0.0000,7.8448,10.3586
2026-08-29T23:45:35Z,91.5846,101.5119,9.9272,0.0000,0.0000,7.8447,10.3719
2026-08-29T23:45:36Z,91.5846,101.5110,9.9263,0.0000,0.0000,7.8447,10.3719
2026-08-29T23:45:37Z,91.5770,101.5959,10.0188,0.0000,0.0000,7.8446,10.3586
2026-08-29T23:45:38Z,91.5770,101.5949,10.0179,0.0000,0.0000,7.8446,10.3586
2026-08-29T23:45:39Z,91.5633,101.5082,9.9449,0.0000,0.0000,7.8445,10.3719
2026-08-29T23:45:40Z,91.5633,101.5073,9.9440,0.0000,0.0000,7.8445,10.3719
2026-08-29T23:45:41Z,91.5908,101.5063,9.9156,0.0000,0.0000,7.8444,10.3719
2026-08-29T23:45:42Z,91.5908,101.5054,9.9146,0.0000,0.0000,7.8444,10.3719
2026-08-29T23:45:43Z,91.5770,101.5903,10.0133,0.0000,0.0000,7.8443,10.3586
2026-08-29T23:45:44Z,91.5770,101.5894,10.0123,0.0000,0.0000,7.8443,10.3586
2026-08-29T23:45:45Z,91.5724,101.6743,10.1019,0.0000,0.0000,7.8442,10.3452
2026-08-29T23:45:46Z,91.5724,101.6734,10.1009,0.0000,0.0000,7.8442,10.3452
2026-08-29T23:45:47Z,91.5862,101.4150,9.8289,0.0000,0.0000,7.8442,10.3853
2026-08-29T23:45:48Z,91.5862,101.4141,9.8279,0.0000,0.0000,7.8441,10.3853
2026-08-29T23:45:49Z,91.5801,101.4989,9.9188,0.0000,0.0000,7.8441,10.3719
2026-08-29T23:45:50Z,91.5801,101.4980,9.9179,0.0000,0.0000,7.8440,10.3719
2026-08-29T23:45:51Z,91.5862,101.4971,9.9109,0.0000,0.0000,7.8440,10.3719
2026-08-29T23:45:52Z,91.5862,101.4961,9.9099,0.0000,0.0000,7.8439,10.3719
2026-08-29T23:45:53Z,91.6030,101.5810,9.9780,0.0000,0.0000,7.8439,10.3586
2026-08-29T23:45:54Z,91.6030,101.5801,9.9771,0.0000,0.0000,7.8438,10.3586
2026-08-29T23:45:55Z,91.5984,101.4933,9.8950,0.0000,0.0000,7.8438,10.3719
2026-08-29T23:45:56Z,91.5984,101.4924,9.8940,0.0000,0.0000,7.8437,10.3719
2026-08-29T23:45:57Z,91.5938,101.5773,9.9835,0.0000,0.0000,7.8437,10.3586
2026-08-29T23:45:58Z,91.5938,101.5764,9.9825,0.0000,0.0000,7.8436,10.3586
2026-08-29T23:45:59Z,91.5938,101.4896,9.8958,0.0000,0.0000,7.8436,10.3719
2026-08-29T23:46:00Z,91.5938,101.4887,9.8949,0.0000,0.0000,7.8436,10.3719
2026-08-29T23:46:01Z,91.5908,101.5736,9.9828,0.0000,0.0000,7.8435,10.3586
2026-08-29T23:46:02Z,91.5908,101.5726,9.9819,0.0000,0.0000,7.8435,10.3586
2026-08-29T23:46:03Z,91.5862,101.4859,9.8997,0.0000,0.0000,7.8434,10.3719
2026-08-29T23:46:04Z,91.5862,101.4850,9.8988,0.0000,0.0000,7.8434,10.3719
2026-08-29T23:46:05Z,91.5846,101.4841,9.8994,0.0000,0.0000,7.8433,10.3719
2026-08-29T23:46:06Z,91.5846,101.4831,9.8985,0.0000,0.0000,7.8433,10.3719
2026-08-29T23:46:07Z,91.5770,101.4822,9.9052,0.0000,0.0000,7.8432,10.3719
2026-08-29T23:46:08Z,91.5770,101.4813,9.9043,0.0000,0.0000,7.8432,10.3719
2026-08-29T23:46:09Z,91.5770,101.7552,10.1781,0.0000,0.0000,7.8431,10.3292
2026-08-29T23:46:10Z,91.5770,101.7542,10.1772,0.0000,0.0000,7.8431,10.3292
2026-08-29T23:46:11Z,91.5770,101.5643,9.9873,0.0000,0.0000,7.8430,10.3586
2026-08-29T23:46:12Z,91.5770,101.5634,9.9863,0.0000,0.0000,7.8430,10.3586
2026-08-29T23:46:13Z,91.5846,101.4766,9.8920,0.0000,0.0000,7.8430,10.3719
2026-08-29T23:46:14Z,91.5846,101.4757,9.8911,0.0000,0.0000,7.8429,10.3719
2026-08-29T23:46:15Z,91.5709,101.4748,9.9039,0.0000,0.0000,7.8429,10.3719
2026-08-29T23:46:16Z,91.5709,101.4739,9.9030,0.0000,0.0000,7.8428,10.3719
2026-08-29T23:46:17Z,91.5709,101.4729,9.9020,0.0000,0.0000,7.8428,10.3719
2026-08-29T23:46:18Z,91.5709,101.4720,9.9011,0.0000,0.0000,7.8427,10.3719
2026-08-29T23:46:19Z,91.6091,101.3854,9.7763,0.0000,0.0000,7.8427,10.3853
2026-08-29T23:46:20Z,91.6091,101.3845,9.7754,0.0000,0.0000,7.8426,10.3853
2026-08-29T23:46:21Z,91.5938,101.6409,10.0471,0.0000,0.0000,7.8426,10.3452
2026-08-29T23:46:22Z,91.5938,101.6399,10.0461,0.0000,0.0000,7.8425,10.3452
2026-08-29T23:46:23Z,91.5938,101.6390,10.0452,0.0000,0.0000,7.8425,10.3452
2026-08-29T23:46:24Z,91.5938,101.6381,10.0443,0.0000,0.0000,7.8424,10.3452
2026-08-29T23:46:25Z,91.5908,101.4655,9.8748,0.0000,0.0000,7.8424,10.3719
2026-08-29T23:46:26Z,91.5908,101.4646,9.8738,0.0000,0.0000,7.8423,10.3719
2026-08-29T23:46:27Z,91.5846,101.3780,9.7933,0.0000,0.0000,7.8423,10.3853
2026-08-29T23:46:28Z,91.5846,101.3771,9.7924,0.0000,0.0000,7.8423,10.3853
2026-08-29T23:46:29Z,91.5633,101.4618,9.8985,0.0000,0.0000,7.8422,10.3719
2026-08-29T23:46:30Z,91.5633,101.4609,9.8976,0.0000,0.0000,7.8422,10.3719
2026-08-29T23:46:31Z,91.5938,101.5457,9.9519,0.0000,0.0000,7.8421,10.3586
2026-08-29T23:46:32Z,91.5938,101.5448,9.9510,0.0000,0.0000,7.8421,10.3586
2026-08-29T23:46:33Z,91.5908,101.4581,9.8674,0.0000,0.0000,7.8420,10.3719
2026-08-29T23:46:34Z,91.5908,101.4572,9.8664,0.0000,0.0000,7.8420,10.3719
2026-08-29T23:46:35Z,91.5938,101.4563,9.8625,0.0000,0.0000,7.8419,10.3719
2026-08-29T23:46:36Z,91.5938,101.4553,9.8615,0.0000,0.0000,7.8419,10.3719
2026-08-29T23:46:37Z,91.5587,101.4544,9.8957,0.0000,0.0000,7.8418,10.3719
2026-08-29T23:46:38Z,91.5587,101.4535,9.8948,0.0000,0.0000,7.8418,10.3719
2026-08-29T23:46:39Z,91.5770,101.5383,9.9613,0.0000,0.0000,7.8417,10.3586
2026-08-29T23:46:40Z,91.5770,101.5374,9.9604,0.0000,0.0000,7.8417,10.3586
2026-08-29T23:46:41Z,91.5862,101.3650,9.7788,0.0000,0.0000,7.8417,10.3853
2026-08-29T23:46:42Z,91.5862,101.3641,9.7779,0.0000,0.0000,7.8416,10.3853
2026-08-29T23:46:43Z,91.5724,101.4488,9.8764,0.0000,0.0000,7.8416,10.3719
2026-08-29T23:46:44Z,91.5724,101.4479,9.8755,0.0000,0.0000,7.8415,10.3719
2026-08-29T23:46:45Z,91.5862,101.4470,9.8608,0.0000,0.0000,7.8415,10.3719
2026-08-29T23:46:46Z,91.5862,101.4461,9.8599,0.0000,0.0000,7.8414,10.3719
2026-08-29T23:46:47Z,91.5633,101.5309,9.9676,0.0000,0.0000,7.8414,10.3586
2026-08-29T23:46:48Z,91.5633,101.5300,9.9667,0.0000,0.0000,7.8413,10.3586
2026-08-29T23:46:49Z,91.6045,101.4433,9.8388,0.0000,0.0000,7.8413,10.3719
2026-08-29T23:46:50Z,91.6045,101.4424,9.8379,0.0000,0.0000,7.8412,10.3719
2026-08-29T23:46:51Z,91.5480,101.4414,9.8934,0.0000,0.0000,7.8412,10.3719
2026-08-29T23:46:52Z,91.5480,101.4405,9.8925,0.0000,0.0000,7.8411,10.3719
2026-08-29T23:46:53Z,91.5770,101.4396,9.8626,0.0000,0.0000,7.8411,10.3719
2026-08-29T23:46:54Z,91.5770,101.4387,9.8616,0.0000,0.0000,7.8411,10.3719
2026-08-29T23:46:55Z,91.5709,101.4377,9.8668,0.0000,0.0000,7.8410,10.3719
2026-08-29T23:46:56Z,91.5709,101.4368,9.8659,0.0000,0.0000,7.8410,10.3719
2026-08-29T23:46:57Z,91.5846,101.6074,10.0228,0.0000,0.0000,7.8409,10.3452
2026-08-29T23:46:58Z,91.5846,101.6065,10.0219,0.0000,0.0000,7.8409,10.3452
2026-08-29T23:46:59Z,91.5343,101.3484,9.8141,0.0000,0.0000,7.8408,10.3853
2026-08-29T23:47:00Z,91.5343,101.3474,9.8131,0.0000,0.0000,7.8408,10.3853
2026-08-29T23:47:01Z,91.5633,101.4322,9.8689,0.0000,0.0000,7.8407,10.3719
2026-08-29T23:47:02Z,91.5633,101.4312,9.8680,0.0000,0.0000,7.8407,10.3719
2026-08-29T23:47:03Z,91.5663,101.4303,9.8640,0.0000,0.0000,7.8406,10.3719
2026-08-29T23:47:04Z,91.5663,101.4294,9.8630,0.0000,0.0000,7.8406,10.3719
2026-08-29T23:47:05Z,91.5175,101.4285,9.9110,0.0000,0.0000,7.8405,10.3719
2026-08-29T23:47:06Z,91.5175,101.4275,9.9100,0.0000,0.0000,7.8405,10.3719
2026-08-29T23:47:07Z,91.5770,101.5123,9.9353,0.0000,0.0000,7.8405,10.3586
2026-08-29T23:47:08Z,91.5770,101.5114,9.9344,0.0000,0.0000,7.8404,10.3586
2026-08-29T23:47:09Z,91.5724,101.2364,9.6640,0.0000,0.0000,7.8404,10.4013
2026-08-29T23:47:10Z,91.5724,101.2355,9.6631,0.0000,0.0000,7.8403,10.4013
2026-08-29T23:47:11Z,91.5572,101.3373,9.7801,0.0000,0.0000,7.8403,10.3853
2026-08-29T23:47:12Z,91.5572,101.3363,9.7791,0.0000,0.0000,7.8402,10.3853
2026-08-29T23:47:13Z,91.5267,101.3354,9.8087,0.0000,0.0000,7.8402,10.3853
2026-08-29T23:47:14Z,91.5267,101.3345,9.8078,0.0000,0.0000,7.8401,10.3853
2026-08-29T23:47:15Z,91.5404,101.3336,9.7932,0.0000,0.0000,7.8401,10.3853
2026-08-29T23:47:16Z,91.5404,101.3326,9.7922,0.0000,0.0000,7.8400,10.3853
2026-08-29T23:47:17Z,91.5496,101.4174,9.8678,0.0000,0.0000,7.8400,10.3719
2026-08-29T23:47:18Z,91.5496,101.4164,9.8669,0.0000,0.0000,7.8399,10.3719
2026-08-29T23:47:19Z,91.5801,101.5012,9.9212,0.0000,0.0000,7.8399,10.3586
2026-08-29T23:47:20Z,91.5801,101.5003,9.9202,0.0000,0.0000,7.8399,10.3586
2026-08-29T23:47:21Z,91.5267,101.5852,10.0585,0.0000,0.0000,7.8398,10.3452
2026-08-29T23:47:22Z,91.5267,101.5843,10.0576,0.0000,0.0000,7.8398,10.3452
2026-08-29T23:47:23Z,91.5435,101.4118,9.8683,0.0000,0.0000,7.8397,10.3719
2026-08-29T23:47:24Z,91.5435,101.4109,9.8674,0.0000,0.0000,7.8397,10.3719
2026-08-29T23:47:25Z,91.5541,101.4957,9.9415,0.0000,0.0000,7.8396,10.3586
2026-08-29T23:47:26Z,91.5541,101.4947,9.9406,0.0000,0.0000,7.8396,10.3586
2026-08-29T23:47:27Z,91.5663,101.4081,9.8418,0.0000,0.0000,7.8395,10.3719
2026-08-29T23:47:28Z,91.5663,101.4072,9.8408,0.0000,0.0000,7.8395,10.3719
2026-08-29T23:47:29Z,91.5267,101.4062,9.8796,0.0000,0.0000,7.8394,10.3719
2026-08-29T23:47:30Z,91.5267,101.4053,9.8787,0.0000,0.0000,7.8394,10.3719
2026-08-29T23:47:31Z,91.5770,101.4901,9.9131,0.0000,0.0000,7.8393,10.3586
2026-08-29T23:47:32Z,91.5770,101.4892,9.9122,0.0000,0.0000,7.8393,10.3586
2026-08-29T23:47:33Z,91.5267,101.4883,9.9616,0.0000,0.0000,7.8392,10.3586
2026-08-29T23:47:34Z,91.5267,101.4873,9.9607,0.0000,0.0000,7.8392,10.3586
2026-08-29T23:47:35Z,91.5587,101.4864,9.9277,0.0000,0.0000,7.8392,10.3586
2026-08-29T23:47:36Z,91.5587,101.4855,9.9268,0.0000,0.0000,7.8391,10.3586
2026-08-29T23:47:37Z,91.5496,101.2106,9.6610,0.0000,0.0000,7.8391,10.4013
2026-08-29T23:47:38Z,91.5496,101.2096,9.6601,0.0000,0.0000,7.8390,10.4013
2026-08-29T23:47:39Z,91.5404,101.3114,9.7710,0.0000,0.0000,7.8390,10.3853
2026-08-29T23:47:40Z,91.5404,101.3104,9.7700,0.0000,0.0000,7.8389,10.3853
2026-08-29T23:47:41Z,91.5663,101.3951,9.8288,0.0000,0.0000,7.8389,10.3719
2026-08-29T23:47:42Z,91.5663,101.3942,9.8279,0.0000,0.0000,7.8388,10.3719
2026-08-29T23:47:43Z,91.5633,101.3077,9.7444,0.0000,0.0000,7.8388,10.3853
2026-08-29T23:47:44Z,91.5633,101.3067,9.7434,0.0000,0.0000,7.8387,10.3853
2026-08-29T23:47:45Z,91.5435,101.3914,9.8480,0.0000,0.0000,7.8387,10.3719
2026-08-29T23:47:46Z,91.5435,101.3905,9.8471,0.0000,0.0000,7.8386,10.3719
2026-08-29T23:47:47Z,91.5435,101.3040,9.7605,0.0000,0.0000,7.8386,10.3853
2026-08-29T23:47:48Z,91.5435,101.3030,9.7596,0.0000,0.0000,7.8386,10.3853
2026-08-29T23:47:49Z,91.5541,101.3877,9.8336,0.0000,0.0000,7.8385,10.3719
2026-08-29T23:47:50Z,91.5541,101.3868,9.8327,0.0000,0.0000,7.8385,10.3719
2026-08-29T23:47:51Z,91.5358,101.3859,9.8501,0.0000,0.0000,7.8384,10.3719
2026-08-29T23:47:52Z,91.5358,101.3850,9.8491,0.0000,0.0000,7.8384,10.3719
2026-08-29T23:47:53Z,91.5572,101.3840,9.8268,0.0000,0.0000,7.8383,10.3719
2026-08-29T23:47:54Z,91.5572,101.3831,9.8259,0.0000,0.0000,7.8383,10.3719
2026-08-29T23:47:55Z,91.5541,101.3822,9.8281,0.0000,0.0000,7.8382,10.3719
2026-08-29T23:47:56Z,91.5541,101.3813,9.8271,0.0000,0.0000,7.8382,10.3719
2026-08-29T23:47:57Z,91.5846,101.3803,9.7957,0.0000,0.0000,7.8381,10.3719
2026-08-29T23:47:58Z,91.5846,101.3794,9.7948,0.0000,0.0000,7.8381,10.3719
2026-08-29T23:47:59Z,91.5724,101.3785,9.8060,0.0000,0.0000,7.8380,10.3719
2026-08-29T23:48:00Z,91.5724,101.3776,9.8051,0.0000,0.0000,7.8380,10.3719
2026-08-29T23:48:01Z,91.5938,101.3766,9.7828,0.0000,0.0000,7.8380,10.3719
2026-08-29T23:48:02Z,91.5938,101.3757,9.7819,0.0000,0.0000,7.8379,10.3719
2026-08-29T23:48:03Z,91.5404,101.3748,9.8344,0.0000,0.0000,7.8379,10.3719
2026-08-29T23:48:04Z,91.5404,101.3739,9.8335,0.0000,0.0000,7.8378,10.3719
2026-08-29T23:48:05Z,91.5343,101.3729,9.8386,0.0000,0.0000,7.8378,10.3719
2026-08-29T23:48:06Z,91.5343,101.3720,9.8377,0.0000,0.0000,7.8377,10.3719
2026-08-29T23:48:07Z,91.5633,101.3711,9.8078,0.0000,0.0000,7.8377,10.3719
2026-08-29T23:48:08Z,91.5633,101.3702,9.8069,0.0000,0.0000,7.8376,10.3719
2026-08-29T23:48:09Z,91.5633,101.3692,9.8059,0.0000,0.0000,7.8376,10.3719
2026-08-29T23:48:10Z,91.5633,101.3683,9.8050,0.0000,0.0000,7.8375,10.3719
2026-08-29T23:48:11Z,91.5541,101.3674,9.8133,0.0000,0.0000,7.8375,10.3719
2026-08-29T23:48:12Z,91.5541,101.3665,9.8123,0.0000,0.0000,7.8374,10.3719
2026-08-29T23:48:13Z,91.5770,101.3655,9.7885,0.0000,0.0000,7.8374,10.3719
2026-08-29T23:48:14Z,91.5770,101.3646,9.7876,0.0000,0.0000,7.8374,10.3719
2026-08-29T23:48:15Z,91.5663,101.2781,9.7117,0.0000,0.0000,7.8373,10.3853
2026-08-29T23:48:16Z,91.5663,101.2772,9.7108,0.0000,0.0000,7.8373,10.3853
2026-08-29T23:48:17Z,91.5267,101.5333,10.0066,0.0000,0.0000,7.8372,10.3452
2026-08-29T23:48:18Z,91.5267,101.5324,10.0057,0.0000,0.0000,7.8372,10.3452
2026-08-29T23:48:19Z,91.5496,101.3600,9.8104,0.0000,0.0000,7.8371,10.3719
2026-08-29T23:48:20Z,91.5496,101.3591,9.8095,0.0000,0.0000,7.8371,10.3719
2026-08-29T23:48:21Z,91.5572,101.2725,9.7154,0.0000,0.0000,7.8370,10.3853
2026-08-29T23:48:22Z,91.5572,101.2716,9.7144,0.0000,0.0000,7.8370,10.3853
2026-08-29T23:48:23Z,91.5435,101.2707,9.7272,0.0000,0.0000,7.8369,10.3853
2026-08-29T23:48:24Z,91.5435,101.2698,9.7263,0.0000,0.0000,7.8369,10.3853
2026-08-29T23:48:25Z,91.5770,101.2688,9.6918,0.0000,0.0000,7.8368,10.3853
2026-08-29T23:48:26Z,91.5770,101.2679,9.6909,0.0000,0.0000,7.8368,10.3853
2026-08-29T23:48:27Z,91.5541,101.2670,9.7129,0.0000,0.0000,7.8368,10.3853
2026-08-29T23:48:28Z,91.5541,101.2661,9.7119,0.0000,0.0000,7.8367,10.3853
2026-08-29T23:48:29Z,91.5480,101.3507,9.8027,0.0000,0.0000,7.8367,10.3719
2026-08-29T23:48:30Z,91.5480,101.3498,9.8018,0.0000,0.0000,7.8366,10.3719
2026-08-29T23:48:31Z,91.5770,101.2633,9.6863,0.0000,0.0000,7.8366,10.3853
2026-08-29T23:48:32Z,91.5770,101.2624,9.6854,0.0000,0.0000,7.8365,10.3853
2026-08-29T23:48:33Z,91.5541,101.5185,9.9643,0.0000,0.0000,7.8365,10.3452
2026-08-29T23:48:34Z,91.5541,101.5175,9.9634,0.0000,0.0000,7.8364,10.3452
2026-08-29T23:48:35Z,91.5770,101.4309,9.8538,0.0000,0.0000,7.8364,10.3586
2026-08-29T23:48:36Z,91.5770,101.4299,9.8529,0.0000,0.0000,7.8363,10.3586
2026-08-29T23:48:37Z,91.5206,101.3433,9.8228,0.0000,0.0000,7.8363,10.3719
2026-08-29T23:48:38Z,91.5206,101.3424,9.8219,0.0000,0.0000,7.8362,10.3719
2026-08-29T23:48:39Z,91.5770,101.2559,9.6789,0.0000,0.0000,7.8362,10.3853
2026-08-29T23:48:40Z,91.5770,101.2550,9.6780,0.0000,0.0000,7.8362,10.3853
2026-08-29T23:48:41Z,91.5312,101.3396,9.8084,0.0000,0.0000,7.8361,10.3719
2026-08-29T23:48:42Z,91.5312,101.3387,9.8075,0.0000,0.0000,7.8361,10.3719
2026-08-29T23:48:43Z,91.5541,101.4235,9.8693,0.0000,0.0000,7.8360,10.3586
2026-08-29T23:48:44Z,91.5541,101.4225,9.8684,0.0000,0.0000,7.8360,10.3586
2026-08-29T23:48:45Z,91.5343,101.3360,9.8017,0.0000,0.0000,7.8359,10.3719
2026-08-29T23:48:46Z,91.5343,101.3350,9.8007,0.0000,0.0000,7.8359,10.3719
2026-08-29T23:48:47Z,91.5572,101.4198,9.8626,0.0000,0.0000,7.8358,10.3586
2026-08-29T23:48:48Z,91.5572,101.4188,9.8617,0.0000,0.0000,7.8358,10.3586
2026-08-29T23:48:49Z,91.5541,101.4179,9.8638,0.0000,0.0000,7.8357,10.3586
2026-08-29T23:48:50Z,91.5541,101.4170,9.8629,0.0000,0.0000,7.8357,10.3586
2026-08-29T23:48:51Z,91.5572,101.3304,9.7732,0.0000,0.0000,7.8356,10.3719
2026-08-29T23:48:52Z,91.5572,101.3295,9.7723,0.0000,0.0000,7.8356,10.3719
2026-08-29T23:48:53Z,91.5435,101.2430,9.6995,0.0000,0.0000,7.8355,10.3853
2026-08-29T23:48:54Z,91.5435,101.2421,9.6986,0.0000,0.0000,7.8355,10.3853
2026-08-29T23:48:55Z,91.5267,101.4124,9.8857,0.0000,0.0000,7.8355,10.3586
2026-08-29T23:48:56Z,91.5267,101.4114,9.8848,0.0000,0.0000,7.8354,10.3586
2026-08-29T23:48:57Z,91.5358,101.2393,9.7035,0.0000,0.0000,7.8354,10.3853
2026-08-29T23:48:58Z,91.5358,101.2384,9.7026,0.0000,0.0000,7.8353,10.3853
2026-08-29T23:48:59Z,91.5435,101.4087,9.8652,0.0000,0.0000,7.8353,10.3586
2026-08-29T23:49:00Z,91.5435,101.4077,9.8643,0.0000,0.0000,7.8352,10.3586
2026-08-29T23:49:01Z,91.5587,101.2356,9.6769,0.0000,0.0000,7.8352,10.3853
2026-08-29T23:49:02Z,91.5587,101.2347,9.6760,0.0000,0.0000,7.8351,10.3853
2026-08-29T23:49:03Z,91.5221,101.3193,9.7972,0.0000,0.0000,7.8351,10.3719
2026-08-29T23:49:04Z,91.5221,101.3184,9.7963,0.0000,0.0000,7.8350,10.3719
2026-08-29T23:49:05Z,91.5862,101.3175,9.7313,0.0000,0.0000,7.8350,10.3719
2026-08-29T23:49:06Z,91.5862,101.3166,9.7304,0.0000,0.0000,7.8349,10.3719
2026-08-29T23:49:07Z,91.5435,101.4013,9.8578,0.0000,0.0000,7.8349,10.3586
2026-08-29T23:49:08Z,91.5435,101.4003,9.8569,0.0000,0.0000,7.8349,10.3586
2026-08-29T23:49:09Z,91.5984,101.2282,9.6298,0.0000,0.0000,7.8348,10.3853
2026-08-29T23:49:10Z,91.5984,101.2273,9.6289,0.0000,0.0000,7.8348,10.3853
2026-08-29T23:49:11Z,91.5435,101.3119,9.7685,0.0000,0.0000,7.8347,10.3719
2026-08-29T23:49:12Z,91.5435,101.3110,9.7676,0.0000,0.0000,7.8347,10.3719
2026-08-29T23:49:13Z,91.5358,101.3101,9.7743,0.0000,0.0000,7.8346,10.3719
2026-08-29T23:49:14Z,91.5358,101.3092,9.7733,0.0000,0.0000,7.8346,10.3719
2026-08-29T23:49:15Z,91.5572,101.3082,9.7511,0.0000,0.0000,7.8345,10.3719
2026-08-29T23:49:16Z,91.5572,101.3073,9.7501,0.0000,0.0000,7.8345,10.3719
2026-08-29T23:49:17Z,91.5633,101.3064,9.7431,0.0000,0.0000,7.8344,10.3719
2026-08-29T23:49:18Z,91.5633,101.3055,9.7422,0.0000,0.0000,7.8344,10.3719
2026-08-29T23:49:19Z,91.5587,101.2190,9.6603,0.0000,0.0000,7.8343,10.3853
2026-08-29T23:49:20Z,91.5587,101.2181,9.6594,0.0000,0.0000,7.8343,10.3853
2026-08-29T23:49:21Z,91.5633,101.3027,9.7394,0.0000,0.0000,7.8343,10.3719
2026-08-29T23:49:22Z,91.5633,101.3018,9.7385,0.0000,0.0000,7.8342,10.3719
2026-08-29T23:49:23Z,91.5724,101.3009,9.7284,0.0000,0.0000,7.8342,10.3719
2026-08-29T23:49:24Z,91.5724,101.2999,9.7275,0.0000,0.0000,7.8341,10.3719
2026-08-29T23:49:25Z,91.5221,101.2990,9.7769,0.0000,0.0000,7.8341,10.3719
2026-08-29T23:49:26Z,91.5221,101.2981,9.7760,0.0000,0.0000,7.8340,10.3719
2026-08-29T23:49:27Z,91.5435,101.2972,9.7537,0.0000,0.0000,7.8340,10.3719
2026-08-29T23:49:28Z,91.5435,101.2962,9.7528,0.0000,0.0000,7.8339,10.3719
2026-08-29T23:49:29Z,91.5496,101.3809,9.8314,0.0000,0.0000,7.8339,10.3586
2026-08-29T23:49:30Z,91.5496,101.3800,9.8305,0.0000,0.0000,7.8338,10.3586
2026-08-29T23:49:31Z,91.5221,101.3791,9.8570,0.0000,0.0000,7.8338,10.3586
2026-08-29T23:49:32Z,91.5221,101.3782,9.8561,0.0000,0.0000,7.8337,10.3586
2026-08-29T23:49:33Z,91.5587,101.2061,9.6474,0.0000,0.0000,7.8337,10.3853
2026-08-29T23:49:34Z,91.5587,101.2052,9.6464,0.0000,0.0000,7.8337,10.3853
2026-08-29T23:49:35Z,91.5633,101.3754,9.8121,0.0000,0.0000,7.8336,10.3586
2026-08-29T23:49:36Z,91.5633,101.3745,9.8112,0.0000,0.0000,7.8336,10.3586
2026-08-29T23:49:37Z,91.5526,101.4593,9.9066,0.0000,0.0000,7.8335,10.3452
2026-08-29T23:49:38Z,91.5526,101.4583,9.9057,0.0000,0.0000,7.8335,10.3452
2026-08-29T23:49:39Z,91.5480,101.2861,9.7381,0.0000,0.0000,7.8334,10.3719
2026-08-29T23:49:40Z,91.5480,101.2852,9.7371,0.0000,0.0000,7.8334,10.3719
2026-08-29T23:49:41Z,91.5358,101.3699,9.8340,0.0000,0.0000,7.8333,10.3586
2026-08-29T23:49:42Z,91.5358,101.3689,9.8331,0.0000,0.0000,7.8333,10.3586
2026-08-29T23:49:43Z,91.5526,101.1969,9.6443,0.0000,0.0000,7.8332,10.3853
2026-08-29T23:49:44Z,91.5526,101.1959,9.6433,0.0000,0.0000,7.8332,10.3853
2026-08-29T23:49:45Z,91.5480,101.2805,9.7325,0.0000,0.0000,7.8331,10.3719
2026-08-29T23:49:46Z,91.5480,101.2796,9.7316,0.0000,0.0000,7.8331,10.3719
2026-08-29T23:49:47Z,91.5358,101.2787,9.7429,0.0000,0.0000,7.8331,10.3719
2026-08-29T23:49:48Z,91.5358,101.2778,9.7420,0.0000,0.0000,7.8330,10.3719
2026-08-29T23:49:49Z,91.5572,101.2769,9.7197,0.0000,0.0000,7.8330,10.3719
2026-08-29T23:49:50Z,91.5572,101.2759,9.7187,0.0000,0.0000,7.8329,10.3719
2026-08-29T23:49:51Z,91.5358,101.4463,9.9105,0.0000,0.0000,7.8329,10.3452
2026-08-29T23:49:52Z,91.5358,101.4454,9.9096,0.0000,0.0000,7.8328,10.3452
2026-08-29T23:49:53Z,91.5435,101.1876,9.6442,0.0000,0.0000,7.8328,10.3853
2026-08-29T23:49:54Z,91.5435,101.1867,9.6433,0.0000,0.0000,7.8327,10.3853
2026-08-29T23:49:55Z,91.5404,101.1858,9.6454,0.0000,0.0000,7.8327,10.3853
2026-08-29T23:49:56Z,91.5404,101.1849,9.6445,0.0000,0.0000,7.8326,10.3853
2026-08-29T23:49:57Z,91.5221,101.2695,9.7474,0.0000,0.0000,7.8326,10.3719
2026-08-29T23:49:58Z,91.5221,101.2686,9.7465,0.0000,0.0000,7.8325,10.3719
2026-08-29T23:49:59Z,91.5175,101.0796,9.5621,0.0000,0.0000,7.8325,10.4013
2026-08-29T23:50:00Z,91.5175,101.0787,9.5612,0.0000,0.0000,7.8325,10.4013
2026-08-29T23:50:01Z,91.5175,101.1803,9.6628,0.0000,0.0000,7.8324,10.3853
2026-08-29T23:50:02Z,91.5175,101.1793,9.6618,0.0000,0.0000,7.8324,10.3853
2026-08-29T23:50:03Z,91.5480,101.1784,9.6304,0.0000,0.0000,7.8323,10.3853
2026-08-29T23:50:04Z,91.5480,101.1775,9.6295,0.0000,0.0000,7.8323,10.3853
2026-08-29T23:50:05Z,91.5221,101.2621,9.7400,0.0000,0.0000,7.8322,10.3719
2026-08-29T23:50:06Z,91.5221,101.2612,9.7391,0.0000,0.0000,7.8322,10.3719
2026-08-29T23:50:07Z,91.4977,101.1747,9.6771,0.0000,0.0000,7.8321,10.3853
2026-08-29T23:50:08Z,91.4977,101.1738,9.6761,0.0000,0.0000,7.8321,10.3853
2026-08-29T23:50:09Z,91.5221,101.3440,9.8219,0.0000,0.0000,7.8320,10.3586
2026-08-29T23:50:10Z,91.5221,101.3431,9.8210,0.0000,0.0000,7.8320,10.3586
2026-08-29T23:50:11Z,91.5480,101.3422,9.7941,0.0000,0.0000,7.8319,10.3586
2026-08-29T23:50:12Z,91.5480,101.3412,9.7932,0.0000,0.0000,7.8319,10.3586
2026-08-29T23:50:13Z,91.5435,101.2547,9.7113,0.0000,0.0000,7.8318,10.3719
2026-08-29T23:50:14Z,91.5435,101.2538,9.7103,0.0000,0.0000,7.8318,10.3719
2026-08-29T23:50:15Z,91.5160,101.1674,9.6514,0.0000,0.0000,7.8318,10.3853
2026-08-29T23:50:16Z,91.5160,101.1664,9.6505,0.0000,0.0000,7.8317,10.3853
2026-08-29T23:50:17Z,91.5221,101.1655,9.6434,0.0000,0.0000,7.8317,10.3853
2026-08-29T23:50:18Z,91.5221,101.1646,9.6425,0.0000,0.0000,7.8316,10.3853
2026-08-29T23:50:19Z,91.5343,101.2492,9.7149,0.0000,0.0000,7.8316,10.3719
2026-08-29T23:50:20Z,91.5343,101.2483,9.7140,0.0000,0.0000,7.8315,10.3719
2026-08-29T23:50:21Z,91.5206,101.2473,9.7268,0.0000,0.0000,7.8315,10.3719
2026-08-29T23:50:22Z,91.5206,101.2464,9.7259,0.0000,0.0000,7.8314,10.3719
2026-08-29T23:50:23Z,91.5038,101.3311,9.8273,0.0000,0.0000,7.8314,10.3586
2026-08-29T23:50:24Z,91.5038,101.3302,9.8264,0.0000,0.0000,7.8313,10.3586
2026-08-29T23:50:25Z,91.5404,101.1581,9.6177,0.0000,0.0000,7.8313,10.3853
2026-08-29T23:50:26Z,91.5404,101.1572,9.6168,0.0000,0.0000,7.8312,10.3853
2026-08-29T23:50:27Z,91.5343,101.3274,9.7931,0.0000,0.0000,7.8312,10.3586
2026-08-29T23:50:28Z,91.5343,101.3265,9.7922,0.0000,0.0000,7.8312,10.3586
2026-08-29T23:50:29Z,91.5023,101.2400,9.7377,0.0000,0.0000,7.8311,10.3719
2026-08-29T23:50:30Z,91.5023,101.2390,9.7368,0.0000,0.0000,7.8311,10.3719
2026-08-29T23:50:31Z,91.5160,101.2381,9.7221,0.0000,0.0000,7.8310,10.3719
2026-08-29T23:50:32Z,91.5160,101.2372,9.7212,0.0000,0.0000,7.8310,10.3719
2026-08-29T23:50:33Z,91.5221,101.2363,9.7142,0.0000,0.0000,7.8309,10.3719
2026-08-29T23:50:34Z,91.5221,101.2354,9.7133,0.0000,0.0000,7.8309,10.3719
2026-08-29T23:50:35Z,91.5267,101.3200,9.7933,0.0000,0.0000,7.8308,10.3586
2026-08-29T23:50:36Z,91.5267,101.3191,9.7924,0.0000,0.0000,7.8308,10.3586
2026-08-29T23:50:37Z,91.5038,101.3182,9.8144,0.0000,0.0000,7.8307,10.3586
2026-08-29T23:50:38Z,91.5038,101.3172,9.8135,0.0000,0.0000,7.8307,10.3586
2026-08-29T23:50:39Z,91.5267,101.2307,9.7041,0.0000,0.0000,7.8306,10.3719
2026-08-29T23:50:40Z,91.5267,101.2298,9.7032,0.0000,0.0000,7.8306,10.3719
2026-08-29T23:50:41Z,91.5175,101.2289,9.7114,0.0000,0.0000,7.8306,10.3719
2026-08-29T23:50:42Z,91.5175,101.2280,9.7105,0.0000,0.0000,7.8305,10.3719
2026-08-29T23:50:43Z,91.5267,101.3126,9.7860,0.0000,0.0000,7.8305,10.3586
2026-08-29T23:50:44Z,91.5267,101.3117,9.7850,0.0000,0.0000,7.8304,10.3586
2026-08-29T23:50:45Z,91.5267,101.3108,9.7841,0.0000,0.0000,7.8304,10.3586
2026-08-29T23:50:46Z,91.5267,101.3099,9.7832,0.0000,0.0000,7.8303,10.3586
2026-08-29T23:50:47Z,91.5267,101.2234,9.6967,0.0000,0.0000,7.8303,10.3719
2026-08-29T23:50:48Z,91.5267,101.2224,9.6958,0.0000,0.0000,7.8302,10.3719
2026-08-29T23:50:49Z,91.5023,101.3071,9.8048,0.0000,0.0000,7.8302,10.3586
2026-08-29T23:50:50Z,91.5023,101.3062,9.8039,0.0000,0.0000,7.8301,10.3586
2026-08-29T23:50:51Z,91.5435,101.1342,9.5908,0.0000,0.0000,7.8301,10.3853
2026-08-29T23:50:52Z,91.5435,101.1333,9.5898,0.0000,0.0000,7.8300,10.3853
2026-08-29T23:50:53Z,91.5175,101.2178,9.7003,0.0000,0.0000,7.8300,10.3719
2026-08-29T23:50:54Z,91.5175,101.2169,9.6994,0.0000,0.0000,7.8300,10.3719
2026-08-29T23:50:55Z,91.5267,101.3016,9.7749,0.0000,0.0000,7.8299,10.3586
2026-08-29T23:50:56Z,91.5267,101.3006,9.7740,0.0000,0.0000,7.8299,10.3586
2026-08-29T23:50:57Z,91.5084,101.2142,9.7058,0.0000,0.0000,7.8298,10.3719
2026-08-29T23:50:58Z,91.5084,101.2132,9.7049,0.0000,0.0000,7.8298,10.3719
2026-08-29T23:50:59Z,91.5114,101.2979,9.7865,0.0000,0.0000,7.8297,10.3586
2026-08-29T23:51:00Z,91.5114,101.2969,9.7855,0.0000,0.0000,7.8297,10.3586
2026-08-29T23:51:01Z,91.4977,101.2105,9.7128,0.0000,0.0000,7.8296,10.3719
2026-08-29T23:51:02Z,91.4977,101.2095,9.7119,0.0000,0.0000,7.8296,10.3719
2026-08-29T23:51:03Z,91.5404,101.2942,9.7538,0.0000,0.0000,7.8295,10.3586
2026-08-29T23:51:04Z,91.5404,101.2933,9.7529,0.0000,0.0000,7.8295,10.3586
2026-08-29T23:51:05Z,91.5206,101.2068,9.6862,0.0000,0.0000,7.8294,10.3719
2026-08-29T23:51:06Z,91.5206,101.2059,9.6853,0.0000,0.0000,7.8294,10.3719
2026-08-29T23:51:07Z,91.4977,101.2049,9.7073,0.0000,0.0000,7.8294,10.3719
2026-08-29T23:51:08Z,91.4977,101.2040,9.7063,0.0000,0.0000,7.8293,10.3719
2026-08-29T23:51:09Z,91.5267,101.2886,9.7620,0.0000,0.0000,7.8293,10.3586
2026-08-29T23:51:10Z,91.5267,101.2877,9.7611,0.0000,0.0000,7.8292,10.3586
2026-08-29T23:51:11Z,91.5160,101.2013,9.6853,0.0000,0.0000,7.8292,10.3719
2026-08-29T23:51:12Z,91.5160,101.2003,9.6844,0.0000,0.0000,7.8291,10.3719
2026-08-29T23:51:13Z,91.4946,101.1994,9.7048,0.0000,0.0000,7.8291,10.3719
2026-08-29T23:51:14Z,91.4946,101.1985,9.7039,0.0000,0.0000,7.8290,10.3719
2026-08-29T23:51:15Z,91.4931,101.3687,9.8757,0.0000,0.0000,7.8290,10.3452
2026-08-29T23:51:16Z,91.4931,101.3678,9.8747,0.0000,0.0000,7.8289,10.3452
2026-08-29T23:51:17Z,91.5038,101.1957,9.6920,0.0000,0.0000,7.8289,10.3719
2026-08-29T23:51:18Z,91.5038,101.1948,9.6910,0.0000,0.0000,7.8288,10.3719
2026-08-29T23:51:19Z,91.5175,101.1084,9.5909,0.0000,0.0000,7.8288,10.3853
2026-08-29T23:51:20Z,91.5175,101.1075,9.5900,0.0000,0.0000,7.8288,10.3853
2026-08-29T23:51:21Z,91.5175,101.1920,9.6745,0.0000,0.0000,7.8287,10.3719
2026-08-29T23:51:22Z,91.5175,101.1911,9.6736,0.0000,0.0000,7.8287,10.3719
2026-08-29T23:51:23Z,91.4946,101.1902,9.6956,0.0000,0.0000,7.8286,10.3719
2026-08-29T23:51:24Z,91.4946,101.1893,9.6947,0.0000,0.0000,7.8286,10.3719
2026-08-29T23:51:25Z,91.5084,101.1884,9.6800,0.0000,0.0000,7.8285,10.3719
2026-08-29T23:51:26Z,91.5084,101.1874,9.6791,0.0000,0.0000,7.8285,10.3719
2026-08-29T23:51:27Z,91.5023,101.3577,9.8554,0.0000,0.0000,7.8284,10.3452
2026-08-29T23:51:28Z,91.5023,101.3568,9.8545,0.0000,0.0000,7.8284,10.3452
2026-08-29T23:51:29Z,91.4885,101.1847,9.6962,0.0000,0.0000,7.8283,10.3719
2026-08-29T23:51:30Z,91.4885,101.1838,9.6952,0.0000,0.0000,7.8283,10.3719
2026-08-29T23:51:31Z,91.5084,101.1828,9.6745,0.0000,0.0000,7.8282,10.3719
2026-08-29T23:51:32Z,91.5084,101.1819,9.6736,0.0000,0.0000,7.8282,10.3719
2026-08-29T23:51:33Z,91.5084,101.1810,9.6726,0.0000,0.0000,7.8282,10.3719
2026-08-29T23:51:34Z,91.5084,101.1801,9.6717,0.0000,0.0000,7.8281,10.3719
2026-08-29T23:51:35Z,91.4885,101.0937,9.6052,0.0000,0.0000,7.8281,10.3853
2026-08-29T23:51:36Z,91.4885,101.0928,9.6043,0.0000,0.0000,7.8280,10.3853
2026-08-29T23:51:37Z,91.5038,101.2628,9.7591,0.0000,0.0000,7.8280,10.3586
2026-08-29T23:51:38Z,91.5038,101.2619,9.7581,0.0000,0.0000,7.8279,10.3586
2026-08-29T23:51:39Z,91.5038,101.1755,9.6717,0.0000,0.0000,7.8279,10.3719
2026-08-29T23:51:40Z,91.5038,101.1746,9.6708,0.0000,0.0000,7.8278,10.3719
2026-08-29T23:51:41Z,91.5084,101.2592,9.7508,0.0000,0.0000,7.8278,10.3586
2026-08-29T23:51:42Z,91.5084,101.2582,9.7499,0.0000,0.0000,7.8277,10.3586
2026-08-29T23:51:43Z,91.5175,101.1718,9.6543,0.0000,0.0000,7.8277,10.3719
2026-08-29T23:51:44Z,91.5175,101.1709,9.6534,0.0000,0.0000,7.8276,10.3719
2026-08-29T23:51:45Z,91.5038,101.1700,9.6662,0.0000,0.0000,7.8276,10.3719
2026-08-29T23:51:46Z,91.5038,101.1690,9.6653,0.0000,0.0000,7.8275,10.3719
2026-08-29T23:51:47Z,91.4885,101.1681,9.6796,0.0000,0.0000,7.8275,10.3719
2026-08-29T23:51:48Z,91.4885,101.1672,9.6787,0.0000,0.0000,7.8275,10.3719
2026-08-29T23:51:49Z,91.4946,101.1663,9.6717,0.0000,0.0000,7.8274,10.3719
2026-08-29T23:51:50Z,91.4946,101.1654,9.6707,0.0000,0.0000,7.8274,10.3719
2026-08-29T23:51:51Z,91.4946,101.0790,9.5844,0.0000,0.0000,7.8273,10.3853
2026-08-29T23:51:52Z,91.4946,101.0781,9.5835,0.0000,0.0000,7.8273,10.3853
2026-08-29T23:51:53Z,91.5160,101.2481,9.7321,0.0000,0.0000,7.8272,10.3586
2026-08-29T23:51:54Z,91.5160,101.2472,9.7312,0.0000,0.0000,7.8272,10.3586
2026-08-29T23:51:55Z,91.4717,101.2463,9.7745,0.0000,0.0000,7.8271,10.3586
2026-08-29T23:51:56Z,91.4717,101.2453,9.7736,0.0000,0.0000,7.8271,10.3586
2026-08-29T23:51:57Z,91.5038,101.2444,9.7406,0.0000,0.0000,7.8270,10.3586
2026-08-29T23:51:58Z,91.5038,101.2435,9.7397,0.0000,0.0000,7.8270,10.3586
2026-08-29T23:51:59Z,91.5023,101.1571,9.6548,0.0000,0.0000,7.8269,10.3719
2026-08-29T23:52:00Z,91.5023,101.1562,9.6539,0.0000,0.0000,7.8269,10.3719
2026-08-29T23:52:01Z,91.5114,101.0698,9.5584,0.0000,0.0000,7.8269,10.3853
2026-08-29T23:52:02Z,91.5114,101.0689,9.5575,0.0000,0.0000,7.8268,10.3853
2026-08-29T23:52:03Z,91.5160,101.1534,9.6374,0.0000,0.0000,7.8268,10.3719
2026-08-29T23:52:04Z,91.5160,101.1525,9.6365,0.0000,0.0000,7.8267,10.3719
2026-08-29T23:52:05Z,91.5038,101.1516,9.6478,0.0000,0.0000,7.8267,10.3719
2026-08-29T23:52:06Z,91.5038,101.1506,9.6469,0.0000,0.0000,7.8266,10.3719
2026-08-29T23:52:07Z,91.4885,101.2352,9.7467,0.0000,0.0000,7.8266,10.3586
2026-08-29T23:52:08Z,91.4885,101.2343,9.7458,0.0000,0.0000,7.8265,10.3586
2026-08-29T23:52:09Z,91.5084,101.0624,9.5541,0.0000,0.0000,7.8265,10.3853
2026-08-29T23:52:10Z,91.5084,101.0615,9.5532,0.0000,0.0000,7.8264,10.3853
2026-08-29T23:52:11Z,91.4946,101.2315,9.7369,0.0000,0.0000,7.8264,10.3586
2026-08-29T23:52:12Z,91.4946,101.2306,9.7360,0.0000,0.0000,7.8263,10.3586
2026-08-29T23:52:13Z,91.4656,101.1442,9.6786,0.0000,0.0000,7.8263,10.3719
2026-08-29T23:52:14Z,91.4656,101.1433,9.6776,0.0000,0.0000,7.8263,10.3719
2026-08-29T23:52:15Z,91.4794,101.1424,9.6630,0.0000,0.0000,7.8262,10.3719
2026-08-29T23:52:16Z,91.4794,101.1414,9.6621,0.0000,0.0000,7.8262,10.3719
2026-08-29T23:52:17Z,91.4946,101.1405,9.6459,0.0000,0.0000,7.8261,10.3719
2026-08-29T23:52:18Z,91.4946,101.1396,9.6450,0.0000,0.0000,7.8261,10.3719
2026-08-29T23:52:19Z,91.4946,101.1387,9.6441,0.0000,0.0000,7.8260,10.3719
2026-08-29T23:52:20Z,91.4946,101.1378,9.6431,0.0000,0.0000,7.8260,10.3719
2026-08-29T23:52:21Z,91.4855,101.1368,9.6514,0.0000,0.0000,7.8259,10.3719
2026-08-29T23:52:22Z,91.4855,101.1359,9.6504,0.0000,0.0000,7.8259,10.3719
2026-08-29T23:52:23Z,91.4763,101.1350,9.6587,0.0000,0.0000,7.8258,10.3719
2026-08-29T23:52:24Z,91.4763,101.1341,9.6578,0.0000,0.0000,7.8258,10.3719
2026-08-29T23:52:25Z,91.4855,101.2186,9.7332,0.0000,0.0000,7.8257,10.3586
2026-08-29T23:52:26Z,91.4855,101.2177,9.7323,0.0000,0.0000,7.8257,10.3586
2026-08-29T23:52:27Z,91.4977,101.0459,9.5482,0.0000,0.0000,7.8257,10.3853
2026-08-29T23:52:28Z,91.4977,101.0450,9.5473,0.0000,0.0000,7.8256,10.3853
2026-08-29T23:52:29Z,91.4931,101.1295,9.6364,0.0000,0.0000,7.8256,10.3719
2026-08-29T23:52:30Z,91.4931,101.1286,9.6355,0.0000,0.0000,7.8255,10.3719
2026-08-29T23:52:31Z,91.4473,101.0422,9.5949,0.0000,0.0000,7.8255,10.3853
2026-08-29T23:52:32Z,91.4473,101.0413,9.5940,0.0000,0.0000,7.8254,10.3853
2026-08-29T23:52:33Z,91.4839,101.0404,9.5565,0.0000,0.0000,7.8254,10.3853
2026-08-29T23:52:34Z,91.4839,101.0395,9.5555,0.0000,0.0000,7.8253,10.3853
2026-08-29T23:52:35Z,91.5038,101.2950,9.7912,0.0000,0.0000,7.8253,10.3452
2026-08-29T23:52:36Z,91.5038,101.2941,9.7903,0.0000,0.0000,7.8252,10.3452
2026-08-29T23:52:37Z,91.4763,101.0367,9.5604,0.0000,0.0000,7.8252,10.3853
2026-08-29T23:52:38Z,91.4763,101.0358,9.5595,0.0000,0.0000,7.8251,10.3853
2026-08-29T23:52:39Z,91.4626,101.2058,9.7432,0.0000,0.0000,7.8251,10.3586
2026-08-29T23:52:40Z,91.4626,101.2048,9.7423,0.0000,0.0000,7.8251,10.3586
2026-08-29T23:52:41Z,91.4565,101.1184,9.6620,0.0000,0.0000,7.8250,10.3719
2026-08-29T23:52:42Z,91.4565,101.1175,9.6611,0.0000,0.0000,7.8250,10.3719
2026-08-29T23:52:43Z,91.4855,101.1166,9.6311,0.0000,0.0000,7.8249,10.3719
2026-08-29T23:52:44Z,91.4855,101.1157,9.6302,0.0000,0.0000,7.8249,10.3719
2026-08-29T23:52:45Z,91.4656,101.1148,9.6491,0.0000,0.0000,7.8248,10.3719
2026-08-29T23:52:46Z,91.4656,101.1138,9.6482,0.0000,0.0000,7.8248,10.3719
2026-08-29T23:52:47Z,91.4763,101.1129,9.6366,0.0000,0.0000,7.8247,10.3719
2026-08-29T23:52:48Z,91.4763,101.1120,9.6357,0.0000,0.0000,7.8247,10.3719
2026-08-29T23:52:49Z,91.4931,101.1111,9.6180,0.0000,0.0000,7.8246,10.3719
2026-08-29T23:52:50Z,91.4931,101.1102,9.6171,0.0000,0.0000,7.8246,10.3719
2026-08-29T23:52:51Z,91.4839,101.1947,9.7108,0.0000,0.0000,7.8245,10.3586
2026-08-29T23:52:52Z,91.4839,101.1938,9.7099,0.0000,0.0000,7.8245,10.3586
2026-08-29T23:52:53Z,91.4672,101.1074,9.6403,0.0000,0.0000,7.8245,10.3719
2026-08-29T23:52:54Z,91.4672,101.1065,9.6393,0.0000,0.0000,7.8244,10.3719
2026-08-29T23:52:55Z,91.5023,101.1910,9.6888,0.0000,0.0000,7.8244,10.3586
2026-08-29T23:52:56Z,91.5023,101.1901,9.6879,0.0000,0.0000,7.8243,10.3586
2026-08-29T23:52:57Z,91.4717,101.1892,9.7175,0.0000,0.0000,7.8243,10.3586
2026-08-29T23:52:58Z,91.4717,101.1883,9.7166,0.0000,0.0000,7.8242,10.3586
2026-08-29T23:52:59Z,91.4565,101.1874,9.7309,0.0000,0.0000,7.8242,10.3586
2026-08-29T23:53:00Z,91.4565,101.1864,9.7300,0.0000,0.0000,7.8241,10.3586
2026-08-29T23:53:01Z,91.4565,101.0147,9.5582,0.0000,0.0000,7.8241,10.3853
2026-08-29T23:53:02Z,91.4565,101.0138,9.5573,0.0000,0.0000,7.8240,10.3853
2026-08-29T23:53:03Z,91.4565,101.0982,9.6418,0.0000,0.0000,7.8240,10.3719
2026-08-29T23:53:04Z,91.4565,101.0973,9.6408,0.0000,0.0000,7.8239,10.3719
2026-08-29T23:53:05Z,91.4855,101.0964,9.6109,0.0000,0.0000,7.8239,10.3719
2026-08-29T23:53:06Z,91.4855,101.0955,9.6100,0.0000,0.0000,7.8239,10.3719
2026-08-29T23:53:07Z,91.4931,101.0946,9.6015,0.0000,0.0000,7.8238,10.3719
2026-08-29T23:53:08Z,91.4931,101.0936,9.6005,0.0000,0.0000,7.8238,10.3719
2026-08-29T23:53:09Z,91.4351,101.1782,9.7431,0.0000,0.0000,7.8237,10.3586
2026-08-29T23:53:10Z,91.4351,101.1773,9.7421,0.0000,0.0000,7.8237,10.3586
2026-08-29T23:53:11Z,91.4794,101.0909,9.6115,0.0000,0.0000,7.8236,10.3719
2026-08-29T23:53:12Z,91.4794,101.0900,9.6106,0.0000,0.0000,7.8236,10.3719
2026-08-29T23:53:13Z,91.4885,101.0037,9.5152,0.0000,0.0000,7.8235,10.3853
2026-08-29T23:53:14Z,91.4885,101.0028,9.5142,0.0000,0.0000,7.8235,10.3853
2026-08-29T23:53:15Z,91.4946,101.1727,9.6780,0.0000,0.0000,7.8234,10.3586
2026-08-29T23:53:16Z,91.4946,101.1717,9.6771,0.0000,0.0000,7.8234,10.3586
2026-08-29T23:53:17Z,91.4488,101.0854,9.6365,0.0000,0.0000,7.8233,10.3719
2026-08-29T23:53:18Z,91.4488,101.0844,9.6356,0.0000,0.0000,7.8233,10.3719
2026-08-29T23:53:19Z,91.4672,101.0835,9.6164,0.0000,0.0000,7.8233,10.3719
2026-08-29T23:53:20Z,91.4672,101.0826,9.6155,0.0000,0.0000,7.8232,10.3719
2026-08-29T23:53:21Z,91.4626,100.9963,9.5337,0.0000,0.0000,7.8232,10.3853
2026-08-29T23:53:22Z,91.4626,100.9954,9.5328,0.0000,0.0000,7.8231,10.3853
2026-08-29T23:53:23Z,91.4519,100.9945,9.5426,0.0000,0.0000,7.8231,10.3853
2026-08-29T23:53:24Z,91.4519,100.9936,9.5417,0.0000,0.0000,7.8230,10.3853
2026-08-29T23:53:25Z,91.4580,101.0780,9.6200,0.0000,0.0000,7.8230,10.3719
2026-08-29T23:53:26Z,91.4580,101.0771,9.6191,0.0000,0.0000,7.8229,10.3719
2026-08-29T23:53:27Z,91.4717,101.0762,9.6044,0.0000,0.0000,7.8229,10.3719
2026-08-29T23:53:28Z,91.4717,101.0753,9.6035,0.0000,0.0000,7.8228,10.3719
2026-08-29T23:53:29Z,91.4473,100.9890,9.5417,0.0000,0.0000,7.8228,10.3853
2026-08-29T23:53:30Z,91.4473,100.9881,9.5408,0.0000,0.0000,7.8227,10.3853
2026-08-29T23:53:31Z,91.4839,101.0725,9.5886,0.0000,0.0000,7.8227,10.3719
2026-08-29T23:53:32Z,91.4839,101.0716,9.5877,0.0000,0.0000,7.8226,10.3719
2026-08-29T23:53:33Z,91.4839,101.0707,9.5867,0.0000,0.0000,7.8226,10.3719
2026-08-29T23:53:34Z,91.4839,101.0698,9.5858,0.0000,0.0000,7.8226,10.3719
2026-08-29T23:53:35Z,91.4565,101.0688,9.6124,0.0000,0.0000,7.8225,10.3719
2026-08-29T23:53:36Z,91.4565,101.0679,9.6114,0.0000,0.0000,7.8225,10.3719
2026-08-29T23:53:37Z,91.4290,101.1524,9.7234,0.0000,0.0000,7.8224,10.3586
2026-08-29T23:53:38Z,91.4290,101.1515,9.7225,0.0000,0.0000,7.8224,10.3586
2026-08-29T23:53:39Z,91.4946,100.9798,9.4852,0.0000,0.0000,7.8223,10.3853
2026-08-29T23:53:40Z,91.4946,100.9789,9.4843,0.0000,0.0000,7.8223,10.3853
2026-08-29T23:53:41Z,91.4427,101.1488,9.7060,0.0000,0.0000,7.8222,10.3586
2026-08-29T23:53:42Z,91.4427,101.1478,9.7051,0.0000,0.0000,7.8222,10.3586
2026-08-29T23:53:43Z,91.4260,101.1469,9.7210,0.0000,0.0000,7.8221,10.3586
2026-08-29T23:53:44Z,91.4260,101.1460,9.7200,0.0000,0.0000,7.8221,10.3586
2026-08-29T23:53:45Z,91.4534,100.9743,9.5209,0.0000,0.0000,7.8220,10.3853
2026-08-29T23:53:46Z,91.4534,100.9734,9.5200,0.0000,0.0000,7.8220,10.3853
2026-08-29T23:53:47Z,91.4656,100.9725,9.5068,0.0000,0.0000,7.8220,10.3853
2026-08-29T23:53:48Z,91.4656,100.9716,9.5059,0.0000,0.0000,7.8219,10.3853
2026-08-29T23:53:49Z,91.4397,101.2269,9.7872,0.0000,0.0000,7.8219,10.3452
2026-08-29T23:53:50Z,91.4397,101.2260,9.7863,0.0000,0.0000,7.8218,10.3452
2026-08-29T23:53:51Z,91.4427,101.2251,9.7823,0.0000,0.0000,7.8218,10.3452
2026-08-29T23:53:52Z,91.4427,101.2242,9.7814,0.0000,0.0000,7.8217,10.3452
2026-08-29T23:53:53Z,91.4565,101.1377,9.6813,0.0000,0.0000,7.8217,10.3586
2026-08-29T23:53:54Z,91.4565,101.1368,9.6803,0.0000,0.0000,7.8216,10.3586
2026-08-29T23:53:55Z,91.4351,101.0505,9.6154,0.0000,0.0000,7.8216,10.3719
2026-08-29T23:53:56Z,91.4351,101.0496,9.6144,0.0000,0.0000,7.8215,10.3719
2026-08-29T23:53:57Z,91.4336,101.0486,9.6151,0.0000,0.0000,7.8215,10.3719
2026-08-29T23:53:58Z,91.4336,101.0477,9.6141,0.0000,0.0000,7.8214,10.3719
2026-08-29T23:53:59Z,91.4473,101.1322,9.6849,0.0000,0.0000,7.8214,10.3586
2026-08-29T23:54:00Z,91.4473,101.1313,9.6840,0.0000,0.0000,7.8214,10.3586
2026-08-29T23:54:01Z,91.4122,101.0450,9.6327,0.0000,0.0000,7.8213,10.3719
2026-08-29T23:54:02Z,91.4122,101.0441,9.6318,0.0000,0.0000,7.8213,10.3719
2026-08-29T23:54:03Z,91.4260,101.0431,9.6172,0.0000,0.0000,7.8212,10.3719
2026-08-29T23:54:04Z,91.4260,101.0422,9.6163,0.0000,0.0000,7.8212,10.3719
2026-08-29T23:54:05Z,91.4351,101.1267,9.6916,0.0000,0.0000,7.8211,10.3586
2026-08-29T23:54:06Z,91.4351,101.1258,9.6907,0.0000,0.0000,7.8211,10.3586
2026-08-29T23:54:07Z,91.4534,101.0395,9.5860,0.0000,0.0000,7.8210,10.3719
2026-08-29T23:54:08Z,91.4534,101.0385,9.5851,0.0000,0.0000,7.8210,10.3719
2026-08-29T23:54:09Z,91.4260,101.2085,9.7826,0.0000,0.0000,7.8209,10.3452
2026-08-29T23:54:10Z,91.4260,101.2076,9.7817,0.0000,0.0000,7.8209,10.3452
2026-08-29T23:54:11Z,91.4473,101.0358,9.5885,0.0000,0.0000,7.8208,10.3719
2026-08-29T23:54:12Z,91.4473,101.0349,9.5876,0.0000,0.0000,7.8208,10.3719
2026-08-29T23:54:13Z,91.4427,101.0340,9.5912,0.0000,0.0000,7.8208,10.3719
2026-08-29T23:54:14Z,91.4427,101.0330,9.5903,0.0000,0.0000,7.8207,10.3719
2026-08-29T23:54:15Z,91.4336,101.0321,9.5985,0.0000,0.0000,7.8207,10.3719
2026-08-29T23:54:16Z,91.4336,101.0312,9.5976,0.0000,0.0000,7.8206,10.3719
2026-08-29T23:54:17Z,91.4122,101.0303,9.6181,0.0000,0.0000,7.8206,10.3719
2026-08-29T23:54:18Z,91.4122,101.0294,9.6172,0.0000,0.0000,7.8205,10.3719
2026-08-29T23:54:19Z,91.4290,101.1139,9.6849,0.0000,0.0000,7.8205,10.3586
2026-08-29T23:54:20Z,91.4290,101.1129,9.6839,0.0000,0.0000,7.8204,10.3586
2026-08-29T23:54:21Z,91.4351,101.1120,9.6769,0.0000,0.0000,7.8204,10.3586
2026-08-29T23:54:22Z,91.4351,101.1111,9.6760,0.0000,0.0000,7.8203,10.3586
2026-08-29T23:54:23Z,91.4565,101.1102,9.6537,0.0000,0.0000,7.8203,10.3586
2026-08-29T23:54:24Z,91.4565,101.1093,9.6528,0.0000,0.0000,7.8202,10.3586
2026-08-29T23:54:25Z,91.4076,101.1084,9.7007,0.0000,0.0000,7.8202,10.3586
2026-08-29T23:54:26Z,91.4076,101.1074,9.6998,0.0000,0.0000,7.8202,10.3586
2026-08-29T23:54:27Z,91.4351,101.0211,9.5860,0.0000,0.0000,7.8201,10.3719
2026-08-29T23:54:28Z,91.4351,101.0202,9.5851,0.0000,0.0000,7.8201,10.3719
2026-08-29T23:54:29Z,91.4336,101.0193,9.5857,0.0000,0.0000,7.8200,10.3719
2026-08-29T23:54:30Z,91.4336,101.0184,9.5848,0.0000,0.0000,7.8200,10.3719
2026-08-29T23:54:31Z,91.4153,101.0175,9.6022,0.0000,0.0000,7.8199,10.3719
2026-08-29T23:54:32Z,91.4153,101.0165,9.6013,0.0000,0.0000,7.8199,10.3719
2026-08-29T23:54:33Z,91.4290,101.1010,9.6720,0.0000,0.0000,7.8198,10.3586
2026-08-29T23:54:34Z,91.4290,101.1001,9.6711,0.0000,0.0000,7.8198,10.3586
2026-08-29T23:54:35Z,91.4214,101.0138,9.5924,0.0000,0.0000,7.8197,10.3719
2026-08-29T23:54:36Z,91.4214,101.0129,9.5915,0.0000,0.0000,7.8197,10.3719
2026-08-29T23:54:37Z,91.4076,101.1828,9.7752,0.0000,0.0000,7.8196,10.3452
2026-08-29T23:54:38Z,91.4076,101.1819,9.7742,0.0000,0.0000,7.8196,10.3452
2026-08-29T23:54:39Z,91.3970,101.0101,9.6132,0.0000,0.0000,7.8196,10.3719
2026-08-29T23:54:40Z,91.3970,101.0092,9.6122,0.0000,0.0000,7.8195,10.3719
2026-08-29T23:54:41Z,91.3939,101.0083,9.6144,0.0000,0.0000,7.8195,10.3719
2026-08-29T23:54:42Z,91.3939,101.0074,9.6135,0.0000,0.0000,7.8194,10.3719
2026-08-29T23:54:43Z,91.4015,101.0918,9.6903,0.0000,0.0000,7.8194,10.3586
2026-08-29T23:54:44Z,91.4015,101.0909,9.6894,0.0000,0.0000,7.8193,10.3586
2026-08-29T23:54:45Z,91.4199,101.0900,9.6701,0.0000,0.0000,7.8193,10.3586
2026-08-29T23:54:46Z,91.4199,101.0891,9.6692,0.0000,0.0000,7.8192,10.3586
2026-08-29T23:54:47Z,91.4260,101.0028,9.5768,0.0000,0.0000,7.8192,10.3719
2026-08-29T23:54:48Z,91.4260,101.0019,9.5759,0.0000,0.0000,7.8191,10.3719
2026-08-29T23:54:49Z,91.3893,101.0863,9.6970,0.0000,0.0000,7.8191,10.3586
2026-08-29T23:54:50Z,91.3893,101.0854,9.6961,0.0000,0.0000,7.8190,10.3586
2026-08-29T23:54:51Z,91.4031,101.1700,9.7669,0.0000,0.0000,7.8190,10.3452
2026-08-29T23:54:52Z,91.4031,101.1690,9.7660,0.0000,0.0000,7.8190,10.3452
2026-08-29T23:54:53Z,91.3970,100.9973,9.6003,0.0000,0.0000,7.8189,10.3719
2026-08-29T23:54:54Z,91.3970,100.9964,9.5994,0.0000,0.0000,7.8189,10.3719
2026-08-29T23:54:55Z,91.4199,100.9955,9.5756,0.0000,0.0000,7.8188,10.3719
2026-08-29T23:54:56Z,91.4199,100.9945,9.5747,0.0000,0.0000,7.8188,10.3719
2026-08-29T23:54:57Z,91.4015,101.0790,9.6774,0.0000,0.0000,7.8187,10.3586
2026-08-29T23:54:58Z,91.4015,101.0781,9.6765,0.0000,0.0000,7.8187,10.3586
2026-08-29T23:54:59Z,91.3741,100.9918,9.6177,0.0000,0.0000,7.8186,10.3719
2026-08-29T23:55:00Z,91.3741,100.9909,9.6168,0.0000,0.0000,7.8186,10.3719
2026-08-29T23:55:01Z,91.3893,101.1608,9.7714,0.0000,0.0000,7.8185,10.3452
2026-08-29T23:55:02Z,91.3893,101.1599,9.7705,0.0000,0.0000,7.8185,10.3452
2026-08-29T23:55:03Z,91.4260,101.0735,9.6475,0.0000,0.0000,7.8184,10.3586
2026-08-29T23:55:04Z,91.4260,101.0726,9.6466,0.0000,0.0000,7.8184,10.3586
2026-08-29T23:55:05Z,91.3741,101.0717,9.6976,0.0000,0.0000,7.8184,10.3586
2026-08-29T23:55:06Z,91.3741,101.0707,9.6967,0.0000,0.0000,7.8183,10.3586
2026-08-29T23:55:07Z,91.3970,100.9845,9.5875,0.0000,0.0000,7.8183,10.3719
2026-08-29T23:55:08Z,91.3970,100.9835,9.5866,0.0000,0.0000,7.8182,10.3719
2026-08-29T23:55:09Z,91.4153,101.0680,9.6527,0.0000,0.0000,7.8182,10.3586
2026-08-29T23:55:10Z,91.4153,101.0671,9.6518,0.0000,0.0000,7.8181,10.3586
2026-08-29T23:55:11Z,91.4076,101.0662,9.6585,0.0000,0.0000,7.8181,10.3586
2026-08-29T23:55:12Z,91.4076,101.0652,9.6576,0.0000,0.0000,7.8180,10.3586
2026-08-29T23:55:13Z,91.4031,100.9790,9.5759,0.0000,0.0000,7.8180,10.3719
2026-08-29T23:55:14Z,91.4031,100.9780,9.5750,0.0000,0.0000,7.8179,10.3719
2026-08-29T23:55:15Z,91.3756,101.1479,9.7723,0.0000,0.0000,7.8179,10.3452
2026-08-29T23:55:16Z,91.3756,101.1470,9.7714,0.0000,0.0000,7.8178,10.3452
2026-08-29T23:55:17Z,91.4015,101.0606,9.6591,0.0000,0.0000,7.8178,10.3586
2026-08-29T23:55:18Z,91.4015,101.0597,9.6582,0.0000,0.0000,7.8178,10.3586
2026-08-29T23:55:19Z,91.4076,101.1443,9.7366,0.0000,0.0000,7.8177,10.3452
2026-08-29T23:55:20Z,91.4076,101.1433,9.7357,0.0000,0.0000,7.8177,10.3452
2026-08-29T23:55:21Z,91.3756,101.0570,9.6814,0.0000,0.0000,7.8176,10.3586
2026-08-29T23:55:22Z,91.3756,101.0561,9.6805,0.0000,0.0000,7.8176,10.3586
2026-08-29T23:55:23Z,91.3756,100.9698,9.5942,0.0000,0.0000,7.8175,10.3719
2026-08-29T23:55:24Z,91.3756,100.9689,9.5933,0.0000,0.0000,7.8175,10.3719
2026-08-29T23:55:25Z,91.3893,101.0533,9.6640,0.0000,0.0000,7.8174,10.3586
2026-08-29T23:55:26Z,91.3893,101.0524,9.6631,0.0000,0.0000,7.8174,10.3586
2026-08-29T23:55:27Z,91.3970,100.9661,9.5692,0.0000,0.0000,7.8173,10.3719
2026-08-29T23:55:28Z,91.3970,100.9652,9.5683,0.0000,0.0000,7.8173,10.3719
2026-08-29T23:55:29Z,91.3939,101.1351,9.7412,0.0000,0.0000,7.8172,10.3452
2026-08-29T23:55:30Z,91.3939,101.1342,9.7402,0.0000,0.0000,7.8172,10.3452
2026-08-29T23:55:31Z,91.4107,101.0478,9.6371,0.0000,0.0000,7.8172,10.3586
2026-08-29T23:55:32Z,91.4107,101.0469,9.6362,0.0000,0.0000,7.8171,10.3586
2026-08-29T23:55:33Z,91.3802,101.0460,9.6658,0.0000,0.0000,7.8171,10.3586
2026-08-29T23:55:34Z,91.3802,101.0451,9.6649,0.0000,0.0000,7.8170,10.3586
2026-08-29T23:55:35Z,91.3741,101.0441,9.6701,0.0000,0.0000,7.8170,10.3586
2026-08-29T23:55:36Z,91.3741,101.0432,9.6692,0.0000,0.0000,7.8169,10.3586
2026-08-29T23:55:37Z,91.3893,101.0423,9.6530,0.0000,0.0000,7.8169,10.3586
2026-08-29T23:55:38Z,91.3893,101.0414,9.6521,0.0000,0.0000,7.8168,10.3586
2026-08-29T23:55:39Z,91.4122,101.0405,9.6283,0.0000,0.0000,7.8168,10.3586
2026-08-29T23:55:40Z,91.4122,101.0396,9.6273,0.0000,0.0000,7.8167,10.3586
2026-08-29T23:55:41Z,91.3664,101.0387,9.6722,0.0000,0.0000,7.8167,10.3586
2026-08-29T23:55:42Z,91.3664,101.0377,9.6713,0.0000,0.0000,7.8166,10.3586
2026-08-29T23:55:43Z,91.3893,101.0368,9.6475,0.0000,0.0000,7.8166,10.3586
2026-08-29T23:55:44Z,91.3893,101.0359,9.6466,0.0000,0.0000,7.8165,10.3586
2026-08-29T23:55:45Z,91.3649,101.0350,9.6701,0.0000,0.0000,7.8165,10.3586
2026-08-29T23:55:46Z,91.3649,101.0341,9.6691,0.0000,0.0000,7.8165,10.3586
2026-08-29T23:55:47Z,91.4031,101.3068,9.9037,0.0000,0.0000,7.8164,10.3159
2026-08-29T23:55:48Z,91.4031,101.3059,9.9028,0.0000,0.0000,7.8164,10.3159
2026-08-29T23:55:49Z,91.3878,101.0313,9.6435,0.0000,0.0000,7.8163,10.3586
2026-08-29T23:55:50Z,91.3878,101.0304,9.6426,0.0000,0.0000,7.8163,10.3586
2026-08-29T23:55:51Z,91.3893,101.2175,9.8282,0.0000,0.0000,7.8162,10.3292
2026-08-29T23:55:52Z,91.3893,101.2166,9.8273,0.0000,0.0000,7.8162,10.3292
2026-08-29T23:55:53Z,91.3893,101.0277,9.6383,0.0000,0.0000,7.8161,10.3586
2026-08-29T23:55:54Z,91.3893,101.0267,9.6374,0.0000,0.0000,7.8161,10.3586
2026-08-29T23:55:55Z,91.4153,100.9405,9.5252,0.0000,0.0000,7.8160,10.3719
2026-08-29T23:55:56Z,91.4153,100.9396,9.5243,0.0000,0.0000,7.8160,10.3719
2026-08-29T23:55:57Z,91.3832,101.0240,9.6408,0.0000,0.0000,7.8159,10.3586
2026-08-29T23:55:58Z,91.3832,101.0231,9.6398,0.0000,0.0000,7.8159,10.3586
2026-08-29T23:55:59Z,91.3878,100.9368,9.5490,0.0000,0.0000,7.8159,10.3719
2026-08-29T23:56:00Z,91.3878,100.9359,9.5481,0.0000,0.0000,7.8158,10.3719
2026-08-29T23:56:01Z,91.3649,101.1057,9.7408,0.0000,0.0000,7.8158,10.3452
2026-08-29T23:56:02Z,91.3649,101.1048,9.7399,0.0000,0.0000,7.8157,10.3452
2026-08-29T23:56:03Z,91.3893,101.0185,9.6292,0.0000,0.0000,7.8157,10.3586
2026-08-29T23:56:04Z,91.3893,101.0176,9.6282,0.0000,0.0000,7.8156,10.3586
2026-08-29T23:56:05Z,91.3741,100.8461,9.4720,0.0000,0.0000,7.8156,10.3853
2026-08-29T23:56:06Z,91.3741,100.8452,9.4711,0.0000,0.0000,7.8155,10.3853
2026-08-29T23:56:07Z,91.3664,101.0148,9.6484,0.0000,0.0000,7.8155,10.3586
2026-08-29T23:56:08Z,91.3664,101.0139,9.6475,0.0000,0.0000,7.8154,10.3586
2026-08-29T23:56:09Z,91.3832,100.9277,9.5445,0.0000,0.0000,7.8154,10.3719
2026-08-29T23:56:10Z,91.3832,100.9268,9.5435,0.0000,0.0000,7.8153,10.3719
2026-08-29T23:56:11Z,91.3802,101.0966,9.7164,0.0000,0.0000,7.8153,10.3452
2026-08-29T23:56:12Z,91.3802,101.0956,9.7155,0.0000,0.0000,7.8153,10.3452
2026-08-29T23:56:13Z,91.3664,101.0093,9.6429,0.0000,0.0000,7.8152,10.3586
2026-08-29T23:56:14Z,91.3664,101.0084,9.6420,0.0000,0.0000,7.8152,10.3586
2026-08-29T23:56:15Z,91.4031,101.0929,9.6898,0.0000,0.0000,7.8151,10.3452
2026-08-29T23:56:16Z,91.4031,101.0920,9.6889,0.0000,0.0000,7.8151,10.3452
2026-08-29T23:56:17Z,91.3664,100.9204,9.5539,0.0000,0.0000,7.8150,10.3719
2026-08-29T23:56:18Z,91.3664,100.9195,9.5530,0.0000,0.0000,7.8150,10.3719
2026-08-29T23:56:19Z,91.3893,101.0038,9.6145,0.0000,0.0000,7.8149,10.3586
2026-08-29T23:56:20Z,91.3893,101.0029,9.6136,0.0000,0.0000,7.8149,10.3586
2026-08-29T23:56:21Z,91.3573,101.0874,9.7301,0.0000,0.0000,7.8148,10.3452
2026-08-29T23:56:22Z,91.3573,101.0865,9.7292,0.0000,0.0000,7.8148,10.3452
2026-08-29T23:56:23Z,91.3664,101.0002,9.6337,0.0000,0.0000,7.8147,10.3586
2026-08-29T23:56:24Z,91.3664,100.9993,9.6328,0.0000,0.0000,7.8147,10.3586
2026-08-29T23:56:25Z,91.3878,101.0837,9.6959,0.0000,0.0000,7.8147,10.3452
2026-08-29T23:56:26Z,91.3878,101.0828,9.6950,0.0000,0.0000,7.8146,10.3452
2026-08-29T23:56:27Z,91.3802,100.9112,9.5310,0.0000,0.0000,7.8146,10.3719
2026-08-29T23:56:28Z,91.3802,100.9103,9.5301,0.0000,0.0000,7.8145,10.3719
2026-08-29T23:56:29Z,91.3558,100.9947,9.6389,0.0000,0.0000,7.8145,10.3586
2026-08-29T23:56:30Z,91.3558,100.9938,9.6380,0.0000,0.0000,7.8144,10.3586
2026-08-29T23:56:31Z,91.3558,100.9076,9.5518,0.0000,0.0000,7.8144,10.3719
2026-08-29T23:56:32Z,91.3558,100.9066,9.5509,0.0000,0.0000,7.8143,10.3719
2026-08-29T23:56:33Z,91.3756,101.0764,9.7008,0.0000,0.0000,7.8143,10.3452
2026-08-29T23:56:34Z,91.3756,101.0755,9.6999,0.0000,0.0000,7.8142,10.3452
2026-08-29T23:56:35Z,91.3375,100.9039,9.5664,0.0000,0.0000,7.8142,10.3719
2026-08-29T23:56:36Z,91.3375,100.9030,9.5655,0.0000,0.0000,7.8141,10.3719
2026-08-29T23:56:37Z,91.3558,100.9021,9.5463,0.0000,0.0000,7.8141,10.3719
2026-08-29T23:56:38Z,91.3558,100.9012,9.5454,0.0000,0.0000,7.8141,10.3719
2026-08-29T23:56:39Z,91.3649,100.9002,9.5353,0.0000,0.0000,7.8140,10.3719
2026-08-29T23:56:40Z,91.3649,100.8993,9.5344,0.0000,0.0000,7.8140,10.3719
2026-08-29T23:56:41Z,91.3664,100.8984,9.5320,0.0000,0.0000,7.8139,10.3719
2026-08-29T23:56:42Z,91.3664,100.8975,9.5311,0.0000,0.0000,7.8139,10.3719
2026-08-29T23:56:43Z,91.3603,101.0672,9.7069,0.0000,0.0000,7.8138,10.3452
2026-08-29T23:56:44Z,91.3603,101.0663,9.7060,0.0000,0.0000,7.8138,10.3452
2026-08-29T23:56:45Z,91.3466,101.0654,9.7188,0.0000,0.0000,7.8137,10.3452
2026-08-29T23:56:46Z,91.3466,101.0645,9.7179,0.0000,0.0000,7.8137,10.3452
2026-08-29T23:56:47Z,91.3375,101.0636,9.7261,0.0000,0.0000,7.8136,10.3452
2026-08-29T23:56:48Z,91.3375,101.0627,9.7252,0.0000,0.0000,7.8136,10.3452
2026-08-29T23:56:49Z,91.3375,100.9764,9.6389,0.0000,0.0000,7.8135,10.3586
2026-08-29T23:56:50Z,91.3375,100.9755,9.6380,0.0000,0.0000,7.8135,10.3586
2026-08-29T23:56:51Z,91.3298,101.0599,9.7301,0.0000,0.0000,7.8135,10.3452
2026-08-29T23:56:52Z,91.3298,101.0590,9.7292,0.0000,0.0000,7.8134,10.3452
2026-08-29T23:56:53Z,91.3344,100.8874,9.5530,0.0000,0.0000,7.8134,10.3719
2026-08-29T23:56:54Z,91.3344,100.8865,9.5521,0.0000,0.0000,7.8133,10.3719
2026-08-29T23:56:55Z,91.3512,100.9709,9.6197,0.0000,0.0000,7.8133,10.3586
2026-08-29T23:56:56Z,91.3512,100.9700,9.6188,0.0000,0.0000,7.8132,10.3586
2026-08-29T23:56:57Z,91.3649,101.0544,9.6895,0.0000,0.0000,7.8132,10.3452
2026-08-29T23:56:58Z,91.3649,101.0535,9.6886,0.0000,0.0000,7.8131,10.3452
2026-08-29T23:56:59Z,91.3756,100.9672,9.5916,0.0000,0.0000,7.8131,10.3586
2026-08-29T23:57:00Z,91.3756,100.9663,9.5907,0.0000,0.0000,7.8130,10.3586
2026-08-29T23:57:01Z,91.3298,100.8801,9.5503,0.0000,0.0000,7.8130,10.3719
2026-08-29T23:57:02Z,91.3298,100.8792,9.5494,0.0000,0.0000,7.8129,10.3719
2026-08-29T23:57:03Z,91.3664,101.0489,9.6825,0.0000,0.0000,7.8129,10.3452
2026-08-29T23:57:04Z,91.3664,101.0480,9.6816,0.0000,0.0000,7.8129,10.3452
2026-08-29T23:57:05Z,91.3252,100.7913,9.4660,0.0000,0.0000,7.8128,10.3853
2026-08-29T23:57:06Z,91.3252,100.7904,9.4651,0.0000,0.0000,7.8128,10.3853
2026-08-29T23:57:07Z,91.3649,101.0453,9.6804,0.0000,0.0000,7.8127,10.3452
2026-08-29T23:57:08Z,91.3649,101.0444,9.6794,0.0000,0.0000,7.8127,10.3452
2026-08-29T23:57:09Z,91.3664,100.9581,9.5916,0.0000,0.0000,7.8126,10.3586
2026-08-29T23:57:10Z,91.3664,100.9572,9.5907,0.0000,0.0000,7.8126,10.3586
2026-08-29T23:57:11Z,91.3069,101.0416,9.7347,0.0000,0.0000,7.8125,10.3452
2026-08-29T23:57:12Z,91.3069,101.0407,9.7338,0.0000,0.0000,7.8125,10.3452
2026-08-29T23:57:13Z,91.3298,101.1423,9.8125,0.0000,0.0000,7.8124,10.3292
2026-08-29T23:57:14Z,91.3298,101.1414,9.8116,0.0000,0.0000,7.8124,10.3292
2026-08-29T23:57:15Z,91.3649,100.9526,9.5877,0.0000,0.0000,7.8123,10.3586
2026-08-29T23:57:16Z,91.3649,100.9517,9.5868,0.0000,0.0000,7.8123,10.3586
2026-08-29T23:57:17Z,91.3558,100.9508,9.5950,0.0000,0.0000,7.8123,10.3586
2026-08-29T23:57:18Z,91.3558,100.9499,9.5941,0.0000,0.0000,7.8122,10.3586
2026-08-29T23:57:19Z,91.3375,101.1368,9.7994,0.0000,0.0000,7.8122,10.3292
2026-08-29T23:57:20Z,91.3375,101.1359,9.7984,0.0000,0.0000,7.8121,10.3292
2026-08-29T23:57:21Z,91.3466,101.0325,9.6859,0.0000,0.0000,7.8121,10.3452
2026-08-29T23:57:22Z,91.3466,101.0315,9.6849,0.0000,0.0000,7.8120,10.3452
2026-08-29T23:57:23Z,91.3283,101.0306,9.7023,0.0000,0.0000,7.8120,10.3452
2026-08-29T23:57:24Z,91.3283,101.0297,9.7014,0.0000,0.0000,7.8119,10.3452
2026-08-29T23:57:25Z,91.3466,101.0288,9.6822,0.0000,0.0000,7.8119,10.3452
2026-08-29T23:57:26Z,91.3466,101.0279,9.6813,0.0000,0.0000,7.8118,10.3452
2026-08-29T23:57:27Z,91.3573,101.0270,9.6697,0.0000,0.0000,7.8118,10.3452
2026-08-29T23:57:28Z,91.3573,101.0261,9.6688,0.0000,0.0000,7.8117,10.3452
2026-08-29T23:57:29Z,91.3344,101.0251,9.6907,0.0000,0.0000,7.8117,10.3452
2026-08-29T23:57:30Z,91.3344,101.0242,9.6898,0.0000,0.0000,7.8117,10.3452
2026-08-29T23:57:31Z,91.3436,101.0233,9.6798,0.0000,0.0000,7.8116,10.3452
2026-08-29T23:57:32Z,91.3436,101.0224,9.6788,0.0000,0.0000,7.8116,10.3452
2026-08-29T23:57:33Z,91.3375,101.0215,9.6840,0.0000,0.0000,7.8115,10.3452
2026-08-29T23:57:34Z,91.3375,101.0206,9.6831,0.0000,0.0000,7.8115,10.3452
2026-08-29T23:57:35Z,91.3558,101.0197,9.6639,0.0000,0.0000,7.8114,10.3452
2026-08-29T23:57:36Z,91.3558,101.0187,9.6630,0.0000,0.0000,7.8114,10.3452
2026-08-29T23:57:37Z,91.3512,100.9325,9.5813,0.0000,0.0000,7.8113,10.3586
2026-08-29T23:57:38Z,91.3512,100.9316,9.5804,0.0000,0.0000,7.8113,10.3586
2026-08-29T23:57:39Z,91.3344,101.0160,9.6816,0.0000,0.0000,7.8112,10.3452
2026-08-29T23:57:40Z,91.3344,101.0151,9.6807,0.0000,0.0000,7.8112,10.3452
2026-08-29T23:57:41Z,91.3420,100.9288,9.5868,0.0000,0.0000,7.8111,10.3586
2026-08-29T23:57:42Z,91.3420,100.9279,9.5859,0.0000,0.0000,7.8111,10.3586
2026-08-29T23:57:43Z,91.3207,100.9270,9.6063,0.0000,0.0000,7.8111,10.3586
2026-08-29T23:57:44Z,91.3207,100.9261,9.6054,0.0000,0.0000,7.8110,10.3586
2026-08-29T23:57:45Z,91.3252,101.0105,9.6853,0.0000,0.0000,7.8110,10.3452
2026-08-29T23:57:46Z,91.3252,101.0096,9.6843,0.0000,0.0000,7.8109,10.3452
2026-08-29T23:57:47Z,91.3008,101.0087,9.7078,0.0000,0.0000,7.8109,10.3452
2026-08-29T23:57:48Z,91.3008,101.0078,9.7069,0.0000,0.0000,7.8108,10.3452
2026-08-29T23:57:49Z,91.3115,101.1093,9.7978,0.0000,0.0000,7.8108,10.3292
2026-08-29T23:57:50Z,91.3115,101.1084,9.7969,0.0000,0.0000,7.8107,10.3292
2026-08-29T23:57:51Z,91.3207,100.9197,9.5990,0.0000,0.0000,7.8107,10.3586
2026-08-29T23:57:52Z,91.3207,100.9188,9.5981,0.0000,0.0000,7.8106,10.3586
2026-08-29T23:57:53Z,91.3115,101.0032,9.6917,0.0000,0.0000,7.8106,10.3452
2026-08-29T23:57:54Z,91.3115,101.0023,9.6908,0.0000,0.0000,7.8105,10.3452
2026-08-29T23:57:55Z,91.3146,101.1038,9.7893,0.0000,0.0000,7.8105,10.3292
2026-08-29T23:57:56Z,91.3146,101.1029,9.7884,0.0000,0.0000,7.8105,10.3292
2026-08-29T23:57:57Z,91.3466,100.9142,9.5676,0.0000,0.0000,7.8104,10.3586
2026-08-29T23:57:58Z,91.3466,100.9133,9.5667,0.0000,0.0000,7.8104,10.3586
2026-08-29T23:57:59Z,91.3298,101.1002,9.7704,0.0000,0.0000,7.8103,10.3292
2026-08-29T23:58:00Z,91.3298,101.0993,9.7694,0.0000,0.0000,7.8103,10.3292
2026-08-29T23:58:01Z,91.3207,100.9959,9.6752,0.0000,0.0000,7.8102,10.3452
2026-08-29T23:58:02Z,91.3207,100.9950,9.6743,0.0000,0.0000,7.8102,10.3452
2026-08-29T23:58:03Z,91.3558,100.9940,9.6383,0.0000,0.0000,7.8101,10.3452
2026-08-29T23:58:04Z,91.3558,100.9931,9.6374,0.0000,0.0000,7.8101,10.3452
2026-08-29T23:58:05Z,91.3207,100.9069,9.5862,0.0000,0.0000,7.8100,10.3586
2026-08-29T23:58:06Z,91.3207,100.9060,9.5853,0.0000,0.0000,7.8100,10.3586
2026-08-29T23:58:07Z,91.3008,100.9904,9.6896,0.0000,0.0000,7.8099,10.3452
2026-08-29T23:58:08Z,91.3008,100.9895,9.6886,0.0000,0.0000,7.8099,10.3452
2026-08-29T23:58:09Z,91.3008,100.9886,9.6877,0.0000,0.0000,7.8099,10.3452
2026-08-29T23:58:10Z,91.3008,100.9876,9.6868,0.0000,0.0000,7.8098,10.3452
2026-08-29T23:58:11Z,91.3146,100.9867,9.6722,0.0000,0.0000,7.8098,10.3452
2026-08-29T23:58:12Z,91.3146,100.9858,9.6713,0.0000,0.0000,7.8097,10.3452
2026-08-29T23:58:13Z,91.3252,101.0874,9.7621,0.0000,0.0000,7.8097,10.3292
2026-08-29T23:58:14Z,91.3252,101.0865,9.7612,0.0000,0.0000,7.8096,10.3292
2026-08-29T23:58:15Z,91.3344,100.8978,9.5634,0.0000,0.0000,7.8096,10.3586
2026-08-29T23:58:16Z,91.3344,100.8969,9.5625,0.0000,0.0000,7.8095,10.3586
2026-08-29T23:58:17Z,91.3420,100.9812,9.6392,0.0000,0.0000,7.8095,10.3452
2026-08-29T23:58:18Z,91.3420,100.9803,9.6383,0.0000,0.0000,7.8094,10.3452
2026-08-29T23:58:19Z,91.3298,100.8941,9.5643,0.0000,0.0000,7.8094,10.3586
2026-08-29T23:58:20Z,91.3298,100.8932,9.5634,0.0000,0.0000,7.8093,10.3586
2026-08-29T23:58:21Z,91.3252,101.0801,9.7548,0.0000,0.0000,7.8093,10.3292
2026-08-29T23:58:22Z,91.3252,101.0791,9.7539,0.0000,0.0000,7.8093,10.3292
2026-08-29T23:58:23Z,91.2917,101.0782,9.7865,0.0000,0.0000,7.8092,10.3292
2026-08-29T23:58:24Z,91.2917,101.0773,9.7856,0.0000,0.0000,7.8092,10.3292
2026-08-29T23:58:25Z,91.3054,100.9739,9.6685,0.0000,0.0000,7.8091,10.3452
2026-08-29T23:58:26Z,91.3054,100.9730,9.6676,0.0000,0.0000,7.8091,10.3452
2026-08-29T23:58:27Z,91.3191,100.9721,9.6530,0.0000,0.0000,7.8090,10.3452
2026-08-29T23:58:28Z,91.3191,100.9712,9.6521,0.0000,0.0000,7.8090,10.3452
2026-08-29T23:58:29Z,91.3008,100.9703,9.6694,0.0000,0.0000,7.8089,10.3452
2026-08-29T23:58:30Z,91.3008,100.9694,9.6685,0.0000,0.0000,7.8089,10.3452
2026-08-29T23:58:31Z,91.3054,100.9685,9.6630,0.0000,0.0000,7.8088,10.3452
2026-08-29T23:58:32Z,91.3054,100.9675,9.6621,0.0000,0.0000,7.8088,10.3452
2026-08-29T23:58:33Z,91.3512,101.0691,9.7179,0.0000,0.0000,7.8087,10.3292
2026-08-29T23:58:34Z,91.3512,101.0682,9.7170,0.0000,0.0000,7.8087,10.3292
2026-08-29T23:58:35Z,91.3252,100.9648,9.6396,0.0000,0.0000,7.8087,10.3452
2026-08-29T23:58:36Z,91.3252,100.9639,9.6386,0.0000,0.0000,7.8086,10.3452
2026-08-29T23:58:37Z,91.2749,100.9630,9.6881,0.0000,0.0000,7.8086,10.3452
2026-08-29T23:58:38Z,91.2749,100.9621,9.6872,0.0000,0.0000,7.8085,10.3452
2026-08-29T23:58:39Z,91.2779,100.9611,9.6832,0.0000,0.0000,7.8085,10.3452
2026-08-29T23:58:40Z,91.2779,100.9602,9.6823,0.0000,0.0000,7.8084,10.3452
2026-08-29T23:58:41Z,91.2917,100.9593,9.6676,0.0000,0.0000,7.8084,10.3452
2026-08-29T23:58:42Z,91.2917,100.9584,9.6667,0.0000,0.0000,7.8083,10.3452
2026-08-29T23:58:43Z,91.3207,100.8722,9.5515,0.0000,0.0000,7.8083,10.3586
2026-08-29T23:58:44Z,91.3207,100.8713,9.5506,0.0000,0.0000,7.8082,10.3586
2026-08-29T23:58:45Z,91.2566,100.8704,9.6138,0.0000,0.0000,7.8082,10.3586
2026-08-29T23:58:46Z,91.2566,100.8695,9.6129,0.0000,0.0000,7.8081,10.3586
2026-08-29T23:58:47Z,91.3207,101.0563,9.7356,0.0000,0.0000,7.8081,10.3292
2026-08-29T23:58:48Z,91.3207,101.0554,9.7347,0.0000,0.0000,7.8081,10.3292
2026-08-29T23:58:49Z,91.3008,100.9520,9.6512,0.0000,0.0000,7.8080,10.3452
2026-08-29T23:58:50Z,91.3008,100.9511,9.6503,0.0000,0.0000,7.8080,10.3452
2026-08-29T23:58:51Z,91.2978,100.8649,9.5671,0.0000,0.0000,7.8079,10.3586
2026-08-29T23:58:52Z,91.2978,100.8640,9.5662,0.0000,0.0000,7.8079,10.3586
2026-08-29T23:58:53Z,91.2978,100.9484,9.6506,0.0000,0.0000,7.8078,10.3452
2026-08-29T23:58:54Z,91.2978,100.9474,9.6497,0.0000,0.0000,7.8078,10.3452
2026-08-29T23:58:55Z,91.2917,100.9465,9.6549,0.0000,0.0000,7.8077,10.3452
2026-08-29T23:58:56Z,91.2917,100.9456,9.6539,0.0000,0.0000,7.8077,10.3452
2026-08-29T23:58:57Z,91.3115,100.9447,9.6332,0.0000,0.0000,7.8076,10.3452
2026-08-29T23:58:58Z,91.3115,100.9438,9.6323,0.0000,0.0000,7.8076,10.3452
2026-08-29T23:58:59Z,91.2825,101.0453,9.7628,0.0000,0.0000,7.8075,10.3292
2026-08-29T23:59:00Z,91.2825,101.0444,9.7619,0.0000,0.0000,7.8075,10.3292
2026-08-29T23:59:01Z,91.3008,100.9411,9.6402,0.0000,0.0000,7.8074,10.3452
2026-08-29T23:59:02Z,91.3008,100.9401,9.6393,0.0000,0.0000,7.8074,10.3452
2026-08-29T23:59:03Z,91.2825,100.9392,9.6567,0.0000,0.0000,7.8074,10.3452
2026-08-29T23:59:04Z,91.2825,100.9383,9.6558,0.0000,0.0000,7.8073,10.3452
2026-08-29T23:59:05Z,91.2978,101.1253,9.8275,0.0000,0.0000,7.8073,10.3159
2026-08-29T23:59:06Z,91.2978,101.1243,9.8266,0.0000,0.0000,7.8072,10.3159
2026-08-29T23:59:07Z,91.2871,100.8503,9.5632,0.0000,0.0000,7.8072,10.3586
2026-08-29T23:59:08Z,91.2871,100.8494,9.5623,0.0000,0.0000,7.8071,10.3586
2026-08-29T23:59:09Z,91.2520,101.0362,9.7842,0.0000,0.0000,7.8071,10.3292
2026-08-29T23:59:10Z,91.2520,101.0353,9.7832,0.0000,0.0000,7.8070,10.3292
2026-08-29T23:59:11Z,91.3115,100.8467,9.5351,0.0000,0.0000,7.8070,10.3586
2026-08-29T23:59:12Z,91.3115,100.8458,9.5342,0.0000,0.0000,7.8069,10.3586
2026-08-29T23:59:13Z,91.2566,100.9301,9.6735,0.0000,0.0000,7.8069,10.3452
2026-08-29T23:59:14Z,91.2566,100.9292,9.6726,0.0000,0.0000,7.8068,10.3452
2026-08-29T23:59:15Z,91.3008,101.0307,9.7299,0.0000,0.0000,7.8068,10.3292
2026-08-29T23:59:16Z,91.3008,101.0298,9.7289,0.0000,0.0000,7.8068,10.3292
2026-08-29T23:59:17Z,91.2749,100.9264,9.6516,0.0000,0.0000,7.8067,10.3452
2026-08-29T23:59:18Z,91.2749,100.9255,9.6506,0.0000,0.0000,7.8067,10.3452
2026-08-29T23:59:19Z,91.3115,100.9246,9.6131,0.0000,0.0000,7.8066,10.3452
2026-08-29T23:59:20Z,91.3115,100.9237,9.6122,0.0000,0.0000,7.8066,10.3452
2026-08-29T23:59:21Z,91.2779,100.9228,9.6448,0.0000,0.0000,7.8065,10.3452
2026-08-29T23:59:22Z,91.2779,100.9219,9.6439,0.0000,0.0000,7.8065,10.3452
2026-08-29T23:59:23Z,91.2825,100.9210,9.6384,0.0000,0.0000,7.8064,10.3452
2026-08-29T23:59:24Z,91.2825,100.9201,9.6375,0.0000,0.0000,7.8064,10.3452
2026-08-29T23:59:25Z,91.2612,100.9191,9.6580,0.0000,0.0000,7.8063,10.3452
2026-08-29T23:59:26Z,91.2612,100.9182,9.6571,0.0000,0.0000,7.8063,10.3452
2026-08-29T23:59:27Z,91.2749,101.0197,9.7448,0.0000,0.0000,7.8062,10.3292
2026-08-29T23:59:28Z,91.2749,101.0188,9.7439,0.0000,0.0000,7.8062,10.3292
2026-08-29T23:59:29Z,91.3054,100.9155,9.6101,0.0000,0.0000,7.8062,10.3452
2026-08-29T23:59:30Z,91.3054,100.9146,9.6092,0.0000,0.0000,7.8061,10.3452
2026-08-29T23:59:31Z,91.2657,101.1870,9.9213,0.0000,0.0000,7.8061,10.3025
2026-08-29T23:59:32Z,91.2657,101.1861,9.9203,0.0000,0.0000,7.8060,10.3025
2026-08-29T23:59:33Z,91.3008,100.9118,9.6110,0.0000,0.0000,7.8060,10.3452
2026-08-29T23:59:34Z,91.3008,100.9109,9.6101,0.0000,0.0000,7.8059,10.3452
2026-08-29T23:59:35Z,91.2734,100.9100,9.6367,0.0000,0.0000,7.8059,10.3452
2026-08-29T23:59:36Z,91.2734,100.9091,9.6357,0.0000,0.0000,7.8058,10.3452
2026-08-29T23:59:37Z,91.2520,101.0106,9.7586,0.0000,0.0000,7.8058,10.3292
2026-08-29T23:59:38Z,91.2520,101.0097,9.7577,0.0000,0.0000,7.8057,10.3292
2026-08-29T23:59:39Z,91.2795,100.8211,9.5417,0.0000,0.0000,7.8057,10.3586
2026-08-29T23:59:40Z,91.2795,100.8202,9.5408,0.0000,0.0000,7.8056,10.3586
2026-08-29T23:59:41Z,91.2642,100.9045,9.6403,0.0000,0.0000,7.8056,10.3452
2026-08-29T23:59:42Z,91.2642,100.9036,9.6394,0.0000,0.0000,7.8056,10.3452
2026-08-29T23:59:43Z,91.2749,100.8175,9.5426,0.0000,0.0000,7.8055,10.3586
2026-08-29T23:59:44Z,91.2749,100.8166,9.5417,0.0000,0.0000,7.8055,10.3586
2026-08-29T23:59:45Z,91.2428,101.0033,9.7604,0.0000,0.0000,7.8054,10.3292
2026-08-29T23:59:46Z,91.2428,101.0024,9.7595,0.0000,0.0000,7.8054,10.3292
2026-08-29T23:59:47Z,91.2612,101.0015,9.7403,0.0000,0.0000,7.8053,10.3292
2026-08-29T23:59:48Z,91.2612,101.0005,9.7394,0.0000,0.0000,7.8053,10.3292
2026-08-29T23:59:49Z,91.2459,100.9996,9.7537,0.0000,0.0000,7.8052,10.3292
2026-08-29T23:59:50Z,91.2459,100.9987,9.7528,0.0000,0.0000,7.8052,10.3292
2026-08-29T23:59:51Z,91.2520,100.9978,9.7458,0.0000,0.0000,7.8051,10.3292
2026-08-29T23:59:52Z,91.2520,100.9969,9.7449,0.0000,0.0000,7.8051,10.3292
2026-08-29T23:59:53Z,91.2749,101.0814,9.8065,0.0000,0.0000,7.8050,10.3159
2026-08-29T23:59:54Z,91.2749,101.0805,9.8056,0.0000,0.0000,7.8050,10.3159
2026-08-29T23:59:55Z,91.2474,100.9941,9.7467,0.0000,0.0000,7.8050,10.3292
2026-08-29T23:59:56Z,91.2474,100.9932,9.7458,0.0000,0.0000,7.8049,10.3292
2026-08-29T23:59:57Z,91.2612,100.8899,9.6288,0.0000,0.0000,7.8049,10.3452
2026-08-29T23:59:58Z,91.2612,100.8890,9.6279,0.0000,0.0000,7.8048,10.3452
2026-08-29T23:59:59Z,91.2688,100.8881,9.6193,0.0000,0.0000,7.8048,10.3452
2026-08-30T00:00:00Z,91.2688,100.8872,9.6184,0.0000,0.0000,7.8047,10.3452
2026-08-30T00:00:01Z,91.2520,100.8863,9.6343,0.0000,0.0000,7.8047,10.3452
2026-08-30T00:00:02Z,91.2520,100.8854,9.6334,0.0000,0.0000,7.8046,10.3452
2026-08-30T00:00:03Z,91.2322,100.8845,9.6523,0.0000,0.0000,7.8045,10.3452
2026-08-30T00:00:04Z,91.2322,100.8836,9.6514,0.0000,0.0000,7.8044,10.3452
2026-08-30T00:00:05Z,91.2566,100.9850,9.7284,0.0000,0.0000,7.8044,10.3292
2026-08-30T00:00:06Z,91.2566,100.9841,9.7275,0.0000,0.0000,7.8043,10.3292
2026-08-30T00:00:07Z,91.2383,100.8808,9.6426,0.0000,0.0000,7.8042,10.3452
2026-08-30T00:00:08Z,91.2383,100.8799,9.6416,0.0000,0.0000,7.8041,10.3452
2026-08-30T00:00:09Z,91.2383,100.9814,9.7431,0.0000,0.0000,7.8041,10.3292
2026-08-30T00:00:10Z,91.2383,100.9805,9.7422,0.0000,0.0000,7.8040,10.3292
2026-08-30T00:00:11Z,91.2474,100.9795,9.7321,0.0000,0.0000,7.8039,10.3292
2026-08-30T00:00:12Z,91.2474,100.9786,9.7312,0.0000,0.0000,7.8038,10.3292
2026-08-30T00:00:13Z,91.2459,100.9777,9.7318,0.0000,0.0000,7.8038,10.3292
2026-08-30T00:00:14Z,91.2459,100.9768,9.7309,0.0000,0.0000,7.8037,10.3292
2026-08-30T00:00:15Z,91.2093,100.9759,9.7666,0.0000,0.0000,7.8036,10.3292
2026-08-30T00:00:16Z,91.2093,100.9750,9.7657,0.0000,0.0000,7.8035,10.3292
2026-08-30T00:00:17Z,91.2566,100.7865,9.5299,0.0000,0.0000,7.8035,10.3586
2026-08-30T00:00:18Z,91.2566,100.7856,9.5290,0.0000,0.0000,7.8034,10.3586
2026-08-30T00:00:19Z,91.2291,100.8699,9.6408,0.0000,0.0000,7.8033,10.3452
2026-08-30T00:00:20Z,91.2291,100.8690,9.6399,0.0000,0.0000,7.8032,10.3452
2026-08-30T00:00:21Z,91.2428,100.9704,9.7276,0.0000,0.0000,7.8032,10.3292
2026-08-30T00:00:22Z,91.2428,100.9695,9.7267,0.0000,0.0000,7.8031,10.3292
2026-08-30T00:00:23Z,91.2566,100.9686,9.7120,0.0000,0.0000,7.8030,10.3292
2026-08-30T00:00:24Z,91.2566,100.9677,9.7111,0.0000,0.0000,7.8029,10.3292
2026-08-30T00:00:25Z,91.2367,101.1376,9.9009,0.0000,0.0000,7.8028,10.3025
2026-08-30T00:00:26Z,91.2367,101.1367,9.8999,0.0000,0.0000,7.8028,10.3025
2026-08-30T00:00:27Z,91.2383,100.9649,9.7267,0.0000,0.0000,7.8027,10.3292
2026-08-30T00:00:28Z,91.2383,100.9640,9.7258,0.0000,0.0000,7.8026,10.3292
2026-08-30T00:00:29Z,91.2474,100.9631,9.7157,0.0000,0.0000,7.8025,10.3292
2026-08-30T00:00:30Z,91.2474,100.9622,9.7148,0.0000,0.0000,7.8025,10.3292
2026-08-30T00:00:31Z,91.2322,100.8589,9.6268,0.0000,0.0000,7.8024,10.3452
2026-08-30T00:00:32Z,91.2322,100.8580,9.6259,0.0000,0.0000,7.8023,10.3452
2026-08-30T00:00:33Z,91.2001,100.9595,9.7593,0.0000,0.0000,7.8022,10.3292
2026-08-30T00:00:34Z,91.2001,100.9586,9.7584,0.0000,0.0000,7.8022,10.3292
2026-08-30T00:00:35Z,91.2230,100.9576,9.7346,0.0000,0.0000,7.8021,10.3292
2026-08-30T00:00:36Z,91.2230,100.9567,9.7337,0.0000,0.0000,7.8020,10.3292
2026-08-30T00:00:37Z,91.2459,101.0412,9.7953,0.0000,0.0000,7.8019,10.3159
2026-08-30T00:00:38Z,91.2459,101.0403,9.7944,0.0000,0.0000,7.8019,10.3159
2026-08-30T00:00:39Z,91.2139,100.8517,9.6378,0.0000,0.0000,7.8018,10.3452
2026-08-30T00:00:40Z,91.2139,100.8507,9.6369,0.0000,0.0000,7.8017,10.3452
2026-08-30T00:00:41Z,91.2474,100.9522,9.7047,0.0000,0.0000,7.8016,10.3292
2026-08-30T00:00:42Z,91.2474,100.9513,9.7038,0.0000,0.0000,7.8016,10.3292
2026-08-30T00:00:43Z,91.1925,101.0357,9.8432,0.0000,0.0000,7.8015,10.3159
2026-08-30T00:00:44Z,91.1925,101.0348,9.8423,0.0000,0.0000,7.8014,10.3159
2026-08-30T00:00:45Z,91.2230,101.0339,9.8109,0.0000,0.0000,7.8013,10.3159
2026-08-30T00:00:46Z,91.2230,101.0330,9.8100,0.0000,0.0000,7.8013,10.3159
2026-08-30T00:00:47Z,91.1971,100.9467,9.7496,0.0000,0.0000,7.8012,10.3292
2026-08-30T00:00:48Z,91.1971,100.9458,9.7487,0.0000,0.0000,7.8011,10.3292
2026-08-30T00:00:49Z,91.2093,101.0302,9.8209,0.0000,0.0000,7.8010,10.3159
2026-08-30T00:00:50Z,91.2093,101.0293,9.8200,0.0000,0.0000,7.8010,10.3159
2026-08-30T00:00:51Z,91.2139,100.9430,9.7292,0.0000,0.0000,7.8009,10.3292
2026-08-30T00:00:52Z,91.2139,100.9421,9.7283,0.0000,0.0000,7.8008,10.3292
2026-08-30T00:00:53Z,91.1910,100.8389,9.6479,0.0000,0.0000,7.8007,10.3452
2026-08-30T00:00:54Z,91.1910,100.8380,9.6470,0.0000,0.0000,7.8007,10.3452
2026-08-30T00:00:55Z,91.2139,100.9394,9.7255,0.0000,0.0000,7.8006,10.3292
2026-08-30T00:00:56Z,91.2139,100.9385,9.7246,0.0000,0.0000,7.8005,10.3292
2026-08-30T00:00:57Z,91.1910,100.8352,9.6443,0.0000,0.0000,7.8004,10.3452
2026-08-30T00:00:58Z,91.1910,100.8343,9.6434,0.0000,0.0000,7.8004,10.3452
2026-08-30T00:00:59Z,91.2062,100.9357,9.7295,0.0000,0.0000,7.8003,10.3292
2026-08-30T00:01:00Z,91.2062,100.9348,9.7286,0.0000,0.0000,7.8002,10.3292
2026-08-30T00:01:01Z,91.1971,100.8316,9.6345,0.0000,0.0000,7.8001,10.3452
2026-08-30T00:01:02Z,91.1971,100.8307,9.6336,0.0000,0.0000,7.8001,10.3452
2026-08-30T00:01:03Z,91.2184,100.9321,9.7137,0.0000,0.0000,7.8000,10.3292
2026-08-30T00:01:04Z,91.2184,100.9312,9.7127,0.0000,0.0000,7.7999,10.3292
2026-08-30T00:01:05Z,91.2047,100.9303,9.7256,0.0000,0.0000,7.7998,10.3292
2026-08-30T00:01:06Z,91.2047,100.9294,9.7247,0.0000,0.0000,7.7998,10.3292
2026-08-30T00:01:07Z,91.1925,101.0138,9.8213,0.0000,0.0000,7.7997,10.3159
2026-08-30T00:01:08Z,91.1925,101.0129,9.8204,0.0000,0.0000,7.7996,10.3159
2026-08-30T00:01:09Z,91.1864,100.9266,9.7402,0.0000,0.0000,7.7995,10.3292
2026-08-30T00:01:10Z,91.1864,100.9257,9.7393,0.0000,0.0000,7.7995,10.3292
2026-08-30T00:01:11Z,91.2093,100.9248,9.7155,0.0000,0.0000,7.7994,10.3292
2026-08-30T00:01:12Z,91.2093,100.9239,9.7146,0.0000,0.0000,7.7993,10.3292
2026-08-30T00:01:13Z,91.2001,100.9230,9.7228,0.0000,0.0000,7.7992,10.3292
2026-08-30T00:01:14Z,91.2001,100.9221,9.7219,0.0000,0.0000,7.7992,10.3292
2026-08-30T00:01:15Z,91.2093,100.9211,9.7119,0.0000,0.0000,7.7991,10.3292
2026-08-30T00:01:16Z,91.2093,100.9202,9.7109,0.0000,0.0000,7.7990,10.3292
2026-08-30T00:01:17Z,91.1864,100.7319,9.5455,0.0000,0.0000,7.7989,10.3586
2026-08-30T00:01:18Z,91.1864,100.7309,9.5446,0.0000,0.0000,7.7989,10.3586
2026-08-30T00:01:19Z,91.2047,101.0028,9.7981,0.0000,0.0000,7.7988,10.3159
2026-08-30T00:01:20Z,91.2047,101.0019,9.7972,0.0000,0.0000,7.7987,10.3159
2026-08-30T00:01:21Z,91.2001,101.0864,9.8863,0.0000,0.0000,7.7986,10.3025
2026-08-30T00:01:22Z,91.2001,101.0855,9.8854,0.0000,0.0000,7.7986,10.3025
2026-08-30T00:01:23Z,91.2062,100.8115,9.6053,0.0000,0.0000,7.7985,10.3452
2026-08-30T00:01:24Z,91.2062,100.8106,9.6044,0.0000,0.0000,7.7984,10.3452
2026-08-30T00:01:25Z,91.1772,100.8097,9.6325,0.0000,0.0000,7.7983,10.3452
2026-08-30T00:01:26Z,91.1772,100.8088,9.6316,0.0000,0.0000,7.7983,10.3452
2026-08-30T00:01:27Z,91.2184,100.9955,9.7771,0.0000,0.0000,7.7982,10.3159
2026-08-30T00:01:28Z,91.2184,100.9946,9.7762,0.0000,0.0000,7.7981,10.3159
2026-08-30T00:01:29Z,91.2062,100.9084,9.7021,0.0000,0.0000,7.7980,10.3292
2026-08-30T00:01:30Z,91.2062,100.9075,9.7012,0.0000,0.0000,7.7980,10.3292
2026-08-30T00:01:31Z,91.2047,100.9919,9.7872,0.0000,0.0000,7.7979,10.3159
2026-08-30T00:01:32Z,91.2047,100.9910,9.7863,0.0000,0.0000,7.7978,10.3159
2026-08-30T00:01:33Z,91.2001,100.9900,9.7899,0.0000,0.0000,7.7977,10.3159
2026-08-30T00:01:34Z,91.2001,100.9891,9.7890,0.0000,0.0000,7.7977,10.3159
2026-08-30T00:01:35Z,91.2291,100.9029,9.6738,0.0000,0.0000,7.7976,10.3292
2026-08-30T00:01:36Z,91.2291,100.9020,9.6729,0.0000,0.0000,7.7975,10.3292
2026-08-30T00:01:37Z,91.1650,101.0718,9.9068,0.0000,0.0000,7.7975,10.3025
2026-08-30T00:01:38Z,91.1650,101.0709,9.9059,0.0000,0.0000,7.7974,10.3025
2026-08-30T00:01:39Z,91.1788,100.9846,9.8058,0.0000,0.0000,7.7973,10.3159
2026-08-30T00:01:40Z,91.1788,100.9837,9.8049,0.0000,0.0000,7.7972,10.3159
2026-08-30T00:01:41Z,91.2184,101.0681,9.8497,0.0000,0.0000,7.7972,10.3025
2026-08-30T00:01:42Z,91.2184,101.0672,9.8488,0.0000,0.0000,7.7971,10.3025
2026-08-30T00:01:43Z,91.1559,100.8956,9.7397,0.0000,0.0000,7.7970,10.3292
2026-08-30T00:01:44Z,91.1559,100.8947,9.7388,0.0000,0.0000,7.7969,10.3292
2026-08-30T00:01:45Z,91.1925,100.9791,9.7866,0.0000,0.0000,7.7969,10.3159
2026-08-30T00:01:46Z,91.1925,100.9782,9.7857,0.0000,0.0000,7.7968,10.3159
2026-08-30T00:01:47Z,91.1910,100.8919,9.7010,0.0000,0.0000,7.7967,10.3292
2026-08-30T00:01:48Z,91.1910,100.8910,9.7001,0.0000,0.0000,7.7966,10.3292
2026-08-30T00:01:49Z,91.1833,100.7879,9.6045,0.0000,0.0000,7.7966,10.3452
2026-08-30T00:01:50Z,91.1833,100.7869,9.6036,0.0000,0.0000,7.7965,10.3452
2026-08-30T00:01:51Z,91.1864,100.8883,9.7019,0.0000,0.0000,7.7964,10.3292
2026-08-30T00:01:52Z,91.1864,100.8874,9.7010,0.0000,0.0000,7.7963,10.3292
2026-08-30T00:01:53Z,91.1727,100.9718,9.7991,0.0000,0.0000,7.7963,10.3159
2026-08-30T00:01:54Z,91.1727,100.9709,9.7982,0.0000,0.0000,7.7962,10.3159
2026-08-30T00:01:55Z,91.2047,101.0554,9.8507,0.0000,0.0000,7.7961,10.3025
2026-08-30T00:01:56Z,91.2047,101.0544,9.8497,0.0000,0.0000,7.7960,10.3025
2026-08-30T00:01:57Z,91.1910,100.9681,9.7772,0.0000,0.0000,7.7960,10.3159
2026-08-30T00:01:58Z,91.1910,100.9672,9.7763,0.0000,0.0000,7.7959,10.3159
2026-08-30T00:01:59Z,91.1696,100.8810,9.7114,0.0000,0.0000,7.7958,10.3292
2026-08-30T00:02:00Z,91.1696,100.8801,9.7105,0.0000,0.0000,7.7957,10.3292
2026-08-30T00:02:01Z,91.1788,100.8792,9.7004,0.0000,0.0000,7.7957,10.3292
2026-08-30T00:02:02Z,91.1788,100.8783,9.6995,0.0000,0.0000,7.7956,10.3292
2026-08-30T00:02:03Z,91.1772,100.9627,9.7854,0.0000,0.0000,7.7955,10.3159
2026-08-30T00:02:04Z,91.1772,100.9617,9.7845,0.0000,0.0000,7.7954,10.3159
2026-08-30T00:02:05Z,91.1543,100.9608,9.8065,0.0000,0.0000,7.7954,10.3159
2026-08-30T00:02:06Z,91.1543,100.9599,9.8056,0.0000,0.0000,7.7953,10.3159
2026-08-30T00:02:07Z,91.1681,101.0444,9.8763,0.0000,0.0000,7.7952,10.3025
2026-08-30T00:02:08Z,91.1681,101.0435,9.8754,0.0000,0.0000,7.7951,10.3025
2026-08-30T00:02:09Z,91.1772,101.0426,9.8653,0.0000,0.0000,7.7951,10.3025
2026-08-30T00:02:10Z,91.1772,101.0416,9.8644,0.0000,0.0000,7.7950,10.3025
2026-08-30T00:02:11Z,91.1467,100.9554,9.8086,0.0000,0.0000,7.7949,10.3159
2026-08-30T00:02:12Z,91.1467,100.9544,9.8077,0.0000,0.0000,7.7948,10.3159
2026-08-30T00:02:13Z,91.1650,100.8682,9.7032,0.0000,0.0000,7.7948,10.3292
2026-08-30T00:02:14Z,91.1650,100.8673,9.7023,0.0000,0.0000,7.7947,10.3292
2026-08-30T00:02:15Z,91.1910,100.9517,9.7607,0.0000,0.0000,7.7946,10.3159
2026-08-30T00:02:16Z,91.1910,100.9508,9.7598,0.0000,0.0000,7.7945,10.3159
2026-08-30T00:02:17Z,91.1696,100.7623,9.5927,0.0000,0.0000,7.7945,10.3452
2026-08-30T00:02:18Z,91.1696,100.7614,9.5918,0.0000,0.0000,7.7944,10.3452
2026-08-30T00:02:19Z,91.1452,100.8628,9.7176,0.0000,0.0000,7.7943,10.3292
2026-08-30T00:02:20Z,91.1452,100.8618,9.7167,0.0000,0.0000,7.7942,10.3292
2026-08-30T00:02:21Z,91.1498,100.9462,9.7965,0.0000,0.0000,7.7942,10.3159
2026-08-30T00:02:22Z,91.1498,100.9453,9.7955,0.0000,0.0000,7.7941,10.3159
2026-08-30T00:02:23Z,91.1498,100.7569,9.6071,0.0000,0.0000,7.7940,10.3452
2026-08-30T00:02:24Z,91.1498,100.7560,9.6062,0.0000,0.0000,7.7939,10.3452
2026-08-30T00:02:25Z,91.1559,100.8573,9.7014,0.0000,0.0000,7.7939,10.3292
2026-08-30T00:02:26Z,91.1559,100.8564,9.7005,0.0000,0.0000,7.7938,10.3292
2026-08-30T00:02:27Z,91.1696,100.9407,9.7711,0.0000,0.0000,7.7937,10.3159
2026-08-30T00:02:28Z,91.1696,100.9398,9.7702,0.0000,0.0000,7.7936,10.3159
2026-08-30T00:02:29Z,91.1543,100.7514,9.5971,0.0000,0.0000,7.7936,10.3452
2026-08-30T00:02:30Z,91.1543,100.7505,9.5961,0.0000,0.0000,7.7935,10.3452
2026-08-30T00:02:31Z,91.1910,100.9371,9.7461,0.0000,0.0000,7.7934,10.3159
2026-08-30T00:02:32Z,91.1910,100.9362,9.7452,0.0000,0.0000,7.7933,10.3159
2026-08-30T00:02:33Z,91.1910,100.9353,9.7443,0.0000,0.0000,7.7933,10.3159
2026-08-30T00:02:34Z,91.1910,100.9344,9.7434,0.0000,0.0000,7.7932,10.3159
2026-08-30T00:02:35Z,91.1406,100.9334,9.7928,0.0000,0.0000,7.7931,10.3159
2026-08-30T00:02:36Z,91.1406,100.9325,9.7919,0.0000,0.0000,7.7930,10.3159
2026-08-30T00:02:37Z,91.1406,100.8463,9.7057,0.0000,0.0000,7.7930,10.3292
2026-08-30T00:02:38Z,91.1406,100.8454,9.7048,0.0000,0.0000,7.7929,10.3292
2026-08-30T00:02:39Z,91.1589,100.8445,9.6856,0.0000,0.0000,7.7928,10.3292
2026-08-30T00:02:40Z,91.1589,100.8436,9.6847,0.0000,0.0000,7.7927,10.3292
2026-08-30T00:02:41Z,91.1498,100.8427,9.6929,0.0000,0.0000,7.7927,10.3292
2026-08-30T00:02:42Z,91.1498,100.8418,9.6920,0.0000,0.0000,7.7926,10.3292
2026-08-30T00:02:43Z,91.1406,101.0115,9.8709,0.0000,0.0000,7.7925,10.3025
2026-08-30T00:02:44Z,91.1406,101.0106,9.8700,0.0000,0.0000,7.7924,10.3025
2026-08-30T00:02:45Z,91.1696,100.8390,9.6694,0.0000,0.0000,7.7924,10.3292
2026-08-30T00:02:46Z,91.1696,100.8381,9.6685,0.0000,0.0000,7.7923,10.3292
2026-08-30T00:02:47Z,91.1467,101.0078,9.8611,0.0000,0.0000,7.7922,10.3025
2026-08-30T00:02:48Z,91.1467,101.0069,9.8602,0.0000,0.0000,7.7921,10.3025
2026-08-30T00:02:49Z,91.1406,100.9207,9.7801,0.0000,0.0000,7.7921,10.3159
2026-08-30T00:02:50Z,91.1406,100.9198,9.7791,0.0000,0.0000,7.7920,10.3159
2026-08-30T00:02:51Z,91.1360,100.8336,9.6975,0.0000,0.0000,7.7919,10.3292
2026-08-30T00:02:52Z,91.1360,100.8327,9.6966,0.0000,0.0000,7.7918,10.3292
2026-08-30T00:02:53Z,91.1421,101.0024,9.8602,0.0000,0.0000,7.7918,10.3025
2026-08-30T00:02:54Z,91.1421,101.0015,9.8593,0.0000,0.0000,7.7917,10.3025
2026-08-30T00:02:55Z,91.1681,100.8299,9.6619,0.0000,0.0000,7.7916,10.3292
2026-08-30T00:02:56Z,91.1681,100.8290,9.6609,0.0000,0.0000,7.7915,10.3292
2026-08-30T00:02:57Z,91.1864,100.7259,9.5395,0.0000,0.0000,7.7915,10.3452
2026-08-30T00:02:58Z,91.1864,100.7250,9.5386,0.0000,0.0000,7.7914,10.3452
2026-08-30T00:02:59Z,91.1421,100.9115,9.7694,0.0000,0.0000,7.7913,10.3159
2026-08-30T00:03:00Z,91.1421,100.9106,9.7685,0.0000,0.0000,7.7912,10.3159
2026-08-30T00:03:01Z,91.1406,100.8245,9.6838,0.0000,0.0000,7.7912,10.3292
2026-08-30T00:03:02Z,91.1406,100.8235,9.6829,0.0000,0.0000,7.7911,10.3292
2026-08-30T00:03:03Z,91.1360,100.8226,9.6866,0.0000,0.0000,7.7910,10.3292
2026-08-30T00:03:04Z,91.1360,100.8217,9.6857,0.0000,0.0000,7.7909,10.3292
2026-08-30T00:03:05Z,91.1284,100.9061,9.7777,0.0000,0.0000,7.7909,10.3159
2026-08-30T00:03:06Z,91.1284,100.9052,9.7768,0.0000,0.0000,7.7908,10.3159
2026-08-30T00:03:07Z,91.1315,100.6317,9.5003,0.0000,0.0000,7.7907,10.3586
2026-08-30T00:03:08Z,91.1315,100.6308,9.4993,0.0000,0.0000,7.7906,10.3586
2026-08-30T00:03:09Z,91.1406,100.8172,9.6766,0.0000,0.0000,7.7906,10.3292
2026-08-30T00:03:10Z,91.1406,100.8163,9.6756,0.0000,0.0000,7.7905,10.3292
2026-08-30T00:03:11Z,91.1406,100.8153,9.6747,0.0000,0.0000,7.7904,10.3292
2026-08-30T00:03:12Z,91.1406,100.8144,9.6738,0.0000,0.0000,7.7903,10.3292
2026-08-30T00:03:13Z,91.0964,100.8988,9.8024,0.0000,0.0000,7.7903,10.3159
2026-08-30T00:03:14Z,91.0964,100.8979,9.8015,0.0000,0.0000,7.7902,10.3159
2026-08-30T00:03:15Z,91.1360,100.8117,9.6757,0.0000,0.0000,7.7901,10.3292
2026-08-30T00:03:16Z,91.1360,100.8108,9.6748,0.0000,0.0000,7.7900,10.3292
2026-08-30T00:03:17Z,91.1284,100.8099,9.6815,0.0000,0.0000,7.7900,10.3292
2026-08-30T00:03:18Z,91.1284,100.8090,9.6806,0.0000,0.0000,7.7899,10.3292
2026-08-30T00:03:19Z,91.1406,100.8933,9.7527,0.0000,0.0000,7.7898,10.3159
2026-08-30T00:03:20Z,91.1406,100.8924,9.7518,0.0000,0.0000,7.7897,10.3159
2026-08-30T00:03:21Z,91.1040,100.8062,9.7022,0.0000,0.0000,7.7897,10.3292
2026-08-30T00:03:22Z,91.1040,100.8053,9.7013,0.0000,0.0000,7.7896,10.3292
2026-08-30T00:03:23Z,91.1009,100.9750,9.8740,0.0000,0.0000,7.7895,10.3025
2026-08-30T00:03:24Z,91.1009,100.9741,9.8731,0.0000,0.0000,7.7894,10.3025
2026-08-30T00:03:25Z,91.1315,100.8878,9.7564,0.0000,0.0000,7.7894,10.3159
2026-08-30T00:03:26Z,91.1315,100.8869,9.7555,0.0000,0.0000,7.7893,10.3159
2026-08-30T00:03:27Z,91.1315,100.6986,9.5671,0.0000,0.0000,7.7892,10.3452
2026-08-30T00:03:28Z,91.1315,100.6977,9.5662,0.0000,0.0000,7.7891,10.3452
2026-08-30T00:03:29Z,91.1360,100.7989,9.6629,0.0000,0.0000,7.7891,10.3292
2026-08-30T00:03:30Z,91.1360,100.7980,9.6620,0.0000,0.0000,7.7890,10.3292
2026-08-30T00:03:31Z,91.1360,100.8823,9.7463,0.0000,0.0000,7.7889,10.3159
2026-08-30T00:03:32Z,91.1360,100.8814,9.7454,0.0000,0.0000,7.7888,10.3159
2026-08-30T00:03:33Z,91.1223,100.8805,9.7582,0.0000,0.0000,7.7888,10.3159
2026-08-30T00:03:34Z,91.1223,100.8796,9.7573,0.0000,0.0000,7.7887,10.3159
2026-08-30T00:03:35Z,91.1360,100.8787,9.7427,0.0000,0.0000,7.7886,10.3159
2026-08-30T00:03:36Z,91.1360,100.8778,9.7418,0.0000,0.0000,7.7885,10.3159
2026-08-30T00:03:37Z,91.1009,100.8769,9.7759,0.0000,0.0000,7.7885,10.3159
2026-08-30T00:03:38Z,91.1009,100.8760,9.7750,0.0000,0.0000,7.7884,10.3159
2026-08-30T00:03:39Z,91.1315,100.7898,9.6584,0.0000,0.0000,7.7883,10.3292
2026-08-30T00:03:40Z,91.1315,100.7889,9.6575,0.0000,0.0000,7.7882,10.3292
2026-08-30T00:03:41Z,91.1086,100.7880,9.6794,0.0000,0.0000,7.7882,10.3292
2026-08-30T00:03:42Z,91.1086,100.7871,9.6785,0.0000,0.0000,7.7881,10.3292
2026-08-30T00:03:43Z,91.1009,100.8714,9.7705,0.0000,0.0000,7.7880,10.3159
2026-08-30T00:03:44Z,91.1009,100.8705,9.7695,0.0000,0.0000,7.7879,10.3159
2026-08-30T00:03:45Z,91.0872,101.0403,9.9531,0.0000,0.0000,7.7879,10.2892
2026-08-30T00:03:46Z,91.0872,101.0394,9.9522,0.0000,0.0000,7.7878,10.2892
2026-08-30T00:03:47Z,91.0964,100.7825,9.6862,0.0000,0.0000,7.7877,10.3292
2026-08-30T00:03:48Z,91.0964,100.7816,9.6853,0.0000,0.0000,7.7876,10.3292
2026-08-30T00:03:49Z,91.1177,100.9512,9.8335,0.0000,0.0000,7.7876,10.3025
2026-08-30T00:03:50Z,91.1177,100.9503,9.8326,0.0000,0.0000,7.7875,10.3025
2026-08-30T00:03:51Z,91.1284,100.9494,9.8210,0.0000,0.0000,7.7874,10.3025
2026-08-30T00:03:52Z,91.1284,100.9485,9.8201,0.0000,0.0000,7.7873,10.3025
2026-08-30T00:03:53Z,91.1040,100.7771,9.6731,0.0000,0.0000,7.7873,10.3292
2026-08-30T00:03:54Z,91.1040,100.7761,9.6722,0.0000,0.0000,7.7872,10.3292
2026-08-30T00:03:55Z,91.1101,100.6731,9.5630,0.0000,0.0000,7.7871,10.3452
2026-08-30T00:03:56Z,91.1101,100.6722,9.5621,0.0000,0.0000,7.7870,10.3452
2026-08-30T00:03:57Z,91.0948,100.8586,9.7638,0.0000,0.0000,7.7870,10.3159
2026-08-30T00:03:58Z,91.0948,100.8577,9.7629,0.0000,0.0000,7.7869,10.3159
2026-08-30T00:03:59Z,91.1086,100.9421,9.8335,0.0000,0.0000,7.7868,10.3025
2026-08-30T00:04:00Z,91.1086,100.9412,9.8326,0.0000,0.0000,7.7867,10.3025
2026-08-30T00:04:01Z,91.0765,100.8550,9.7785,0.0000,0.0000,7.7867,10.3159
2026-08-30T00:04:02Z,91.0765,100.8541,9.7775,0.0000,0.0000,7.7866,10.3159
2026-08-30T00:04:03Z,91.1009,100.8532,9.7522,0.0000,0.0000,7.7865,10.3159
2026-08-30T00:04:04Z,91.1009,100.8522,9.7513,0.0000,0.0000,7.7864,10.3159
2026-08-30T00:04:05Z,91.1223,100.8513,9.7290,0.0000,0.0000,7.7864,10.3159
2026-08-30T00:04:06Z,91.1223,100.8504,9.7281,0.0000,0.0000,7.7863,10.3159
2026-08-30T00:04:07Z,91.0811,100.8495,9.7684,0.0000,0.0000,7.7862,10.3159
2026-08-30T00:04:08Z,91.0811,100.8486,9.7675,0.0000,0.0000,7.7861,10.3159
2026-08-30T00:04:09Z,91.0811,100.7625,9.6814,0.0000,0.0000,7.7861,10.3292
2026-08-30T00:04:10Z,91.0811,100.7616,9.6805,0.0000,0.0000,7.7860,10.3292
2026-08-30T00:04:11Z,91.0780,100.9311,9.8531,0.0000,0.0000,7.7859,10.3025
2026-08-30T00:04:12Z,91.0780,100.9302,9.8522,0.0000,0.0000,7.7858,10.3025
2026-08-30T00:04:13Z,91.1177,100.8440,9.7263,0.0000,0.0000,7.7858,10.3159
2026-08-30T00:04:14Z,91.1177,100.8431,9.7254,0.0000,0.0000,7.7857,10.3159
2026-08-30T00:04:15Z,91.1009,100.9275,9.8266,0.0000,0.0000,7.7856,10.3025
2026-08-30T00:04:16Z,91.1009,100.9266,9.8256,0.0000,0.0000,7.7855,10.3025
2026-08-30T00:04:17Z,91.0811,100.9257,9.8446,0.0000,0.0000,7.7855,10.3025
2026-08-30T00:04:18Z,91.0811,100.9248,9.8437,0.0000,0.0000,7.7854,10.3025
2026-08-30T00:04:19Z,91.0872,100.9238,9.8366,0.0000,0.0000,7.7853,10.3025
2026-08-30T00:04:20Z,91.0872,100.9229,9.8357,0.0000,0.0000,7.7852,10.3025
2026-08-30T00:04:21Z,91.1147,100.8367,9.7221,0.0000,0.0000,7.7852,10.3159
2026-08-30T00:04:22Z,91.1147,100.8358,9.7212,0.0000,0.0000,7.7851,10.3159
2026-08-30T00:04:23Z,91.1101,100.9202,9.8101,0.0000,0.0000,7.7850,10.3025
2026-08-30T00:04:24Z,91.1101,100.9193,9.8092,0.0000,0.0000,7.7849,10.3025
2026-08-30T00:04:25Z,91.0719,100.8331,9.7611,0.0000,0.0000,7.7849,10.3159
2026-08-30T00:04:26Z,91.0719,100.8322,9.7602,0.0000,0.0000,7.7848,10.3159
2026-08-30T00:04:27Z,91.0674,100.6439,9.5766,0.0000,0.0000,7.7847,10.3452
2026-08-30T00:04:28Z,91.0674,100.6430,9.5757,0.0000,0.0000,7.7846,10.3452
2026-08-30T00:04:29Z,91.0811,100.7443,9.6631,0.0000,0.0000,7.7846,10.3292
2026-08-30T00:04:30Z,91.0811,100.7433,9.6622,0.0000,0.0000,7.7845,10.3292
2026-08-30T00:04:31Z,91.0582,100.8276,9.7694,0.0000,0.0000,7.7844,10.3159
2026-08-30T00:04:32Z,91.0582,100.8267,9.7685,0.0000,0.0000,7.7843,10.3159
2026-08-30T00:04:33Z,91.0857,100.9111,9.8254,0.0000,0.0000,7.7843,10.3025
2026-08-30T00:04:34Z,91.0857,100.9102,9.8245,0.0000,0.0000,7.7842,10.3025
2026-08-30T00:04:35Z,91.0857,100.9092,9.8236,0.0000,0.0000,7.7841,10.3025
2026-08-30T00:04:36Z,91.0857,100.9083,9.8226,0.0000,0.0000,7.7840,10.3025
2026-08-30T00:04:37Z,91.0918,100.9074,9.8156,0.0000,0.0000,7.7840,10.3025
2026-08-30T00:04:38Z,91.0918,100.9065,9.8147,0.0000,0.0000,7.7839,10.3025
2026-08-30T00:04:39Z,91.0872,100.8203,9.7331,0.0000,0.0000,7.7838,10.3159
2026-08-30T00:04:40Z,91.0872,100.8194,9.7322,0.0000,0.0000,7.7837,10.3159
2026-08-30T00:04:41Z,91.0811,100.7333,9.6522,0.0000,0.0000,7.7837,10.3292
2026-08-30T00:04:42Z,91.0811,100.7324,9.6513,0.0000,0.0000,7.7836,10.3292
2026-08-30T00:04:43Z,91.0643,100.9019,9.8376,0.0000,0.0000,7.7835,10.3025
2026-08-30T00:04:44Z,91.0643,100.9010,9.8367,0.0000,0.0000,7.7834,10.3025
2026-08-30T00:04:45Z,91.0643,100.7297,9.6654,0.0000,0.0000,7.7834,10.3292
2026-08-30T00:04:46Z,91.0643,100.7288,9.6644,0.0000,0.0000,7.7833,10.3292
2026-08-30T00:04:47Z,91.0857,100.8130,9.7273,0.0000,0.0000,7.7832,10.3159
2026-08-30T00:04:48Z,91.0857,100.8121,9.7264,0.0000,0.0000,7.7831,10.3159
2026-08-30T00:04:49Z,91.0536,100.8112,9.7576,0.0000,0.0000,7.7831,10.3159
2026-08-30T00:04:50Z,91.0536,100.8103,9.7567,0.0000,0.0000,7.7830,10.3159
2026-08-30T00:04:51Z,91.0857,100.7242,9.6385,0.0000,0.0000,7.7829,10.3292
2026-08-30T00:04:52Z,91.0857,100.7233,9.6376,0.0000,0.0000,7.7828,10.3292
2026-08-30T00:04:53Z,91.0582,100.8928,9.8346,0.0000,0.0000,7.7828,10.3025
2026-08-30T00:04:54Z,91.0582,100.8919,9.8337,0.0000,0.0000,7.7827,10.3025
2026-08-30T00:04:55Z,91.0460,100.9763,9.9303,0.0000,0.0000,7.7826,10.2892
2026-08-30T00:04:56Z,91.0460,100.9754,9.9294,0.0000,0.0000,7.7825,10.2892
2026-08-30T00:04:57Z,91.0780,100.7187,9.6407,0.0000,0.0000,7.7825,10.3292
2026-08-30T00:04:58Z,91.0780,100.7178,9.6398,0.0000,0.0000,7.7824,10.3292
2026-08-30T00:04:59Z,91.0597,100.8021,9.7423,0.0000,0.0000,7.7823,10.3159
2026-08-30T00:05:00Z,91.0597,100.8012,9.7414,0.0000,0.0000,7.7822,10.3159
2026-08-30T00:05:01Z,91.0491,100.8855,9.8365,0.0000,0.0000,7.7822,10.3025
2026-08-30T00:05:02Z,91.0491,100.8846,9.8355,0.0000,0.0000,7.7821,10.3025
2026-08-30T00:05:03Z,91.0536,100.8837,9.8301,0.0000,0.0000,7.7820,10.3025
2026-08-30T00:05:04Z,91.0536,100.8828,9.8291,0.0000,0.0000,7.7819,10.3025
2026-08-30T00:05:05Z,91.0353,100.9672,9.9319,0.0000,0.0000,7.7819,10.2892
2026-08-30T00:05:06Z,91.0353,100.9663,9.9310,0.0000,0.0000,7.7818,10.2892
2026-08-30T00:05:07Z,91.0369,100.7948,9.7579,0.0000,0.0000,7.7817,10.3159
2026-08-30T00:05:08Z,91.0369,100.7939,9.7570,0.0000,0.0000,7.7816,10.3159
2026-08-30T00:05:09Z,91.0811,100.7930,9.7119,0.0000,0.0000,7.7816,10.3159
2026-08-30T00:05:10Z,91.0811,100.7921,9.7110,0.0000,0.0000,7.7815,10.3159
2026-08-30T00:05:11Z,91.0399,100.8764,9.8365,0.0000,0.0000,7.7814,10.3025
2026-08-30T00:05:12Z,91.0399,100.8755,9.8356,0.0000,0.0000,7.7813,10.3025
2026-08-30T00:05:13Z,91.0414,100.8746,9.8331,0.0000,0.0000,7.7813,10.3025
2026-08-30T00:05:14Z,91.0414,100.8736,9.8322,0.0000,0.0000,7.7812,10.3025
2026-08-30T00:05:15Z,91.0414,100.7875,9.7461,0.0000,0.0000,7.7811,10.3159
2026-08-30T00:05:16Z,91.0414,100.7866,9.7452,0.0000,0.0000,7.7810,10.3159
2026-08-30T00:05:17Z,91.0552,100.7005,9.6454,0.0000,0.0000,7.7810,10.3292
2026-08-30T00:05:18Z,91.0552,100.6996,9.6444,0.0000,0.0000,7.7809,10.3292
2026-08-30T00:05:19Z,91.0399,100.6987,9.6588,0.0000,0.0000,7.7808,10.3292
2026-08-30T00:05:20Z,91.0399,100.6978,9.6579,0.0000,0.0000,7.7807,10.3292
2026-08-30T00:05:21Z,91.0277,100.8673,9.8396,0.0000,0.0000,7.7807,10.3025
2026-08-30T00:05:22Z,91.0277,100.8663,9.8387,0.0000,0.0000,7.7806,10.3025
2026-08-30T00:05:23Z,91.0506,100.8654,9.8149,0.0000,0.0000,7.7805,10.3025
2026-08-30T00:05:24Z,91.0506,100.8645,9.8139,0.0000,0.0000,7.7804,10.3025
2026-08-30T00:05:25Z,91.0262,100.7784,9.7522,0.0000,0.0000,7.7804,10.3159
2026-08-30T00:05:26Z,91.0262,100.7775,9.7513,0.0000,0.0000,7.7803,10.3159
2026-08-30T00:05:27Z,91.0262,100.9471,9.9209,0.0000,0.0000,7.7802,10.2892
2026-08-30T00:05:28Z,91.0262,100.9462,9.9200,0.0000,0.0000,7.7801,10.2892
2026-08-30T00:05:29Z,91.0185,100.7747,9.7562,0.0000,0.0000,7.7801,10.3159
2026-08-30T00:05:30Z,91.0185,100.7738,9.7553,0.0000,0.0000,7.7800,10.3159
2026-08-30T00:05:31Z,91.0536,100.8581,9.8045,0.0000,0.0000,7.7799,10.3025
2026-08-30T00:05:32Z,91.0536,100.8572,9.8036,0.0000,0.0000,7.7798,10.3025
2026-08-30T00:05:33Z,91.0323,100.7711,9.7388,0.0000,0.0000,7.7798,10.3159
2026-08-30T00:05:34Z,91.0323,100.7702,9.7379,0.0000,0.0000,7.7797,10.3159
2026-08-30T00:05:35Z,91.0491,100.6841,9.6351,0.0000,0.0000,7.7796,10.3292
2026-08-30T00:05:36Z,91.0491,100.6832,9.6342,0.0000,0.0000,7.7795,10.3292
2026-08-30T00:05:37Z,91.0399,100.7674,9.7275,0.0000,0.0000,7.7795,10.3159
2026-08-30T00:05:38Z,91.0399,100.7665,9.7266,0.0000,0.0000,7.7794,10.3159
2026-08-30T00:05:39Z,91.0277,100.8508,9.8231,0.0000,0.0000,7.7793,10.3025
2026-08-30T00:05:40Z,91.0277,100.8499,9.8222,0.0000,0.0000,7.7792,10.3025
2026-08-30T00:05:41Z,91.0323,100.5766,9.5443,0.0000,0.0000,7.7792,10.3452
2026-08-30T00:05:42Z,91.0323,100.5757,9.5434,0.0000,0.0000,7.7791,10.3452
2026-08-30T00:05:43Z,91.0262,100.7620,9.7358,0.0000,0.0000,7.7790,10.3159
2026-08-30T00:05:44Z,91.0262,100.7611,9.7349,0.0000,0.0000,7.7789,10.3159
2026-08-30T00:05:45Z,91.0552,100.6750,9.6199,0.0000,0.0000,7.7789,10.3292
2026-08-30T00:05:46Z,91.0552,100.6741,9.6189,0.0000,0.0000,7.7788,10.3292
2026-08-30T00:05:47Z,91.0002,100.7583,9.7581,0.0000,0.0000,7.7787,10.3159
2026-08-30T00:05:48Z,91.0002,100.7574,9.7572,0.0000,0.0000,7.7786,10.3159
2026-08-30T00:05:49Z,91.0369,100.7565,9.7197,0.0000,0.0000,7.7786,10.3159
2026-08-30T00:05:50Z,91.0369,100.7556,9.7187,0.0000,0.0000,7.7785,10.3159
2026-08-30T00:05:51Z,91.0094,100.6696,9.6602,0.0000,0.0000,7.7784,10.3292
2026-08-30T00:05:52Z,91.0094,100.6686,9.6593,0.0000,0.0000,7.7783,10.3292
2026-08-30T00:05:53Z,91.0094,100.8381,9.8287,0.0000,0.0000,7.7783,10.3025
2026-08-30T00:05:54Z,91.0094,100.8372,9.8278,0.0000,0.0000,7.7782,10.3025
2026-08-30T00:05:55Z,91.0140,100.8362,9.8223,0.0000,0.0000,7.7781,10.3025
2026-08-30T00:05:56Z,91.0140,100.8353,9.8214,0.0000,0.0000,7.7780,10.3025
2026-08-30T00:05:57Z,91.0140,100.9197,9.9057,0.0000,0.0000,7.7780,10.2892
2026-08-30T00:05:58Z,91.0140,100.9188,9.9048,0.0000,0.0000,7.7779,10.2892
2026-08-30T00:05:59Z,91.0399,100.6623,9.6224,0.0000,0.0000,7.7778,10.3292
2026-08-30T00:06:00Z,91.0399,100.6614,9.6215,0.0000,0.0000,7.7777,10.3292
2026-08-30T00:06:01Z,91.0185,100.6604,9.6419,0.0000,0.0000,7.7777,10.3292
2026-08-30T00:06:02Z,91.0185,100.6595,9.6410,0.0000,0.0000,7.7776,10.3292
2026-08-30T00:06:03Z,91.0140,100.7437,9.7298,0.0000,0.0000,7.7775,10.3159
2026-08-30T00:06:04Z,91.0140,100.7428,9.7289,0.0000,0.0000,7.7774,10.3159
2026-08-30T00:06:05Z,91.0094,100.9124,9.9030,0.0000,0.0000,7.7774,10.2892
2026-08-30T00:06:06Z,91.0094,100.9115,9.9021,0.0000,0.0000,7.7773,10.2892
2026-08-30T00:06:07Z,91.0216,100.7401,9.7185,0.0000,0.0000,7.7772,10.3159
2026-08-30T00:06:08Z,91.0216,100.7392,9.7176,0.0000,0.0000,7.7771,10.3159
2026-08-30T00:06:09Z,91.0002,100.6532,9.6529,0.0000,0.0000,7.7771,10.3292
2026-08-30T00:06:10Z,91.0002,100.6522,9.6520,0.0000,0.0000,7.7770,10.3292
2026-08-30T00:06:11Z,90.9850,100.7365,9.7515,0.0000,0.0000,7.7769,10.3159
2026-08-30T00:06:12Z,90.9850,100.7355,9.7506,0.0000,0.0000,7.7768,10.3159
2026-08-30T00:06:13Z,91.0094,100.7346,9.7252,0.0000,0.0000,7.7768,10.3159
2026-08-30T00:06:14Z,91.0094,100.7337,9.7243,0.0000,0.0000,7.7767,10.3159
2026-08-30T00:06:15Z,91.0079,100.8180,9.8101,0.0000,0.0000,7.7766,10.3025
2026-08-30T00:06:16Z,91.0079,100.8171,9.8092,0.0000,0.0000,7.7765,10.3025
2026-08-30T00:06:17Z,90.9895,100.8162,9.8266,0.0000,0.0000,7.7765,10.3025
2026-08-30T00:06:18Z,90.9895,100.8153,9.8257,0.0000,0.0000,7.7764,10.3025
2026-08-30T00:06:19Z,91.0140,100.7292,9.7152,0.0000,0.0000,7.7763,10.3159
2026-08-30T00:06:20Z,91.0140,100.7283,9.7143,0.0000,0.0000,7.7762,10.3159
2026-08-30T00:06:21Z,90.9712,100.8125,9.8413,0.0000,0.0000,7.7762,10.3025
2026-08-30T00:06:22Z,90.9712,100.8116,9.8404,0.0000,0.0000,7.7761,10.3025
2026-08-30T00:06:23Z,91.0262,100.7255,9.6993,0.0000,0.0000,7.7760,10.3159
2026-08-30T00:06:24Z,91.0262,100.7246,9.6984,0.0000,0.0000,7.7759,10.3159
2026-08-30T00:06:25Z,90.9957,100.6386,9.6429,0.0000,0.0000,7.7759,10.3292
2026-08-30T00:06:26Z,90.9957,100.6377,9.6420,0.0000,0.0000,7.7758,10.3292
2026-08-30T00:06:27Z,90.9850,100.7219,9.7369,0.0000,0.0000,7.7757,10.3159
2026-08-30T00:06:28Z,90.9850,100.7210,9.7360,0.0000,0.0000,7.7756,10.3159
2026-08-30T00:06:29Z,91.0002,100.6349,9.6347,0.0000,0.0000,7.7756,10.3292
2026-08-30T00:06:30Z,91.0002,100.6340,9.6338,0.0000,0.0000,7.7755,10.3292
2026-08-30T00:06:31Z,90.9941,100.7182,9.7241,0.0000,0.0000,7.7754,10.3159
2026-08-30T00:06:32Z,90.9941,100.7173,9.7232,0.0000,0.0000,7.7753,10.3159
2026-08-30T00:06:33Z,90.9590,100.6313,9.6723,0.0000,0.0000,7.7753,10.3292
2026-08-30T00:06:34Z,90.9590,100.6304,9.6714,0.0000,0.0000,7.7752,10.3292
2026-08-30T00:06:35Z,90.9636,100.8850,9.9214,0.0000,0.0000,7.7751,10.2892
2026-08-30T00:06:36Z,90.9636,100.8841,9.9205,0.0000,0.0000,7.7750,10.2892
2026-08-30T00:06:37Z,91.0140,100.7979,9.7840,0.0000,0.0000,7.7750,10.3025
2026-08-30T00:06:38Z,91.0140,100.7970,9.7831,0.0000,0.0000,7.7749,10.3025
2026-08-30T00:06:39Z,91.0002,100.7961,9.7959,0.0000,0.0000,7.7748,10.3025
2026-08-30T00:06:40Z,91.0002,100.7952,9.7950,0.0000,0.0000,7.7747,10.3025
2026-08-30T00:06:41Z,90.9895,100.7091,9.7196,0.0000,0.0000,7.7747,10.3159
2026-08-30T00:06:42Z,90.9895,100.7082,9.7187,0.0000,0.0000,7.7746,10.3159
2026-08-30T00:06:43Z,91.0033,100.7073,9.7040,0.0000,0.0000,7.7745,10.3159
2026-08-30T00:06:44Z,91.0033,100.7064,9.7031,0.0000,0.0000,7.7744,10.3159
2026-08-30T00:06:45Z,90.9728,100.7906,9.8179,0.0000,0.0000,7.7744,10.3025
2026-08-30T00:06:46Z,90.9728,100.7897,9.8170,0.0000,0.0000,7.7743,10.3025
2026-08-30T00:06:47Z,90.9728,100.6186,9.6458,0.0000,0.0000,7.7742,10.3292
2026-08-30T00:06:48Z,90.9728,100.6177,9.6449,0.0000,0.0000,7.7742,10.3292
2026-08-30T00:06:49Z,90.9850,100.7870,9.8020,0.0000,0.0000,7.7741,10.3025
2026-08-30T00:06:50Z,90.9850,100.7861,9.8011,0.0000,0.0000,7.7740,10.3025
2026-08-30T00:06:51Z,90.9712,100.7000,9.7288,0.0000,0.0000,7.7739,10.3159
2026-08-30T00:06:52Z,90.9712,100.6991,9.7279,0.0000,0.0000,7.7739,10.3159
2026-08-30T00:06:53Z,90.9575,100.7833,9.8258,0.0000,0.0000,7.7738,10.3025
2026-08-30T00:06:54Z,90.9575,100.7824,9.8249,0.0000,0.0000,7.7737,10.3025
2026-08-30T00:06:55Z,90.9712,100.7815,9.8103,0.0000,0.0000,7.7736,10.3025
2026-08-30T00:06:56Z,90.9712,100.7806,9.8094,0.0000,0.0000,7.7736,10.3025
2026-08-30T00:06:57Z,90.9895,100.7797,9.7901,0.0000,0.0000,7.7735,10.3025
2026-08-30T00:06:58Z,90.9895,100.7788,9.7892,0.0000,0.0000,7.7734,10.3025
2026-08-30T00:06:59Z,90.9545,100.6927,9.7383,0.0000,0.0000,7.7733,10.3159
2026-08-30T00:07:00Z,90.9545,100.6918,9.7374,0.0000,0.0000,7.7733,10.3159
2026-08-30T00:07:01Z,90.9941,100.7760,9.7819,0.0000,0.0000,7.7732,10.3025
2026-08-30T00:07:02Z,90.9941,100.7751,9.7810,0.0000,0.0000,7.7731,10.3025
2026-08-30T00:07:03Z,90.9590,100.8595,9.9004,0.0000,0.0000,7.7730,10.2892
2026-08-30T00:07:04Z,90.9590,100.8585,9.8995,0.0000,0.0000,7.7730,10.2892
2026-08-30T00:07:05Z,90.9499,100.8576,9.9078,0.0000,0.0000,7.7729,10.2892
2026-08-30T00:07:06Z,90.9499,100.8567,9.9068,0.0000,0.0000,7.7728,10.2892
2026-08-30T00:07:07Z,90.9667,100.6854,9.7188,0.0000,0.0000,7.7727,10.3159
2026-08-30T00:07:08Z,90.9667,100.6845,9.7179,0.0000,0.0000,7.7727,10.3159
2026-08-30T00:07:09Z,90.9712,100.6836,9.7124,0.0000,0.0000,7.7726,10.3159
2026-08-30T00:07:10Z,90.9712,100.6827,9.7115,0.0000,0.0000,7.7725,10.3159
2026-08-30T00:07:11Z,90.9590,100.6818,9.7228,0.0000,0.0000,7.7724,10.3159
2026-08-30T00:07:12Z,90.9590,100.6809,9.7218,0.0000,0.0000,7.7724,10.3159
2026-08-30T00:07:13Z,90.9712,100.7651,9.7939,0.0000,0.0000,7.7723,10.3025
2026-08-30T00:07:14Z,90.9712,100.7642,9.7930,0.0000,0.0000,7.7722,10.3025
2026-08-30T00:07:15Z,90.9499,100.7633,9.8134,0.0000,0.0000,7.7721,10.3025
2026-08-30T00:07:16Z,90.9499,100.7624,9.8125,0.0000,0.0000,7.7721,10.3025
2026-08-30T00:07:17Z,90.9804,100.7615,9.7811,0.0000,0.0000,7.7720,10.3025
2026-08-30T00:07:18Z,90.9804,100.7605,9.7802,0.0000,0.0000,7.7719,10.3025
2026-08-30T00:07:19Z,90.9575,100.6745,9.7170,0.0000,0.0000,7.7718,10.3159
2026-08-30T00:07:20Z,90.9575,100.6736,9.7161,0.0000,0.0000,7.7718,10.3159
2026-08-30T00:07:21Z,90.9407,100.8430,9.9023,0.0000,0.0000,7.7717,10.2892
2026-08-30T00:07:22Z,90.9407,100.8421,9.9014,0.0000,0.0000,7.7716,10.2892
2026-08-30T00:07:23Z,90.9590,100.7560,9.7970,0.0000,0.0000,7.7715,10.3025
2026-08-30T00:07:24Z,90.9590,100.7551,9.7960,0.0000,0.0000,7.7715,10.3025
2026-08-30T00:07:25Z,90.9636,100.6690,9.7054,0.0000,0.0000,7.7714,10.3159
2026-08-30T00:07:26Z,90.9636,100.6681,9.7045,0.0000,0.0000,7.7713,10.3159
2026-08-30T00:07:27Z,90.9728,100.7523,9.7796,0.0000,0.0000,7.7712,10.3025
2026-08-30T00:07:28Z,90.9728,100.7514,9.7787,0.0000,0.0000,7.7712,10.3025
2026-08-30T00:07:29Z,90.9392,100.7505,9.8113,0.0000,0.0000,7.7711,10.3025
2026-08-30T00:07:30Z,90.9392,100.7496,9.8104,0.0000,0.0000,7.7710,10.3025
2026-08-30T00:07:31Z,90.9667,100.6636,9.6969,0.0000,0.0000,7.7709,10.3159
2026-08-30T00:07:32Z,90.9667,100.6627,9.6960,0.0000,0.0000,7.7709,10.3159
2026-08-30T00:07:33Z,90.9499,100.8321,9.8822,0.0000,0.0000,7.7708,10.2892
2026-08-30T00:07:34Z,90.9499,100.8312,9.8813,0.0000,0.0000,7.7707,10.2892
2026-08-30T00:07:35Z,90.9453,100.7451,9.7998,0.0000,0.0000,7.7706,10.3025
2026-08-30T00:07:36Z,90.9453,100.7441,9.7988,0.0000,0.0000,7.7706,10.3025
2026-08-30T00:07:37Z,90.9636,100.6581,9.6945,0.0000,0.0000,7.7705,10.3159
2026-08-30T00:07:38Z,90.9636,100.6572,9.6936,0.0000,0.0000,7.7704,10.3159
2026-08-30T00:07:39Z,90.9667,100.7414,9.7747,0.0000,0.0000,7.7703,10.3025
2026-08-30T00:07:40Z,90.9667,100.7405,9.7738,0.0000,0.0000,7.7703,10.3025
2026-08-30T00:07:41Z,90.9453,100.8248,9.8795,0.0000,0.0000,7.7702,10.2892
2026-08-30T00:07:42Z,90.9453,100.8239,9.8786,0.0000,0.0000,7.7701,10.2892
2026-08-30T00:07:43Z,90.9392,100.5676,9.6284,0.0000,0.0000,7.7700,10.3292
2026-08-30T00:07:44Z,90.9392,100.5667,9.6275,0.0000,0.0000,7.7700,10.3292
2026-08-30T00:07:45Z,90.9316,100.8211,9.8896,0.0000,0.0000,7.7699,10.2892
2026-08-30T00:07:46Z,90.9316,100.8202,9.8887,0.0000,0.0000,7.7698,10.2892
2026-08-30T00:07:47Z,90.9392,100.7341,9.7949,0.0000,0.0000,7.7697,10.3025
2026-08-30T00:07:48Z,90.9392,100.7332,9.7940,0.0000,0.0000,7.7697,10.3025
2026-08-30T00:07:49Z,90.9407,100.6472,9.7065,0.0000,0.0000,7.7696,10.3159
2026-08-30T00:07:50Z,90.9407,100.6463,9.7055,0.0000,0.0000,7.7695,10.3159
2026-08-30T00:07:51Z,90.9316,100.7305,9.7989,0.0000,0.0000,7.7694,10.3025
2026-08-30T00:07:52Z,90.9316,100.7296,9.7980,0.0000,0.0000,7.7694,10.3025
2026-08-30T00:07:53Z,90.9270,100.8138,9.8869,0.0000,0.0000,7.7693,10.2892
2026-08-30T00:07:54Z,90.9270,100.8129,9.8859,0.0000,0.0000,7.7692,10.2892
2026-08-30T00:07:55Z,90.9392,100.7268,9.7876,0.0000,0.0000,7.7691,10.3025
2026-08-30T00:07:56Z,90.9392,100.7259,9.7867,0.0000,0.0000,7.7691,10.3025
2026-08-30T00:07:57Z,90.9209,100.8102,9.8893,0.0000,0.0000,7.7690,10.2892
2026-08-30T00:07:58Z,90.9209,100.8093,9.8884,0.0000,0.0000,7.7689,10.2892
2026-08-30T00:07:59Z,90.9499,100.7232,9.7733,0.0000,0.0000,7.7688,10.3025
2026-08-30T00:08:00Z,90.9499,100.7223,9.7724,0.0000,0.0000,7.7688,10.3025
2026-08-30T00:08:01Z,90.8858,100.6362,9.7505,0.0000,0.0000,7.7687,10.3159
2026-08-30T00:08:02Z,90.8858,100.6353,9.7495,0.0000,0.0000,7.7686,10.3159
2026-08-30T00:08:03Z,90.8949,100.7195,9.8246,0.0000,0.0000,7.7685,10.3025
2026-08-30T00:08:04Z,90.8949,100.7186,9.8237,0.0000,0.0000,7.7685,10.3025
2026-08-30T00:08:05Z,90.9209,100.6326,9.7117,0.0000,0.0000,7.7684,10.3159
2026-08-30T00:08:06Z,90.9209,100.6317,9.7108,0.0000,0.0000,7.7683,10.3159
2026-08-30T00:08:07Z,90.9255,100.8011,9.8756,0.0000,0.0000,7.7682,10.2892
2026-08-30T00:08:08Z,90.9255,100.8002,9.8747,0.0000,0.0000,7.7682,10.2892
2026-08-30T00:08:09Z,90.9270,100.7141,9.7871,0.0000,0.0000,7.7681,10.3025
2026-08-30T00:08:10Z,90.9270,100.7131,9.7862,0.0000,0.0000,7.7680,10.3025
2026-08-30T00:08:11Z,90.8995,100.7122,9.8127,0.0000,0.0000,7.7679,10.3025
2026-08-30T00:08:12Z,90.8995,100.7113,9.8118,0.0000,0.0000,7.7679,10.3025
2026-08-30T00:08:13Z,90.9117,100.7104,9.7987,0.0000,0.0000,7.7678,10.3025
2026-08-30T00:08:14Z,90.9117,100.7095,9.7978,0.0000,0.0000,7.7677,10.3025
2026-08-30T00:08:15Z,90.9209,100.6235,9.7026,0.0000,0.0000,7.7676,10.3159
2026-08-30T00:08:16Z,90.9209,100.6226,9.7017,0.0000,0.0000,7.7676,10.3159
2026-08-30T00:08:17Z,90.9071,100.7068,9.7996,0.0000,0.0000,7.7675,10.3025
2026-08-30T00:08:18Z,90.9071,100.7059,9.7987,0.0000,0.0000,7.7674,10.3025
2026-08-30T00:08:19Z,90.9026,100.7049,9.8024,0.0000,0.0000,7.7673,10.3025
2026-08-30T00:08:20Z,90.9026,100.7040,9.8015,0.0000,0.0000,7.7673,10.3025
2026-08-30T00:08:21Z,90.9178,100.6180,9.7002,0.0000,0.0000,7.7672,10.3159
2026-08-30T00:08:22Z,90.9178,100.6171,9.6993,0.0000,0.0000,7.7671,10.3159
2026-08-30T00:08:23Z,90.9316,100.6162,9.6846,0.0000,0.0000,7.7670,10.3159
2026-08-30T00:08:24Z,90.9316,100.6153,9.6837,0.0000,0.0000,7.7670,10.3159
2026-08-30T00:08:25Z,90.9270,100.6144,9.6874,0.0000,0.0000,7.7669,10.3159
2026-08-30T00:08:26Z,90.9270,100.6135,9.6865,0.0000,0.0000,7.7668,10.3159
2026-08-30T00:08:27Z,90.9117,100.6126,9.7008,0.0000,0.0000,7.7667,10.3159
2026-08-30T00:08:28Z,90.9117,100.6117,9.6999,0.0000,0.0000,7.7667,10.3159
2026-08-30T00:08:29Z,90.9071,100.6107,9.7036,0.0000,0.0000,7.7666,10.3159
2026-08-30T00:08:30Z,90.9071,100.6098,9.7027,0.0000,0.0000,7.7665,10.3159
2026-08-30T00:08:31Z,90.9178,100.6940,9.7762,0.0000,0.0000,7.7664,10.3025
2026-08-30T00:08:32Z,90.9178,100.6931,9.7753,0.0000,0.0000,7.7664,10.3025
2026-08-30T00:08:33Z,90.9255,100.6922,9.7667,0.0000,0.0000,7.7663,10.3025
2026-08-30T00:08:34Z,90.9255,100.6913,9.7658,0.0000,0.0000,7.7662,10.3025
2026-08-30T00:08:35Z,90.9270,100.6904,9.7634,0.0000,0.0000,7.7661,10.3025
2026-08-30T00:08:36Z,90.9270,100.6895,9.7625,0.0000,0.0000,7.7661,10.3025
2026-08-30T00:08:37Z,90.8949,100.6885,9.7936,0.0000,0.0000,7.7660,10.3025
2026-08-30T00:08:38Z,90.8949,100.6876,9.7927,0.0000,0.0000,7.7659,10.3025
2026-08-30T00:08:39Z,90.9071,100.6016,9.6945,0.0000,0.0000,7.7658,10.3159
2026-08-30T00:08:40Z,90.9071,100.6007,9.6936,0.0000,0.0000,7.7658,10.3159
2026-08-30T00:08:41Z,90.9071,100.6849,9.7777,0.0000,0.0000,7.7657,10.3025
2026-08-30T00:08:42Z,90.9071,100.6840,9.7768,0.0000,0.0000,7.7656,10.3025
2026-08-30T00:08:43Z,90.9209,100.5980,9.6771,0.0000,0.0000,7.7655,10.3159
2026-08-30T00:08:44Z,90.9209,100.5971,9.6762,0.0000,0.0000,7.7655,10.3159
2026-08-30T00:08:45Z,90.8675,100.7664,9.8989,0.0000,0.0000,7.7654,10.2892
2026-08-30T00:08:46Z,90.8675,100.7655,9.8980,0.0000,0.0000,7.7653,10.2892
2026-08-30T00:08:47Z,90.8934,100.6794,9.7860,0.0000,0.0000,7.7652,10.3025
2026-08-30T00:08:48Z,90.8934,100.6785,9.7851,0.0000,0.0000,7.7652,10.3025
2026-08-30T00:08:49Z,90.8995,100.6776,9.7781,0.0000,0.0000,7.7651,10.3025
2026-08-30T00:08:50Z,90.8995,100.6767,9.7772,0.0000,0.0000,7.7650,10.3025
2026-08-30T00:08:51Z,90.8721,100.7609,9.8889,0.0000,0.0000,7.7649,10.2892
2026-08-30T00:08:52Z,90.8721,100.7600,9.8880,0.0000,0.0000,7.7649,10.2892
2026-08-30T00:08:53Z,90.9209,100.6740,9.7531,0.0000,0.0000,7.7648,10.3025
2026-08-30T00:08:54Z,90.9209,100.6731,9.7522,0.0000,0.0000,7.7647,10.3025
2026-08-30T00:08:55Z,90.8995,100.6721,9.7726,0.0000,0.0000,7.7646,10.3025
2026-08-30T00:08:56Z,90.8995,100.6712,9.7717,0.0000,0.0000,7.7646,10.3025
2026-08-30T00:08:57Z,90.8293,100.6703,9.8410,0.0000,0.0000,7.7645,10.3025
2026-08-30T00:08:58Z,90.8293,100.6694,9.8401,0.0000,0.0000,7.7644,10.3025
2026-08-30T00:08:59Z,90.9178,100.7536,9.8358,0.0000,0.0000,7.7643,10.2892
2026-08-30T00:09:00Z,90.9178,100.7527,9.8349,0.0000,0.0000,7.7643,10.2892
2026-08-30T00:09:01Z,90.8888,100.6667,9.7778,0.0000,0.0000,7.7642,10.3025
2026-08-30T00:09:02Z,90.8888,100.6658,9.7769,0.0000,0.0000,7.7641,10.3025
2026-08-30T00:09:03Z,90.8995,100.5798,9.6803,0.0000,0.0000,7.7640,10.3159
2026-08-30T00:09:04Z,90.8995,100.5789,9.6794,0.0000,0.0000,7.7640,10.3159
2026-08-30T00:09:05Z,90.8721,100.7482,9.8761,0.0000,0.0000,7.7639,10.2892
2026-08-30T00:09:06Z,90.8721,100.7473,9.8752,0.0000,0.0000,7.7638,10.2892
2026-08-30T00:09:07Z,90.8934,100.6612,9.7678,0.0000,0.0000,7.7638,10.3025
2026-08-30T00:09:08Z,90.8934,100.6603,9.7669,0.0000,0.0000,7.7637,10.3025
2026-08-30T00:09:09Z,90.8721,100.6594,9.7873,0.0000,0.0000,7.7636,10.3025
2026-08-30T00:09:10Z,90.8721,100.6585,9.7864,0.0000,0.0000,7.7635,10.3025
2026-08-30T00:09:11Z,90.9026,100.6576,9.7550,0.0000,0.0000,7.7635,10.3025
2026-08-30T00:09:12Z,90.9026,100.6567,9.7541,0.0000,0.0000,7.7634,10.3025
2026-08-30T00:09:13Z,90.8949,100.6557,9.7608,0.0000,0.0000,7.7633,10.3025
2026-08-30T00:09:14Z,90.8949,100.6548,9.7599,0.0000,0.0000,7.7632,10.3025
2026-08-30T00:09:15Z,90.8995,100.6539,9.7544,0.0000,0.0000,7.7632,10.3025
2026-08-30T00:09:16Z,90.8995,100.6530,9.7535,0.0000,0.0000,7.7631,10.3025
2026-08-30T00:09:17Z,90.8751,100.5670,9.6919,0.0000,0.0000,7.7630,10.3159
2026-08-30T00:09:18Z,90.8751,100.5661,9.6910,0.0000,0.0000,7.7629,10.3159
2026-08-30T00:09:19Z,90.8797,100.5652,9.6855,0.0000,0.0000,7.7629,10.3159
2026-08-30T00:09:20Z,90.8797,100.5643,9.6846,0.0000,0.0000,7.7628,10.3159
2026-08-30T00:09:21Z,90.8751,100.5634,9.6883,0.0000,0.0000,7.7627,10.3159
2026-08-30T00:09:22Z,90.8751,100.5625,9.6874,0.0000,0.0000,7.7626,10.3159
2026-08-30T00:09:23Z,90.8949,100.7318,9.8368,0.0000,0.0000,7.7626,10.2892
2026-08-30T00:09:24Z,90.8949,100.7308,9.8359,0.0000,0.0000,7.7625,10.2892
2026-08-30T00:09:25Z,90.8675,100.5598,9.6923,0.0000,0.0000,7.7624,10.3159
2026-08-30T00:09:26Z,90.8675,100.5589,9.6914,0.0000,0.0000,7.7623,10.3159
2026-08-30T00:09:27Z,90.9117,100.7281,9.8164,0.0000,0.0000,7.7623,10.2892
2026-08-30T00:09:28Z,90.9117,100.7272,9.8155,0.0000,0.0000,7.7622,10.2892
2026-08-30T00:09:29Z,90.8659,100.6412,9.7752,0.0000,0.0000,7.7621,10.3025
2026-08-30T00:09:30Z,90.8659,100.6403,9.7743,0.0000,0.0000,7.7620,10.3025
2026-08-30T00:09:31Z,90.8934,100.7245,9.8310,0.0000,0.0000,7.7620,10.2892
2026-08-30T00:09:32Z,90.8934,100.7236,9.8301,0.0000,0.0000,7.7619,10.2892
2026-08-30T00:09:33Z,90.8721,100.7226,9.8506,0.0000,0.0000,7.7618,10.2892
2026-08-30T00:09:34Z,90.8721,100.7217,9.8497,0.0000,0.0000,7.7617,10.2892
2026-08-30T00:09:35Z,90.8721,100.6357,9.7636,0.0000,0.0000,7.7617,10.3025
2026-08-30T00:09:36Z,90.8721,100.6348,9.7627,0.0000,0.0000,7.7616,10.3025
2026-08-30T00:09:37Z,90.8675,100.6339,9.7664,0.0000,0.0000,7.7615,10.3025
2026-08-30T00:09:38Z,90.8675,100.6330,9.7655,0.0000,0.0000,7.7614,10.3025
2026-08-30T00:09:39Z,90.8675,100.5470,9.6795,0.0000,0.0000,7.7614,10.3159
2026-08-30T00:09:40Z,90.8675,100.5461,9.6786,0.0000,0.0000,7.7613,10.3159
2026-08-30T00:09:41Z,90.8659,100.7153,9.8494,0.0000,0.0000,7.7612,10.2892
2026-08-30T00:09:42Z,90.8659,100.7144,9.8485,0.0000,0.0000,7.7611,10.2892
2026-08-30T00:09:43Z,90.8522,100.6284,9.7762,0.0000,0.0000,7.7611,10.3025
2026-08-30T00:09:44Z,90.8522,100.6275,9.7753,0.0000,0.0000,7.7610,10.3025
2026-08-30T00:09:45Z,90.8934,100.6266,9.7332,0.0000,0.0000,7.7609,10.3025
2026-08-30T00:09:46Z,90.8934,100.6257,9.7323,0.0000,0.0000,7.7608,10.3025
2026-08-30T00:09:47Z,90.8492,100.6248,9.7756,0.0000,0.0000,7.7608,10.3025
2026-08-30T00:09:48Z,90.8492,100.6239,9.7747,0.0000,0.0000,7.7607,10.3025
2026-08-30T00:09:49Z,90.8934,100.5379,9.6445,0.0000,0.0000,7.7606,10.3159
2026-08-30T00:09:50Z,90.8934,100.5370,9.6436,0.0000,0.0000,7.7605,10.3159
2026-08-30T00:09:51Z,90.8797,100.6211,9.7414,0.0000,0.0000,7.7605,10.3025
2026-08-30T00:09:52Z,90.8797,100.6202,9.7405,0.0000,0.0000,7.7604,10.3025
2026-08-30T00:09:53Z,90.8797,100.4493,9.5697,0.0000,0.0000,7.7603,10.3292
2026-08-30T00:09:54Z,90.8797,100.4484,9.5687,0.0000,0.0000,7.7602,10.3292
2026-08-30T00:09:55Z,90.8797,100.5325,9.6528,0.0000,0.0000,7.7602,10.3159
2026-08-30T00:09:56Z,90.8797,100.5316,9.6519,0.0000,0.0000,7.7601,10.3159
2026-08-30T00:09:57Z,90.8721,100.4457,9.5736,0.0000,0.0000,7.7600,10.3292
2026-08-30T00:09:58Z,90.8721,100.4448,9.5727,0.0000,0.0000,7.7599,10.3292
2026-08-30T00:09:59Z,90.8675,100.6989,9.8315,0.0000,0.0000,7.7599,10.2892
2026-08-30T00:10:00Z,90.8675,100.6980,9.8306,0.0000,0.0000,7.7598,10.2892
2026-08-30T00:10:01Z,90.8751,100.6120,9.7369,0.0000,0.0000,7.7597,10.3025
2026-08-30T00:10:02Z,90.8751,100.6111,9.7360,0.0000,0.0000,7.7596,10.3025
2026-08-30T00:10:03Z,90.8659,100.6953,9.8293,0.0000,0.0000,7.7596,10.2892
2026-08-30T00:10:04Z,90.8659,100.6944,9.8284,0.0000,0.0000,7.7595,10.2892
2026-08-30T00:10:05Z,90.8583,100.5234,9.6650,0.0000,0.0000,7.7594,10.3159
2026-08-30T00:10:06Z,90.8583,100.5225,9.6641,0.0000,0.0000,7.7593,10.3159
2026-08-30T00:10:07Z,90.8629,100.6066,9.7437,0.0000,0.0000,7.7593,10.3025
2026-08-30T00:10:08Z,90.8629,100.6056,9.7427,0.0000,0.0000,7.7592,10.3025
2026-08-30T00:10:09Z,90.8675,100.6047,9.7373,0.0000,0.0000,7.7591,10.3025
2026-08-30T00:10:10Z,90.8675,100.6038,9.7363,0.0000,0.0000,7.7590,10.3025
2026-08-30T00:10:11Z,90.8522,100.5179,9.6657,0.0000,0.0000,7.7590,10.3159
2026-08-30T00:10:12Z,90.8522,100.5170,9.6648,0.0000,0.0000,7.7589,10.3159
2026-08-30T00:10:13Z,90.8385,100.6011,9.7626,0.0000,0.0000,7.7588,10.3025
2026-08-30T00:10:14Z,90.8385,100.6002,9.7617,0.0000,0.0000,7.7587,10.3025
2026-08-30T00:10:15Z,90.8293,100.6844,9.8550,0.0000,0.0000,7.7587,10.2892
2026-08-30T00:10:16Z,90.8293,100.6834,9.8541,0.0000,0.0000,7.7586,10.2892
2026-08-30T00:10:17Z,90.8492,100.5124,9.6633,0.0000,0.0000,7.7585,10.3159
2026-08-30T00:10:18Z,90.8492,100.5115,9.6624,0.0000,0.0000,7.7584,10.3159
2026-08-30T00:10:19Z,90.8492,100.5956,9.7465,0.0000,0.0000,7.7584,10.3025
2026-08-30T00:10:20Z,90.8492,100.5947,9.7456,0.0000,0.0000,7.7583,10.3025
2026-08-30T00:10:21Z,90.8309,100.5938,9.7630,0.0000,0.0000,7.7582,10.3025
2026-08-30T00:10:22Z,90.8309,100.5929,9.7620,0.0000,0.0000,7.7581,10.3025
2026-08-30T00:10:23Z,90.8522,100.5920,9.7398,0.0000,0.0000,7.7581,10.3025
2026-08-30T00:10:24Z,90.8522,100.5911,9.7389,0.0000,0.0000,7.7580,10.3025
2026-08-30T00:10:25Z,90.8522,100.5902,9.7379,0.0000,0.0000,7.7579,10.3025
2026-08-30T00:10:26Z,90.8522,100.5893,9.7370,0.0000,0.0000,7.7578,10.3025
2026-08-30T00:10:27Z,90.8385,100.6734,9.8349,0.0000,0.0000,7.7578,10.2892
2026-08-30T00:10:28Z,90.8385,100.6725,9.8340,0.0000,0.0000,7.7577,10.2892
2026-08-30T00:10:29Z,90.8309,100.6716,9.8407,0.0000,0.0000,7.7576,10.2892
2026-08-30T00:10:30Z,90.8309,100.6707,9.8398,0.0000,0.0000,7.7575,10.2892
2026-08-30T00:10:31Z,90.8385,100.4997,9.6612,0.0000,0.0000,7.7575,10.3159
2026-08-30T00:10:32Z,90.8385,100.4988,9.6603,0.0000,0.0000,7.7574,10.3159
2026-08-30T00:10:33Z,90.8248,100.4979,9.6731,0.0000,0.0000,7.7573,10.3159
2026-08-30T00:10:34Z,90.8248,100.4970,9.6722,0.0000,0.0000,7.7572,10.3159
2026-08-30T00:10:35Z,90.8309,100.5811,9.7502,0.0000,0.0000,7.7572,10.3025
2026-08-30T00:10:36Z,90.8309,100.5801,9.7493,0.0000,0.0000,7.7571,10.3025
2026-08-30T00:10:37Z,90.8522,100.5792,9.7270,0.0000,0.0000,7.7570,10.3025
2026-08-30T00:10:38Z,90.8522,100.5783,9.7261,0.0000,0.0000,7.7569,10.3025
2026-08-30T00:10:39Z,90.8431,100.6625,9.8194,0.0000,0.0000,7.7569,10.2892
2026-08-30T00:10:40Z,90.8431,100.6616,9.8185,0.0000,0.0000,7.7568,10.2892
2026-08-30T00:10:41Z,90.8263,100.4906,9.6643,0.0000,0.0000,7.7567,10.3159
2026-08-30T00:10:42Z,90.8263,100.4897,9.6634,0.0000,0.0000,7.7566,10.3159
2026-08-30T00:10:43Z,90.8202,100.4888,9.6686,0.0000,0.0000,7.7566,10.3159
2026-08-30T00:10:44Z,90.8202,100.4879,9.6677,0.0000,0.0000,7.7565,10.3159
2026-08-30T00:10:45Z,90.8263,100.6570,9.8307,0.0000,0.0000,7.7564,10.2892
2026-08-30T00:10:46Z,90.8263,100.6561,9.8298,0.0000,0.0000,7.7563,10.2892
2026-08-30T00:10:47Z,90.8248,100.6552,9.8304,0.0000,0.0000,7.7563,10.2892
2026-08-30T00:10:48Z,90.8248,100.6543,9.8295,0.0000,0.0000,7.7562,10.2892
2026-08-30T00:10:49Z,90.8202,100.5683,9.7481,0.0000,0.0000,7.7561,10.3025
2026-08-30T00:10:50Z,90.8202,100.5674,9.7472,0.0000,0.0000,7.7560,10.3025
2026-08-30T00:10:51Z,90.8125,100.6515,9.8390,0.0000,0.0000,7.7560,10.2892
2026-08-30T00:10:52Z,90.8125,100.6506,9.8381,0.0000,0.0000,7.7559,10.2892
2026-08-30T00:10:53Z,90.8248,100.5647,9.7399,0.0000,0.0000,7.7558,10.3025
2026-08-30T00:10:54Z,90.8248,100.5638,9.7390,0.0000,0.0000,7.7557,10.3025
2026-08-30T00:10:55Z,90.8125,100.7501,9.9375,0.0000,0.0000,7.7557,10.2731
2026-08-30T00:10:56Z,90.8125,100.7492,9.9366,0.0000,0.0000,7.7556,10.2731
2026-08-30T00:10:57Z,90.8309,100.5610,9.7302,0.0000,0.0000,7.7555,10.3025
2026-08-30T00:10:58Z,90.8309,100.5601,9.7293,0.0000,0.0000,7.7555,10.3025
2026-08-30T00:10:59Z,90.7988,100.5592,9.7604,0.0000,0.0000,7.7554,10.3025
2026-08-30T00:11:00Z,90.7988,100.5583,9.7595,0.0000,0.0000,7.7553,10.3025
2026-08-30T00:11:01Z,90.8354,100.4724,9.6370,0.0000,0.0000,7.7552,10.3159
2026-08-30T00:11:02Z,90.8354,100.4715,9.6361,0.0000,0.0000,7.7552,10.3159
2026-08-30T00:11:03Z,90.8263,100.4706,9.6443,0.0000,0.0000,7.7551,10.3159
2026-08-30T00:11:04Z,90.8263,100.4697,9.6434,0.0000,0.0000,7.7550,10.3159
2026-08-30T00:11:05Z,90.8263,100.5537,9.7275,0.0000,0.0000,7.7549,10.3025
2026-08-30T00:11:06Z,90.8263,100.5528,9.7266,0.0000,0.0000,7.7549,10.3025
2026-08-30T00:11:07Z,90.7927,100.5519,9.7592,0.0000,0.0000,7.7548,10.3025
2026-08-30T00:11:08Z,90.7927,100.5510,9.7583,0.0000,0.0000,7.7547,10.3025
2026-08-30T00:11:09Z,90.8110,100.5501,9.7391,0.0000,0.0000,7.7546,10.3025
2026-08-30T00:11:10Z,90.8110,100.5492,9.7382,0.0000,0.0000,7.7546,10.3025
2026-08-30T00:11:11Z,90.8125,100.6333,9.8208,0.0000,0.0000,7.7545,10.2892
2026-08-30T00:11:12Z,90.8125,100.6324,9.8199,0.0000,0.0000,7.7544,10.2892
2026-08-30T00:11:13Z,90.8171,100.5465,9.7293,0.0000,0.0000,7.7543,10.3025
2026-08-30T00:11:14Z,90.8171,100.5456,9.7284,0.0000,0.0000,7.7543,10.3025
2026-08-30T00:11:15Z,90.8034,100.5446,9.7413,0.0000,0.0000,7.7542,10.3025
2026-08-30T00:11:16Z,90.8034,100.5437,9.7403,0.0000,0.0000,7.7541,10.3025
2026-08-30T00:11:17Z,90.8248,100.5428,9.7181,0.0000,0.0000,7.7540,10.3025
2026-08-30T00:11:18Z,90.8248,100.5419,9.7172,0.0000,0.0000,7.7540,10.3025
2026-08-30T00:11:19Z,90.8034,100.4560,9.6527,0.0000,0.0000,7.7539,10.3159
2026-08-30T00:11:20Z,90.8034,100.4551,9.6517,0.0000,0.0000,7.7538,10.3159
2026-08-30T00:11:21Z,90.7927,100.3693,9.5766,0.0000,0.0000,7.7537,10.3292
2026-08-30T00:11:22Z,90.7927,100.3684,9.5757,0.0000,0.0000,7.7537,10.3292
2026-08-30T00:11:23Z,90.7927,100.4524,9.6597,0.0000,0.0000,7.7536,10.3159
2026-08-30T00:11:24Z,90.7927,100.4515,9.6588,0.0000,0.0000,7.7535,10.3159
2026-08-30T00:11:25Z,90.7805,100.5355,9.7550,0.0000,0.0000,7.7534,10.3025
2026-08-30T00:11:26Z,90.7805,100.5346,9.7541,0.0000,0.0000,7.7534,10.3025
2026-08-30T00:11:27Z,90.7927,100.5337,9.7410,0.0000,0.0000,7.7533,10.3025
2026-08-30T00:11:28Z,90.7927,100.5328,9.7401,0.0000,0.0000,7.7532,10.3025
2026-08-30T00:11:29Z,90.7973,100.4469,9.6497,0.0000,0.0000,7.7531,10.3159
2026-08-30T00:11:30Z,90.7973,100.4460,9.6488,0.0000,0.0000,7.7531,10.3159
2026-08-30T00:11:31Z,90.8064,100.5301,9.7236,0.0000,0.0000,7.7530,10.3025
2026-08-30T00:11:32Z,90.8064,100.5292,9.7227,0.0000,0.0000,7.7529,10.3025
2026-08-30T00:11:33Z,90.7927,100.6133,9.8206,0.0000,0.0000,7.7528,10.2892
2026-08-30T00:11:34Z,90.7927,100.6124,9.8197,0.0000,0.0000,7.7528,10.2892
2026-08-30T00:11:35Z,90.7988,100.4415,9.6427,0.0000,0.0000,7.7527,10.3159
2026-08-30T00:11:36Z,90.7988,100.4406,9.6418,0.0000,0.0000,7.7526,10.3159
2026-08-30T00:11:37Z,90.7927,100.5246,9.7319,0.0000,0.0000,7.7525,10.3025
2026-08-30T00:11:38Z,90.7927,100.5237,9.7310,0.0000,0.0000,7.7525,10.3025
2026-08-30T00:11:39Z,90.7851,100.4379,9.6528,0.0000,0.0000,7.7524,10.3159
2026-08-30T00:11:40Z,90.7851,100.4369,9.6519,0.0000,0.0000,7.7523,10.3159
2026-08-30T00:11:41Z,90.7759,100.5210,9.7451,0.0000,0.0000,7.7522,10.3025
2026-08-30T00:11:42Z,90.7759,100.5201,9.7441,0.0000,0.0000,7.7522,10.3025
2026-08-30T00:11:43Z,90.7561,100.4342,9.6781,0.0000,0.0000,7.7521,10.3159
2026-08-30T00:11:44Z,90.7561,100.4333,9.6772,0.0000,0.0000,7.7520,10.3159
2026-08-30T00:11:45Z,90.7561,100.3475,9.5915,0.0000,0.0000,7.7519,10.3292
2026-08-30T00:11:46Z,90.7561,100.3466,9.5905,0.0000,0.0000,7.7519,10.3292
2026-08-30T00:11:47Z,90.7744,100.5155,9.7411,0.0000,0.0000,7.7518,10.3025
2026-08-30T00:11:48Z,90.7744,100.5146,9.7402,0.0000,0.0000,7.7517,10.3025
2026-08-30T00:11:49Z,90.7881,100.5137,9.7256,0.0000,0.0000,7.7516,10.3025
2026-08-30T00:11:50Z,90.7881,100.5128,9.7247,0.0000,0.0000,7.7516,10.3025
2026-08-30T00:11:51Z,90.7790,100.5119,9.7329,0.0000,0.0000,7.7515,10.3025
2026-08-30T00:11:52Z,90.7790,100.5110,9.7320,0.0000,0.0000,7.7514,10.3025
2026-08-30T00:11:53Z,90.7836,100.5951,9.8115,0.0000,0.0000,7.7513,10.2892
2026-08-30T00:11:54Z,90.7836,100.5942,9.8106,0.0000,0.0000,7.7513,10.2892
2026-08-30T00:11:55Z,90.7744,100.5082,9.7338,0.0000,0.0000,7.7512,10.3025
2026-08-30T00:11:56Z,90.7744,100.5073,9.7329,0.0000,0.0000,7.7511,10.3025
2026-08-30T00:11:57Z,90.7622,100.4215,9.6593,0.0000,0.0000,7.7510,10.3159
2026-08-30T00:11:58Z,90.7622,100.4206,9.6584,0.0000,0.0000,7.7510,10.3159
2026-08-30T00:11:59Z,90.7836,100.4197,9.6361,0.0000,0.0000,7.7509,10.3159
2026-08-30T00:12:00Z,90.7836,100.4188,9.6352,0.0000,0.0000,7.7508,10.3159
2026-08-30T00:12:01Z,90.7927,100.5878,9.7951,0.0000,0.0000,7.7507,10.2892
2026-08-30T00:12:02Z,90.7927,100.5869,9.7942,0.0000,0.0000,7.7507,10.2892
2026-08-30T00:12:03Z,90.7622,100.3312,9.5690,0.0000,0.0000,7.7506,10.3292
2026-08-30T00:12:04Z,90.7622,100.3303,9.5681,0.0000,0.0000,7.7505,10.3292
2026-08-30T00:12:05Z,90.7622,100.4142,9.6520,0.0000,0.0000,7.7504,10.3159
2026-08-30T00:12:06Z,90.7622,100.4133,9.6511,0.0000,0.0000,7.7504,10.3159
2026-08-30T00:12:07Z,90.7622,100.4124,9.6502,0.0000,0.0000,7.7503,10.3159
2026-08-30T00:12:08Z,90.7622,100.4115,9.6493,0.0000,0.0000,7.7502,10.3159
2026-08-30T00:12:09Z,90.7744,100.4955,9.7211,0.0000,0.0000,7.7501,10.3025
2026-08-30T00:12:10Z,90.7744,100.4946,9.7202,0.0000,0.0000,7.7501,10.3025
2026-08-30T00:12:11Z,90.7713,100.4937,9.7223,0.0000,0.0000,7.7500,10.3025
2026-08-30T00:12:12Z,90.7713,100.4928,9.7214,0.0000,0.0000,7.7499,10.3025
2026-08-30T00:12:13Z,90.7927,100.4069,9.6142,0.0000,0.0000,7.7498,10.3159
2026-08-30T00:12:14Z,90.7927,100.4060,9.6133,0.0000,0.0000,7.7498,10.3159
2026-08-30T00:12:15Z,90.7424,100.4051,9.6628,0.0000,0.0000,7.7497,10.3159
2026-08-30T00:12:16Z,90.7424,100.4042,9.6619,0.0000,0.0000,7.7496,10.3159
2026-08-30T00:12:17Z,90.7439,100.4882,9.7443,0.0000,0.0000,7.7495,10.3025
2026-08-30T00:12:18Z,90.7439,100.4873,9.7434,0.0000,0.0000,7.7495,10.3025
2026-08-30T00:12:19Z,90.7607,100.4015,9.6408,0.0000,0.0000,7.7494,10.3159
2026-08-30T00:12:20Z,90.7607,100.4006,9.6399,0.0000,0.0000,7.7493,10.3159
2026-08-30T00:12:21Z,90.7805,100.4846,9.7041,0.0000,0.0000,7.7492,10.3025
2026-08-30T00:12:22Z,90.7805,100.4837,9.7032,0.0000,0.0000,7.7492,10.3025
2026-08-30T00:12:23Z,90.7713,100.4828,9.7114,0.0000,0.0000,7.7491,10.3025
2026-08-30T00:12:24Z,90.7713,100.4818,9.7105,0.0000,0.0000,7.7490,10.3025
2026-08-30T00:12:25Z,90.7622,100.4809,9.7187,0.0000,0.0000,7.7489,10.3025
2026-08-30T00:12:26Z,90.7622,100.4800,9.7178,0.0000,0.0000,7.7489,10.3025
2026-08-30T00:12:27Z,90.7713,100.5641,9.7928,0.0000,0.0000,7.7488,10.2892
2026-08-30T00:12:28Z,90.7713,100.5632,9.7918,0.0000,0.0000,7.7487,10.2892
2026-08-30T00:12:29Z,90.7347,100.4773,9.7426,0.0000,0.0000,7.7487,10.3025
2026-08-30T00:12:30Z,90.7347,100.4764,9.7417,0.0000,0.0000,7.7486,10.3025
2026-08-30T00:12:31Z,90.7485,100.3906,9.6421,0.0000,0.0000,7.7485,10.3159
2026-08-30T00:12:32Z,90.7485,100.3897,9.6412,0.0000,0.0000,7.7484,10.3159
2026-08-30T00:12:33Z,90.7759,100.4737,9.6977,0.0000,0.0000,7.7484,10.3025
2026-08-30T00:12:34Z,90.7759,100.4727,9.6968,0.0000,0.0000,7.7483,10.3025
2026-08-30T00:12:35Z,90.7530,100.3869,9.6339,0.0000,0.0000,7.7482,10.3159
2026-08-30T00:12:36Z,90.7530,100.3860,9.6330,0.0000,0.0000,7.7481,10.3159
2026-08-30T00:12:37Z,90.7759,100.3851,9.6092,0.0000,0.0000,7.7481,10.3159
2026-08-30T00:12:38Z,90.7759,100.3842,9.6083,0.0000,0.0000,7.7480,10.3159
2026-08-30T00:12:39Z,90.7530,100.4682,9.7152,0.0000,0.0000,7.7479,10.3025
2026-08-30T00:12:40Z,90.7530,100.4673,9.7143,0.0000,0.0000,7.7478,10.3025
2026-08-30T00:12:41Z,90.7561,100.4664,9.7103,0.0000,0.0000,7.7478,10.3025
2026-08-30T00:12:42Z,90.7561,100.4655,9.7094,0.0000,0.0000,7.7477,10.3025
2026-08-30T00:12:43Z,90.7485,100.2949,9.5464,0.0000,0.0000,7.7476,10.3292
2026-08-30T00:12:44Z,90.7485,100.2939,9.5455,0.0000,0.0000,7.7475,10.3292
2026-08-30T00:12:45Z,90.7164,100.2930,9.5766,0.0000,0.0000,7.7475,10.3292
2026-08-30T00:12:46Z,90.7164,100.2921,9.5757,0.0000,0.0000,7.7474,10.3292
2026-08-30T00:12:47Z,90.7485,100.3760,9.6276,0.0000,0.0000,7.7473,10.3159
2026-08-30T00:12:48Z,90.7485,100.3751,9.6267,0.0000,0.0000,7.7472,10.3159
2026-08-30T00:12:49Z,90.7622,100.4591,9.6969,0.0000,0.0000,7.7472,10.3025
2026-08-30T00:12:50Z,90.7622,100.4582,9.6960,0.0000,0.0000,7.7471,10.3025
2026-08-30T00:12:51Z,90.7485,100.4573,9.7088,0.0000,0.0000,7.7470,10.3025
2026-08-30T00:12:52Z,90.7485,100.4564,9.7079,0.0000,0.0000,7.7469,10.3025
2026-08-30T00:12:53Z,90.7561,100.3706,9.6145,0.0000,0.0000,7.7469,10.3159
2026-08-30T00:12:54Z,90.7561,100.3697,9.6136,0.0000,0.0000,7.7468,10.3159
2026-08-30T00:12:55Z,90.7347,100.2840,9.5492,0.0000,0.0000,7.7467,10.3292
2026-08-30T00:12:56Z,90.7347,100.2830,9.5483,0.0000,0.0000,7.7466,10.3292
2026-08-30T00:12:57Z,90.7607,100.2821,9.5215,0.0000,0.0000,7.7466,10.3292
2026-08-30T00:12:58Z,90.7607,100.2812,9.5206,0.0000,0.0000,7.7465,10.3292
2026-08-30T00:12:59Z,90.7622,100.3651,9.6029,0.0000,0.0000,7.7464,10.3159
2026-08-30T00:13:00Z,90.7622,100.3642,9.6020,0.0000,0.0000,7.7463,10.3159
2026-08-30T00:13:01Z,90.7286,100.3633,9.6347,0.0000,0.0000,7.7463,10.3159
2026-08-30T00:13:02Z,90.7286,100.3624,9.6338,0.0000,0.0000,7.7462,10.3159
2026-08-30T00:13:03Z,90.7347,100.3615,9.6268,0.0000,0.0000,7.7461,10.3159
2026-08-30T00:13:04Z,90.7347,100.3606,9.6259,0.0000,0.0000,7.7460,10.3159
2026-08-30T00:13:05Z,90.7103,100.3597,9.6494,0.0000,0.0000,7.7460,10.3159
2026-08-30T00:13:06Z,90.7103,100.3588,9.6485,0.0000,0.0000,7.7459,10.3159
2026-08-30T00:13:07Z,90.7301,100.4427,9.7126,0.0000,0.0000,7.7458,10.3025
2026-08-30T00:13:08Z,90.7301,100.4418,9.7117,0.0000,0.0000,7.7457,10.3025
2026-08-30T00:13:09Z,90.7240,100.3560,9.6320,0.0000,0.0000,7.7457,10.3159
2026-08-30T00:13:10Z,90.7240,100.3551,9.6311,0.0000,0.0000,7.7456,10.3159
2026-08-30T00:13:11Z,90.7210,100.2694,9.5484,0.0000,0.0000,7.7455,10.3292
2026-08-30T00:13:12Z,90.7210,100.2685,9.5475,0.0000,0.0000,7.7454,10.3292
2026-08-30T00:13:13Z,90.7378,100.2676,9.5298,0.0000,0.0000,7.7454,10.3292
2026-08-30T00:13:14Z,90.7378,100.2667,9.5289,0.0000,0.0000,7.7453,10.3292
2026-08-30T00:13:15Z,90.7103,100.2658,9.5555,0.0000,0.0000,7.7452,10.3292
2026-08-30T00:13:16Z,90.7103,100.2649,9.5546,0.0000,0.0000,7.7451,10.3292
2026-08-30T00:13:17Z,90.7286,100.4336,9.7050,0.0000,0.0000,7.7451,10.3025
2026-08-30T00:13:18Z,90.7286,100.4327,9.7041,0.0000,0.0000,7.7450,10.3025
2026-08-30T00:13:19Z,90.7240,100.4318,9.7078,0.0000,0.0000,7.7449,10.3025
2026-08-30T00:13:20Z,90.7240,100.4309,9.7069,0.0000,0.0000,7.7448,10.3025
2026-08-30T00:13:21Z,90.7027,100.3451,9.6425,0.0000,0.0000,7.7448,10.3159
2026-08-30T00:13:22Z,90.7027,100.3442,9.6415,0.0000,0.0000,7.7447,10.3159
2026-08-30T00:13:23Z,90.7118,100.4282,9.7163,0.0000,0.0000,7.7446,10.3025
2026-08-30T00:13:24Z,90.7118,100.4273,9.7154,0.0000,0.0000,7.7445,10.3025
2026-08-30T00:13:25Z,90.7347,100.4264,9.6916,0.0000,0.0000,7.7445,10.3025
2026-08-30T00:13:26Z,90.7347,100.4254,9.6907,0.0000,0.0000,7.7444,10.3025
2026-08-30T00:13:27Z,90.7210,100.3397,9.6187,0.0000,0.0000,7.7443,10.3159
2026-08-30T00:13:28Z,90.7210,100.3388,9.6178,0.0000,0.0000,7.7442,10.3159
2026-08-30T00:13:29Z,90.6981,100.3379,9.6398,0.0000,0.0000,7.7442,10.3159
2026-08-30T00:13:30Z,90.6981,100.3369,9.6388,0.0000,0.0000,7.7441,10.3159
2026-08-30T00:13:31Z,90.7240,100.1496,9.4256,0.0000,0.0000,7.7440,10.3452
2026-08-30T00:13:32Z,90.7240,100.1487,9.4247,0.0000,0.0000,7.7439,10.3452
2026-08-30T00:13:33Z,90.7057,100.2495,9.5437,0.0000,0.0000,7.7439,10.3292
2026-08-30T00:13:34Z,90.7057,100.2485,9.5428,0.0000,0.0000,7.7438,10.3292
2026-08-30T00:13:35Z,90.6752,100.3324,9.6572,0.0000,0.0000,7.7437,10.3159
2026-08-30T00:13:36Z,90.6752,100.3315,9.6563,0.0000,0.0000,7.7436,10.3159
2026-08-30T00:13:37Z,90.7103,100.4154,9.7051,0.0000,0.0000,7.7436,10.3025
2026-08-30T00:13:38Z,90.7103,100.4145,9.7042,0.0000,0.0000,7.7435,10.3025
2026-08-30T00:13:39Z,90.7286,100.2440,9.5154,0.0000,0.0000,7.7434,10.3292
2026-08-30T00:13:40Z,90.7286,100.2431,9.5145,0.0000,0.0000,7.7433,10.3292
2026-08-30T00:13:41Z,90.6889,100.3270,9.6380,0.0000,0.0000,7.7433,10.3159
2026-08-30T00:13:42Z,90.6889,100.3260,9.6371,0.0000,0.0000,7.7432,10.3159
2026-08-30T00:13:43Z,90.7103,100.3251,9.6148,0.0000,0.0000,7.7431,10.3159
2026-08-30T00:13:44Z,90.7103,100.3242,9.6139,0.0000,0.0000,7.7430,10.3159
2026-08-30T00:13:45Z,90.6889,100.4082,9.7192,0.0000,0.0000,7.7430,10.3025
2026-08-30T00:13:46Z,90.6889,100.4073,9.7183,0.0000,0.0000,7.7429,10.3025
2026-08-30T00:13:47Z,90.7378,100.3215,9.5837,0.0000,0.0000,7.7428,10.3159
2026-08-30T00:13:48Z,90.7378,100.3206,9.5828,0.0000,0.0000,7.7427,10.3159
2026-08-30T00:13:49Z,90.7332,100.2349,9.5017,0.0000,0.0000,7.7427,10.3292
2026-08-30T00:13:50Z,90.7332,100.2340,9.5008,0.0000,0.0000,7.7426,10.3292
2026-08-30T00:13:51Z,90.7103,100.2331,9.5228,0.0000,0.0000,7.7425,10.3292
2026-08-30T00:13:52Z,90.7103,100.2322,9.5219,0.0000,0.0000,7.7425,10.3292
2026-08-30T00:13:53Z,90.6737,100.1297,9.4560,0.0000,0.0000,7.7424,10.3452
2026-08-30T00:13:54Z,90.6737,100.1288,9.4551,0.0000,0.0000,7.7423,10.3452
2026-08-30T00:13:55Z,90.6844,100.3142,9.6299,0.0000,0.0000,7.7422,10.3159
2026-08-30T00:13:56Z,90.6844,100.3133,9.6290,0.0000,0.0000,7.7422,10.3159
2026-08-30T00:13:57Z,90.7195,100.2277,9.5082,0.0000,0.0000,7.7421,10.3292
2026-08-30T00:13:58Z,90.7195,100.2268,9.5073,0.0000,0.0000,7.7420,10.3292
2026-08-30T00:13:59Z,90.6966,100.2258,9.5293,0.0000,0.0000,7.7419,10.3292
2026-08-30T00:14:00Z,90.6966,100.2249,9.5284,0.0000,0.0000,7.7419,10.3292
2026-08-30T00:14:01Z,90.6920,100.3088,9.6168,0.0000,0.0000,7.7418,10.3159
2026-08-30T00:14:02Z,90.6920,100.3079,9.6159,0.0000,0.0000,7.7417,10.3159
2026-08-30T00:14:03Z,90.6889,100.2222,9.5333,0.0000,0.0000,7.7416,10.3292
2026-08-30T00:14:04Z,90.6889,100.2213,9.5324,0.0000,0.0000,7.7416,10.3292
2026-08-30T00:14:05Z,90.6981,100.2204,9.5223,0.0000,0.0000,7.7415,10.3292
2026-08-30T00:14:06Z,90.6981,100.2195,9.5214,0.0000,0.0000,7.7414,10.3292
2026-08-30T00:14:07Z,90.6966,100.3033,9.6068,0.0000,0.0000,7.7413,10.3159
2026-08-30T00:14:08Z,90.6966,100.3024,9.6058,0.0000,0.0000,7.7413,10.3159
2026-08-30T00:14:09Z,90.6798,100.3015,9.6217,0.0000,0.0000,7.7412,10.3159
2026-08-30T00:14:10Z,90.6798,100.3006,9.6208,0.0000,0.0000,7.7411,10.3159
2026-08-30T00:14:11Z,90.6554,100.2997,9.6443,0.0000,0.0000,7.7410,10.3159
2026-08-30T00:14:12Z,90.6554,100.2988,9.6434,0.0000,0.0000,7.7410,10.3159
2026-08-30T00:14:13Z,90.6752,100.2979,9.6227,0.0000,0.0000,7.7409,10.3159
2026-08-30T00:14:14Z,90.6752,100.2970,9.6218,0.0000,0.0000,7.7408,10.3159
2026-08-30T00:14:15Z,90.6981,100.2113,9.5132,0.0000,0.0000,7.7407,10.3292
2026-08-30T00:14:16Z,90.6981,100.2104,9.5123,0.0000,0.0000,7.7407,10.3292
2026-08-30T00:14:17Z,90.6889,100.2942,9.6053,0.0000,0.0000,7.7406,10.3159
2026-08-30T00:14:18Z,90.6889,100.2933,9.6044,0.0000,0.0000,7.7405,10.3159
2026-08-30T00:14:19Z,90.6844,100.2077,9.5233,0.0000,0.0000,7.7404,10.3292
2026-08-30T00:14:20Z,90.6844,100.2068,9.5224,0.0000,0.0000,7.7404,10.3292
2026-08-30T00:14:21Z,90.7027,100.2906,9.5879,0.0000,0.0000,7.7403,10.3159
2026-08-30T00:14:22Z,90.7027,100.2897,9.5870,0.0000,0.0000,7.7402,10.3159
2026-08-30T00:14:23Z,90.6752,100.1025,9.4273,0.0000,0.0000,7.7401,10.3452
2026-08-30T00:14:24Z,90.6752,100.1016,9.4264,0.0000,0.0000,7.7401,10.3452
2026-08-30T00:14:25Z,90.6645,100.2870,9.6224,0.0000,0.0000,7.7400,10.3159
2026-08-30T00:14:26Z,90.6645,100.2861,9.6215,0.0000,0.0000,7.7399,10.3159
2026-08-30T00:14:27Z,90.6477,100.2852,9.6374,0.0000,0.0000,7.7398,10.3159
2026-08-30T00:14:28Z,90.6477,100.2843,9.6365,0.0000,0.0000,7.7398,10.3159
2026-08-30T00:14:29Z,90.6889,100.2833,9.5944,0.0000,0.0000,7.7397,10.3159
2026-08-30T00:14:30Z,90.6889,100.2824,9.5935,0.0000,0.0000,7.7396,10.3159
2026-08-30T00:14:31Z,90.6737,100.3663,9.6927,0.0000,0.0000,7.7395,10.3025
2026-08-30T00:14:32Z,90.6737,100.3654,9.6917,0.0000,0.0000,7.7395,10.3025
2026-08-30T00:14:33Z,90.7027,100.0934,9.3907,0.0000,0.0000,7.7394,10.3452
2026-08-30T00:14:34Z,90.7027,100.0925,9.3898,0.0000,0.0000,7.7393,10.3452
2026-08-30T00:14:35Z,90.6920,100.3627,9.6707,0.0000,0.0000,7.7392,10.3025
2026-08-30T00:14:36Z,90.6920,100.3618,9.6698,0.0000,0.0000,7.7392,10.3025
2026-08-30T00:14:37Z,90.6523,100.0898,9.4375,0.0000,0.0000,7.7391,10.3452
2026-08-30T00:14:38Z,90.6523,100.0889,9.4366,0.0000,0.0000,7.7390,10.3452
2026-08-30T00:14:39Z,90.6462,100.2743,9.6280,0.0000,0.0000,7.7389,10.3159
2026-08-30T00:14:40Z,90.6462,100.2734,9.6271,0.0000,0.0000,7.7389,10.3159
2026-08-30T00:14:41Z,90.6737,100.1877,9.5140,0.0000,0.0000,7.7388,10.3292
2026-08-30T00:14:42Z,90.6737,100.1868,9.5131,0.0000,0.0000,7.7387,10.3292
2026-08-30T00:14:43Z,90.6477,100.1859,9.5382,0.0000,0.0000,7.7386,10.3292
2026-08-30T00:14:44Z,90.6477,100.1850,9.5373,0.0000,0.0000,7.7386,10.3292
2026-08-30T00:14:45Z,90.6798,100.1841,9.5043,0.0000,0.0000,7.7385,10.3292
2026-08-30T00:14:46Z,90.6798,100.1832,9.5034,0.0000,0.0000,7.7384,10.3292
2026-08-30T00:14:47Z,90.6691,100.1823,9.5132,0.0000,0.0000,7.7383,10.3292
2026-08-30T00:14:48Z,90.6691,100.1814,9.5123,0.0000,0.0000,7.7383,10.3292
2026-08-30T00:14:49Z,90.6798,100.2652,9.5854,0.0000,0.0000,7.7382,10.3159
2026-08-30T00:14:50Z,90.6798,100.2643,9.5845,0.0000,0.0000,7.7381,10.3159
2026-08-30T00:14:51Z,90.6691,100.2634,9.5943,0.0000,0.0000,7.7380,10.3159
2026-08-30T00:14:52Z,90.6691,100.2625,9.5933,0.0000,0.0000,7.7380,10.3159
2026-08-30T00:14:53Z,90.6371,100.1768,9.5398,0.0000,0.0000,7.7379,10.3292
2026-08-30T00:14:54Z,90.6371,100.1759,9.5389,0.0000,0.0000,7.7378,10.3292
2026-08-30T00:14:55Z,90.6371,100.1750,9.5380,0.0000,0.0000,7.7377,10.3292
2026-08-30T00:14:56Z,90.6371,100.1741,9.5370,0.0000,0.0000,7.7377,10.3292
2026-08-30T00:14:57Z,90.6844,100.1732,9.4888,0.0000,0.0000,7.7376,10.3292
2026-08-30T00:14:58Z,90.6844,100.1723,9.4879,0.0000,0.0000,7.7375,10.3292
2026-08-30T00:14:59Z,90.6600,100.1714,9.5114,0.0000,0.0000,7.7374,10.3292
2026-08-30T00:15:00Z,90.6600,100.1705,9.5105,0.0000,0.0000,7.7374,10.3292
2026-08-30T00:15:01Z,90.6737,100.1696,9.4959,0.0000,0.0000,7.7373,10.3292
2026-08-30T00:15:02Z,90.6737,100.1687,9.4950,0.0000,0.0000,7.7372,10.3292
2026-08-30T00:15:03Z,90.6462,100.3373,9.6910,0.0000,0.0000,7.7372,10.3025
2026-08-30T00:15:04Z,90.6462,100.3363,9.6901,0.0000,0.0000,7.7371,10.3025
2026-08-30T00:15:05Z,90.6416,100.1659,9.5243,0.0000,0.0000,7.7370,10.3292
2026-08-30T00:15:06Z,90.6416,100.1650,9.5234,0.0000,0.0000,7.7369,10.3292
2026-08-30T00:15:07Z,90.6416,100.1641,9.5225,0.0000,0.0000,7.7369,10.3292
2026-08-30T00:15:08Z,90.6416,100.1632,9.5216,0.0000,0.0000,7.7368,10.3292
2026-08-30T00:15:09Z,90.6416,100.1623,9.5207,0.0000,0.0000,7.7367,10.3292
2026-08-30T00:15:10Z,90.6416,100.1614,9.5198,0.0000,0.0000,7.7366,10.3292
2026-08-30T00:15:11Z,90.6096,100.1605,9.5509,0.0000,0.0000,7.7366,10.3292
2026-08-30T00:15:12Z,90.6096,100.1596,9.5500,0.0000,0.0000,7.7365,10.3292
2026-08-30T00:15:13Z,90.6432,100.2434,9.6002,0.0000,0.0000,7.7364,10.3159
2026-08-30T00:15:14Z,90.6432,100.2425,9.5993,0.0000,0.0000,7.7363,10.3159
2026-08-30T00:15:15Z,90.6203,100.0553,9.4351,0.0000,0.0000,7.7363,10.3452
2026-08-30T00:15:16Z,90.6203,100.0544,9.4342,0.0000,0.0000,7.7362,10.3452
2026-08-30T00:15:17Z,90.6432,100.0535,9.4104,0.0000,0.0000,7.7361,10.3452
2026-08-30T00:15:18Z,90.6432,100.0526,9.4095,0.0000,0.0000,7.7360,10.3452
2026-08-30T00:15:19Z,90.6477,100.1532,9.5055,0.0000,0.0000,7.7360,10.3292
2026-08-30T00:15:20Z,90.6477,100.1523,9.5046,0.0000,0.0000,7.7359,10.3292
2026-08-30T00:15:21Z,90.5974,100.1514,9.5540,0.0000,0.0000,7.7358,10.3292
2026-08-30T00:15:22Z,90.5974,100.1505,9.5531,0.0000,0.0000,7.7357,10.3292
2026-08-30T00:15:23Z,90.6523,100.2343,9.5820,0.0000,0.0000,7.7357,10.3159
2026-08-30T00:15:24Z,90.6523,100.2334,9.5811,0.0000,0.0000,7.7356,10.3159
2026-08-30T00:15:25Z,90.6340,100.2325,9.5985,0.0000,0.0000,7.7355,10.3159
2026-08-30T00:15:26Z,90.6340,100.2316,9.5976,0.0000,0.0000,7.7354,10.3159
2026-08-30T00:15:27Z,90.6416,100.1460,9.5043,0.0000,0.0000,7.7354,10.3292
2026-08-30T00:15:28Z,90.6416,100.1451,9.5034,0.0000,0.0000,7.7353,10.3292
2026-08-30T00:15:29Z,90.6203,100.1442,9.5239,0.0000,0.0000,7.7352,10.3292
2026-08-30T00:15:30Z,90.6203,100.1433,9.5230,0.0000,0.0000,7.7351,10.3292
2026-08-30T00:15:31Z,90.6340,100.1424,9.5083,0.0000,0.0000,7.7351,10.3292
2026-08-30T00:15:32Z,90.6340,100.1415,9.5074,0.0000,0.0000,7.7350,10.3292
2026-08-30T00:15:33Z,90.6203,100.2252,9.6049,0.0000,0.0000,7.7349,10.3159
2026-08-30T00:15:34Z,90.6203,100.2243,9.6040,0.0000,0.0000,7.7348,10.3159
2026-08-30T00:15:35Z,90.6432,100.2234,9.5802,0.0000,0.0000,7.7348,10.3159
2026-08-30T00:15:36Z,90.6432,100.2225,9.5793,0.0000,0.0000,7.7347,10.3159
2026-08-30T00:15:37Z,90.6004,100.1369,9.5365,0.0000,0.0000,7.7346,10.3292
2026-08-30T00:15:38Z,90.6004,100.1360,9.5356,0.0000,0.0000,7.7345,10.3292
2026-08-30T00:15:39Z,90.5913,100.0336,9.4423,0.0000,0.0000,7.7345,10.3452
2026-08-30T00:15:40Z,90.5913,100.0327,9.4414,0.0000,0.0000,7.7344,10.3452
2026-08-30T00:15:41Z,90.6233,100.1333,9.5100,0.0000,0.0000,7.7343,10.3292
2026-08-30T00:15:42Z,90.6233,100.1324,9.5090,0.0000,0.0000,7.7342,10.3292
2026-08-30T00:15:43Z,90.6294,100.0300,9.4005,0.0000,0.0000,7.7342,10.3452
2026-08-30T00:15:44Z,90.6294,100.0291,9.3996,0.0000,0.0000,7.7341,10.3452
2026-08-30T00:15:45Z,90.5913,100.1297,9.5384,0.0000,0.0000,7.7340,10.3292
2026-08-30T00:15:46Z,90.5913,100.1288,9.5375,0.0000,0.0000,7.7339,10.3292
2026-08-30T00:15:47Z,90.6096,100.2125,9.6029,0.0000,0.0000,7.7339,10.3159
2026-08-30T00:15:48Z,90.6096,100.2116,9.6020,0.0000,0.0000,7.7338,10.3159
2026-08-30T00:15:49Z,90.5684,100.1260,9.5576,0.0000,0.0000,7.7337,10.3292
2026-08-30T00:15:50Z,90.5684,100.1251,9.5567,0.0000,0.0000,7.7336,10.3292
2026-08-30T00:15:51Z,90.5745,100.2089,9.6344,0.0000,0.0000,7.7336,10.3159
2026-08-30T00:15:52Z,90.5745,100.2080,9.6335,0.0000,0.0000,7.7335,10.3159
2026-08-30T00:15:53Z,90.5776,100.1224,9.5448,0.0000,0.0000,7.7334,10.3292
2026-08-30T00:15:54Z,90.5776,100.1215,9.5439,0.0000,0.0000,7.7333,10.3292
2026-08-30T00:15:55Z,90.6233,100.0191,9.3958,0.0000,0.0000,7.7333,10.3452
2026-08-30T00:15:56Z,90.6233,100.0182,9.3949,0.0000,0.0000,7.7332,10.3452
2026-08-30T00:15:57Z,90.6004,100.1188,9.5183,0.0000,0.0000,7.7331,10.3292
2026-08-30T00:15:58Z,90.6004,100.1179,9.5174,0.0000,0.0000,7.7330,10.3292
2026-08-30T00:15:59Z,90.5974,100.1170,9.5196,0.0000,0.0000,7.7330,10.3292
2026-08-30T00:16:00Z,90.5974,100.1161,9.5187,0.0000,0.0000,7.7329,10.3292
2026-08-30T00:16:01Z,90.5867,100.1151,9.5284,0.0000,0.0000,7.7328,10.3292
2026-08-30T00:16:02Z,90.5867,100.1142,9.5275,0.0000,0.0000,7.7327,10.3292
2026-08-30T00:16:03Z,90.6096,100.0118,9.4022,0.0000,0.0000,7.7327,10.3452
2026-08-30T00:16:04Z,90.6096,100.0109,9.4013,0.0000,0.0000,7.7326,10.3452
2026-08-30T00:16:05Z,90.5608,100.0100,9.4493,0.0000,0.0000,7.7325,10.3452
2026-08-30T00:16:06Z,90.5608,100.0091,9.4484,0.0000,0.0000,7.7324,10.3452
2026-08-30T00:16:07Z,90.5699,100.1097,9.5398,0.0000,0.0000,7.7324,10.3292
2026-08-30T00:16:08Z,90.5699,100.1088,9.5389,0.0000,0.0000,7.7323,10.3292
2026-08-30T00:16:09Z,90.6004,100.1079,9.5074,0.0000,0.0000,7.7322,10.3292
2026-08-30T00:16:10Z,90.6004,100.1070,9.5065,0.0000,0.0000,7.7322,10.3292
2026-08-30T00:16:11Z,90.6004,100.0046,9.4042,0.0000,0.0000,7.7321,10.3452
2026-08-30T00:16:12Z,90.6004,100.0037,9.4032,0.0000,0.0000,7.7320,10.3452
2026-08-30T00:16:13Z,90.6096,100.1043,9.4947,0.0000,0.0000,7.7319,10.3292
2026-08-30T00:16:14Z,90.6096,100.1034,9.4938,0.0000,0.0000,7.7319,10.3292
2026-08-30T00:16:15Z,90.5974,100.1024,9.5051,0.0000,0.0000,7.7318,10.3292
2026-08-30T00:16:16Z,90.5974,100.1015,9.5041,0.0000,0.0000,7.7317,10.3292
2026-08-30T00:16:17Z,90.5791,100.1853,9.6062,0.0000,0.0000,7.7316,10.3159
2026-08-30T00:16:18Z,90.5791,100.1844,9.6053,0.0000,0.0000,7.7316,10.3159
2026-08-30T00:16:19Z,90.6050,100.0988,9.4938,0.0000,0.0000,7.7315,10.3292
2026-08-30T00:16:20Z,90.6050,100.0979,9.4929,0.0000,0.0000,7.7314,10.3292
2026-08-30T00:16:21Z,90.6096,100.0970,9.4874,0.0000,0.0000,7.7313,10.3292
2026-08-30T00:16:22Z,90.6096,100.0961,9.4865,0.0000,0.0000,7.7313,10.3292
2026-08-30T00:16:23Z,90.5913,100.0952,9.5039,0.0000,0.0000,7.7312,10.3292
2026-08-30T00:16:24Z,90.5913,100.0943,9.5030,0.0000,0.0000,7.7311,10.3292
2026-08-30T00:16:25Z,90.5821,100.2627,9.6806,0.0000,0.0000,7.7310,10.3025
2026-08-30T00:16:26Z,90.5821,100.2618,9.6797,0.0000,0.0000,7.7310,10.3025
2026-08-30T00:16:27Z,90.5608,100.2609,9.7002,0.0000,0.0000,7.7309,10.3025
2026-08-30T00:16:28Z,90.5608,100.2600,9.6992,0.0000,0.0000,7.7308,10.3025
2026-08-30T00:16:29Z,90.5470,100.1744,9.6274,0.0000,0.0000,7.7307,10.3159
2026-08-30T00:16:30Z,90.5470,100.1735,9.6264,0.0000,0.0000,7.7307,10.3159
2026-08-30T00:16:31Z,90.5776,100.0879,9.5104,0.0000,0.0000,7.7306,10.3292
2026-08-30T00:16:32Z,90.5776,100.0870,9.5095,0.0000,0.0000,7.7305,10.3292
2026-08-30T00:16:33Z,90.5699,100.2555,9.6855,0.0000,0.0000,7.7304,10.3025
2026-08-30T00:16:34Z,90.5699,100.2546,9.6846,0.0000,0.0000,7.7304,10.3025
2026-08-30T00:16:35Z,90.5562,99.9829,9.4267,0.0000,0.0000,7.7303,10.3452
2026-08-30T00:16:36Z,90.5562,99.9819,9.4258,0.0000,0.0000,7.7302,10.3452
2026-08-30T00:16:37Z,90.5959,100.0825,9.4866,0.0000,0.0000,7.7301,10.3292
2026-08-30T00:16:38Z,90.5959,100.0816,9.4857,0.0000,0.0000,7.7301,10.3292
2026-08-30T00:16:39Z,90.5608,100.2500,9.6893,0.0000,0.0000,7.7300,10.3025
2026-08-30T00:16:40Z,90.5608,100.2491,9.6883,0.0000,0.0000,7.7299,10.3025
2026-08-30T00:16:41Z,90.5837,100.0789,9.4952,0.0000,0.0000,7.7298,10.3292
2026-08-30T00:16:42Z,90.5837,100.0780,9.4943,0.0000,0.0000,7.7298,10.3292
2026-08-30T00:16:43Z,90.5745,99.9756,9.4011,0.0000,0.0000,7.7297,10.3452
2026-08-30T00:16:44Z,90.5745,99.9747,9.4002,0.0000,0.0000,7.7296,10.3452
2026-08-30T00:16:45Z,90.5608,100.0752,9.5145,0.0000,0.0000,7.7295,10.3292
2026-08-30T00:16:46Z,90.5608,100.0743,9.5136,0.0000,0.0000,7.7295,10.3292
2026-08-30T00:16:47Z,90.5516,100.0734,9.5218,0.0000,0.0000,7.7294,10.3292
2026-08-30T00:16:48Z,90.5516,100.0725,9.5209,0.0000,0.0000,7.7293,10.3292
2026-08-30T00:16:49Z,90.5592,100.1562,9.5970,0.0000,0.0000,7.7292,10.3159
2026-08-30T00:16:50Z,90.5592,100.1553,9.5961,0.0000,0.0000,7.7292,10.3159
2026-08-30T00:16:51Z,90.5608,99.9684,9.4076,0.0000,0.0000,7.7291,10.3452
2026-08-30T00:16:52Z,90.5608,99.9675,9.4067,0.0000,0.0000,7.7290,10.3452
2026-08-30T00:16:53Z,90.5409,99.9665,9.4256,0.0000,0.0000,7.7289,10.3452
2026-08-30T00:16:54Z,90.5409,99.9656,9.4247,0.0000,0.0000,7.7289,10.3452
2026-08-30T00:16:55Z,90.5562,100.0662,9.5100,0.0000,0.0000,7.7288,10.3292
2026-08-30T00:16:56Z,90.5562,100.0653,9.5091,0.0000,0.0000,7.7287,10.3292
2026-08-30T00:16:57Z,90.5653,100.1490,9.5836,0.0000,0.0000,7.7286,10.3159
2026-08-30T00:16:58Z,90.5653,100.1481,9.5827,0.0000,0.0000,7.7286,10.3159
2026-08-30T00:16:59Z,90.5226,100.0625,9.5399,0.0000,0.0000,7.7285,10.3292
2026-08-30T00:17:00Z,90.5226,100.0616,9.5390,0.0000,0.0000,7.7284,10.3292
2026-08-30T00:17:01Z,90.5318,100.1453,9.6136,0.0000,0.0000,7.7283,10.3159
2026-08-30T00:17:02Z,90.5318,100.1444,9.6127,0.0000,0.0000,7.7283,10.3159
2026-08-30T00:17:03Z,90.5364,99.9575,9.4211,0.0000,0.0000,7.7282,10.3452
2026-08-30T00:17:04Z,90.5364,99.9566,9.4202,0.0000,0.0000,7.7281,10.3452
2026-08-30T00:17:05Z,90.5455,100.2264,9.6809,0.0000,0.0000,7.7280,10.3025
2026-08-30T00:17:06Z,90.5455,100.2255,9.6800,0.0000,0.0000,7.7280,10.3025
2026-08-30T00:17:07Z,90.5791,100.1399,9.5608,0.0000,0.0000,7.7279,10.3159
2026-08-30T00:17:08Z,90.5791,100.1390,9.5599,0.0000,0.0000,7.7278,10.3159
2026-08-30T00:17:09Z,90.5409,100.2228,9.6818,0.0000,0.0000,7.7277,10.3025
2026-08-30T00:17:10Z,90.5409,100.2219,9.6809,0.0000,0.0000,7.7277,10.3025
2026-08-30T00:17:11Z,90.5409,100.0517,9.5107,0.0000,0.0000,7.7276,10.3292
2026-08-30T00:17:12Z,90.5409,100.0508,9.5098,0.0000,0.0000,7.7275,10.3292
2026-08-30T00:17:13Z,90.5379,100.1345,9.5966,0.0000,0.0000,7.7275,10.3159
2026-08-30T00:17:14Z,90.5379,100.1336,9.5957,0.0000,0.0000,7.7274,10.3159
2026-08-30T00:17:15Z,90.5562,100.0480,9.4918,0.0000,0.0000,7.7273,10.3292
2026-08-30T00:17:16Z,90.5562,100.0471,9.4909,0.0000,0.0000,7.7272,10.3292
2026-08-30T00:17:17Z,90.5272,100.1308,9.6036,0.0000,0.0000,7.7272,10.3159
2026-08-30T00:17:18Z,90.5272,100.1299,9.6027,0.0000,0.0000,7.7271,10.3159
2026-08-30T00:17:19Z,90.5516,100.1290,9.5774,0.0000,0.0000,7.7270,10.3159
2026-08-30T00:17:20Z,90.5516,100.1281,9.5765,0.0000,0.0000,7.7269,10.3159
2026-08-30T00:17:21Z,90.5272,100.0426,9.5154,0.0000,0.0000,7.7269,10.3292
2026-08-30T00:17:22Z,90.5272,100.0417,9.5145,0.0000,0.0000,7.7268,10.3292
2026-08-30T00:17:23Z,90.5455,100.1254,9.5799,0.0000,0.0000,7.7267,10.3159
2026-08-30T00:17:24Z,90.5455,100.1245,9.5790,0.0000,0.0000,7.7266,10.3159
2026-08-30T00:17:25Z,90.5226,100.1236,9.6009,0.0000,0.0000,7.7266,10.3159
2026-08-30T00:17:26Z,90.5226,100.1227,9.6000,0.0000,0.0000,7.7265,10.3159
2026-08-30T00:17:27Z,90.5608,99.9358,9.3750,0.0000,0.0000,7.7264,10.3452
2026-08-30T00:17:28Z,90.5608,99.9349,9.3741,0.0000,0.0000,7.7263,10.3452
2026-08-30T00:17:29Z,90.5226,100.0353,9.5127,0.0000,0.0000,7.7263,10.3292
2026-08-30T00:17:30Z,90.5226,100.0344,9.5118,0.0000,0.0000,7.7262,10.3292
2026-08-30T00:17:31Z,90.5089,100.0335,9.5246,0.0000,0.0000,7.7261,10.3292
2026-08-30T00:17:32Z,90.5089,100.0326,9.5237,0.0000,0.0000,7.7260,10.3292
2026-08-30T00:17:33Z,90.5608,100.1163,9.5555,0.0000,0.0000,7.7260,10.3159
2026-08-30T00:17:34Z,90.5608,100.1154,9.5546,0.0000,0.0000,7.7259,10.3159
2026-08-30T00:17:35Z,90.5516,100.1145,9.5629,0.0000,0.0000,7.7258,10.3159
2026-08-30T00:17:36Z,90.5516,100.1136,9.5620,0.0000,0.0000,7.7257,10.3159
2026-08-30T00:17:37Z,90.5516,100.1974,9.6457,0.0000,0.0000,7.7257,10.3025
2026-08-30T00:17:38Z,90.5516,100.1964,9.6448,0.0000,0.0000,7.7256,10.3025
2026-08-30T00:17:39Z,90.5150,100.1109,9.5959,0.0000,0.0000,7.7255,10.3159
2026-08-30T00:17:40Z,90.5150,100.1100,9.5950,0.0000,0.0000,7.7254,10.3159
2026-08-30T00:17:41Z,90.5455,100.1091,9.5635,0.0000,0.0000,7.7254,10.3159
2026-08-30T00:17:42Z,90.5455,100.1081,9.5626,0.0000,0.0000,7.7253,10.3159
2026-08-30T00:17:43Z,90.4906,100.1072,9.6167,0.0000,0.0000,7.7252,10.3159
2026-08-30T00:17:44Z,90.4906,100.1063,9.6158,0.0000,0.0000,7.7251,10.3159
2026-08-30T00:17:45Z,90.5196,99.9195,9.3999,0.0000,0.0000,7.7251,10.3452
2026-08-30T00:17:46Z,90.5196,99.9186,9.3990,0.0000,0.0000,7.7250,10.3452
2026-08-30T00:17:47Z,90.5516,100.1036,9.5520,0.0000,0.0000,7.7249,10.3159
2026-08-30T00:17:48Z,90.5516,100.1027,9.5511,0.0000,0.0000,7.7248,10.3159
2026-08-30T00:17:49Z,90.5455,100.0172,9.4717,0.0000,0.0000,7.7248,10.3292
2026-08-30T00:17:50Z,90.5455,100.0163,9.4708,0.0000,0.0000,7.7247,10.3292
2026-08-30T00:17:51Z,90.5196,99.9140,9.3945,0.0000,0.0000,7.7246,10.3452
2026-08-30T00:17:52Z,90.5196,99.9131,9.3935,0.0000,0.0000,7.7245,10.3452
2026-08-30T00:17:53Z,90.5318,100.0982,9.5664,0.0000,0.0000,7.7245,10.3159
2026-08-30T00:17:54Z,90.5318,100.0973,9.5655,0.0000,0.0000,7.7244,10.3159
2026-08-30T00:17:55Z,90.5379,100.0118,9.4739,0.0000,0.0000,7.7243,10.3292
2026-08-30T00:17:56Z,90.5379,100.0109,9.4730,0.0000,0.0000,7.7242,10.3292
2026-08-30T00:17:57Z,90.5608,100.0100,9.4492,0.0000,0.0000,7.7242,10.3292
2026-08-30T00:17:58Z,90.5608,100.0091,9.4483,0.0000,0.0000,7.7241,10.3292
2026-08-30T00:17:59Z,90.5013,99.9068,9.4055,0.0000,0.0000,7.7240,10.3452
2026-08-30T00:18:00Z,90.5013,99.9059,9.4046,0.0000,0.0000,7.7239,10.3452
2026-08-30T00:18:01Z,90.5409,100.1756,9.6346,0.0000,0.0000,7.7239,10.3025
2026-08-30T00:18:02Z,90.5409,100.1747,9.6337,0.0000,0.0000,7.7238,10.3025
2026-08-30T00:18:03Z,90.5455,100.0891,9.5436,0.0000,0.0000,7.7237,10.3159
2026-08-30T00:18:04Z,90.5455,100.0882,9.5427,0.0000,0.0000,7.7236,10.3159
2026-08-30T00:18:05Z,90.5608,100.0873,9.5265,0.0000,0.0000,7.7236,10.3159
2026-08-30T00:18:06Z,90.5608,100.0864,9.5256,0.0000,0.0000,7.7235,10.3159
2026-08-30T00:18:07Z,90.5287,99.8995,9.3708,0.0000,0.0000,7.7234,10.3452
2026-08-30T00:18:08Z,90.5287,99.8986,9.3699,0.0000,0.0000,7.7233,10.3452
2026-08-30T00:18:09Z,90.4997,100.0837,9.5839,0.0000,0.0000,7.7233,10.3159
2026-08-30T00:18:10Z,90.4997,100.0827,9.5830,0.0000,0.0000,7.7232,10.3159
2026-08-30T00:18:11Z,90.5455,100.0818,9.5363,0.0000,0.0000,7.7231,10.3159
2026-08-30T00:18:12Z,90.5455,100.0809,9.5354,0.0000,0.0000,7.7231,10.3159
2026-08-30T00:18:13Z,90.5364,99.9955,9.4591,0.0000,0.0000,7.7230,10.3292
2026-08-30T00:18:14Z,90.5364,99.9946,9.4582,0.0000,0.0000,7.7229,10.3292
2026-08-30T00:18:15Z,90.5455,99.9937,9.4481,0.0000,0.0000,7.7228,10.3292
2026-08-30T00:18:16Z,90.5455,99.9927,9.4472,0.0000,0.0000,7.7228,10.3292
2026-08-30T00:18:17Z,90.5150,99.9918,9.4769,0.0000,0.0000,7.7227,10.3292
2026-08-30T00:18:18Z,90.5150,99.9909,9.4759,0.0000,0.0000,7.7226,10.3292
2026-08-30T00:18:19Z,90.5272,99.9900,9.4628,0.0000,0.0000,7.7225,10.3292
2026-08-30T00:18:20Z,90.5272,99.9891,9.4619,0.0000,0.0000,7.7225,10.3292
2026-08-30T00:18:21Z,90.5608,99.9882,9.4274,0.0000,0.0000,7.7224,10.3292
2026-08-30T00:18:22Z,90.5608,99.9873,9.4265,0.0000,0.0000,7.7223,10.3292
2026-08-30T00:18:23Z,90.5150,99.8851,9.3701,0.0000,0.0000,7.7222,10.3452
2026-08-30T00:18:24Z,90.5150,99.8841,9.3692,0.0000,0.0000,7.7222,10.3452
2026-08-30T00:18:25Z,90.4921,100.0691,9.5770,0.0000,0.0000,7.7221,10.3159
2026-08-30T00:18:26Z,90.4921,100.0682,9.5761,0.0000,0.0000,7.7220,10.3159
2026-08-30T00:18:27Z,90.5272,100.0673,9.5401,0.0000,0.0000,7.7219,10.3159
2026-08-30T00:18:28Z,90.5272,100.0664,9.5392,0.0000,0.0000,7.7219,10.3159
2026-08-30T00:18:29Z,90.5272,99.9810,9.4538,0.0000,0.0000,7.7218,10.3292
2026-08-30T00:18:30Z,90.5272,99.9801,9.4529,0.0000,0.0000,7.7217,10.3292
2026-08-30T00:18:31Z,90.5089,99.9792,9.4703,0.0000,0.0000,7.7216,10.3292
2026-08-30T00:18:32Z,90.5089,99.9783,9.4694,0.0000,0.0000,7.7216,10.3292
2026-08-30T00:18:33Z,90.5013,99.9773,9.4761,0.0000,0.0000,7.7215,10.3292
2026-08-30T00:18:34Z,90.5013,99.9764,9.4752,0.0000,0.0000,7.7214,10.3292
2026-08-30T00:18:35Z,90.5226,99.8742,9.3516,0.0000,0.0000,7.7213,10.3452
2026-08-30T00:18:36Z,90.5226,99.8733,9.3507,0.0000,0.0000,7.7213,10.3452
2026-08-30T00:18:37Z,90.5272,99.9737,9.4465,0.0000,0.0000,7.7212,10.3292
2026-08-30T00:18:38Z,90.5272,99.9728,9.4456,0.0000,0.0000,7.7211,10.3292
2026-08-30T00:18:39Z,90.5150,100.0564,9.5415,0.0000,0.0000,7.7210,10.3159
2026-08-30T00:18:40Z,90.5150,100.0555,9.5405,0.0000,0.0000,7.7210,10.3159
2026-08-30T00:18:41Z,90.4967,99.8688,9.3721,0.0000,0.0000,7.7209,10.3452
2026-08-30T00:18:42Z,90.4967,99.8679,9.3712,0.0000,0.0000,7.7208,10.3452
2026-08-30T00:18:43Z,90.5318,99.9683,9.4365,0.0000,0.0000,7.7207,10.3292
2026-08-30T00:18:44Z,90.5318,99.9674,9.4356,0.0000,0.0000,7.7207,10.3292
2026-08-30T00:18:45Z,90.5135,100.0510,9.5375,0.0000,0.0000,7.7206,10.3159
2026-08-30T00:18:46Z,90.5135,100.0501,9.5366,0.0000,0.0000,7.7205,10.3159
2026-08-30T00:18:47Z,90.4585,99.9647,9.5061,0.0000,0.0000,7.7204,10.3292
2026-08-30T00:18:48Z,90.4585,99.9638,9.5052,0.0000,0.0000,7.7204,10.3292
2026-08-30T00:18:49Z,90.5196,99.9628,9.4433,0.0000,0.0000,7.7203,10.3292
2026-08-30T00:18:50Z,90.5196,99.9619,9.4424,0.0000,0.0000,7.7202,10.3292
2026-08-30T00:18:51Z,90.4540,99.9610,9.5071,0.0000,0.0000,7.7201,10.3292
2026-08-30T00:18:52Z,90.4540,99.9601,9.5062,0.0000,0.0000,7.7201,10.3292
2026-08-30T00:18:53Z,90.4768,99.9592,9.4824,0.0000,0.0000,7.7200,10.3292
2026-08-30T00:18:54Z,90.4768,99.9583,9.4815,0.0000,0.0000,7.7199,10.3292
2026-08-30T00:18:55Z,90.4829,99.9574,9.4745,0.0000,0.0000,7.7198,10.3292
2026-08-30T00:18:56Z,90.4829,99.9565,9.4736,0.0000,0.0000,7.7198,10.3292
2026-08-30T00:18:57Z,90.5013,100.0401,9.5389,0.0000,0.0000,7.7197,10.3159
2026-08-30T00:18:58Z,90.5013,100.0392,9.5380,0.0000,0.0000,7.7196,10.3159
2026-08-30T00:18:59Z,90.4768,100.0383,9.5615,0.0000,0.0000,7.7195,10.3159
2026-08-30T00:19:00Z,90.4768,100.0374,9.5606,0.0000,0.0000,7.7195,10.3159
2026-08-30T00:19:01Z,90.4921,100.0365,9.5444,0.0000,0.0000,7.7194,10.3159
2026-08-30T00:19:02Z,90.4921,100.0356,9.5435,0.0000,0.0000,7.7193,10.3159
2026-08-30T00:19:03Z,90.4723,99.8488,9.3766,0.0000,0.0000,7.7192,10.3452
2026-08-30T00:19:04Z,90.4723,99.8479,9.3757,0.0000,0.0000,7.7192,10.3452
2026-08-30T00:19:05Z,90.4829,100.0329,9.5499,0.0000,0.0000,7.7191,10.3159
2026-08-30T00:19:06Z,90.4829,100.0320,9.5490,0.0000,0.0000,7.7190,10.3159
2026-08-30T00:19:07Z,90.4723,100.1157,9.6434,0.0000,0.0000,7.7189,10.3025
2026-08-30T00:19:08Z,90.4723,100.1147,9.6425,0.0000,0.0000,7.7189,10.3025
2026-08-30T00:19:09Z,90.4631,99.9447,9.4816,0.0000,0.0000,7.7188,10.3292
2026-08-30T00:19:10Z,90.4631,99.9438,9.4807,0.0000,0.0000,7.7187,10.3292
2026-08-30T00:19:11Z,90.4509,99.9429,9.4920,0.0000,0.0000,7.7187,10.3292
2026-08-30T00:19:12Z,90.4509,99.9420,9.4911,0.0000,0.0000,7.7186,10.3292
2026-08-30T00:19:13Z,90.4631,100.0256,9.5625,0.0000,0.0000,7.7185,10.3159
2026-08-30T00:19:14Z,90.4631,100.0247,9.5616,0.0000,0.0000,7.7184,10.3159
2026-08-30T00:19:15Z,90.4677,100.0238,9.5561,0.0000,0.0000,7.7184,10.3159
2026-08-30T00:19:16Z,90.4677,100.0229,9.5552,0.0000,0.0000,7.7183,10.3159
2026-08-30T00:19:17Z,90.4829,99.8362,9.3532,0.0000,0.0000,7.7182,10.3452
2026-08-30T00:19:18Z,90.4829,99.8353,9.3523,0.0000,0.0000,7.7181,10.3452
2026-08-30T00:19:19Z,90.4631,99.9357,9.4726,0.0000,0.0000,7.7181,10.3292
2026-08-30T00:19:20Z,90.4631,99.9348,9.4717,0.0000,0.0000,7.7180,10.3292
2026-08-30T00:19:21Z,90.4509,99.9339,9.4830,0.0000,0.0000,7.7179,10.3292
2026-08-30T00:19:22Z,90.4509,99.9330,9.4820,0.0000,0.0000,7.7178,10.3292
2026-08-30T00:19:23Z,90.4967,100.0166,9.5199,0.0000,0.0000,7.7178,10.3159
2026-08-30T00:19:24Z,90.4967,100.0156,9.5190,0.0000,0.0000,7.7177,10.3159
2026-08-30T00:19:25Z,90.4448,99.9302,9.4854,0.0000,0.0000,7.7176,10.3292
2026-08-30T00:19:26Z,90.4448,99.9293,9.4845,0.0000,0.0000,7.7175,10.3292
2026-08-30T00:19:27Z,90.4829,99.8271,9.3442,0.0000,0.0000,7.7175,10.3452
2026-08-30T00:19:28Z,90.4829,99.8262,9.3433,0.0000,0.0000,7.7174,10.3452
2026-08-30T00:19:29Z,90.4677,99.8253,9.3576,0.0000,0.0000,7.7173,10.3452
2026-08-30T00:19:30Z,90.4677,99.8244,9.3567,0.0000,0.0000,7.7172,10.3452
2026-08-30T00:19:31Z,90.4311,99.9248,9.4937,0.0000,0.0000,7.7172,10.3292
2026-08-30T00:19:32Z,90.4311,99.9239,9.4928,0.0000,0.0000,7.7171,10.3292
2026-08-30T00:19:33Z,90.4463,99.9230,9.4767,0.0000,0.0000,7.7170,10.3292
2026-08-30T00:19:34Z,90.4463,99.9221,9.4758,0.0000,0.0000,7.7169,10.3292
2026-08-30T00:19:35Z,90.4692,100.0057,9.5365,0.0000,0.0000,7.7169,10.3159
2026-08-30T00:19:36Z,90.4692,100.0048,9.5356,0.0000,0.0000,7.7168,10.3159
2026-08-30T00:19:37Z,90.4677,99.9194,9.4517,0.0000,0.0000,7.7167,10.3292
2026-08-30T00:19:38Z,90.4677,99.9185,9.4508,0.0000,0.0000,7.7166,10.3292
2026-08-30T00:19:39Z,90.4173,99.8163,9.3989,0.0000,0.0000,7.7166,10.3452
2026-08-30T00:19:40Z,90.4173,99.8154,9.3980,0.0000,0.0000,7.7165,10.3452
2026-08-30T00:19:41Z,90.4585,100.0848,9.6263,0.0000,0.0000,7.7164,10.3025
2026-08-30T00:19:42Z,90.4585,100.0839,9.6254,0.0000,0.0000,7.7163,10.3025
2026-08-30T00:19:43Z,90.4448,99.9139,9.4691,0.0000,0.0000,7.7163,10.3292
2026-08-30T00:19:44Z,90.4448,99.9130,9.4682,0.0000,0.0000,7.7162,10.3292
2026-08-30T00:19:45Z,90.4128,99.9966,9.5839,0.0000,0.0000,7.7161,10.3159
2026-08-30T00:19:46Z,90.4128,99.9957,9.5829,0.0000,0.0000,7.7160,10.3159
2026-08-30T00:19:47Z,90.4143,99.9103,9.4960,0.0000,0.0000,7.7160,10.3292
2026-08-30T00:19:48Z,90.4143,99.9094,9.4951,0.0000,0.0000,7.7159,10.3292
2026-08-30T00:19:49Z,90.4372,99.9085,9.4713,0.0000,0.0000,7.7158,10.3292
2026-08-30T00:19:50Z,90.4372,99.9076,9.4704,0.0000,0.0000,7.7157,10.3292
2026-08-30T00:19:51Z,90.4234,100.0757,9.6523,0.0000,0.0000,7.7157,10.3025
2026-08-30T00:19:52Z,90.4234,100.0748,9.6514,0.0000,0.0000,7.7156,10.3025
2026-08-30T00:19:53Z,90.4402,99.9049,9.4647,0.0000,0.0000,7.7155,10.3292
2026-08-30T00:19:54Z,90.4402,99.9040,9.4637,0.0000,0.0000,7.7154,10.3292
2026-08-30T00:19:55Z,90.4448,99.9031,9.4583,0.0000,0.0000,7.7154,10.3292
2026-08-30T00:19:56Z,90.4448,99.9022,9.4574,0.0000,0.0000,7.7153,10.3292
2026-08-30T00:19:57Z,90.4448,99.8000,9.3552,0.0000,0.0000,7.7152,10.3452
2026-08-30T00:19:58Z,90.4448,99.7991,9.3543,0.0000,0.0000,7.7151,10.3452
2026-08-30T00:19:59Z,90.4234,99.8994,9.4760,0.0000,0.0000,7.7151,10.3292
2026-08-30T00:20:00Z,90.4234,99.8985,9.4751,0.0000,0.0000,7.7150,10.3292
2026-08-30T00:20:01Z,90.4402,99.8976,9.4574,0.0000,0.0000,7.7149,10.3292
2026-08-30T00:20:02Z,90.4402,99.8967,9.4565,0.0000,0.0000,7.7149,10.3292
2026-08-30T00:20:03Z,90.4051,99.8958,9.4907,0.0000,0.0000,7.7148,10.3292
2026-08-30T00:20:04Z,90.4051,99.8949,9.4898,0.0000,0.0000,7.7147,10.3292
2026-08-30T00:20:05Z,90.4005,99.8940,9.4935,0.0000,0.0000,7.7146,10.3292
2026-08-30T00:20:06Z,90.4005,99.8931,9.4926,0.0000,0.0000,7.7146,10.3292
2026-08-30T00:20:07Z,90.4448,99.8922,9.4474,0.0000,0.0000,7.7145,10.3292
2026-08-30T00:20:08Z,90.4448,99.8913,9.4465,0.0000,0.0000,7.7144,10.3292
2026-08-30T00:20:09Z,90.4372,99.8904,9.4532,0.0000,0.0000,7.7143,10.3292
2026-08-30T00:20:10Z,90.4372,99.8895,9.4523,0.0000,0.0000,7.7143,10.3292
2026-08-30T00:20:11Z,90.4234,99.8886,9.4651,0.0000,0.0000,7.7142,10.3292
2026-08-30T00:20:12Z,90.4234,99.8877,9.4642,0.0000,0.0000,7.7141,10.3292
2026-08-30T00:20:13Z,90.4234,99.9712,9.5478,0.0000,0.0000,7.7140,10.3159
2026-08-30T00:20:14Z,90.4234,99.9703,9.5469,0.0000,0.0000,7.7140,10.3159
2026-08-30T00:20:15Z,90.4234,99.7837,9.3603,0.0000,0.0000,7.7139,10.3452
2026-08-30T00:20:16Z,90.4234,99.7828,9.3594,0.0000,0.0000,7.7138,10.3452
2026-08-30T00:20:17Z,90.4326,99.9676,9.5350,0.0000,0.0000,7.7137,10.3159
2026-08-30T00:20:18Z,90.4326,99.9667,9.5341,0.0000,0.0000,7.7137,10.3159
2026-08-30T00:20:19Z,90.4051,99.9658,9.5607,0.0000,0.0000,7.7136,10.3159
2026-08-30T00:20:20Z,90.4051,99.9649,9.5598,0.0000,0.0000,7.7135,10.3159
2026-08-30T00:20:21Z,90.3944,99.9640,9.5695,0.0000,0.0000,7.7134,10.3159
2026-08-30T00:20:22Z,90.3944,99.9631,9.5686,0.0000,0.0000,7.7134,10.3159
2026-08-30T00:20:23Z,90.4143,99.8777,9.4634,0.0000,0.0000,7.7133,10.3292
2026-08-30T00:20:24Z,90.4143,99.8768,9.4625,0.0000,0.0000,7.7132,10.3292
2026-08-30T00:20:25Z,90.4128,99.8759,9.4631,0.0000,0.0000,7.7131,10.3292
2026-08-30T00:20:26Z,90.4128,99.8750,9.4622,0.0000,0.0000,7.7131,10.3292
2026-08-30T00:20:27Z,90.4143,99.9585,9.5443,0.0000,0.0000,7.7130,10.3159
2026-08-30T00:20:28Z,90.4143,99.9576,9.5434,0.0000,0.0000,7.7129,10.3159
2026-08-30T00:20:29Z,90.4051,99.9567,9.5516,0.0000,0.0000,7.7128,10.3159
2026-08-30T00:20:30Z,90.4051,99.9558,9.5507,0.0000,0.0000,7.7128,10.3159
2026-08-30T00:20:31Z,90.3990,99.9549,9.5559,0.0000,0.0000,7.7127,10.3159
2026-08-30T00:20:32Z,90.3990,99.9540,9.5550,0.0000,0.0000,7.7126,10.3159
2026-08-30T00:20:33Z,90.3807,99.8687,9.4879,0.0000,0.0000,7.7125,10.3292
2026-08-30T00:20:34Z,90.3807,99.8677,9.4870,0.0000,0.0000,7.7125,10.3292
2026-08-30T00:20:35Z,90.3868,99.9513,9.5645,0.0000,0.0000,7.7124,10.3159
2026-08-30T00:20:36Z,90.3868,99.9504,9.5636,0.0000,0.0000,7.7123,10.3159
2026-08-30T00:20:37Z,90.3761,99.8650,9.4889,0.0000,0.0000,7.7122,10.3292
2026-08-30T00:20:38Z,90.3761,99.8641,9.4880,0.0000,0.0000,7.7122,10.3292
2026-08-30T00:20:39Z,90.4051,99.8632,9.4581,0.0000,0.0000,7.7121,10.3292
2026-08-30T00:20:40Z,90.4051,99.8623,9.4572,0.0000,0.0000,7.7120,10.3292
2026-08-30T00:20:41Z,90.3807,99.9459,9.5651,0.0000,0.0000,7.7119,10.3159
2026-08-30T00:20:42Z,90.3807,99.9450,9.5642,0.0000,0.0000,7.7119,10.3159
2026-08-30T00:20:43Z,90.3853,99.9440,9.5588,0.0000,0.0000,7.7118,10.3159
2026-08-30T00:20:44Z,90.3853,99.9431,9.5578,0.0000,0.0000,7.7117,10.3159
2026-08-30T00:20:45Z,90.3914,99.7566,9.3652,0.0000,0.0000,7.7116,10.3452
2026-08-30T00:20:46Z,90.3914,99.7557,9.3643,0.0000,0.0000,7.7116,10.3452
2026-08-30T00:20:47Z,90.3868,99.8560,9.4692,0.0000,0.0000,7.7115,10.3292
2026-08-30T00:20:48Z,90.3868,99.8551,9.4683,0.0000,0.0000,7.7114,10.3292
2026-08-30T00:20:49Z,90.3548,99.8542,9.4994,0.0000,0.0000,7.7113,10.3292
2026-08-30T00:20:50Z,90.3548,99.8533,9.4985,0.0000,0.0000,7.7113,10.3292
2026-08-30T00:20:51Z,90.3441,100.1059,9.7618,0.0000,0.0000,7.7112,10.2892
2026-08-30T00:20:52Z,90.3441,100.1050,9.7609,0.0000,0.0000,7.7111,10.2892
2026-08-30T00:20:53Z,90.3761,99.8505,9.4744,0.0000,0.0000,7.7111,10.3292
2026-08-30T00:20:54Z,90.3761,99.8496,9.4735,0.0000,0.0000,7.7110,10.3292
2026-08-30T00:20:55Z,90.3944,100.0177,9.6232,0.0000,0.0000,7.7109,10.3025
2026-08-30T00:20:56Z,90.3944,100.0168,9.6223,0.0000,0.0000,7.7108,10.3025
2026-08-30T00:20:57Z,90.3624,99.9314,9.5690,0.0000,0.0000,7.7108,10.3159
2026-08-30T00:20:58Z,90.3624,99.9305,9.5681,0.0000,0.0000,7.7107,10.3159
2026-08-30T00:20:59Z,90.3853,99.8451,9.4598,0.0000,0.0000,7.7106,10.3292
2026-08-30T00:21:00Z,90.3853,99.8442,9.4589,0.0000,0.0000,7.7105,10.3292
2026-08-30T00:21:01Z,90.3868,99.9277,9.5409,0.0000,0.0000,7.7105,10.3159
2026-08-30T00:21:02Z,90.3868,99.9268,9.5400,0.0000,0.0000,7.7104,10.3159
2026-08-30T00:21:03Z,90.3853,99.8415,9.4562,0.0000,0.0000,7.7103,10.3292
2026-08-30T00:21:04Z,90.3853,99.8406,9.4553,0.0000,0.0000,7.7102,10.3292
2026-08-30T00:21:05Z,90.3853,99.8397,9.4544,0.0000,0.0000,7.7102,10.3292
2026-08-30T00:21:06Z,90.3853,99.8388,9.4535,0.0000,0.0000,7.7101,10.3292
2026-08-30T00:21:07Z,90.3777,99.9223,9.5446,0.0000,0.0000,7.7100,10.3159
2026-08-30T00:21:08Z,90.3777,99.9214,9.5437,0.0000,0.0000,7.7099,10.3159
2026-08-30T00:21:09Z,90.3548,99.7349,9.3801,0.0000,0.0000,7.7099,10.3452
2026-08-30T00:21:10Z,90.3548,99.7340,9.3792,0.0000,0.0000,7.7098,10.3452
2026-08-30T00:21:11Z,90.3365,99.8343,9.4978,0.0000,0.0000,7.7097,10.3292
2026-08-30T00:21:12Z,90.3365,99.8333,9.4969,0.0000,0.0000,7.7096,10.3292
2026-08-30T00:21:13Z,90.3441,99.9169,9.5728,0.0000,0.0000,7.7096,10.3159
2026-08-30T00:21:14Z,90.3441,99.9160,9.5719,0.0000,0.0000,7.7095,10.3159
2026-08-30T00:21:15Z,90.3868,99.9996,9.6127,0.0000,0.0000,7.7094,10.3025
2026-08-30T00:21:16Z,90.3868,99.9986,9.6118,0.0000,0.0000,7.7093,10.3025
2026-08-30T00:21:17Z,90.3761,99.7276,9.3515,0.0000,0.0000,7.7093,10.3452
2026-08-30T00:21:18Z,90.3761,99.7267,9.3506,0.0000,0.0000,7.7092,10.3452
2026-08-30T00:21:19Z,90.3685,99.9114,9.5429,0.0000,0.0000,7.7091,10.3159
2026-08-30T00:21:20Z,90.3685,99.9105,9.5420,0.0000,0.0000,7.7090,10.3159
2026-08-30T00:21:21Z,90.3502,99.9096,9.5594,0.0000,0.0000,7.7090,10.3159
2026-08-30T00:21:22Z,90.3502,99.9087,9.5585,0.0000,0.0000,7.7089,10.3159
2026-08-30T00:21:23Z,90.3548,99.8234,9.4686,0.0000,0.0000,7.7088,10.3292
2026-08-30T00:21:24Z,90.3548,99.8225,9.4677,0.0000,0.0000,7.7087,10.3292
2026-08-30T00:21:25Z,90.3258,99.8216,9.4958,0.0000,0.0000,7.7087,10.3292
2026-08-30T00:21:26Z,90.3258,99.8207,9.4949,0.0000,0.0000,7.7086,10.3292
2026-08-30T00:21:27Z,90.3548,99.9042,9.5494,0.0000,0.0000,7.7085,10.3159
2026-08-30T00:21:28Z,90.3548,99.9033,9.5485,0.0000,0.0000,7.7084,10.3159
2026-08-30T00:21:29Z,90.3624,99.9024,9.5400,0.0000,0.0000,7.7084,10.3159
2026-08-30T00:21:30Z,90.3624,99.9015,9.5391,0.0000,0.0000,7.7083,10.3159
2026-08-30T00:21:31Z,90.3593,99.7150,9.3556,0.0000,0.0000,7.7082,10.3452
2026-08-30T00:21:32Z,90.3593,99.7141,9.3547,0.0000,0.0000,7.7081,10.3452
2026-08-30T00:21:33Z,90.3395,99.8987,9.5592,0.0000,0.0000,7.7081,10.3159
2026-08-30T00:21:34Z,90.3395,99.8978,9.5583,0.0000,0.0000,7.7080,10.3159
2026-08-30T00:21:35Z,90.3395,99.8125,9.4730,0.0000,0.0000,7.7079,10.3292
2026-08-30T00:21:36Z,90.3395,99.8116,9.4721,0.0000,0.0000,7.7078,10.3292
2026-08-30T00:21:37Z,90.3441,99.8951,9.5510,0.0000,0.0000,7.7078,10.3159
2026-08-30T00:21:38Z,90.3441,99.8942,9.5501,0.0000,0.0000,7.7077,10.3159
2026-08-30T00:21:39Z,90.3548,99.7077,9.3530,0.0000,0.0000,7.7076,10.3452
2026-08-30T00:21:40Z,90.3548,99.7068,9.3521,0.0000,0.0000,7.7076,10.3452
2026-08-30T00:21:41Z,90.3319,99.8071,9.4752,0.0000,0.0000,7.7075,10.3292
2026-08-30T00:21:42Z,90.3319,99.8062,9.4743,0.0000,0.0000,7.7074,10.3292
2026-08-30T00:21:43Z,90.3441,99.8053,9.4612,0.0000,0.0000,7.7073,10.3292
2026-08-30T00:21:44Z,90.3441,99.8044,9.4603,0.0000,0.0000,7.7073,10.3292
2026-08-30T00:21:45Z,90.3304,99.8035,9.4731,0.0000,0.0000,7.7072,10.3292
2026-08-30T00:21:46Z,90.3304,99.8026,9.4722,0.0000,0.0000,7.7071,10.3292
2026-08-30T00:21:47Z,90.3532,99.8017,9.4484,0.0000,0.0000,7.7070,10.3292
2026-08-30T00:21:48Z,90.3532,99.8008,9.4475,0.0000,0.0000,7.7070,10.3292
2026-08-30T00:21:49Z,90.2953,99.6987,9.4034,0.0000,0.0000,7.7069,10.3452
2026-08-30T00:21:50Z,90.2953,99.6978,9.4025,0.0000,0.0000,7.7068,10.3452
2026-08-30T00:21:51Z,90.3410,99.8824,9.5414,0.0000,0.0000,7.7067,10.3159
2026-08-30T00:21:52Z,90.3410,99.8815,9.5405,0.0000,0.0000,7.7067,10.3159
2026-08-30T00:21:53Z,90.3258,99.7962,9.4705,0.0000,0.0000,7.7066,10.3292
2026-08-30T00:21:54Z,90.3258,99.7953,9.4696,0.0000,0.0000,7.7065,10.3292
2026-08-30T00:21:55Z,90.3304,99.8788,9.5485,0.0000,0.0000,7.7064,10.3159
2026-08-30T00:21:56Z,90.3304,99.8779,9.5476,0.0000,0.0000,7.7064,10.3159
2026-08-30T00:21:57Z,90.3365,99.7926,9.4562,0.0000,0.0000,7.7063,10.3292
2026-08-30T00:21:58Z,90.3365,99.7917,9.4553,0.0000,0.0000,7.7062,10.3292
2026-08-30T00:21:59Z,90.3410,99.6897,9.3486,0.0000,0.0000,7.7061,10.3452
2026-08-30T00:22:00Z,90.3410,99.6888,9.3477,0.0000,0.0000,7.7061,10.3452
2026-08-30T00:22:01Z,90.3258,99.7890,9.4632,0.0000,0.0000,7.7060,10.3292
2026-08-30T00:22:02Z,90.3258,99.7881,9.4623,0.0000,0.0000,7.7059,10.3292
2026-08-30T00:22:03Z,90.3304,99.6860,9.3557,0.0000,0.0000,7.7058,10.3452
2026-08-30T00:22:04Z,90.3304,99.6851,9.3548,0.0000,0.0000,7.7058,10.3452
2026-08-30T00:22:05Z,90.3182,99.7854,9.4672,0.0000,0.0000,7.7057,10.3292
2026-08-30T00:22:06Z,90.3182,99.7845,9.4663,0.0000,0.0000,7.7056,10.3292
2026-08-30T00:22:07Z,90.3258,99.7836,9.4578,0.0000,0.0000,7.7055,10.3292
2026-08-30T00:22:08Z,90.3258,99.7827,9.4569,0.0000,0.0000,7.7055,10.3292
2026-08-30T00:22:09Z,90.2953,99.8661,9.5709,0.0000,0.0000,7.7054,10.3159
2026-08-30T00:22:10Z,90.2953,99.8652,9.5700,0.0000,0.0000,7.7053,10.3159
2026-08-30T00:22:11Z,90.2907,99.8643,9.5736,0.0000,0.0000,7.7052,10.3159
2026-08-30T00:22:12Z,90.2907,99.8634,9.5727,0.0000,0.0000,7.7052,10.3159
2026-08-30T00:22:13Z,90.3304,99.6770,9.3466,0.0000,0.0000,7.7051,10.3452
2026-08-30T00:22:14Z,90.3304,99.6761,9.3457,0.0000,0.0000,7.7050,10.3452
2026-08-30T00:22:15Z,90.3090,99.7763,9.4673,0.0000,0.0000,7.7049,10.3292
2026-08-30T00:22:16Z,90.3090,99.7754,9.4664,0.0000,0.0000,7.7049,10.3292
2026-08-30T00:22:17Z,90.2861,99.7745,9.4884,0.0000,0.0000,7.7048,10.3292
2026-08-30T00:22:18Z,90.2861,99.7736,9.4875,0.0000,0.0000,7.7047,10.3292
2026-08-30T00:22:19Z,90.2907,99.9415,9.6509,0.0000,0.0000,7.7046,10.3025
2026-08-30T00:22:20Z,90.2907,99.9406,9.6499,0.0000,0.0000,7.7046,10.3025
2026-08-30T00:22:21Z,90.3120,99.7709,9.4589,0.0000,0.0000,7.7045,10.3292
2026-08-30T00:22:22Z,90.3120,99.7700,9.4580,0.0000,0.0000,7.7044,10.3292
2026-08-30T00:22:23Z,90.2846,99.6680,9.3834,0.0000,0.0000,7.7043,10.3452
2026-08-30T00:22:24Z,90.2846,99.6671,9.3825,0.0000,0.0000,7.7043,10.3452
2026-08-30T00:22:25Z,90.2632,99.6662,9.4029,0.0000,0.0000,7.7042,10.3452
2026-08-30T00:22:26Z,90.2632,99.6653,9.4020,0.0000,0.0000,7.7041,10.3452
2026-08-30T00:22:27Z,90.2678,99.7655,9.4977,0.0000,0.0000,7.7041,10.3292
2026-08-30T00:22:28Z,90.2678,99.7646,9.4968,0.0000,0.0000,7.7040,10.3292
2026-08-30T00:22:29Z,90.2861,99.9325,9.6464,0.0000,0.0000,7.7039,10.3025
2026-08-30T00:22:30Z,90.2861,99.9316,9.6455,0.0000,0.0000,7.7038,10.3025
2026-08-30T00:22:31Z,90.3044,99.8462,9.5418,0.0000,0.0000,7.7038,10.3159
2026-08-30T00:22:32Z,90.3044,99.8453,9.5409,0.0000,0.0000,7.7037,10.3159
2026-08-30T00:22:33Z,90.2800,99.7600,9.4800,0.0000,0.0000,7.7036,10.3292
2026-08-30T00:22:34Z,90.2800,99.7591,9.4791,0.0000,0.0000,7.7035,10.3292
2026-08-30T00:22:35Z,90.2754,99.6571,9.3817,0.0000,0.0000,7.7035,10.3452
2026-08-30T00:22:36Z,90.2754,99.6562,9.3808,0.0000,0.0000,7.7034,10.3452
2026-08-30T00:22:37Z,90.2754,99.8408,9.5654,0.0000,0.0000,7.7033,10.3159
2026-08-30T00:22:38Z,90.2754,99.8399,9.5645,0.0000,0.0000,7.7032,10.3159
2026-08-30T00:22:39Z,90.2953,99.6535,9.3582,0.0000,0.0000,7.7032,10.3452
2026-08-30T00:22:40Z,90.2953,99.6526,9.3573,0.0000,0.0000,7.7031,10.3452
2026-08-30T00:22:41Z,90.2861,99.7528,9.4667,0.0000,0.0000,7.7030,10.3292
2026-08-30T00:22:42Z,90.2861,99.7519,9.4658,0.0000,0.0000,7.7029,10.3292
2026-08-30T00:22:43Z,90.2998,99.7510,9.4512,0.0000,0.0000,7.7029,10.3292
2026-08-30T00:22:44Z,90.2998,99.7501,9.4503,0.0000,0.0000,7.7028,10.3292
2026-08-30T00:22:45Z,90.2495,99.6481,9.3986,0.0000,0.0000,7.7027,10.3452
2026-08-30T00:22:46Z,90.2495,99.6472,9.3977,0.0000,0.0000,7.7026,10.3452
2026-08-30T00:22:47Z,90.2846,99.8317,9.5472,0.0000,0.0000,7.7026,10.3159
2026-08-30T00:22:48Z,90.2846,99.8308,9.5462,0.0000,0.0000,7.7025,10.3159
2026-08-30T00:22:49Z,90.2907,99.8299,9.5392,0.0000,0.0000,7.7024,10.3159
2026-08-30T00:22:50Z,90.2907,99.8290,9.5383,0.0000,0.0000,7.7023,10.3159
2026-08-30T00:22:51Z,90.2800,99.8281,9.5481,0.0000,0.0000,7.7023,10.3159
2026-08-30T00:22:52Z,90.2800,99.8272,9.5472,0.0000,0.0000,7.7022,10.3159
2026-08-30T00:22:53Z,90.2754,99.7420,9.4665,0.0000,0.0000,7.7021,10.3292
2026-08-30T00:22:54Z,90.2754,99.7411,9.4656,0.0000,0.0000,7.7020,10.3292
2026-08-30T00:22:55Z,90.2754,99.7401,9.4647,0.0000,0.0000,7.7020,10.3292
2026-08-30T00:22:56Z,90.2754,99.7392,9.4638,0.0000,0.0000,7.7019,10.3292
2026-08-30T00:22:57Z,90.2617,99.6372,9.3755,0.0000,0.0000,7.7018,10.3452
2026-08-30T00:22:58Z,90.2617,99.6363,9.3746,0.0000,0.0000,7.7017,10.3452
2026-08-30T00:22:59Z,90.2754,99.7365,9.4611,0.0000,0.0000,7.7017,10.3292
2026-08-30T00:23:00Z,90.2754,99.7356,9.4602,0.0000,0.0000,7.7016,10.3292
2026-08-30T00:23:01Z,90.2632,99.7347,9.4715,0.0000,0.0000,7.7015,10.3292
2026-08-30T00:23:02Z,90.2632,99.7338,9.4706,0.0000,0.0000,7.7014,10.3292
2026-08-30T00:23:03Z,90.2358,99.9017,9.6659,0.0000,0.0000,7.7014,10.3025
2026-08-30T00:23:04Z,90.2358,99.9008,9.6650,0.0000,0.0000,7.7013,10.3025
2026-08-30T00:23:05Z,90.2480,99.6300,9.3820,0.0000,0.0000,7.7012,10.3452
2026-08-30T00:23:06Z,90.2480,99.6291,9.3811,0.0000,0.0000,7.7011,10.3452
2026-08-30T00:23:07Z,90.2617,99.7293,9.4676,0.0000,0.0000,7.7011,10.3292
2026-08-30T00:23:08Z,90.2617,99.7284,9.4667,0.0000,0.0000,7.7010,10.3292
2026-08-30T00:23:09Z,90.2358,99.7275,9.4917,0.0000,0.0000,7.7009,10.3292
2026-08-30T00:23:10Z,90.2358,99.7266,9.4908,0.0000,0.0000,7.7008,10.3292
2026-08-30T00:23:11Z,90.2358,99.5404,9.3047,0.0000,0.0000,7.7008,10.3586
2026-08-30T00:23:12Z,90.2358,99.5395,9.3038,0.0000,0.0000,7.7007,10.3586
2026-08-30T00:23:13Z,90.2480,99.6228,9.3748,0.0000,0.0000,7.7006,10.3452
2026-08-30T00:23:14Z,90.2480,99.6219,9.3739,0.0000,0.0000,7.7006,10.3452
2026-08-30T00:23:15Z,90.2159,99.7221,9.5061,0.0000,0.0000,7.7005,10.3292
2026-08-30T00:23:16Z,90.2159,99.7212,9.5052,0.0000,0.0000,7.7004,10.3292
2026-08-30T00:23:17Z,90.2296,99.7202,9.4906,0.0000,0.0000,7.7003,10.3292
2026-08-30T00:23:18Z,90.2296,99.7193,9.4897,0.0000,0.0000,7.7003,10.3292
2026-08-30T00:23:19Z,90.2678,99.8028,9.5350,0.0000,0.0000,7.7002,10.3159
2026-08-30T00:23:20Z,90.2678,99.8019,9.5341,0.0000,0.0000,7.7001,10.3159
2026-08-30T00:23:21Z,90.2495,99.6156,9.3661,0.0000,0.0000,7.7000,10.3452
2026-08-30T00:23:22Z,90.2495,99.6146,9.3652,0.0000,0.0000,7.7000,10.3452
2026-08-30T00:23:23Z,90.2678,99.7148,9.4470,0.0000,0.0000,7.6999,10.3292
2026-08-30T00:23:24Z,90.2678,99.7139,9.4461,0.0000,0.0000,7.6998,10.3292
2026-08-30T00:23:25Z,90.2403,99.7130,9.4727,0.0000,0.0000,7.6997,10.3292
2026-08-30T00:23:26Z,90.2403,99.7121,9.4718,0.0000,0.0000,7.6997,10.3292
2026-08-30T00:23:27Z,90.2022,99.7112,9.5090,0.0000,0.0000,7.6996,10.3292
2026-08-30T00:23:28Z,90.2022,99.7103,9.5081,0.0000,0.0000,7.6995,10.3292
2026-08-30T00:23:29Z,90.2312,99.7094,9.4782,0.0000,0.0000,7.6994,10.3292
2026-08-30T00:23:30Z,90.2312,99.7085,9.4773,0.0000,0.0000,7.6994,10.3292
2026-08-30T00:23:31Z,90.2312,99.7076,9.4764,0.0000,0.0000,7.6993,10.3292
2026-08-30T00:23:32Z,90.2312,99.7067,9.4755,0.0000,0.0000,7.6992,10.3292
2026-08-30T00:23:33Z,90.2251,99.7058,9.4807,0.0000,0.0000,7.6991,10.3292
2026-08-30T00:23:34Z,90.2251,99.7049,9.4798,0.0000,0.0000,7.6991,10.3292
2026-08-30T00:23:35Z,90.1884,99.6029,9.4145,0.0000,0.0000,7.6990,10.3452
2026-08-30T00:23:36Z,90.1884,99.6020,9.4136,0.0000,0.0000,7.6989,10.3452
2026-08-30T00:23:37Z,90.2617,99.7022,9.4405,0.0000,0.0000,7.6988,10.3292
2026-08-30T00:23:38Z,90.2617,99.7013,9.4396,0.0000,0.0000,7.6988,10.3292
2026-08-30T00:23:39Z,90.2296,99.7004,9.4707,0.0000,0.0000,7.6987,10.3292
2026-08-30T00:23:40Z,90.2296,99.6994,9.4698,0.0000,0.0000,7.6986,10.3292
2026-08-30T00:23:41Z,90.1976,99.6985,9.5009,0.0000,0.0000,7.6985,10.3292
2026-08-30T00:23:42Z,90.1976,99.6976,9.5000,0.0000,0.0000,7.6985,10.3292
2026-08-30T00:23:43Z,90.2312,99.7810,9.5499,0.0000,0.0000,7.6984,10.3159
2026-08-30T00:23:44Z,90.2312,99.7801,9.5490,0.0000,0.0000,7.6983,10.3159
2026-08-30T00:23:45Z,90.1671,99.6949,9.5278,0.0000,0.0000,7.6982,10.3292
2026-08-30T00:23:46Z,90.1671,99.6940,9.5269,0.0000,0.0000,7.6982,10.3292
2026-08-30T00:23:47Z,90.2159,99.8618,9.6459,0.0000,0.0000,7.6981,10.3025
2026-08-30T00:23:48Z,90.2159,99.8609,9.6450,0.0000,0.0000,7.6980,10.3025
2026-08-30T00:23:49Z,90.1884,99.6913,9.5029,0.0000,0.0000,7.6979,10.3292
2026-08-30T00:23:50Z,90.1884,99.6904,9.5020,0.0000,0.0000,7.6979,10.3292
2026-08-30T00:23:51Z,90.1930,99.6895,9.4965,0.0000,0.0000,7.6978,10.3292
2026-08-30T00:23:52Z,90.1930,99.6886,9.4956,0.0000,0.0000,7.6977,10.3292
2026-08-30T00:23:53Z,90.2296,99.6877,9.4580,0.0000,0.0000,7.6976,10.3292
2026-08-30T00:23:54Z,90.2296,99.6868,9.4571,0.0000,0.0000,7.6976,10.3292
2026-08-30T00:23:55Z,90.2113,99.7702,9.5588,0.0000,0.0000,7.6975,10.3159
2026-08-30T00:23:56Z,90.2113,99.7693,9.5579,0.0000,0.0000,7.6974,10.3159
2026-08-30T00:23:57Z,90.1839,99.7684,9.5845,0.0000,0.0000,7.6974,10.3159
2026-08-30T00:23:58Z,90.1839,99.7675,9.5836,0.0000,0.0000,7.6973,10.3159
2026-08-30T00:23:59Z,90.2174,99.6823,9.4648,0.0000,0.0000,7.6972,10.3292
2026-08-30T00:24:00Z,90.2174,99.6814,9.4639,0.0000,0.0000,7.6971,10.3292
2026-08-30T00:24:01Z,90.2220,99.6805,9.4584,0.0000,0.0000,7.6971,10.3292
2026-08-30T00:24:02Z,90.2220,99.6796,9.4575,0.0000,0.0000,7.6970,10.3292
2026-08-30T00:24:03Z,90.2174,99.6787,9.4612,0.0000,0.0000,7.6969,10.3292
2026-08-30T00:24:04Z,90.2174,99.6777,9.4603,0.0000,0.0000,7.6968,10.3292
2026-08-30T00:24:05Z,90.1854,99.6768,9.4914,0.0000,0.0000,7.6968,10.3292
2026-08-30T00:24:06Z,90.1854,99.6759,9.4905,0.0000,0.0000,7.6967,10.3292
2026-08-30T00:24:07Z,90.2037,99.6750,9.4713,0.0000,0.0000,7.6966,10.3292
2026-08-30T00:24:08Z,90.2037,99.6741,9.4704,0.0000,0.0000,7.6965,10.3292
2026-08-30T00:24:09Z,90.2403,99.6732,9.4329,0.0000,0.0000,7.6965,10.3292
2026-08-30T00:24:10Z,90.2403,99.6723,9.4320,0.0000,0.0000,7.6964,10.3292
2026-08-30T00:24:11Z,90.2037,99.5704,9.3667,0.0000,0.0000,7.6963,10.3452
2026-08-30T00:24:12Z,90.2037,99.5695,9.3658,0.0000,0.0000,7.6962,10.3452
2026-08-30T00:24:13Z,90.2022,99.6696,9.4674,0.0000,0.0000,7.6962,10.3292
2026-08-30T00:24:14Z,90.2022,99.6687,9.4665,0.0000,0.0000,7.6961,10.3292
2026-08-30T00:24:15Z,90.2083,99.6678,9.4595,0.0000,0.0000,7.6960,10.3292
2026-08-30T00:24:16Z,90.2083,99.6669,9.4586,0.0000,0.0000,7.6959,10.3292
2026-08-30T00:24:17Z,90.1884,99.6660,9.4775,0.0000,0.0000,7.6959,10.3292
2026-08-30T00:24:18Z,90.1884,99.6651,9.4766,0.0000,0.0000,7.6958,10.3292
2026-08-30T00:24:19Z,90.1884,99.5632,9.3747,0.0000,0.0000,7.6957,10.3452
2026-08-30T00:24:20Z,90.1884,99.5623,9.3738,0.0000,0.0000,7.6956,10.3452
2026-08-30T00:24:21Z,90.1976,99.6624,9.4648,0.0000,0.0000,7.6956,10.3292
2026-08-30T00:24:22Z,90.1976,99.6615,9.4639,0.0000,0.0000,7.6955,10.3292
2026-08-30T00:24:23Z,90.1488,99.6606,9.5118,0.0000,0.0000,7.6954,10.3292
2026-08-30T00:24:24Z,90.1488,99.6597,9.5109,0.0000,0.0000,7.6953,10.3292
2026-08-30T00:24:25Z,90.1839,99.6588,9.4749,0.0000,0.0000,7.6953,10.3292
2026-08-30T00:24:26Z,90.1839,99.6579,9.4740,0.0000,0.0000,7.6952,10.3292
2026-08-30T00:24:27Z,90.1946,99.7412,9.5467,0.0000,0.0000,7.6951,10.3159
2026-08-30T00:24:28Z,90.1946,99.7403,9.5458,0.0000,0.0000,7.6950,10.3159
2026-08-30T00:24:29Z,90.1976,99.6551,9.4575,0.0000,0.0000,7.6950,10.3292
2026-08-30T00:24:30Z,90.1976,99.6542,9.4566,0.0000,0.0000,7.6949,10.3292
2026-08-30T00:24:31Z,90.1976,99.6533,9.4557,0.0000,0.0000,7.6948,10.3292
2026-08-30T00:24:32Z,90.1976,99.6524,9.4548,0.0000,0.0000,7.6947,10.3292
2026-08-30T00:24:33Z,90.1930,99.6515,9.4585,0.0000,0.0000,7.6947,10.3292
2026-08-30T00:24:34Z,90.1930,99.6506,9.4576,0.0000,0.0000,7.6946,10.3292
2026-08-30T00:24:35Z,90.1656,99.5487,9.3831,0.0000,0.0000,7.6945,10.3452
2026-08-30T00:24:36Z,90.1656,99.5478,9.3822,0.0000,0.0000,7.6944,10.3452
2026-08-30T00:24:37Z,90.1976,99.6479,9.4503,0.0000,0.0000,7.6944,10.3292
2026-08-30T00:24:38Z,90.1976,99.6470,9.4494,0.0000,0.0000,7.6943,10.3292
2026-08-30T00:24:39Z,90.1717,99.5451,9.3734,0.0000,0.0000,7.6942,10.3452
2026-08-30T00:24:40Z,90.1717,99.5442,9.3725,0.0000,0.0000,7.6942,10.3452
2026-08-30T00:24:41Z,90.1717,99.6443,9.4726,0.0000,0.0000,7.6941,10.3292
2026-08-30T00:24:42Z,90.1717,99.6434,9.4717,0.0000,0.0000,7.6940,10.3292
2026-08-30T00:24:43Z,90.1717,99.7268,9.5551,0.0000,0.0000,7.6939,10.3159
2026-08-30T00:24:44Z,90.1717,99.7258,9.5542,0.0000,0.0000,7.6939,10.3159
2026-08-30T00:24:45Z,90.1671,99.6407,9.4736,0.0000,0.0000,7.6938,10.3292
2026-08-30T00:24:46Z,90.1671,99.6398,9.4727,0.0000,0.0000,7.6937,10.3292
2026-08-30T00:24:47Z,90.1793,99.6389,9.4596,0.0000,0.0000,7.6936,10.3292
2026-08-30T00:24:48Z,90.1793,99.6380,9.4587,0.0000,0.0000,7.6936,10.3292
2026-08-30T00:24:49Z,90.1671,99.6371,9.4700,0.0000,0.0000,7.6935,10.3292
2026-08-30T00:24:50Z,90.1671,99.6362,9.4691,0.0000,0.0000,7.6934,10.3292
2026-08-30T00:24:51Z,90.1579,99.5343,9.3763,0.0000,0.0000,7.6933,10.3452
2026-08-30T00:24:52Z,90.1579,99.5334,9.3754,0.0000,0.0000,7.6933,10.3452
2026-08-30T00:24:53Z,90.1793,99.6335,9.4542,0.0000,0.0000,7.6932,10.3292
2026-08-30T00:24:54Z,90.1793,99.6325,9.4533,0.0000,0.0000,7.6931,10.3292
2026-08-30T00:24:55Z,90.2174,99.8846,9.6672,0.0000,0.0000,7.6930,10.2892
2026-08-30T00:24:56Z,90.2174,99.8837,9.6663,0.0000,0.0000,7.6930,10.2892
2026-08-30T00:24:57Z,90.2022,99.6298,9.4277,0.0000,0.0000,7.6929,10.3292
2026-08-30T00:24:58Z,90.2022,99.6289,9.4268,0.0000,0.0000,7.6928,10.3292
2026-08-30T00:24:59Z,90.1793,99.6280,9.4487,0.0000,0.0000,7.6927,10.3292
2026-08-30T00:25:00Z,90.1793,99.6271,9.4478,0.0000,0.0000,7.6927,10.3292
2026-08-30T00:25:01Z,90.1335,99.5252,9.3917,0.0000,0.0000,7.6926,10.3452
2026-08-30T00:25:02Z,90.1335,99.5243,9.3908,0.0000,0.0000,7.6925,10.3452
2026-08-30T00:25:03Z,90.1884,99.7087,9.5202,0.0000,0.0000,7.6924,10.3159
2026-08-30T00:25:04Z,90.1884,99.7078,9.5193,0.0000,0.0000,7.6924,10.3159
2026-08-30T00:25:05Z,90.1488,99.6226,9.4738,0.0000,0.0000,7.6923,10.3292
2026-08-30T00:25:06Z,90.1488,99.6217,9.4729,0.0000,0.0000,7.6922,10.3292
2026-08-30T00:25:07Z,90.1534,99.6208,9.4674,0.0000,0.0000,7.6921,10.3292
2026-08-30T00:25:08Z,90.1534,99.6199,9.4665,0.0000,0.0000,7.6921,10.3292
2026-08-30T00:25:09Z,90.1884,99.7032,9.5148,0.0000,0.0000,7.6920,10.3159
2026-08-30T00:25:10Z,90.1884,99.7023,9.5139,0.0000,0.0000,7.6919,10.3159
2026-08-30T00:25:11Z,90.1976,99.7014,9.5038,0.0000,0.0000,7.6918,10.3159
2026-08-30T00:25:12Z,90.1976,99.7005,9.5029,0.0000,0.0000,7.6918,10.3159
2026-08-30T00:25:13Z,90.1656,99.6154,9.4498,0.0000,0.0000,7.6917,10.3292
2026-08-30T00:25:14Z,90.1656,99.6145,9.4489,0.0000,0.0000,7.6916,10.3292
2026-08-30T00:25:15Z,90.1656,99.6978,9.5322,0.0000,0.0000,7.6915,10.3159
2026-08-30T00:25:16Z,90.1656,99.6969,9.5313,0.0000,0.0000,7.6915,10.3159
2026-08-30T00:25:17Z,90.1472,99.6118,9.4645,0.0000,0.0000,7.6914,10.3292
2026-08-30T00:25:18Z,90.1472,99.6109,9.4636,0.0000,0.0000,7.6913,10.3292
2026-08-30T00:25:19Z,90.1488,99.6942,9.5454,0.0000,0.0000,7.6913,10.3159
2026-08-30T00:25:20Z,90.1488,99.6933,9.5445,0.0000,0.0000,7.6912,10.3159
2026-08-30T00:25:21Z,90.1534,99.7767,9.6233,0.0000,0.0000,7.6911,10.3025
2026-08-30T00:25:22Z,90.1534,99.7758,9.6224,0.0000,0.0000,7.6910,10.3025
2026-08-30T00:25:23Z,90.1671,99.5054,9.3383,0.0000,0.0000,7.6910,10.3452
2026-08-30T00:25:24Z,90.1671,99.5045,9.3374,0.0000,0.0000,7.6909,10.3452
2026-08-30T00:25:25Z,90.1213,99.6045,9.4832,0.0000,0.0000,7.6908,10.3292
2026-08-30T00:25:26Z,90.1213,99.6036,9.4823,0.0000,0.0000,7.6907,10.3292
2026-08-30T00:25:27Z,90.1625,99.6027,9.4402,0.0000,0.0000,7.6907,10.3292
2026-08-30T00:25:28Z,90.1625,99.6018,9.4393,0.0000,0.0000,7.6906,10.3292
2026-08-30T00:25:29Z,90.1106,99.5000,9.3893,0.0000,0.0000,7.6905,10.3452
2026-08-30T00:25:30Z,90.1106,99.4991,9.3884,0.0000,0.0000,7.6904,10.3452
2026-08-30T00:25:31Z,90.1350,99.5991,9.4641,0.0000,0.0000,7.6904,10.3292
2026-08-30T00:25:32Z,90.1350,99.5982,9.4632,0.0000,0.0000,7.6903,10.3292
2026-08-30T00:25:33Z,90.1488,99.6815,9.5328,0.0000,0.0000,7.6902,10.3159
2026-08-30T00:25:34Z,90.1488,99.6806,9.5318,0.0000,0.0000,7.6901,10.3159
2026-08-30T00:25:35Z,90.1152,99.5955,9.4803,0.0000,0.0000,7.6901,10.3292
2026-08-30T00:25:36Z,90.1152,99.5946,9.4794,0.0000,0.0000,7.6900,10.3292
2026-08-30T00:25:37Z,90.1472,99.4927,9.3455,0.0000,0.0000,7.6899,10.3452
2026-08-30T00:25:38Z,90.1472,99.4918,9.3446,0.0000,0.0000,7.6898,10.3452
2026-08-30T00:25:39Z,90.1839,99.5919,9.4080,0.0000,0.0000,7.6898,10.3292
2026-08-30T00:25:40Z,90.1839,99.5910,9.4071,0.0000,0.0000,7.6897,10.3292
2026-08-30T00:25:41Z,90.1396,99.5901,9.4505,0.0000,0.0000,7.6896,10.3292
2026-08-30T00:25:42Z,90.1396,99.5892,9.4496,0.0000,0.0000,7.6895,10.3292
2026-08-30T00:25:43Z,90.1106,99.4033,9.2927,0.0000,0.0000,7.6895,10.3586
2026-08-30T00:25:44Z,90.1106,99.4024,9.2918,0.0000,0.0000,7.6894,10.3586
2026-08-30T00:25:45Z,90.1152,99.6707,9.5555,0.0000,0.0000,7.6893,10.3159
2026-08-30T00:25:46Z,90.1152,99.6698,9.5546,0.0000,0.0000,7.6892,10.3159
2026-08-30T00:25:47Z,90.1152,99.4837,9.3685,0.0000,0.0000,7.6892,10.3452
2026-08-30T00:25:48Z,90.1152,99.4828,9.3676,0.0000,0.0000,7.6891,10.3452
2026-08-30T00:25:49Z,90.1152,99.6671,9.5519,0.0000,0.0000,7.6890,10.3159
2026-08-30T00:25:50Z,90.1152,99.6662,9.5509,0.0000,0.0000,7.6889,10.3159
2026-08-30T00:25:51Z,90.1259,99.5810,9.4552,0.0000,0.0000,7.6889,10.3292
2026-08-30T00:25:52Z,90.1259,99.5801,9.4543,0.0000,0.0000,7.6888,10.3292
2026-08-30T00:25:53Z,90.0755,99.5792,9.5037,0.0000,0.0000,7.6887,10.3292
2026-08-30T00:25:54Z,90.0755,99.5783,9.5028,0.0000,0.0000,7.6886,10.3292
2026-08-30T00:25:55Z,90.1152,99.4765,9.3613,0.0000,0.0000,7.6886,10.3452
2026-08-30T00:25:56Z,90.1152,99.4756,9.3604,0.0000,0.0000,7.6885,10.3452
2026-08-30T00:25:57Z,90.0969,99.5756,9.4787,0.0000,0.0000,7.6884,10.3292
2026-08-30T00:25:58Z,90.0969,99.5747,9.4778,0.0000,0.0000,7.6883,10.3292
2026-08-30T00:25:59Z,90.1213,99.5738,9.4525,0.0000,0.0000,7.6883,10.3292
2026-08-30T00:26:00Z,90.1213,99.5729,9.4516,0.0000,0.0000,7.6882,10.3292
2026-08-30T00:26:01Z,90.0984,99.6562,9.5578,0.0000,0.0000,7.6881,10.3159
2026-08-30T00:26:02Z,90.0984,99.6553,9.5569,0.0000,0.0000,7.6881,10.3159
2026-08-30T00:26:03Z,90.1427,99.6544,9.5117,0.0000,0.0000,7.6880,10.3159
2026-08-30T00:26:04Z,90.1427,99.6535,9.5108,0.0000,0.0000,7.6879,10.3159
2026-08-30T00:26:05Z,90.0801,99.6526,9.5725,0.0000,0.0000,7.6878,10.3159
2026-08-30T00:26:06Z,90.0801,99.6517,9.5716,0.0000,0.0000,7.6878,10.3159
2026-08-30T00:26:07Z,90.1152,99.5666,9.4514,0.0000,0.0000,7.6877,10.3292
2026-08-30T00:26:08Z,90.1152,99.5657,9.4505,0.0000,0.0000,7.6876,10.3292
2026-08-30T00:26:09Z,90.1106,99.5648,9.4542,0.0000,0.0000,7.6875,10.3292
2026-08-30T00:26:10Z,90.1106,99.5639,9.4532,0.0000,0.0000,7.6875,10.3292
2026-08-30T00:26:11Z,90.0984,99.5630,9.4646,0.0000,0.0000,7.6874,10.3292
2026-08-30T00:26:12Z,90.0984,99.5621,9.4636,0.0000,0.0000,7.6873,10.3292
2026-08-30T00:26:13Z,90.1198,99.5612,9.4414,0.0000,0.0000,7.6872,10.3292
2026-08-30T00:26:14Z,90.1198,99.5603,9.4405,0.0000,0.0000,7.6872,10.3292
2026-08-30T00:26:15Z,90.1152,99.6435,9.5283,0.0000,0.0000,7.6871,10.3159
2026-08-30T00:26:16Z,90.1152,99.6426,9.5274,0.0000,0.0000,7.6870,10.3159
2026-08-30T00:26:17Z,90.1030,99.5576,9.4546,0.0000,0.0000,7.6869,10.3292
2026-08-30T00:26:18Z,90.1030,99.5566,9.4536,0.0000,0.0000,7.6869,10.3292
2026-08-30T00:26:19Z,90.1427,99.4548,9.3122,0.0000,0.0000,7.6868,10.3452
2026-08-30T00:26:20Z,90.1427,99.4539,9.3113,0.0000,0.0000,7.6867,10.3452
2026-08-30T00:26:21Z,90.1106,99.6381,9.5275,0.0000,0.0000,7.6866,10.3159
2026-08-30T00:26:22Z,90.1106,99.6372,9.5266,0.0000,0.0000,7.6866,10.3159
2026-08-30T00:26:23Z,90.1076,99.6363,9.5287,0.0000,0.0000,7.6865,10.3159
2026-08-30T00:26:24Z,90.1076,99.6354,9.5278,0.0000,0.0000,7.6864,10.3159
2026-08-30T00:26:25Z,90.0969,99.5503,9.4534,0.0000,0.0000,7.6863,10.3292
2026-08-30T00:26:26Z,90.0969,99.5494,9.4525,0.0000,0.0000,7.6863,10.3292
2026-08-30T00:26:27Z,90.0832,99.6327,9.5495,0.0000,0.0000,7.6862,10.3159
2026-08-30T00:26:28Z,90.0832,99.6318,9.5486,0.0000,0.0000,7.6861,10.3159
2026-08-30T00:26:29Z,90.0801,99.5467,9.4666,0.0000,0.0000,7.6860,10.3292
2026-08-30T00:26:30Z,90.0801,99.5458,9.4657,0.0000,0.0000,7.6860,10.3292
2026-08-30T00:26:31Z,90.0938,99.6291,9.5352,0.0000,0.0000,7.6859,10.3159
2026-08-30T00:26:32Z,90.0938,99.6282,9.5343,0.0000,0.0000,7.6858,10.3159
2026-08-30T00:26:33Z,90.0755,99.6273,9.5517,0.0000,0.0000,7.6857,10.3159
2026-08-30T00:26:34Z,90.0755,99.6264,9.5508,0.0000,0.0000,7.6857,10.3159
2026-08-30T00:26:35Z,90.0465,99.6255,9.5789,0.0000,0.0000,7.6856,10.3159
2026-08-30T00:26:36Z,90.0465,99.6246,9.5780,0.0000,0.0000,7.6855,10.3159
2026-08-30T00:26:37Z,90.0893,99.6237,9.5344,0.0000,0.0000,7.6854,10.3159
2026-08-30T00:26:38Z,90.0893,99.6228,9.5335,0.0000,0.0000,7.6854,10.3159
2026-08-30T00:26:39Z,90.0710,99.5377,9.4667,0.0000,0.0000,7.6853,10.3292
2026-08-30T00:26:40Z,90.0710,99.5368,9.4658,0.0000,0.0000,7.6852,10.3292
2026-08-30T00:26:41Z,90.0877,99.4350,9.3472,0.0000,0.0000,7.6852,10.3452
2026-08-30T00:26:42Z,90.0877,99.4341,9.3463,0.0000,0.0000,7.6851,10.3452
2026-08-30T00:26:43Z,90.0893,99.5341,9.4448,0.0000,0.0000,7.6850,10.3292
2026-08-30T00:26:44Z,90.0893,99.5332,9.4439,0.0000,0.0000,7.6849,10.3292
2026-08-30T00:26:45Z,90.0603,99.6164,9.5562,0.0000,0.0000,7.6849,10.3159
2026-08-30T00:26:46Z,90.0603,99.6155,9.5553,0.0000,0.0000,7.6848,10.3159
2026-08-30T00:26:47Z,90.0877,99.5305,9.4427,0.0000,0.0000,7.6847,10.3292
2026-08-30T00:26:48Z,90.0877,99.5296,9.4418,0.0000,0.0000,7.6846,10.3292
2026-08-30T00:26:49Z,90.0893,99.5286,9.4394,0.0000,0.0000,7.6846,10.3292
2026-08-30T00:26:50Z,90.0893,99.5277,9.4385,0.0000,0.0000,7.6845,10.3292
2026-08-30T00:26:51Z,90.0649,99.4260,9.3611,0.0000,0.0000,7.6844,10.3452
2026-08-30T00:26:52Z,90.0649,99.4251,9.3602,0.0000,0.0000,7.6843,10.3452
2026-08-30T00:26:53Z,90.0893,99.6092,9.5199,0.0000,0.0000,7.6843,10.3159
2026-08-30T00:26:54Z,90.0893,99.6083,9.5190,0.0000,0.0000,7.6842,10.3159
2026-08-30T00:26:55Z,90.0938,99.6074,9.5135,0.0000,0.0000,7.6841,10.3159
2026-08-30T00:26:56Z,90.0938,99.6065,9.5126,0.0000,0.0000,7.6840,10.3159
2026-08-30T00:26:57Z,90.0801,99.5214,9.4413,0.0000,0.0000,7.6840,10.3292
2026-08-30T00:26:58Z,90.0801,99.5205,9.4404,0.0000,0.0000,7.6839,10.3292
2026-08-30T00:26:59Z,90.0984,99.5196,9.4212,0.0000,0.0000,7.6838,10.3292
2026-08-30T00:27:00Z,90.0984,99.5187,9.4203,0.0000,0.0000,7.6837,10.3292
2026-08-30T00:27:01Z,90.0557,99.6020,9.5463,0.0000,0.0000,7.6837,10.3159
2026-08-30T00:27:02Z,90.0557,99.6011,9.5454,0.0000,0.0000,7.6836,10.3159
2026-08-30T00:27:03Z,90.0938,99.5160,9.4222,0.0000,0.0000,7.6835,10.3292
2026-08-30T00:27:04Z,90.0938,99.5151,9.4213,0.0000,0.0000,7.6834,10.3292
2026-08-30T00:27:05Z,90.0801,99.6826,9.6025,0.0000,0.0000,7.6834,10.3025
2026-08-30T00:27:06Z,90.0801,99.6817,9.6016,0.0000,0.0000,7.6833,10.3025
2026-08-30T00:27:07Z,90.0710,99.5965,9.5256,0.0000,0.0000,7.6832,10.3159
2026-08-30T00:27:08Z,90.0710,99.5956,9.5247,0.0000,0.0000,7.6831,10.3159
2026-08-30T00:27:09Z,90.0206,99.5106,9.4900,0.0000,0.0000,7.6831,10.3292
2026-08-30T00:27:10Z,90.0206,99.5097,9.4891,0.0000,0.0000,7.6830,10.3292
2026-08-30T00:27:11Z,90.0755,99.5929,9.5174,0.0000,0.0000,7.6829,10.3159
2026-08-30T00:27:12Z,90.0755,99.5920,9.5165,0.0000,0.0000,7.6828,10.3159
2026-08-30T00:27:13Z,90.0282,99.5911,9.5629,0.0000,0.0000,7.6828,10.3159
2026-08-30T00:27:14Z,90.0282,99.5902,9.5620,0.0000,0.0000,7.6827,10.3159
2026-08-30T00:27:15Z,90.0801,99.5052,9.4251,0.0000,0.0000,7.6826,10.3292
2026-08-30T00:27:16Z,90.0801,99.5043,9.4242,0.0000,0.0000,7.6826,10.3292
2026-08-30T00:27:17Z,90.0893,99.5875,9.4982,0.0000,0.0000,7.6825,10.3159
2026-08-30T00:27:18Z,90.0893,99.5866,9.4973,0.0000,0.0000,7.6824,10.3159
2026-08-30T00:27:19Z,90.0572,99.5016,9.4443,0.0000,0.0000,7.6823,10.3292
2026-08-30T00:27:20Z,90.0572,99.5007,9.4434,0.0000,0.0000,7.6823,10.3292
2026-08-30T00:27:21Z,90.0465,99.6681,9.6216,0.0000,0.0000,7.6822,10.3025
2026-08-30T00:27:22Z,90.0465,99.6672,9.6207,0.0000,0.0000,7.6821,10.3025
2026-08-30T00:27:23Z,90.0664,99.5821,9.5157,0.0000,0.0000,7.6820,10.3159
2026-08-30T00:27:24Z,90.0664,99.5812,9.5148,0.0000,0.0000,7.6820,10.3159
2026-08-30T00:27:25Z,90.0420,99.5803,9.5383,0.0000,0.0000,7.6819,10.3159
2026-08-30T00:27:26Z,90.0420,99.5794,9.5374,0.0000,0.0000,7.6818,10.3159
2026-08-30T00:27:27Z,90.0603,99.4943,9.4341,0.0000,0.0000,7.6817,10.3292
2026-08-30T00:27:28Z,90.0603,99.4934,9.4332,0.0000,0.0000,7.6817,10.3292
2026-08-30T00:27:29Z,90.0328,99.6609,9.6281,0.0000,0.0000,7.6816,10.3025
2026-08-30T00:27:30Z,90.0328,99.6600,9.6272,0.0000,0.0000,7.6815,10.3025
2026-08-30T00:27:31Z,90.0710,99.4907,9.4198,0.0000,0.0000,7.6814,10.3292
2026-08-30T00:27:32Z,90.0710,99.4898,9.4189,0.0000,0.0000,7.6814,10.3292
2026-08-30T00:27:33Z,90.0526,99.5730,9.5204,0.0000,0.0000,7.6813,10.3159
2026-08-30T00:27:34Z,90.0526,99.5721,9.5195,0.0000,0.0000,7.6812,10.3159
2026-08-30T00:27:35Z,90.0572,99.4871,9.4299,0.0000,0.0000,7.6811,10.3292
2026-08-30T00:27:36Z,90.0572,99.4862,9.4290,0.0000,0.0000,7.6811,10.3292
2026-08-30T00:27:37Z,90.0572,99.4853,9.4281,0.0000,0.0000,7.6810,10.3292
2026-08-30T00:27:38Z,90.0572,99.4844,9.4272,0.0000,0.0000,7.6809,10.3292
2026-08-30T00:27:39Z,90.0069,99.5676,9.5608,0.0000,0.0000,7.6808,10.3159
2026-08-30T00:27:40Z,90.0069,99.5667,9.5599,0.0000,0.0000,7.6808,10.3159
2026-08-30T00:27:41Z,89.9962,99.3808,9.3847,0.0000,0.0000,7.6807,10.3452
2026-08-30T00:27:42Z,89.9962,99.3799,9.3838,0.0000,0.0000,7.6806,10.3452
2026-08-30T00:27:43Z,90.0572,99.5640,9.5068,0.0000,0.0000,7.6805,10.3159
2026-08-30T00:27:44Z,90.0572,99.5631,9.5059,0.0000,0.0000,7.6805,10.3159
2026-08-30T00:27:45Z,89.9977,99.6464,9.6487,0.0000,0.0000,7.6804,10.3025
2026-08-30T00:27:46Z,89.9977,99.6455,9.6478,0.0000,0.0000,7.6803,10.3025
2026-08-30T00:27:47Z,90.0343,99.3754,9.3411,0.0000,0.0000,7.6802,10.3452
2026-08-30T00:27:48Z,90.0343,99.3745,9.3402,0.0000,0.0000,7.6802,10.3452
2026-08-30T00:27:49Z,90.0572,99.4745,9.4172,0.0000,0.0000,7.6801,10.3292
2026-08-30T00:27:50Z,90.0572,99.4736,9.4163,0.0000,0.0000,7.6800,10.3292
2026-08-30T00:27:51Z,90.0389,99.6410,9.6021,0.0000,0.0000,7.6799,10.3025
2026-08-30T00:27:52Z,90.0389,99.6401,9.6012,0.0000,0.0000,7.6799,10.3025
2026-08-30T00:27:53Z,90.0114,99.6392,9.6277,0.0000,0.0000,7.6798,10.3025
2026-08-30T00:27:54Z,90.0114,99.6383,9.6268,0.0000,0.0000,7.6797,10.3025
2026-08-30T00:27:55Z,90.0053,99.4691,9.4637,0.0000,0.0000,7.6797,10.3292
2026-08-30T00:27:56Z,90.0053,99.4682,9.4628,0.0000,0.0000,7.6796,10.3292
2026-08-30T00:27:57Z,90.0191,99.5514,9.5323,0.0000,0.0000,7.6795,10.3159
2026-08-30T00:27:58Z,90.0191,99.5505,9.5314,0.0000,0.0000,7.6794,10.3159
2026-08-30T00:27:59Z,90.0328,99.6337,9.6009,0.0000,0.0000,7.6794,10.3025
2026-08-30T00:28:00Z,90.0328,99.6328,9.6000,0.0000,0.0000,7.6793,10.3025
2026-08-30T00:28:01Z,89.9886,99.6319,9.6434,0.0000,0.0000,7.6792,10.3025
2026-08-30T00:28:02Z,89.9886,99.6310,9.6425,0.0000,0.0000,7.6791,10.3025
2026-08-30T00:28:03Z,90.0328,99.5459,9.5131,0.0000,0.0000,7.6791,10.3159
2026-08-30T00:28:04Z,90.0328,99.5450,9.5122,0.0000,0.0000,7.6790,10.3159
2026-08-30T00:28:05Z,90.0252,99.5441,9.5190,0.0000,0.0000,7.6789,10.3159
2026-08-30T00:28:06Z,90.0252,99.5432,9.5181,0.0000,0.0000,7.6788,10.3159
2026-08-30T00:28:07Z,89.9794,99.5423,9.5629,0.0000,0.0000,7.6788,10.3159
2026-08-30T00:28:08Z,89.9794,99.5414,9.5620,0.0000,0.0000,7.6787,10.3159
2026-08-30T00:28:09Z,90.0053,99.5405,9.5352,0.0000,0.0000,7.6786,10.3159
2026-08-30T00:28:10Z,90.0053,99.5396,9.5343,0.0000,0.0000,7.6785,10.3159
2026-08-30T00:28:11Z,89.9886,99.5387,9.5502,0.0000,0.0000,7.6785,10.3159
2026-08-30T00:28:12Z,89.9886,99.5378,9.5493,0.0000,0.0000,7.6784,10.3159
2026-08-30T00:28:13Z,90.0069,99.6211,9.6142,0.0000,0.0000,7.6783,10.3025
2026-08-30T00:28:14Z,90.0069,99.6202,9.6133,0.0000,0.0000,7.6782,10.3025
2026-08-30T00:28:15Z,90.0023,99.4510,9.4487,0.0000,0.0000,7.6782,10.3292
2026-08-30T00:28:16Z,90.0023,99.4501,9.4478,0.0000,0.0000,7.6781,10.3292
2026-08-30T00:28:17Z,89.9825,99.5333,9.5508,0.0000,0.0000,7.6780,10.3159
2026-08-30T00:28:18Z,89.9825,99.5324,9.5499,0.0000,0.0000,7.6779,10.3159
2026-08-30T00:28:19Z,90.0023,99.6999,9.6976,0.0000,0.0000,7.6779,10.2892
2026-08-30T00:28:20Z,90.0023,99.6990,9.6967,0.0000,0.0000,7.6778,10.2892
2026-08-30T00:28:21Z,89.9794,99.5297,9.5503,0.0000,0.0000,7.6777,10.3159
2026-08-30T00:28:22Z,89.9794,99.5288,9.5494,0.0000,0.0000,7.6776,10.3159
2026-08-30T00:28:23Z,89.9687,99.6120,9.6433,0.0000,0.0000,7.6776,10.3025
2026-08-30T00:28:24Z,89.9687,99.6111,9.6424,0.0000,0.0000,7.6775,10.3025
2026-08-30T00:28:25Z,90.0023,99.6102,9.6079,0.0000,0.0000,7.6774,10.3025
2026-08-30T00:28:26Z,90.0023,99.6093,9.6070,0.0000,0.0000,7.6773,10.3025
2026-08-30T00:28:27Z,89.9504,99.6084,9.6580,0.0000,0.0000,7.6773,10.3025
2026-08-30T00:28:28Z,89.9504,99.6075,9.6571,0.0000,0.0000,7.6772,10.3025
2026-08-30T00:28:29Z,89.9687,99.4384,9.4696,0.0000,0.0000,7.6771,10.3292
2026-08-30T00:28:30Z,89.9687,99.4375,9.4687,0.0000,0.0000,7.6771,10.3292
2026-08-30T00:28:31Z,89.9702,99.6048,9.6346,0.0000,0.0000,7.6770,10.3025
2026-08-30T00:28:32Z,89.9702,99.6039,9.6337,0.0000,0.0000,7.6769,10.3025
2026-08-30T00:28:33Z,89.9657,99.5188,9.5532,0.0000,0.0000,7.6768,10.3159
2026-08-30T00:28:34Z,89.9657,99.5179,9.5523,0.0000,0.0000,7.6768,10.3159
2026-08-30T00:28:35Z,89.9870,99.5170,9.5300,0.0000,0.0000,7.6767,10.3159
2026-08-30T00:28:36Z,89.9870,99.5161,9.5291,0.0000,0.0000,7.6766,10.3159
2026-08-30T00:28:37Z,89.9596,99.5994,9.6398,0.0000,0.0000,7.6765,10.3025
2026-08-30T00:28:38Z,89.9596,99.5985,9.6389,0.0000,0.0000,7.6765,10.3025
2026-08-30T00:28:39Z,89.9748,99.5976,9.6228,0.0000,0.0000,7.6764,10.3025
2026-08-30T00:28:40Z,89.9748,99.5967,9.6219,0.0000,0.0000,7.6763,10.3025
2026-08-30T00:28:41Z,89.9641,99.5116,9.5475,0.0000,0.0000,7.6762,10.3159
2026-08-30T00:28:42Z,89.9641,99.5107,9.5466,0.0000,0.0000,7.6762,10.3159
2026-08-30T00:28:43Z,89.9870,99.5940,9.6069,0.0000,0.0000,7.6761,10.3025
2026-08-30T00:28:44Z,89.9870,99.5931,9.6060,0.0000,0.0000,7.6760,10.3025
2026-08-30T00:28:45Z,89.9794,99.5080,9.5286,0.0000,0.0000,7.6759,10.3159
2026-08-30T00:28:46Z,89.9794,99.5071,9.5277,0.0000,0.0000,7.6759,10.3159
2026-08-30T00:28:47Z,89.9458,99.5903,9.6445,0.0000,0.0000,7.6758,10.3025
2026-08-30T00:28:48Z,89.9458,99.5894,9.6436,0.0000,0.0000,7.6757,10.3025
2026-08-30T00:28:49Z,89.9504,99.5885,9.6381,0.0000,0.0000,7.6756,10.3025
2026-08-30T00:28:50Z,89.9504,99.5876,9.6372,0.0000,0.0000,7.6756,10.3025
2026-08-30T00:28:51Z,89.9062,99.5026,9.5964,0.0000,0.0000,7.6755,10.3159
2026-08-30T00:28:52Z,89.9062,99.5017,9.5955,0.0000,0.0000,7.6754,10.3159
2026-08-30T00:28:53Z,89.9138,99.5849,9.6711,0.0000,0.0000,7.6753,10.3025
2026-08-30T00:28:54Z,89.9138,99.5840,9.6702,0.0000,0.0000,7.6753,10.3025
2026-08-30T00:28:55Z,89.9428,99.5831,9.6403,0.0000,0.0000,7.6752,10.3025
2026-08-30T00:28:56Z,89.9428,99.5822,9.6394,0.0000,0.0000,7.6751,10.3025
2026-08-30T00:28:57Z,89.9596,99.5813,9.6217,0.0000,0.0000,7.6750,10.3025
2026-08-30T00:28:58Z,89.9596,99.5804,9.6208,0.0000,0.0000,7.6750,10.3025
2026-08-30T00:28:59Z,89.9504,99.5795,9.6291,0.0000,0.0000,7.6749,10.3025
2026-08-30T00:29:00Z,89.9504,99.5786,9.6282,0.0000,0.0000,7.6748,10.3025
2026-08-30T00:29:01Z,89.9458,99.4935,9.5477,0.0000,0.0000,7.6747,10.3159
2026-08-30T00:29:02Z,89.9458,99.4926,9.5468,0.0000,0.0000,7.6747,10.3159
2026-08-30T00:29:03Z,89.9184,99.4077,9.4893,0.0000,0.0000,7.6746,10.3292
2026-08-30T00:29:04Z,89.9184,99.4068,9.4884,0.0000,0.0000,7.6745,10.3292
2026-08-30T00:29:05Z,89.9367,99.4899,9.5533,0.0000,0.0000,7.6745,10.3159
2026-08-30T00:29:06Z,89.9367,99.4890,9.5524,0.0000,0.0000,7.6744,10.3159
2026-08-30T00:29:07Z,89.9519,99.5723,9.6203,0.0000,0.0000,7.6743,10.3025
2026-08-30T00:29:08Z,89.9519,99.5714,9.6194,0.0000,0.0000,7.6742,10.3025
2026-08-30T00:29:09Z,89.9138,99.5705,9.6567,0.0000,0.0000,7.6742,10.3025
2026-08-30T00:29:10Z,89.9138,99.5696,9.6558,0.0000,0.0000,7.6741,10.3025
2026-08-30T00:29:11Z,89.9001,99.5687,9.6686,0.0000,0.0000,7.6740,10.3025
2026-08-30T00:29:12Z,89.9001,99.5677,9.6677,0.0000,0.0000,7.6739,10.3025
2026-08-30T00:29:13Z,89.9184,99.4827,9.5643,0.0000,0.0000,7.6739,10.3159
2026-08-30T00:29:14Z,89.9184,99.4818,9.5634,0.0000,0.0000,7.6738,10.3159
2026-08-30T00:29:15Z,89.9107,99.4809,9.5702,0.0000,0.0000,7.6737,10.3159
2026-08-30T00:29:16Z,89.9107,99.4800,9.5693,0.0000,0.0000,7.6736,10.3159
2026-08-30T00:29:17Z,89.9107,99.4791,9.5684,0.0000,0.0000,7.6736,10.3159
2026-08-30T00:29:18Z,89.9107,99.4782,9.5675,0.0000,0.0000,7.6735,10.3159
2026-08-30T00:29:19Z,89.8695,99.5614,9.6919,0.0000,0.0000,7.6734,10.3025
2026-08-30T00:29:20Z,89.8695,99.5605,9.6910,0.0000,0.0000,7.6733,10.3025
2026-08-30T00:29:21Z,89.9184,99.4755,9.5571,0.0000,0.0000,7.6733,10.3159
2026-08-30T00:29:22Z,89.9184,99.4746,9.5562,0.0000,0.0000,7.6732,10.3159
2026-08-30T00:29:23Z,89.9382,99.4737,9.5355,0.0000,0.0000,7.6731,10.3159
2026-08-30T00:29:24Z,89.9382,99.4728,9.5346,0.0000,0.0000,7.6730,10.3159
2026-08-30T00:29:25Z,89.8695,99.6402,9.7707,0.0000,0.0000,7.6730,10.2892
2026-08-30T00:29:26Z,89.8695,99.6393,9.7698,0.0000,0.0000,7.6729,10.2892
2026-08-30T00:29:27Z,89.8695,99.5542,9.6847,0.0000,0.0000,7.6728,10.3025
2026-08-30T00:29:28Z,89.8695,99.5533,9.6838,0.0000,0.0000,7.6727,10.3025
2026-08-30T00:29:29Z,89.8772,99.6366,9.7594,0.0000,0.0000,7.6727,10.2892
2026-08-30T00:29:30Z,89.8772,99.6357,9.7585,0.0000,0.0000,7.6726,10.2892
2026-08-30T00:29:31Z,89.8909,99.6348,9.7439,0.0000,0.0000,7.6725,10.2892
2026-08-30T00:29:32Z,89.8909,99.6339,9.7430,0.0000,0.0000,7.6724,10.2892
2026-08-30T00:29:33Z,89.8909,99.5488,9.6579,0.0000,0.0000,7.6724,10.3025
2026-08-30T00:29:34Z,89.8909,99.5479,9.6570,0.0000,0.0000,7.6723,10.3025
2026-08-30T00:29:35Z,89.8558,99.5470,9.6912,0.0000,0.0000,7.6722,10.3025
2026-08-30T00:29:36Z,89.8558,99.5461,9.6903,0.0000,0.0000,7.6721,10.3025
2026-08-30T00:29:37Z,89.8680,99.6294,9.7613,0.0000,0.0000,7.6721,10.2892
2026-08-30T00:29:38Z,89.8680,99.6284,9.7604,0.0000,0.0000,7.6720,10.2892
2026-08-30T00:29:39Z,89.9062,99.5433,9.6372,0.0000,0.0000,7.6719,10.3025
2026-08-30T00:29:40Z,89.9062,99.5424,9.6363,0.0000,0.0000,7.6719,10.3025
2026-08-30T00:29:41Z,89.8772,99.4574,9.5803,0.0000,0.0000,7.6718,10.3159
2026-08-30T00:29:42Z,89.8772,99.4565,9.5794,0.0000,0.0000,7.6717,10.3159
2026-08-30T00:29:43Z,89.8772,99.5397,9.6626,0.0000,0.0000,7.6716,10.3025
2026-08-30T00:29:44Z,89.8772,99.5388,9.6617,0.0000,0.0000,7.6716,10.3025
2026-08-30T00:29:45Z,89.8634,99.5379,9.6745,0.0000,0.0000,7.6715,10.3025
2026-08-30T00:29:46Z,89.8634,99.5370,9.6736,0.0000,0.0000,7.6714,10.3025
2026-08-30T00:29:47Z,89.8543,99.5361,9.6818,0.0000,0.0000,7.6713,10.3025
2026-08-30T00:29:48Z,89.8543,99.5352,9.6809,0.0000,0.0000,7.6713,10.3025
2026-08-30T00:29:49Z,89.8558,99.5343,9.6785,0.0000,0.0000,7.6712,10.3025
2026-08-30T00:29:50Z,89.8558,99.5334,9.6776,0.0000,0.0000,7.6711,10.3025
2026-08-30T00:29:51Z,89.8772,99.6167,9.7395,0.0000,0.0000,7.6710,10.2892
2026-08-30T00:29:52Z,89.8772,99.6158,9.7386,0.0000,0.0000,7.6710,10.2892
2026-08-30T00:29:53Z,89.8604,99.6149,9.7545,0.0000,0.0000,7.6709,10.2892
2026-08-30T00:29:54Z,89.8604,99.6140,9.7536,0.0000,0.0000,7.6708,10.2892
2026-08-30T00:29:55Z,89.8497,99.6131,9.7634,0.0000,0.0000,7.6707,10.2892
2026-08-30T00:29:56Z,89.8497,99.6122,9.7625,0.0000,0.0000,7.6707,10.2892
2026-08-30T00:29:57Z,89.8360,99.4430,9.6070,0.0000,0.0000,7.6706,10.3159
2026-08-30T00:29:58Z,89.8360,99.4421,9.6061,0.0000,0.0000,7.6705,10.3159
2026-08-30T00:29:59Z,89.8283,99.6095,9.7811,0.0000,0.0000,7.6704,10.2892
2026-08-30T00:30:00Z,89.8283,99.6086,9.7802,0.0000,0.0000,7.6704,10.2892
2026-08-30T00:30:01Z,89.8283,99.5235,9.6951,0.0000,0.0000,7.6703,10.3025
2026-08-30T00:30:02Z,89.8283,99.5226,9.6942,0.0000,0.0000,7.6702,10.3025
2026-08-30T00:30:03Z,89.8451,99.4376,9.5924,0.0000,0.0000,7.6701,10.3159
2026-08-30T00:30:04Z,89.8451,99.4367,9.5915,0.0000,0.0000,7.6701,10.3159
2026-08-30T00:30:05Z,89.8680,99.5199,9.6518,0.0000,0.0000,7.6700,10.3025
2026-08-30T00:30:06Z,89.8680,99.5190,9.6509,0.0000,0.0000,7.6699,10.3025
2026-08-30T00:30:07Z,89.8558,99.6022,9.7464,0.0000,0.0000,7.6698,10.2892
2026-08-30T00:30:08Z,89.8558,99.6013,9.7455,0.0000,0.0000,7.6698,10.2892
2026-08-30T00:30:09Z,89.7963,99.6004,9.8041,0.0000,0.0000,7.6697,10.2892
2026-08-30T00:30:10Z,89.7963,99.5995,9.8032,0.0000,0.0000,7.6696,10.2892
2026-08-30T00:30:11Z,89.8497,99.5144,9.6647,0.0000,0.0000,7.6695,10.3025
2026-08-30T00:30:12Z,89.8497,99.5135,9.6638,0.0000,0.0000,7.6695,10.3025
2026-08-30T00:30:13Z,89.8085,99.4285,9.6200,0.0000,0.0000,7.6694,10.3159
2026-08-30T00:30:14Z,89.8085,99.4276,9.6191,0.0000,0.0000,7.6693,10.3159
2026-08-30T00:30:15Z,89.8360,99.5950,9.7590,0.0000,0.0000,7.6693,10.2892
2026-08-30T00:30:16Z,89.8360,99.5941,9.7581,0.0000,0.0000,7.6692,10.2892
2026-08-30T00:30:17Z,89.8283,99.5932,9.7648,0.0000,0.0000,7.6691,10.2892
2026-08-30T00:30:18Z,89.8283,99.5923,9.7639,0.0000,0.0000,7.6690,10.2892
2026-08-30T00:30:19Z,89.8604,99.5914,9.7310,0.0000,0.0000,7.6690,10.2892
2026-08-30T00:30:20Z,89.8604,99.5905,9.7301,0.0000,0.0000,7.6689,10.2892
2026-08-30T00:30:21Z,89.8314,99.5896,9.7582,0.0000,0.0000,7.6688,10.2892
2026-08-30T00:30:22Z,89.8314,99.5887,9.7573,0.0000,0.0000,7.6687,10.2892
2026-08-30T00:30:23Z,89.8314,99.5878,9.7564,0.0000,0.0000,7.6687,10.2892
2026-08-30T00:30:24Z,89.8314,99.5868,9.7555,0.0000,0.0000,7.6686,10.2892
2026-08-30T00:30:25Z,89.8283,99.4177,9.5894,0.0000,0.0000,7.6685,10.3159
2026-08-30T00:30:26Z,89.8283,99.4168,9.5885,0.0000,0.0000,7.6684,10.3159
2026-08-30T00:30:27Z,89.8177,99.6852,9.8676,0.0000,0.0000,7.6684,10.2731
2026-08-30T00:30:28Z,89.8177,99.6843,9.8667,0.0000,0.0000,7.6683,10.2731
2026-08-30T00:30:29Z,89.8085,99.4982,9.6897,0.0000,0.0000,7.6682,10.3025
2026-08-30T00:30:30Z,89.8085,99.4973,9.6888,0.0000,0.0000,7.6681,10.3025
2026-08-30T00:30:31Z,89.8466,99.5805,9.7339,0.0000,0.0000,7.6681,10.2892
2026-08-30T00:30:32Z,89.8466,99.5796,9.7330,0.0000,0.0000,7.6680,10.2892
2026-08-30T00:30:33Z,89.8177,99.5787,9.7611,0.0000,0.0000,7.6679,10.2892
2026-08-30T00:30:34Z,89.8177,99.5778,9.7602,0.0000,0.0000,7.6678,10.2892
2026-08-30T00:30:35Z,89.8283,99.5769,9.7486,0.0000,0.0000,7.6678,10.2892
2026-08-30T00:30:36Z,89.8283,99.5760,9.7477,0.0000,0.0000,7.6677,10.2892
2026-08-30T00:30:37Z,89.7826,99.4069,9.6243,0.0000,0.0000,7.6676,10.3159
2026-08-30T00:30:38Z,89.7826,99.4060,9.6234,0.0000,0.0000,7.6675,10.3159
2026-08-30T00:30:39Z,89.8039,99.4891,9.6852,0.0000,0.0000,7.6675,10.3025
2026-08-30T00:30:40Z,89.8039,99.4882,9.6843,0.0000,0.0000,7.6674,10.3025
2026-08-30T00:30:41Z,89.8039,99.4873,9.6834,0.0000,0.0000,7.6673,10.3025
2026-08-30T00:30:42Z,89.8039,99.4864,9.6825,0.0000,0.0000,7.6672,10.3025
2026-08-30T00:30:43Z,89.8146,99.5697,9.7551,0.0000,0.0000,7.6672,10.2892
2026-08-30T00:30:44Z,89.8146,99.5688,9.7542,0.0000,0.0000,7.6671,10.2892
2026-08-30T00:30:45Z,89.8100,99.6689,9.8589,0.0000,0.0000,7.6670,10.2731
2026-08-30T00:30:46Z,89.8100,99.6680,9.8580,0.0000,0.0000,7.6669,10.2731
2026-08-30T00:30:47Z,89.8039,99.5661,9.7621,0.0000,0.0000,7.6669,10.2892
2026-08-30T00:30:48Z,89.8039,99.5652,9.7612,0.0000,0.0000,7.6668,10.2892
2026-08-30T00:30:49Z,89.8177,99.3121,9.4944,0.0000,0.0000,7.6667,10.3292
2026-08-30T00:30:50Z,89.8177,99.3112,9.4935,0.0000,0.0000,7.6667,10.3292
2026-08-30T00:30:51Z,89.7902,99.5624,9.7723,0.0000,0.0000,7.6666,10.2892
2026-08-30T00:30:52Z,89.7902,99.5615,9.7713,0.0000,0.0000,7.6665,10.2892
2026-08-30T00:30:53Z,89.8177,99.4765,9.6588,0.0000,0.0000,7.6664,10.3025
2026-08-30T00:30:54Z,89.8177,99.4756,9.6579,0.0000,0.0000,7.6664,10.3025
2026-08-30T00:30:55Z,89.7780,99.6599,9.8819,0.0000,0.0000,7.6663,10.2731
2026-08-30T00:30:56Z,89.7780,99.6590,9.8810,0.0000,0.0000,7.6662,10.2731
2026-08-30T00:30:57Z,89.8100,99.4729,9.6629,0.0000,0.0000,7.6661,10.3025
2026-08-30T00:30:58Z,89.8100,99.4720,9.6620,0.0000,0.0000,7.6661,10.3025
2026-08-30T00:30:59Z,89.7993,99.5552,9.7559,0.0000,0.0000,7.6660,10.2892
2026-08-30T00:31:00Z,89.7993,99.5543,9.7550,0.0000,0.0000,7.6659,10.2892
2026-08-30T00:31:01Z,89.8100,99.4693,9.6592,0.0000,0.0000,7.6658,10.3025
2026-08-30T00:31:02Z,89.8100,99.4684,9.6583,0.0000,0.0000,7.6658,10.3025
2026-08-30T00:31:03Z,89.8100,99.6527,9.8426,0.0000,0.0000,7.6657,10.2731
2026-08-30T00:31:04Z,89.8100,99.6518,9.8417,0.0000,0.0000,7.6656,10.2731
2026-08-30T00:31:05Z,89.7917,99.3816,9.5899,0.0000,0.0000,7.6655,10.3159
2026-08-30T00:31:06Z,89.7917,99.3807,9.5890,0.0000,0.0000,7.6655,10.3159
2026-08-30T00:31:07Z,89.8238,99.5480,9.7242,0.0000,0.0000,7.6654,10.2892
2026-08-30T00:31:08Z,89.8238,99.5471,9.7233,0.0000,0.0000,7.6653,10.2892
2026-08-30T00:31:09Z,89.8039,99.5462,9.7422,0.0000,0.0000,7.6652,10.2892
2026-08-30T00:31:10Z,89.8039,99.5453,9.7413,0.0000,0.0000,7.6652,10.2892
2026-08-30T00:31:11Z,89.7627,99.5444,9.7816,0.0000,0.0000,7.6651,10.2892
2026-08-30T00:31:12Z,89.7627,99.5435,9.7807,0.0000,0.0000,7.6650,10.2892
2026-08-30T00:31:13Z,89.8039,99.6436,9.8397,0.0000,0.0000,7.6649,10.2731
2026-08-30T00:31:14Z,89.8039,99.6427,9.8388,0.0000,0.0000,7.6649,10.2731
2026-08-30T00:31:15Z,89.7765,99.4566,9.6802,0.0000,0.0000,7.6648,10.3025
2026-08-30T00:31:16Z,89.7765,99.4557,9.6793,0.0000,0.0000,7.6647,10.3025
2026-08-30T00:31:17Z,89.7581,99.4548,9.6967,0.0000,0.0000,7.6646,10.3025
2026-08-30T00:31:18Z,89.7581,99.4539,9.6958,0.0000,0.0000,7.6646,10.3025
2026-08-30T00:31:19Z,89.7917,99.4530,9.6613,0.0000,0.0000,7.6645,10.3025
2026-08-30T00:31:20Z,89.7917,99.4521,9.6604,0.0000,0.0000,7.6644,10.3025
2026-08-30T00:31:21Z,89.7673,99.6364,9.8691,0.0000,0.0000,7.6644,10.2731
2026-08-30T00:31:22Z,89.7673,99.6355,9.8682,0.0000,0.0000,7.6643,10.2731
2026-08-30T00:31:23Z,89.7627,99.5335,9.7708,0.0000,0.0000,7.6642,10.2892
2026-08-30T00:31:24Z,89.7627,99.5326,9.7699,0.0000,0.0000,7.6641,10.2892
2026-08-30T00:31:25Z,89.7780,99.5317,9.7537,0.0000,0.0000,7.6641,10.2892
2026-08-30T00:31:26Z,89.7780,99.5308,9.7528,0.0000,0.0000,7.6640,10.2892
2026-08-30T00:31:27Z,89.7765,99.5299,9.7534,0.0000,0.0000,7.6639,10.2892
2026-08-30T00:31:28Z,89.7765,99.5290,9.7525,0.0000,0.0000,7.6638,10.2892
2026-08-30T00:31:29Z,89.7780,99.6291,9.8511,0.0000,0.0000,7.6638,10.2731
2026-08-30T00:31:30Z,89.7780,99.6282,9.8502,0.0000,0.0000,7.6637,10.2731
2026-08-30T00:31:31Z,89.7581,99.5263,9.7681,0.0000,0.0000,7.6636,10.2892
2026-08-30T00:31:32Z,89.7581,99.5254,9.7672,0.0000,0.0000,7.6635,10.2892
2026-08-30T00:31:33Z,89.7490,99.5245,9.7755,0.0000,0.0000,7.6635,10.2892
2026-08-30T00:31:34Z,89.7490,99.5236,9.7746,0.0000,0.0000,7.6634,10.2892
2026-08-30T00:31:35Z,89.7490,99.6237,9.8747,0.0000,0.0000,7.6633,10.2731
2026-08-30T00:31:36Z,89.7490,99.6228,9.8738,0.0000,0.0000,7.6632,10.2731
2026-08-30T00:31:37Z,89.7765,99.6219,9.8454,0.0000,0.0000,7.6632,10.2731
2026-08-30T00:31:38Z,89.7765,99.6210,9.8445,0.0000,0.0000,7.6631,10.2731
2026-08-30T00:31:39Z,89.7215,99.5191,9.7975,0.0000,0.0000,7.6630,10.2892
2026-08-30T00:31:40Z,89.7215,99.5182,9.7966,0.0000,0.0000,7.6629,10.2892
2026-08-30T00:31:41Z,89.7765,99.6183,9.8418,0.0000,0.0000,7.6629,10.2731
2026-08-30T00:31:42Z,89.7765,99.6174,9.8409,0.0000,0.0000,7.6628,10.2731
2026-08-30T00:31:43Z,89.7398,99.6165,9.8766,0.0000,0.0000,7.6627,10.2731
2026-08-30T00:31:44Z,89.7398,99.6156,9.8757,0.0000,0.0000,7.6626,10.2731
2026-08-30T00:31:45Z,89.7368,99.5136,9.7768,0.0000,0.0000,7.6626,10.2892
2026-08-30T00:31:46Z,89.7368,99.5127,9.7759,0.0000,0.0000,7.6625,10.2892
2026-08-30T00:31:47Z,89.7276,99.4277,9.7001,0.0000,0.0000,7.6624,10.3025
2026-08-30T00:31:48Z,89.7276,99.4268,9.6992,0.0000,0.0000,7.6623,10.3025
2026-08-30T00:31:49Z,89.7139,99.5100,9.7961,0.0000,0.0000,7.6623,10.2892
2026-08-30T00:31:50Z,89.7139,99.5091,9.7952,0.0000,0.0000,7.6622,10.2892
2026-08-30T00:31:51Z,89.7307,99.5082,9.7775,0.0000,0.0000,7.6621,10.2892
2026-08-30T00:31:52Z,89.7307,99.5073,9.7766,0.0000,0.0000,7.6620,10.2892
2026-08-30T00:31:53Z,89.7368,99.4223,9.6855,0.0000,0.0000,7.6620,10.3025
2026-08-30T00:31:54Z,89.7368,99.4214,9.6846,0.0000,0.0000,7.6619,10.3025
2026-08-30T00:31:55Z,89.7414,99.6056,9.8643,0.0000,0.0000,7.6618,10.2731
2026-08-30T00:31:56Z,89.7414,99.6047,9.8633,0.0000,0.0000,7.6618,10.2731
2026-08-30T00:31:57Z,89.7276,99.5028,9.7752,0.0000,0.0000,7.6617,10.2892
2026-08-30T00:31:58Z,89.7276,99.5019,9.7743,0.0000,0.0000,7.6616,10.2892
2026-08-30T00:31:59Z,89.7368,99.5010,9.7642,0.0000,0.0000,7.6615,10.2892
2026-08-30T00:32:00Z,89.7368,99.5001,9.7633,0.0000,0.0000,7.6615,10.2892
2026-08-30T00:32:01Z,89.6803,99.4992,9.8189,0.0000,0.0000,7.6614,10.2892
2026-08-30T00:32:02Z,89.6803,99.4983,9.8179,0.0000,0.0000,7.6613,10.2892
2026-08-30T00:32:03Z,89.7078,99.4974,9.7896,0.0000,0.0000,7.6612,10.2892
2026-08-30T00:32:04Z,89.7078,99.4965,9.7887,0.0000,0.0000,7.6612,10.2892
2026-08-30T00:32:05Z,89.7230,99.5966,9.8735,0.0000,0.0000,7.6611,10.2731
2026-08-30T00:32:06Z,89.7230,99.5957,9.8726,0.0000,0.0000,7.6610,10.2731
2026-08-30T00:32:07Z,89.7276,99.4097,9.6820,0.0000,0.0000,7.6609,10.3025
2026-08-30T00:32:08Z,89.7276,99.4088,9.6811,0.0000,0.0000,7.6609,10.3025
2026-08-30T00:32:09Z,89.7093,99.6941,9.9848,0.0000,0.0000,7.6608,10.2571
2026-08-30T00:32:10Z,89.7093,99.6932,9.9838,0.0000,0.0000,7.6607,10.2571
2026-08-30T00:32:11Z,89.7032,99.4901,9.7869,0.0000,0.0000,7.6606,10.2892
2026-08-30T00:32:12Z,89.7032,99.4892,9.7860,0.0000,0.0000,7.6606,10.2892
2026-08-30T00:32:13Z,89.6818,99.4043,9.7224,0.0000,0.0000,7.6605,10.3025
2026-08-30T00:32:14Z,89.6818,99.4034,9.7215,0.0000,0.0000,7.6604,10.3025
2026-08-30T00:32:15Z,89.7169,99.4865,9.7696,0.0000,0.0000,7.6603,10.2892
2026-08-30T00:32:16Z,89.7169,99.4856,9.7687,0.0000,0.0000,7.6603,10.2892
2026-08-30T00:32:17Z,89.6956,99.5857,9.8901,0.0000,0.0000,7.6602,10.2731
2026-08-30T00:32:18Z,89.6956,99.5848,9.8892,0.0000,0.0000,7.6601,10.2731
2026-08-30T00:32:19Z,89.6941,99.5839,9.8898,0.0000,0.0000,7.6600,10.2731
2026-08-30T00:32:20Z,89.6941,99.5830,9.8889,0.0000,0.0000,7.6600,10.2731
2026-08-30T00:32:21Z,89.6956,99.3970,9.7014,0.0000,0.0000,7.6599,10.3025
2026-08-30T00:32:22Z,89.6956,99.3961,9.7005,0.0000,0.0000,7.6598,10.3025
2026-08-30T00:32:23Z,89.6895,99.4793,9.7898,0.0000,0.0000,7.6597,10.2892
2026-08-30T00:32:24Z,89.6895,99.4784,9.7889,0.0000,0.0000,7.6597,10.2892
2026-08-30T00:32:25Z,89.6681,99.5785,9.9104,0.0000,0.0000,7.6596,10.2731
2026-08-30T00:32:26Z,89.6681,99.5776,9.9095,0.0000,0.0000,7.6595,10.2731
2026-08-30T00:32:27Z,89.6483,99.4757,9.8274,0.0000,0.0000,7.6595,10.2892
2026-08-30T00:32:28Z,89.6483,99.4748,9.8265,0.0000,0.0000,7.6594,10.2892
2026-08-30T00:32:29Z,89.7002,99.5749,9.8747,0.0000,0.0000,7.6593,10.2731
2026-08-30T00:32:30Z,89.7002,99.5740,9.8738,0.0000,0.0000,7.6592,10.2731
2026-08-30T00:32:31Z,89.7215,99.5731,9.8515,0.0000,0.0000,7.6592,10.2731
2026-08-30T00:32:32Z,89.7215,99.5721,9.8506,0.0000,0.0000,7.6591,10.2731
2026-08-30T00:32:33Z,89.7032,99.5712,9.8680,0.0000,0.0000,7.6590,10.2731
2026-08-30T00:32:34Z,89.7032,99.5703,9.8671,0.0000,0.0000,7.6589,10.2731
2026-08-30T00:32:35Z,89.6635,99.5694,9.9059,0.0000,0.0000,7.6589,10.2731
2026-08-30T00:32:36Z,89.6635,99.5685,9.9050,0.0000,0.0000,7.6588,10.2731
2026-08-30T00:32:37Z,89.6681,99.4666,9.7985,0.0000,0.0000,7.6587,10.2892
2026-08-30T00:32:38Z,89.6681,99.4657,9.7976,0.0000,0.0000,7.6586,10.2892
2026-08-30T00:32:39Z,89.6727,99.4648,9.7921,0.0000,0.0000,7.6586,10.2892
2026-08-30T00:32:40Z,89.6727,99.4639,9.7912,0.0000,0.0000,7.6585,10.2892
2026-08-30T00:32:41Z,89.6727,99.3790,9.7063,0.0000,0.0000,7.6584,10.3025
2026-08-30T00:32:42Z,89.6727,99.3781,9.7054,0.0000,0.0000,7.6583,10.3025
2026-08-30T00:32:43Z,89.6681,99.5622,9.8941,0.0000,0.0000,7.6583,10.2731
2026-08-30T00:32:44Z,89.6681,99.5613,9.8932,0.0000,0.0000,7.6582,10.2731
2026-08-30T00:32:45Z,89.6407,99.4594,9.8188,0.0000,0.0000,7.6581,10.2892
2026-08-30T00:32:46Z,89.6407,99.4585,9.8179,0.0000,0.0000,7.6580,10.2892
2026-08-30T00:32:47Z,89.6529,99.4576,9.8048,0.0000,0.0000,7.6580,10.2892
2026-08-30T00:32:48Z,89.6529,99.4567,9.8039,0.0000,0.0000,7.6579,10.2892
2026-08-30T00:32:49Z,89.6529,99.5568,9.9039,0.0000,0.0000,7.6578,10.2731
2026-08-30T00:32:50Z,89.6529,99.5559,9.9030,0.0000,0.0000,7.6577,10.2731
2026-08-30T00:32:51Z,89.6483,99.5550,9.9067,0.0000,0.0000,7.6577,10.2731
2026-08-30T00:32:52Z,89.6483,99.5541,9.9058,0.0000,0.0000,7.6576,10.2731
2026-08-30T00:32:53Z,89.6574,99.5532,9.8957,0.0000,0.0000,7.6575,10.2731
2026-08-30T00:32:54Z,89.6574,99.5523,9.8948,0.0000,0.0000,7.6574,10.2731
2026-08-30T00:32:55Z,89.6391,99.5513,9.9122,0.0000,0.0000,7.6574,10.2731
2026-08-30T00:32:56Z,89.6391,99.5504,9.9113,0.0000,0.0000,7.6573,10.2731
2026-08-30T00:32:57Z,89.6391,99.4486,9.8095,0.0000,0.0000,7.6572,10.2892
2026-08-30T00:32:58Z,89.6391,99.4477,9.8086,0.0000,0.0000,7.6572,10.2892
2026-08-30T00:32:59Z,89.6452,99.4468,9.8015,0.0000,0.0000,7.6571,10.2892
2026-08-30T00:33:00Z,89.6452,99.4459,9.8006,0.0000,0.0000,7.6570,10.2892
2026-08-30T00:33:01Z,89.6178,99.5459,9.9282,0.0000,0.0000,7.6569,10.2731
2026-08-30T00:33:02Z,89.6178,99.5450,9.9273,0.0000,0.0000,7.6569,10.2731
2026-08-30T00:33:03Z,89.6483,99.6452,9.9969,0.0000,0.0000,7.6568,10.2571
2026-08-30T00:33:04Z,89.6483,99.6443,9.9960,0.0000,0.0000,7.6567,10.2571
2026-08-30T00:33:05Z,89.6178,99.5423,9.9245,0.0000,0.0000,7.6566,10.2731
2026-08-30T00:33:06Z,89.6178,99.5414,9.9236,0.0000,0.0000,7.6566,10.2731
2026-08-30T00:33:07Z,89.6208,99.4396,9.8187,0.0000,0.0000,7.6565,10.2892
2026-08-30T00:33:08Z,89.6208,99.4386,9.8178,0.0000,0.0000,7.6564,10.2892
2026-08-30T00:33:09Z,89.6178,99.6398,10.0220,0.0000,0.0000,7.6563,10.2571
2026-08-30T00:33:10Z,89.6178,99.6389,10.0211,0.0000,0.0000,7.6563,10.2571
2026-08-30T00:33:11Z,89.6086,99.5369,9.9283,0.0000,0.0000,7.6562,10.2731
2026-08-30T00:33:12Z,89.6086,99.5360,9.9274,0.0000,0.0000,7.6561,10.2731
2026-08-30T00:33:13Z,89.6117,99.6361,10.0245,0.0000,0.0000,7.6560,10.2571
2026-08-30T00:33:14Z,89.6117,99.6352,10.0236,0.0000,0.0000,7.6560,10.2571
2026-08-30T00:33:15Z,89.6483,99.5333,9.8850,0.0000,0.0000,7.6559,10.2731
2026-08-30T00:33:16Z,89.6483,99.5324,9.8841,0.0000,0.0000,7.6558,10.2731
2026-08-30T00:33:17Z,89.6086,99.5315,9.9229,0.0000,0.0000,7.6557,10.2731
2026-08-30T00:33:18Z,89.6086,99.5306,9.9219,0.0000,0.0000,7.6557,10.2731
2026-08-30T00:33:19Z,89.6208,99.4287,9.8079,0.0000,0.0000,7.6556,10.2892
2026-08-30T00:33:20Z,89.6208,99.4278,9.8070,0.0000,0.0000,7.6555,10.2892
2026-08-30T00:33:21Z,89.5567,99.5278,9.9711,0.0000,0.0000,7.6554,10.2731
2026-08-30T00:33:22Z,89.5567,99.5269,9.9702,0.0000,0.0000,7.6554,10.2731
2026-08-30T00:33:23Z,89.5949,99.5260,9.9312,0.0000,0.0000,7.6553,10.2731
2026-08-30T00:33:24Z,89.5949,99.5251,9.9303,0.0000,0.0000,7.6552,10.2731
2026-08-30T00:33:25Z,89.5705,99.6253,10.0548,0.0000,0.0000,7.6551,10.2571
2026-08-30T00:33:26Z,89.5705,99.6244,10.0539,0.0000,0.0000,7.6551,10.2571
2026-08-30T00:33:27Z,89.5796,99.5224,9.9428,0.0000,0.0000,7.6550,10.2731
2026-08-30T00:33:28Z,89.5796,99.5215,9.9419,0.0000,0.0000,7.6549,10.2731
2026-08-30T00:33:29Z,89.5567,99.6217,10.0649,0.0000,0.0000,7.6549,10.2571
2026-08-30T00:33:30Z,89.5567,99.6208,10.0640,0.0000,0.0000,7.6548,10.2571
2026-08-30T00:33:31Z,89.5720,99.5188,9.9468,0.0000,0.0000,7.6547,10.2731
2026-08-30T00:33:32Z,89.5720,99.5179,9.9459,0.0000,0.0000,7.6546,10.2731
2026-08-30T00:33:33Z,89.5933,99.4161,9.8227,0.0000,0.0000,7.6546,10.2892
2026-08-30T00:33:34Z,89.5933,99.4152,9.8218,0.0000,0.0000,7.6545,10.2892
2026-08-30T00:33:35Z,89.5857,99.5152,9.9295,0.0000,0.0000,7.6544,10.2731
2026-08-30T00:33:36Z,89.5857,99.5143,9.9286,0.0000,0.0000,7.6543,10.2731
2026-08-30T00:33:37Z,89.5995,99.6987,10.0993,0.0000,0.0000,7.6543,10.2438
2026-08-30T00:33:38Z,89.5995,99.6978,10.0983,0.0000,0.0000,7.6542,10.2438
2026-08-30T00:33:39Z,89.5796,99.6126,10.0330,0.0000,0.0000,7.6541,10.2571
2026-08-30T00:33:40Z,89.5796,99.6117,10.0321,0.0000,0.0000,7.6540,10.2571
2026-08-30T00:33:41Z,89.5628,99.6108,10.0480,0.0000,0.0000,7.6540,10.2571
2026-08-30T00:33:42Z,89.5628,99.6099,10.0471,0.0000,0.0000,7.6539,10.2571
2026-08-30T00:33:43Z,89.5659,99.6090,10.0431,0.0000,0.0000,7.6538,10.2571
2026-08-30T00:33:44Z,89.5659,99.6081,10.0422,0.0000,0.0000,7.6537,10.2571
2026-08-30T00:33:45Z,89.5567,99.6072,10.0505,0.0000,0.0000,7.6537,10.2571
2026-08-30T00:33:46Z,89.5567,99.6063,10.0495,0.0000,0.0000,7.6536,10.2571
2026-08-30T00:33:47Z,89.5445,99.4034,9.8589,0.0000,0.0000,7.6535,10.2892
2026-08-30T00:33:48Z,89.5445,99.4025,9.8580,0.0000,0.0000,7.6534,10.2892
2026-08-30T00:33:49Z,89.5399,99.5025,9.9626,0.0000,0.0000,7.6534,10.2731
2026-08-30T00:33:50Z,89.5399,99.5016,9.9617,0.0000,0.0000,7.6533,10.2731
2026-08-30T00:33:51Z,89.5491,99.6018,10.0527,0.0000,0.0000,7.6532,10.2571
2026-08-30T00:33:52Z,89.5491,99.6008,10.0517,0.0000,0.0000,7.6531,10.2571
2026-08-30T00:33:53Z,89.5262,99.5999,10.0737,0.0000,0.0000,7.6531,10.2571
2026-08-30T00:33:54Z,89.5262,99.5990,10.0728,0.0000,0.0000,7.6530,10.2571
2026-08-30T00:33:55Z,89.5399,99.6824,10.1425,0.0000,0.0000,7.6529,10.2438
2026-08-30T00:33:56Z,89.5399,99.6815,10.1416,0.0000,0.0000,7.6528,10.2438
2026-08-30T00:33:57Z,89.5491,99.4953,9.9462,0.0000,0.0000,7.6528,10.2731
2026-08-30T00:33:58Z,89.5491,99.4944,9.9453,0.0000,0.0000,7.6527,10.2731
2026-08-30T00:33:59Z,89.5399,99.3926,9.8527,0.0000,0.0000,7.6526,10.2892
2026-08-30T00:34:00Z,89.5399,99.3917,9.8517,0.0000,0.0000,7.6526,10.2892
2026-08-30T00:34:01Z,89.5262,99.4917,9.9655,0.0000,0.0000,7.6525,10.2731
2026-08-30T00:34:02Z,89.5262,99.4908,9.9646,0.0000,0.0000,7.6524,10.2731
2026-08-30T00:34:03Z,89.4972,99.5909,10.0937,0.0000,0.0000,7.6523,10.2571
2026-08-30T00:34:04Z,89.4972,99.5900,10.0928,0.0000,0.0000,7.6523,10.2571
2026-08-30T00:34:05Z,89.5262,99.5891,10.0629,0.0000,0.0000,7.6522,10.2571
2026-08-30T00:34:06Z,89.5262,99.5882,10.0620,0.0000,0.0000,7.6521,10.2571
2026-08-30T00:34:07Z,89.5247,99.5873,10.0626,0.0000,0.0000,7.6520,10.2571
2026-08-30T00:34:08Z,89.5247,99.5864,10.0617,0.0000,0.0000,7.6520,10.2571
2026-08-30T00:34:09Z,89.5171,99.3836,9.8665,0.0000,0.0000,7.6519,10.2892
2026-08-30T00:34:10Z,89.5171,99.3827,9.8656,0.0000,0.0000,7.6518,10.2892
2026-08-30T00:34:11Z,89.5308,99.7523,10.2215,0.0000,0.0000,7.6517,10.2304
2026-08-30T00:34:12Z,89.5308,99.7514,10.2206,0.0000,0.0000,7.6517,10.2304
2026-08-30T00:34:13Z,89.5384,99.4808,9.9424,0.0000,0.0000,7.6516,10.2731
2026-08-30T00:34:14Z,89.5384,99.4799,9.9415,0.0000,0.0000,7.6515,10.2731
2026-08-30T00:34:15Z,89.5384,99.6643,10.1259,0.0000,0.0000,7.6514,10.2438
2026-08-30T00:34:16Z,89.5384,99.6634,10.1250,0.0000,0.0000,7.6514,10.2438
2026-08-30T00:34:17Z,89.5262,99.4772,9.9510,0.0000,0.0000,7.6513,10.2731
2026-08-30T00:34:18Z,89.5262,99.4763,9.9501,0.0000,0.0000,7.6512,10.2731
2026-08-30T00:34:19Z,89.5567,99.4754,9.9187,0.0000,0.0000,7.6511,10.2731
2026-08-30T00:34:20Z,89.5567,99.4745,9.9178,0.0000,0.0000,7.6511,10.2731
2026-08-30T00:34:21Z,89.5018,99.5746,10.0728,0.0000,0.0000,7.6510,10.2571
2026-08-30T00:34:22Z,89.5018,99.5737,10.0719,0.0000,0.0000,7.6509,10.2571
2026-08-30T00:34:23Z,89.5171,99.6571,10.1400,0.0000,0.0000,7.6508,10.2438
2026-08-30T00:34:24Z,89.5171,99.6561,10.1391,0.0000,0.0000,7.6508,10.2438
2026-08-30T00:34:25Z,89.4881,99.4700,9.9819,0.0000,0.0000,7.6507,10.2731
2026-08-30T00:34:26Z,89.4881,99.4691,9.9810,0.0000,0.0000,7.6506,10.2731
2026-08-30T00:34:27Z,89.4972,99.3673,9.8701,0.0000,0.0000,7.6506,10.2892
2026-08-30T00:34:28Z,89.4972,99.3664,9.8692,0.0000,0.0000,7.6505,10.2892
2026-08-30T00:34:29Z,89.5171,99.6516,10.1346,0.0000,0.0000,7.6504,10.2438
2026-08-30T00:34:30Z,89.5171,99.6507,10.1337,0.0000,0.0000,7.6503,10.2438
2026-08-30T00:34:31Z,89.4881,99.6498,10.1618,0.0000,0.0000,7.6503,10.2438
2026-08-30T00:34:32Z,89.4881,99.6489,10.1608,0.0000,0.0000,7.6502,10.2438
2026-08-30T00:34:33Z,89.5201,99.3619,9.8418,0.0000,0.0000,7.6501,10.2892
2026-08-30T00:34:34Z,89.5201,99.3610,9.8409,0.0000,0.0000,7.6500,10.2892
2026-08-30T00:34:35Z,89.5201,99.4610,9.9409,0.0000,0.0000,7.6500,10.2731
2026-08-30T00:34:36Z,89.5201,99.4601,9.9400,0.0000,0.0000,7.6499,10.2731
2026-08-30T00:34:37Z,89.5064,99.6444,10.1380,0.0000,0.0000,7.6498,10.2438
2026-08-30T00:34:38Z,89.5064,99.6435,10.1371,0.0000,0.0000,7.6497,10.2438
2026-08-30T00:34:39Z,89.5247,99.5583,10.0336,0.0000,0.0000,7.6497,10.2571
2026-08-30T00:34:40Z,89.5247,99.5574,10.0327,0.0000,0.0000,7.6496,10.2571
2026-08-30T00:34:41Z,89.5171,99.5565,10.0395,0.0000,0.0000,7.6495,10.2571
2026-08-30T00:34:42Z,89.5171,99.5556,10.0386,0.0000,0.0000,7.6494,10.2571
2026-08-30T00:34:43Z,89.5125,99.5547,10.0422,0.0000,0.0000,7.6494,10.2571
2026-08-30T00:34:44Z,89.5125,99.5538,10.0413,0.0000,0.0000,7.6493,10.2571
2026-08-30T00:34:45Z,89.4759,99.6371,10.1613,0.0000,0.0000,7.6492,10.2438
2026-08-30T00:34:46Z,89.4759,99.6362,10.1604,0.0000,0.0000,7.6491,10.2438
2026-08-30T00:34:47Z,89.4743,99.4501,9.9758,0.0000,0.0000,7.6491,10.2731
2026-08-30T00:34:48Z,89.4743,99.4492,9.9749,0.0000,0.0000,7.6490,10.2731
2026-08-30T00:34:49Z,89.5247,99.5493,10.0246,0.0000,0.0000,7.6489,10.2571
2026-08-30T00:34:50Z,89.5247,99.5484,10.0237,0.0000,0.0000,7.6488,10.2571
2026-08-30T00:34:51Z,89.5064,99.4465,9.9401,0.0000,0.0000,7.6488,10.2731
2026-08-30T00:34:52Z,89.5064,99.4456,9.9392,0.0000,0.0000,7.6487,10.2731
2026-08-30T00:34:53Z,89.4942,99.5457,10.0515,0.0000,0.0000,7.6486,10.2571
2026-08-30T00:34:54Z,89.4942,99.5448,10.0506,0.0000,0.0000,7.6485,10.2571
2026-08-30T00:34:55Z,89.4942,99.5439,10.0497,0.0000,0.0000,7.6485,10.2571
2026-08-30T00:34:56Z,89.4942,99.5430,10.0488,0.0000,0.0000,7.6484,10.2571
2026-08-30T00:34:57Z,89.4987,99.5420,10.0433,0.0000,0.0000,7.6483,10.2571
2026-08-30T00:34:58Z,89.4987,99.5411,10.0424,0.0000,0.0000,7.6483,10.2571
2026-08-30T00:34:59Z,89.5308,99.6245,10.0937,0.0000,0.0000,7.6482,10.2438
2026-08-30T00:35:00Z,89.5308,99.6236,10.0928,0.0000,0.0000,7.6481,10.2438
2026-08-30T00:35:01Z,89.5171,99.5384,10.0214,0.0000,0.0000,7.6480,10.2571
2026-08-30T00:35:02Z,89.5171,99.5375,10.0205,0.0000,0.0000,7.6480,10.2571
2026-08-30T00:35:03Z,89.4942,99.4357,9.9415,0.0000,0.0000,7.6479,10.2731
2026-08-30T00:35:04Z,89.4942,99.4348,9.9406,0.0000,0.0000,7.6478,10.2731
2026-08-30T00:35:05Z,89.5125,99.6190,10.1066,0.0000,0.0000,7.6477,10.2438
2026-08-30T00:35:06Z,89.5125,99.6181,10.1057,0.0000,0.0000,7.6477,10.2438
2026-08-30T00:35:07Z,89.5064,99.5330,10.0266,0.0000,0.0000,7.6476,10.2571
2026-08-30T00:35:08Z,89.5064,99.5321,10.0257,0.0000,0.0000,7.6475,10.2571
2026-08-30T00:35:09Z,89.4713,99.6997,10.2284,0.0000,0.0000,7.6474,10.2304
2026-08-30T00:35:10Z,89.4713,99.6988,10.2275,0.0000,0.0000,7.6474,10.2304
2026-08-30T00:35:11Z,89.5125,99.5294,10.0169,0.0000,0.0000,7.6473,10.2571
2026-08-30T00:35:12Z,89.5125,99.5285,10.0160,0.0000,0.0000,7.6472,10.2571
2026-08-30T00:35:13Z,89.4743,99.4266,9.9523,0.0000,0.0000,7.6471,10.2731
2026-08-30T00:35:14Z,89.4743,99.4257,9.9514,0.0000,0.0000,7.6471,10.2731
2026-08-30T00:35:15Z,89.4652,99.6100,10.1448,0.0000,0.0000,7.6470,10.2438
2026-08-30T00:35:16Z,89.4652,99.6091,10.1439,0.0000,0.0000,7.6469,10.2438
2026-08-30T00:35:17Z,89.4667,99.6925,10.2258,0.0000,0.0000,7.6468,10.2304
2026-08-30T00:35:18Z,89.4667,99.6916,10.2249,0.0000,0.0000,7.6468,10.2304
2026-08-30T00:35:19Z,89.5064,99.6064,10.1000,0.0000,0.0000,7.6467,10.2438
2026-08-30T00:35:20Z,89.5064,99.6055,10.0991,0.0000,0.0000,7.6466,10.2438
2026-08-30T00:35:21Z,89.4881,99.6046,10.1165,0.0000,0.0000,7.6465,10.2438
2026-08-30T00:35:22Z,89.4881,99.6036,10.1156,0.0000,0.0000,7.6465,10.2438
2026-08-30T00:35:23Z,89.4347,99.4176,9.9829,0.0000,0.0000,7.6464,10.2731
2026-08-30T00:35:24Z,89.4347,99.4167,9.9820,0.0000,0.0000,7.6463,10.2731
2026-08-30T00:35:25Z,89.4850,99.4158,9.9308,0.0000,0.0000,7.6463,10.2731
2026-08-30T00:35:26Z,89.4850,99.4149,9.9299,0.0000,0.0000,7.6462,10.2731
2026-08-30T00:35:27Z,89.4652,99.4140,9.9488,0.0000,0.0000,7.6461,10.2731
2026-08-30T00:35:28Z,89.4652,99.4131,9.9479,0.0000,0.0000,7.6460,10.2731
2026-08-30T00:35:29Z,89.4438,99.5131,10.0693,0.0000,0.0000,7.6460,10.2571
2026-08-30T00:35:30Z,89.4438,99.5122,10.0684,0.0000,0.0000,7.6459,10.2571
2026-08-30T00:35:31Z,89.4163,99.6798,10.2634,0.0000,0.0000,7.6458,10.2304
2026-08-30T00:35:32Z,89.4163,99.6789,10.2625,0.0000,0.0000,7.6457,10.2304
2026-08-30T00:35:33Z,89.4423,99.5937,10.1514,0.0000,0.0000,7.6457,10.2438
2026-08-30T00:35:34Z,89.4423,99.5928,10.1505,0.0000,0.0000,7.6456,10.2438
2026-08-30T00:35:35Z,89.4301,99.5919,10.1618,0.0000,0.0000,7.6455,10.2438
2026-08-30T00:35:36Z,89.4301,99.5910,10.1609,0.0000,0.0000,7.6454,10.2438
2026-08-30T00:35:37Z,89.4377,99.6744,10.2366,0.0000,0.0000,7.6454,10.2304
2026-08-30T00:35:38Z,89.4377,99.6734,10.2357,0.0000,0.0000,7.6453,10.2304
2026-08-30T00:35:39Z,89.4743,99.5041,10.0297,0.0000,0.0000,7.6452,10.2571
2026-08-30T00:35:40Z,89.4743,99.5032,10.0288,0.0000,0.0000,7.6451,10.2571
2026-08-30T00:35:41Z,89.4438,99.5023,10.0585,0.0000,0.0000,7.6451,10.2571
2026-08-30T00:35:42Z,89.4438,99.5014,10.0575,0.0000,0.0000,7.6450,10.2571
2026-08-30T00:35:43Z,89.4347,99.5846,10.1500,0.0000,0.0000,7.6449,10.2438
2026-08-30T00:35:44Z,89.4347,99.5837,10.1491,0.0000,0.0000,7.6448,10.2438
2026-08-30T00:35:45Z,89.4560,99.4986,10.0426,0.0000,0.0000,7.6448,10.2571
2026-08-30T00:35:46Z,89.4560,99.4977,10.0417,0.0000,0.0000,7.6447,10.2571
2026-08-30T00:35:47Z,89.3751,99.5810,10.2059,0.0000,0.0000,7.6446,10.2438
2026-08-30T00:35:48Z,89.3751,99.5801,10.2050,0.0000,0.0000,7.6445,10.2438
2026-08-30T00:35:49Z,89.4438,99.6635,10.2197,0.0000,0.0000,7.6445,10.2304
2026-08-30T00:35:50Z,89.4438,99.6626,10.2188,0.0000,0.0000,7.6444,10.2304
2026-08-30T00:35:51Z,89.4209,99.5774,10.1565,0.0000,0.0000,7.6443,10.2438
2026-08-30T00:35:52Z,89.4209,99.5765,10.1556,0.0000,0.0000,7.6442,10.2438
2026-08-30T00:35:53Z,89.4209,99.4914,10.0705,0.0000,0.0000,7.6442,10.2571
2026-08-30T00:35:54Z,89.4209,99.4905,10.0696,0.0000,0.0000,7.6441,10.2571
2026-08-30T00:35:55Z,89.4163,99.5738,10.1574,0.0000,0.0000,7.6440,10.2438
2026-08-30T00:35:56Z,89.4163,99.5729,10.1565,0.0000,0.0000,7.6440,10.2438
2026-08-30T00:35:57Z,89.4118,99.5720,10.1602,0.0000,0.0000,7.6439,10.2438
2026-08-30T00:35:58Z,89.4118,99.5711,10.1593,0.0000,0.0000,7.6438,10.2438
2026-08-30T00:35:59Z,89.4484,99.5702,10.1218,0.0000,0.0000,7.6437,10.2438
2026-08-30T00:36:00Z,89.4484,99.5693,10.1209,0.0000,0.0000,7.6437,10.2438
2026-08-30T00:36:01Z,89.3843,99.4842,10.0999,0.0000,0.0000,7.6436,10.2571
2026-08-30T00:36:02Z,89.3843,99.4833,10.0990,0.0000,0.0000,7.6435,10.2571
2026-08-30T00:36:03Z,89.4057,99.5665,10.1609,0.0000,0.0000,7.6434,10.2438
2026-08-30T00:36:04Z,89.4057,99.5656,10.1600,0.0000,0.0000,7.6434,10.2438
2026-08-30T00:36:05Z,89.3828,99.5647,10.1820,0.0000,0.0000,7.6433,10.2438
2026-08-30T00:36:06Z,89.3828,99.5638,10.1811,0.0000,0.0000,7.6432,10.2438
2026-08-30T00:36:07Z,89.3980,99.7484,10.3504,0.0000,0.0000,7.6431,10.2144
2026-08-30T00:36:08Z,89.3980,99.7475,10.3495,0.0000,0.0000,7.6431,10.2144
2026-08-30T00:36:09Z,89.3843,99.5611,10.1768,0.0000,0.0000,7.6430,10.2438
2026-08-30T00:36:10Z,89.3843,99.5602,10.1759,0.0000,0.0000,7.6429,10.2438
2026-08-30T00:36:11Z,89.4209,99.5593,10.1384,0.0000,0.0000,7.6428,10.2438
2026-08-30T00:36:12Z,89.4209,99.5584,10.1375,0.0000,0.0000,7.6428,10.2438
2026-08-30T00:36:13Z,89.3736,99.4733,10.0997,0.0000,0.0000,7.6427,10.2571
2026-08-30T00:36:14Z,89.3736,99.4724,10.0988,0.0000,0.0000,7.6426,10.2571
2026-08-30T00:36:15Z,89.3736,99.7411,10.3675,0.0000,0.0000,7.6425,10.2144
2026-08-30T00:36:16Z,89.3736,99.7402,10.3666,0.0000,0.0000,7.6425,10.2144
2026-08-30T00:36:17Z,89.3736,99.4697,10.0961,0.0000,0.0000,7.6424,10.2571
2026-08-30T00:36:18Z,89.3736,99.4688,10.0952,0.0000,0.0000,7.6423,10.2571
2026-08-30T00:36:19Z,89.3843,99.5521,10.1678,0.0000,0.0000,7.6422,10.2438
2026-08-30T00:36:20Z,89.3843,99.5512,10.1669,0.0000,0.0000,7.6422,10.2438
2026-08-30T00:36:21Z,89.3965,99.5503,10.1538,0.0000,0.0000,7.6421,10.2438
2026-08-30T00:36:22Z,89.3965,99.5494,10.1529,0.0000,0.0000,7.6420,10.2438
2026-08-30T00:36:23Z,89.3751,99.7339,10.3587,0.0000,0.0000,7.6420,10.2144
2026-08-30T00:36:24Z,89.3751,99.7330,10.3578,0.0000,0.0000,7.6419,10.2144
2026-08-30T00:36:25Z,89.3736,99.7321,10.3585,0.0000,0.0000,7.6418,10.2144
2026-08-30T00:36:26Z,89.3736,99.7312,10.3576,0.0000,0.0000,7.6417,10.2144
2026-08-30T00:36:27Z,89.3599,99.7303,10.3704,0.0000,0.0000,7.6417,10.2144
2026-08-30T00:36:28Z,89.3599,99.7294,10.3695,0.0000,0.0000,7.6416,10.2144
2026-08-30T00:36:29Z,89.3889,99.6273,10.2384,0.0000,0.0000,7.6415,10.2304
2026-08-30T00:36:30Z,89.3889,99.6264,10.2375,0.0000,0.0000,7.6414,10.2304
2026-08-30T00:36:31Z,89.3233,99.5412,10.2180,0.0000,0.0000,7.6414,10.2438
2026-08-30T00:36:32Z,89.3233,99.5403,10.2171,0.0000,0.0000,7.6413,10.2438
2026-08-30T00:36:33Z,89.3294,99.6236,10.2943,0.0000,0.0000,7.6412,10.2304
2026-08-30T00:36:34Z,89.3294,99.6227,10.2934,0.0000,0.0000,7.6411,10.2304
2026-08-30T00:36:35Z,89.3843,99.7230,10.3387,0.0000,0.0000,7.6411,10.2144
2026-08-30T00:36:36Z,89.3843,99.7221,10.3378,0.0000,0.0000,7.6410,10.2144
2026-08-30T00:36:37Z,89.3782,99.5358,10.1576,0.0000,0.0000,7.6409,10.2438
2026-08-30T00:36:38Z,89.3782,99.5349,10.1567,0.0000,0.0000,7.6408,10.2438
2026-08-30T00:36:39Z,89.3233,99.6182,10.2949,0.0000,0.0000,7.6408,10.2304
2026-08-30T00:36:40Z,89.3233,99.6173,10.2940,0.0000,0.0000,7.6407,10.2304
2026-08-30T00:36:41Z,89.3828,99.6164,10.2336,0.0000,0.0000,7.6406,10.2304
2026-08-30T00:36:42Z,89.3828,99.6155,10.2327,0.0000,0.0000,7.6405,10.2304
2026-08-30T00:36:43Z,89.3233,99.6146,10.2913,0.0000,0.0000,7.6405,10.2304
2026-08-30T00:36:44Z,89.3233,99.6137,10.2904,0.0000,0.0000,7.6404,10.2304
2026-08-30T00:36:45Z,89.3156,99.5286,10.2129,0.0000,0.0000,7.6403,10.2438
2026-08-30T00:36:46Z,89.3156,99.5277,10.2120,0.0000,0.0000,7.6402,10.2438
2026-08-30T00:36:47Z,89.3294,99.5267,10.1974,0.0000,0.0000,7.6402,10.2438
2026-08-30T00:36:48Z,89.3294,99.5258,10.1965,0.0000,0.0000,7.6401,10.2438
2026-08-30T00:36:49Z,89.3431,99.5249,10.1818,0.0000,0.0000,7.6400,10.2438
2026-08-30T00:36:50Z,89.3431,99.5240,10.1809,0.0000,0.0000,7.6400,10.2438
2026-08-30T00:36:51Z,89.3294,99.5231,10.1938,0.0000,0.0000,7.6399,10.2438
2026-08-30T00:36:52Z,89.3294,99.5222,10.1929,0.0000,0.0000,7.6398,10.2438
2026-08-30T00:36:53Z,89.3095,99.5213,10.2118,0.0000,0.0000,7.6397,10.2438
2026-08-30T00:36:54Z,89.3095,99.5204,10.2109,0.0000,0.0000,7.6397,10.2438
2026-08-30T00:36:55Z,89.3141,99.5195,10.2054,0.0000,0.0000,7.6396,10.2438
2026-08-30T00:36:56Z,89.3141,99.5186,10.2045,0.0000,0.0000,7.6395,10.2438
2026-08-30T00:36:57Z,89.3095,99.6019,10.2924,0.0000,0.0000,7.6394,10.2304
2026-08-30T00:36:58Z,89.3095,99.6010,10.2915,0.0000,0.0000,7.6394,10.2304
2026-08-30T00:36:59Z,89.2912,99.7013,10.4100,0.0000,0.0000,7.6393,10.2144
2026-08-30T00:37:00Z,89.2912,99.7004,10.4091,0.0000,0.0000,7.6392,10.2144
2026-08-30T00:37:01Z,89.3233,99.5983,10.2750,0.0000,0.0000,7.6391,10.2304
2026-08-30T00:37:02Z,89.3233,99.5974,10.2741,0.0000,0.0000,7.6391,10.2304
2026-08-30T00:37:03Z,89.2836,99.5965,10.3129,0.0000,0.0000,7.6390,10.2304
2026-08-30T00:37:04Z,89.2836,99.5956,10.3120,0.0000,0.0000,7.6389,10.2304
2026-08-30T00:37:05Z,89.2912,99.5947,10.3035,0.0000,0.0000,7.6388,10.2304
2026-08-30T00:37:06Z,89.2912,99.5938,10.3026,0.0000,0.0000,7.6388,10.2304
2026-08-30T00:37:07Z,89.2638,99.6940,10.4303,0.0000,0.0000,7.6387,10.2144
2026-08-30T00:37:08Z,89.2638,99.6931,10.4294,0.0000,0.0000,7.6386,10.2144
2026-08-30T00:37:09Z,89.3141,99.5911,10.2769,0.0000,0.0000,7.6385,10.2304
2026-08-30T00:37:10Z,89.3141,99.5901,10.2760,0.0000,0.0000,7.6385,10.2304
2026-08-30T00:37:11Z,89.3019,99.5892,10.2873,0.0000,0.0000,7.6384,10.2304
2026-08-30T00:37:12Z,89.3019,99.5883,10.2864,0.0000,0.0000,7.6383,10.2304
2026-08-30T00:37:13Z,89.2958,99.6886,10.3928,0.0000,0.0000,7.6382,10.2144
2026-08-30T00:37:14Z,89.2958,99.6877,10.3919,0.0000,0.0000,7.6382,10.2144
2026-08-30T00:37:15Z,89.2683,99.5856,10.3173,0.0000,0.0000,7.6381,10.2304
2026-08-30T00:37:16Z,89.2683,99.5847,10.3164,0.0000,0.0000,7.6380,10.2304
2026-08-30T00:37:17Z,89.2638,99.5838,10.3201,0.0000,0.0000,7.6380,10.2304
2026-08-30T00:37:18Z,89.2638,99.5829,10.3192,0.0000,0.0000,7.6379,10.2304
2026-08-30T00:37:19Z,89.2638,99.4978,10.2341,0.0000,0.0000,7.6378,10.2438
2026-08-30T00:37:20Z,89.2638,99.4969,10.2331,0.0000,0.0000,7.6377,10.2438
2026-08-30T00:37:21Z,89.2699,99.5802,10.3103,0.0000,0.0000,7.6377,10.2304
2026-08-30T00:37:22Z,89.2699,99.5793,10.3094,0.0000,0.0000,7.6376,10.2304
2026-08-30T00:37:23Z,89.2317,99.4942,10.2625,0.0000,0.0000,7.6375,10.2438
2026-08-30T00:37:24Z,89.2317,99.4933,10.2616,0.0000,0.0000,7.6374,10.2438
2026-08-30T00:37:25Z,89.2378,99.5766,10.3388,0.0000,0.0000,7.6374,10.2304
2026-08-30T00:37:26Z,89.2378,99.5757,10.3379,0.0000,0.0000,7.6373,10.2304
2026-08-30T00:37:27Z,89.2195,99.5748,10.3553,0.0000,0.0000,7.6372,10.2304
2026-08-30T00:37:28Z,89.2195,99.5739,10.3544,0.0000,0.0000,7.6371,10.2304
2026-08-30T00:37:29Z,89.2317,99.6741,10.4424,0.0000,0.0000,7.6371,10.2144
2026-08-30T00:37:30Z,89.2317,99.6732,10.4415,0.0000,0.0000,7.6370,10.2144
2026-08-30T00:37:31Z,89.1875,99.5711,10.3837,0.0000,0.0000,7.6369,10.2304
2026-08-30T00:37:32Z,89.1875,99.5702,10.3828,0.0000,0.0000,7.6368,10.2304
2026-08-30T00:37:33Z,89.1920,99.5693,10.3773,0.0000,0.0000,7.6368,10.2304
2026-08-30T00:37:34Z,89.1920,99.5684,10.3764,0.0000,0.0000,7.6367,10.2304
2026-08-30T00:37:35Z,89.1875,99.5675,10.3801,0.0000,0.0000,7.6366,10.2304
2026-08-30T00:37:36Z,89.1875,99.5666,10.3792,0.0000,0.0000,7.6365,10.2304
2026-08-30T00:37:37Z,89.2012,99.5657,10.3645,0.0000,0.0000,7.6365,10.2304
2026-08-30T00:37:38Z,89.2012,99.5648,10.3636,0.0000,0.0000,7.6364,10.2304
2026-08-30T00:37:39Z,89.2058,99.6650,10.4593,0.0000,0.0000,7.6363,10.2144
2026-08-30T00:37:40Z,89.2058,99.6641,10.4584,0.0000,0.0000,7.6362,10.2144
2026-08-30T00:37:41Z,89.2195,99.6632,10.4437,0.0000,0.0000,7.6362,10.2144
2026-08-30T00:37:42Z,89.2195,99.6623,10.4428,0.0000,0.0000,7.6361,10.2144
2026-08-30T00:37:43Z,89.2226,99.8302,10.6076,0.0000,0.0000,7.6360,10.1877
2026-08-30T00:37:44Z,89.2226,99.8293,10.6067,0.0000,0.0000,7.6360,10.1877
2026-08-30T00:37:45Z,89.1997,99.5585,10.3588,0.0000,0.0000,7.6359,10.2304
2026-08-30T00:37:46Z,89.1997,99.5576,10.3579,0.0000,0.0000,7.6358,10.2304
2026-08-30T00:37:47Z,89.1875,99.6578,10.4703,0.0000,0.0000,7.6357,10.2144
2026-08-30T00:37:48Z,89.1875,99.6569,10.4694,0.0000,0.0000,7.6357,10.2144
2026-08-30T00:37:49Z,89.1554,99.7403,10.5849,0.0000,0.0000,7.6356,10.2010
2026-08-30T00:37:50Z,89.1554,99.7394,10.5840,0.0000,0.0000,7.6355,10.2010
2026-08-30T00:37:51Z,89.1630,99.6542,10.4911,0.0000,0.0000,7.6354,10.2144
2026-08-30T00:37:52Z,89.1630,99.6533,10.4902,0.0000,0.0000,7.6354,10.2144
2026-08-30T00:37:53Z,89.1493,99.6523,10.5030,0.0000,0.0000,7.6353,10.2144
2026-08-30T00:37:54Z,89.1493,99.6514,10.5021,0.0000,0.0000,7.6352,10.2144
2026-08-30T00:37:55Z,89.1920,99.6505,10.4585,0.0000,0.0000,7.6351,10.2144
2026-08-30T00:37:56Z,89.1920,99.6496,10.4576,0.0000,0.0000,7.6351,10.2144
2026-08-30T00:37:57Z,89.1402,99.7331,10.5929,0.0000,0.0000,7.6350,10.2010
2026-08-30T00:37:58Z,89.1402,99.7322,10.5920,0.0000,0.0000,7.6349,10.2010
2026-08-30T00:37:59Z,89.1447,99.6469,10.5022,0.0000,0.0000,7.6348,10.2144
2026-08-30T00:38:00Z,89.1447,99.6460,10.5013,0.0000,0.0000,7.6348,10.2144
2026-08-30T00:38:01Z,89.1783,99.6451,10.4668,0.0000,0.0000,7.6347,10.2144
2026-08-30T00:38:02Z,89.1783,99.6442,10.4659,0.0000,0.0000,7.6346,10.2144
2026-08-30T00:38:03Z,89.1493,99.7276,10.5783,0.0000,0.0000,7.6345,10.2010
2026-08-30T00:38:04Z,89.1493,99.7267,10.5774,0.0000,0.0000,7.6345,10.2010
2026-08-30T00:38:05Z,89.1554,99.7258,10.5704,0.0000,0.0000,7.6344,10.2010
2026-08-30T00:38:06Z,89.1554,99.7249,10.5695,0.0000,0.0000,7.6343,10.2010
2026-08-30T00:38:07Z,89.1447,99.6397,10.4949,0.0000,0.0000,7.6342,10.2144
2026-08-30T00:38:08Z,89.1447,99.6388,10.4940,0.0000,0.0000,7.6342,10.2144
2026-08-30T00:38:09Z,89.1188,99.6379,10.5191,0.0000,0.0000,7.6341,10.2144
2026-08-30T00:38:10Z,89.1188,99.6370,10.5182,0.0000,0.0000,7.6340,10.2144
2026-08-30T00:38:11Z,89.1402,99.6360,10.4959,0.0000,0.0000,7.6340,10.2144
2026-08-30T00:38:12Z,89.1402,99.6351,10.4950,0.0000,0.0000,7.6339,10.2144
2026-08-30T00:38:13Z,89.1264,99.6342,10.5078,0.0000,0.0000,7.6338,10.2144
2026-08-30T00:38:14Z,89.1264,99.6333,10.5069,0.0000,0.0000,7.6337,10.2144
2026-08-30T00:38:15Z,89.1173,99.6324,10.5152,0.0000,0.0000,7.6337,10.2144
2026-08-30T00:38:16Z,89.1173,99.6315,10.5143,0.0000,0.0000,7.6336,10.2144
2026-08-30T00:38:17Z,89.1310,99.7149,10.5839,0.0000,0.0000,7.6335,10.2010
2026-08-30T00:38:18Z,89.1310,99.7140,10.5830,0.0000,0.0000,7.6334,10.2010
2026-08-30T00:38:19Z,89.1356,99.7131,10.5776,0.0000,0.0000,7.6334,10.2010
2026-08-30T00:38:20Z,89.1356,99.7122,10.5766,0.0000,0.0000,7.6333,10.2010
2026-08-30T00:38:21Z,89.1539,99.7113,10.5574,0.0000,0.0000,7.6332,10.2010
2026-08-30T00:38:22Z,89.1539,99.7104,10.5565,0.0000,0.0000,7.6331,10.2010
2026-08-30T00:38:23Z,89.1188,99.7095,10.5907,0.0000,0.0000,7.6331,10.2010
2026-08-30T00:38:24Z,89.1188,99.7086,10.5898,0.0000,0.0000,7.6330,10.2010
2026-08-30T00:38:25Z,89.1402,99.6234,10.4832,0.0000,0.0000,7.6329,10.2144
2026-08-30T00:38:26Z,89.1402,99.6225,10.4823,0.0000,0.0000,7.6328,10.2144
2026-08-30T00:38:27Z,89.1402,99.6216,10.4814,0.0000,0.0000,7.6328,10.2144
2026-08-30T00:38:28Z,89.1402,99.6206,10.4805,0.0000,0.0000,7.6327,10.2144
2026-08-30T00:38:29Z,89.1051,99.7041,10.5990,0.0000,0.0000,7.6326,10.2010
2026-08-30T00:38:30Z,89.1051,99.7032,10.5981,0.0000,0.0000,7.6325,10.2010
2026-08-30T00:38:31Z,89.1402,99.6179,10.4778,0.0000,0.0000,7.6325,10.2144
2026-08-30T00:38:32Z,89.1402,99.6170,10.4769,0.0000,0.0000,7.6324,10.2144
2026-08-30T00:38:33Z,89.1234,99.7004,10.5771,0.0000,0.0000,7.6323,10.2010
2026-08-30T00:38:34Z,89.1234,99.6995,10.5762,0.0000,0.0000,7.6322,10.2010
2026-08-30T00:38:35Z,89.1463,99.6143,10.4681,0.0000,0.0000,7.6322,10.2144
2026-08-30T00:38:36Z,89.1463,99.6134,10.4671,0.0000,0.0000,7.6321,10.2144
2026-08-30T00:38:37Z,89.0852,99.6125,10.5273,0.0000,0.0000,7.6320,10.2144
2026-08-30T00:38:38Z,89.0852,99.6116,10.5264,0.0000,0.0000,7.6320,10.2144
2026-08-30T00:38:39Z,89.1356,99.5096,10.3740,0.0000,0.0000,7.6319,10.2304
2026-08-30T00:38:40Z,89.1356,99.5087,10.3731,0.0000,0.0000,7.6318,10.2304
2026-08-30T00:38:41Z,89.0593,99.6932,10.6339,0.0000,0.0000,7.6317,10.2010
2026-08-30T00:38:42Z,89.0593,99.6923,10.6330,0.0000,0.0000,7.6317,10.2010
2026-08-30T00:38:43Z,89.0913,99.7758,10.6844,0.0000,0.0000,7.6316,10.1877
2026-08-30T00:38:44Z,89.0913,99.7749,10.6835,0.0000,0.0000,7.6315,10.1877
2026-08-30T00:38:45Z,89.1188,99.7740,10.6552,0.0000,0.0000,7.6314,10.1877
2026-08-30T00:38:46Z,89.1188,99.7730,10.6543,0.0000,0.0000,7.6314,10.1877
2026-08-30T00:38:47Z,89.0776,99.6878,10.6102,0.0000,0.0000,7.6313,10.2010
2026-08-30T00:38:48Z,89.0776,99.6868,10.6093,0.0000,0.0000,7.6312,10.2010
2026-08-30T00:38:49Z,89.0944,99.6859,10.5916,0.0000,0.0000,7.6311,10.2010
2026-08-30T00:38:50Z,89.0944,99.6850,10.5907,0.0000,0.0000,7.6311,10.2010
2026-08-30T00:38:51Z,89.0669,99.5998,10.5329,0.0000,0.0000,7.6310,10.2144
2026-08-30T00:38:52Z,89.0669,99.5989,10.5320,0.0000,0.0000,7.6309,10.2144
2026-08-30T00:38:53Z,89.0547,99.6823,10.6276,0.0000,0.0000,7.6308,10.2010
2026-08-30T00:38:54Z,89.0547,99.6814,10.6267,0.0000,0.0000,7.6308,10.2010
2026-08-30T00:38:55Z,89.0349,99.5962,10.5613,0.0000,0.0000,7.6307,10.2144
2026-08-30T00:38:56Z,89.0349,99.5953,10.5604,0.0000,0.0000,7.6306,10.2144
2026-08-30T00:38:57Z,89.0639,99.6787,10.6148,0.0000,0.0000,7.6305,10.2010
2026-08-30T00:38:58Z,89.0639,99.6778,10.6139,0.0000,0.0000,7.6305,10.2010
2026-08-30T00:38:59Z,89.0669,99.5926,10.5257,0.0000,0.0000,7.6304,10.2144
