time_utc,temp_c,rh_pct,precip_mm
2026-04-11T00:00:00+00:00,11.7,94.0,0.00
2026-04-11T01:00:00+00:00,11.2,93.0,0.00
2026-04-11T02:00:00+00:00,11.4,91.0,0.00
2026-04-11T03:00:00+00:00,11.0,92.0,0.00
2026-04-11T04:00:00+00:00,10.6,92.0,0.00
2026-04-11T05:00:00+00:00,10.2,92.0,0.00
2026-04-11T06:00:00+00:00,9.5,92.0,0.00
2026-04-11T07:00:00+00:00,9.4,91.0,0.00
2026-04-11T08:00:00+00:00,8.9,92.0,0.00
2026-04-11T09:00:00+00:00,8.9,92.0,0.00
2026-04-11T10:00:00+00:00,8.9,93.0,0.00
2026-04-11T11:00:00+00:00,10.9,90.0,0.00
2026-04-11T12:00:00+00:00,14.2,85.0,0.00
2026-04-11T13:00:00+00:00,16.4,76.0,0.00
2026-04-11T14:00:00+00:00,17.9,67.0,0.00
2026-04-11T15:00:00+00:00,18.9,60.0,0.00
2026-04-11T16:00:00+00:00,19.7,58.0,0.00
2026-04-11T17:00:00+00:00,20.1,58.0,0.00
2026-04-11T18:00:00+00:00,20.9,57.0,0.00
2026-04-11T19:00:00+00:00,20.9,57.0,0.00
2026-04-11T20:00:00+00:00,20.3,60.0,0.00
2026-04-11T21:00:00+00:00,18.6,67.0,0.00
2026-04-11T22:00:00+00:00,16.7,81.0,0.00
2026-04-11T23:00:00+00:00,15.7,91.0,0.00
2026-04-12T00:00:00+00:00,15.2,96.0,0.00
2026-04-12T01:00:00+00:00,15.5,96.0,0.30
2026-04-12T02:00:00+00:00,15.6,95.0,0.10
2026-04-12T03:00:00+00:00,16.1,93.0,0.10
2026-04-12T04:00:00+00:00,16.3,95.0,0.80
2026-04-12T05:00:00+00:00,16.3,97.0,0.80
2026-04-12T06:00:00+00:00,16.8,98.0,2.10
2026-04-12T07:00:00+00:00,17.0,99.0,4.50
2026-04-12T08:00:00+00:00,16.8,99.0,3.10
2026-04-12T09:00:00+00:00,16.8,99.0,2.20
2026-04-12T10:00:00+00:00,16.7,99.0,0.00
2026-04-12T11:00:00+00:00,16.9,99.0,0.00
2026-04-12T12:00:00+00:00,17.9,95.0,0.00
2026-04-12T13:00:00+00:00,19.5,89.0,0.00
2026-04-12T14:00:00+00:00,20.8,84.0,0.10
2026-04-12T15:00:00+00:00,21.9,76.0,0.10
2026-04-12T16:00:00+00:00,22.7,68.0,0.00
2026-04-12T17:00:00+00:00,22.7,68.0,0.20
2026-04-12T18:00:00+00:00,22.4,64.0,0.10
2026-04-12T19:00:00+00:00,21.1,75.0,0.10
2026-04-12T20:00:00+00:00,20.7,75.0,0.00
2026-04-12T21:00:00+00:00,19.2,82.0,0.00
2026-04-12T22:00:00+00:00,17.3,92.0,0.00
2026-04-12T23:00:00+00:00,16.0,96.0,0.00
2026-04-13T00:00:00+00:00,15.7,99.0,0.00
2026-04-13T01:00:00+00:00,15.3,100.0,0.00
2026-04-13T02:00:00+00:00,15.2,100.0,0.00
2026-04-13T03:00:00+00:00,14.7,100.0,0.00
2026-04-13T04:00:00+00:00,14.4,100.0,0.00
2026-04-13T05:00:00+00:00,14.7,100.0,0.00
2026-04-13T06:00:00+00:00,13.4,99.0,0.00
2026-04-13T07:00:00+00:00,13.3,99.0,0.00
2026-04-13T08:00:00+00:00,12.8,99.0,0.00
2026-04-13T09:00:00+00:00,12.2,100.0,0.00
2026-04-13T10:00:00+00:00,11.6,100.0,0.00
2026-04-13T11:00:00+00:00,13.1,96.0,0.00
2026-04-13T12:00:00+00:00,16.5,87.0,0.00
2026-04-13T13:00:00+00:00,19.7,67.0,0.00
2026-04-13T14:00:00+00:00,20.7,60.0,0.00
2026-04-13T15:00:00+00:00,21.8,56.0,0.00
2026-04-13T16:00:00+00:00,22.5,56.0,0.00
2026-04-13T17:00:00+00:00,23.0,57.0,0.00
2026-04-13T18:00:00+00:00,23.2,58.0,0.00
2026-04-13T19:00:00+00:00,22.5,64.0,0.00
2026-04-13T20:00:00+00:00,20.9,74.0,0.00
2026-04-13T21:00:00+00:00,18.6,85.0,0.00
2026-04-13T22:00:00+00:00,16.6,94.0,0.00
2026-04-13T23:00:00+00:00,15.9,97.0,0.00
2026-04-14T00:00:00+00:00,15.6,97.0,0.00
2026-04-14T01:00:00+00:00,15.2,93.0,0.00
2026-04-14T02:00:00+00:00,14.7,88.0,0.00
2026-04-14T03:00:00+00:00,14.3,90.0,0.00
2026-04-14T04:00:00+00:00,14.2,96.0,0.00
2026-04-14T05:00:00+00:00,14.5,98.0,0.00
2026-04-14T06:00:00+00:00,15.1,100.0,0.00
2026-04-14T07:00:00+00:00,15.3,100.0,0.00
2026-04-14T08:00:00+00:00,15.4,100.0,0.00
2026-04-14T09:00:00+00:00,15.4,99.0,0.00
2026-04-14T10:00:00+00:00,15.3,99.0,0.00
2026-04-14T11:00:00+00:00,15.4,99.0,0.00
2026-04-14T12:00:00+00:00,17.0,95.0,0.00
2026-04-14T13:00:00+00:00,18.9,86.0,0.00
2026-04-14T14:00:00+00:00,20.5,78.0,0.00
2026-04-14T15:00:00+00:00,22.1,70.0,0.00
2026-04-14T16:00:00+00:00,23.1,68.0,0.00
2026-04-14T17:00:00+00:00,22.8,71.0,0.00
2026-04-14T18:00:00+00:00,23.1,69.0,0.10
2026-04-14T19:00:00+00:00,23.1,71.0,0.10
2026-04-14T20:00:00+00:00,22.4,77.0,0.00
2026-04-14T21:00:00+00:00,20.7,85.0,0.00
2026-04-14T22:00:00+00:00,19.3,93.0,0.00
2026-04-14T23:00:00+00:00,19.0,96.0,0.00
2026-04-15T00:00:00+00:00,20.2,96.0,0.00
2026-04-15T01:00:00+00:00,20.1,95.0,0.00
2026-04-15T02:00:00+00:00,19.7,96.0,0.00
2026-04-15T03:00:00+00:00,19.5,98.0,0.00
2026-04-15T04:00:00+00:00,19.5,99.0,0.00
2026-04-15T05:00:00+00:00,19.7,99.0,0.00
2026-04-15T06:00:00+00:00,19.9,99.0,0.00
2026-04-15T07:00:00+00:00,19.5,98.0,0.00
2026-04-15T08:00:00+00:00,19.5,98.0,0.00
2026-04-15T09:00:00+00:00,19.6,97.0,0.00
2026-04-15T10:00:00+00:00,19.3,98.0,0.00
2026-04-15T11:00:00+00:00,19.6,95.0,0.00
2026-04-15T12:00:00+00:00,20.7,90.0,0.00
2026-04-15T13:00:00+00:00,21.9,83.0,0.00
2026-04-15T14:00:00+00:00,23.0,76.0,0.00
2026-04-15T15:00:00+00:00,23.2,75.0,0.00
2026-04-15T16:00:00+00:00,23.5,74.0,0.00
2026-04-15T17:00:00+00:00,23.5,75.0,0.00
2026-04-15T18:00:00+00:00,23.3,75.0,0.00
2026-04-15T19:00:00+00:00,22.7,76.0,0.00
2026-04-15T20:00:00+00:00,22.6,78.0,0.00
2026-04-15T21:00:00+00:00,21.2,89.0,0.00
2026-04-15T22:00:00+00:00,20.4,93.0,0.00
2026-04-15T23:00:00+00:00,20.2,91.0,0.00
2026-04-16T00:00:00+00:00,20.3,90.0,0.00
2026-04-16T01:00:00+00:00,20.0,93.0,0.30
2026-04-16T02:00:00+00:00,19.4,97.0,2.50
2026-04-16T03:00:00+00:00,19.2,98.0,3.10
2026-04-16T04:00:00+00:00,19.1,98.0,0.60
2026-04-16T05:00:00+00:00,19.1,98.0,0.50
2026-04-16T06:00:00+00:00,19.2,97.0,0.60
2026-04-16T07:00:00+00:00,19.0,98.0,0.80
2026-04-16T08:00:00+00:00,19.0,98.0,0.80
2026-04-16T09:00:00+00:00,18.9,98.0,1.30
2026-04-16T10:00:00+00:00,18.5,99.0,3.20
2026-04-16T11:00:00+00:00,18.5,99.0,4.00
2026-04-16T12:00:00+00:00,19.6,99.0,3.50
2026-04-16T13:00:00+00:00,19.5,99.0,1.80
2026-04-16T14:00:00+00:00,20.0,98.0,1.40
2026-04-16T15:00:00+00:00,20.3,95.0,0.80
2026-04-16T16:00:00+00:00,21.1,96.0,0.40
2026-04-16T17:00:00+00:00,21.8,87.0,0.50
2026-04-16T18:00:00+00:00,20.9,97.0,1.00
2026-04-16T19:00:00+00:00,20.3,94.0,1.70
2026-04-16T20:00:00+00:00,20.9,91.0,0.10
2026-04-16T21:00:00+00:00,20.0,92.0,0.40
2026-04-16T22:00:00+00:00,19.0,98.0,0.40
2026-04-16T23:00:00+00:00,18.8,98.0,0.00
2026-04-17T00:00:00+00:00,18.6,99.0,0.00
2026-04-17T01:00:00+00:00,18.4,99.0,0.00
2026-04-17T02:00:00+00:00,18.5,99.0,0.00
2026-04-17T03:00:00+00:00,18.5,100.0,0.00
2026-04-17T04:00:00+00:00,18.5,100.0,0.00
2026-04-17T05:00:00+00:00,18.4,99.0,0.10
2026-04-17T06:00:00+00:00,18.0,100.0,0.10
2026-04-17T07:00:00+00:00,17.7,99.0,0.00
2026-04-17T08:00:00+00:00,17.3,99.0,0.10
2026-04-17T09:00:00+00:00,17.3,99.0,0.10
2026-04-17T10:00:00+00:00,17.4,100.0,0.10
2026-04-17T11:00:00+00:00,17.9,100.0,0.00
2026-04-17T12:00:00+00:00,18.4,99.0,0.10
2026-04-17T13:00:00+00:00,18.2,96.0,0.30
2026-04-17T14:00:00+00:00,18.0,98.0,0.80
2026-04-17T15:00:00+00:00,18.2,94.0,0.70
2026-04-17T16:00:00+00:00,19.5,84.0,0.30
2026-04-17T17:00:00+00:00,20.1,76.0,0.10
2026-04-17T18:00:00+00:00,19.7,81.0,0.10
2026-04-17T19:00:00+00:00,19.8,77.0,0.10
2026-04-17T20:00:00+00:00,18.7,82.0,0.00
2026-04-17T21:00:00+00:00,17.7,86.0,0.00
2026-04-17T22:00:00+00:00,17.1,88.0,0.00
2026-04-17T23:00:00+00:00,17.0,90.0,0.00
2026-04-18T00:00:00+00:00,16.8,94.0,0.00
2026-04-18T01:00:00+00:00,16.7,94.0,0.00
2026-04-18T02:00:00+00:00,16.4,95.0,0.00
2026-04-18T03:00:00+00:00,16.1,95.0,0.00
2026-04-18T04:00:00+00:00,15.9,94.0,0.00
2026-04-18T05:00:00+00:00,15.5,95.0,0.00
2026-04-18T06:00:00+00:00,14.8,96.0,0.00
2026-04-18T07:00:00+00:00,14.8,95.0,0.00
2026-04-18T08:00:00+00:00,14.6,96.0,0.00
2026-04-18T09:00:00+00:00,14.6,96.0,0.00
2026-04-18T10:00:00+00:00,14.6,97.0,0.00
2026-04-18T11:00:00+00:00,15.3,97.0,0.00
2026-04-18T12:00:00+00:00,17.1,95.0,0.00
2026-04-18T13:00:00+00:00,18.4,89.0,0.00
2026-04-18T14:00:00+00:00,19.9,80.0,0.00
2026-04-18T15:00:00+00:00,21.5,71.0,0.10
2026-04-18T16:00:00+00:00,22.3,65.0,0.10
2026-04-18T17:00:00+00:00,22.8,61.0,0.00
2026-04-18T18:00:00+00:00,23.1,59.0,0.00
2026-04-18T19:00:00+00:00,22.7,58.0,0.00
2026-04-18T20:00:00+00:00,21.7,64.0,0.00
2026-04-18T21:00:00+00:00,19.0,79.0,0.00
2026-04-18T22:00:00+00:00,17.1,87.0,0.00
2026-04-18T23:00:00+00:00,16.5,88.0,0.00
2026-04-19T00:00:00+00:00,15.8,88.0,0.00
2026-04-19T01:00:00+00:00,15.8,85.0,0.00
2026-04-19T02:00:00+00:00,15.8,83.0,0.00
2026-04-19T03:00:00+00:00,15.5,84.0,0.00
2026-04-19T04:00:00+00:00,14.8,86.0,0.00
2026-04-19T05:00:00+00:00,14.1,90.0,0.00
2026-04-19T06:00:00+00:00,13.5,90.0,0.00
2026-04-19T07:00:00+00:00,13.4,90.0,0.00
2026-04-19T08:00:00+00:00,13.5,90.0,0.00
2026-04-19T09:00:00+00:00,14.0,89.0,0.00
2026-04-19T10:00:00+00:00,14.3,93.0,0.00
2026-04-19T11:00:00+00:00,15.4,94.0,0.00
2026-04-19T12:00:00+00:00,18.5,86.0,0.00
2026-04-19T13:00:00+00:00,20.6,77.0,0.00
2026-04-19T14:00:00+00:00,22.4,68.0,0.00
2026-04-19T15:00:00+00:00,23.7,61.0,0.00
2026-04-19T16:00:00+00:00,24.4,55.0,0.00
2026-04-19T17:00:00+00:00,24.7,51.0,0.00
2026-04-19T18:00:00+00:00,25.0,44.0,0.00
2026-04-19T19:00:00+00:00,24.7,44.0,0.00
2026-04-19T20:00:00+00:00,23.2,62.0,0.00
2026-04-19T21:00:00+00:00,19.7,75.0,0.00
2026-04-19T22:00:00+00:00,17.5,82.0,0.00
2026-04-19T23:00:00+00:00,16.8,80.0,0.00
2026-04-20T00:00:00+00:00,16.3,83.0,0.00
2026-04-20T01:00:00+00:00,16.2,83.0,0.00
2026-04-20T02:00:00+00:00,15.8,83.0,0.00
2026-04-20T03:00:00+00:00,15.3,86.0,0.00
2026-04-20T04:00:00+00:00,15.4,89.0,0.00
2026-04-20T05:00:00+00:00,15.2,95.0,0.00
2026-04-20T06:00:00+00:00,15.4,98.0,0.00
2026-04-20T07:00:00+00:00,15.9,98.0,0.00
2026-04-20T08:00:00+00:00,16.3,97.0,0.00
2026-04-20T09:00:00+00:00,16.4,97.0,0.00
2026-04-20T10:00:00+00:00,16.3,96.0,0.00
2026-04-20T11:00:00+00:00,16.6,97.0,0.00
2026-04-20T12:00:00+00:00,17.3,94.0,0.00
2026-04-20T13:00:00+00:00,18.5,86.0,0.00
2026-04-20T14:00:00+00:00,19.7,79.0,0.00
2026-04-20T15:00:00+00:00,20.9,74.0,0.00
2026-04-20T16:00:00+00:00,21.8,68.0,0.00
2026-04-20T17:00:00+00:00,22.2,65.0,0.00
2026-04-20T18:00:00+00:00,20.2,74.0,0.00
2026-04-20T19:00:00+00:00,20.5,72.0,0.00
2026-04-20T20:00:00+00:00,19.8,76.0,0.00
2026-04-20T21:00:00+00:00,18.2,87.0,0.00
2026-04-20T22:00:00+00:00,17.0,97.0,0.00
2026-04-20T23:00:00+00:00,16.6,99.0,0.00
2026-04-21T00:00:00+00:00,17.0,99.0,0.00
2026-04-21T01:00:00+00:00,17.2,98.0,0.00
2026-04-21T02:00:00+00:00,16.8,98.0,0.00
2026-04-21T03:00:00+00:00,16.8,96.0,0.00
2026-04-21T04:00:00+00:00,16.7,95.0,0.30
2026-04-21T05:00:00+00:00,16.7,98.0,0.60
2026-04-21T06:00:00+00:00,17.5,99.0,0.20
2026-04-21T07:00:00+00:00,17.7,99.0,0.40
2026-04-21T08:00:00+00:00,17.1,98.0,0.00
2026-04-21T09:00:00+00:00,16.8,98.0,0.10
2026-04-21T10:00:00+00:00,16.0,97.0,0.10
2026-04-21T11:00:00+00:00,16.0,96.0,0.00
2026-04-21T12:00:00+00:00,17.8,90.0,0.00
2026-04-21T13:00:00+00:00,19.3,84.0,0.00
2026-04-21T14:00:00+00:00,19.7,82.0,0.00
2026-04-21T15:00:00+00:00,19.6,85.0,0.30
2026-04-21T16:00:00+00:00,19.9,84.0,0.10
2026-04-21T17:00:00+00:00,20.8,79.0,0.00
2026-04-21T18:00:00+00:00,20.8,83.0,0.00
2026-04-21T19:00:00+00:00,20.3,85.0,0.00
2026-04-21T20:00:00+00:00,19.5,90.0,0.20
2026-04-21T21:00:00+00:00,18.5,97.0,0.50
2026-04-21T22:00:00+00:00,17.9,99.0,0.30
2026-04-21T23:00:00+00:00,17.8,99.0,0.00
2026-04-22T00:00:00+00:00,17.4,99.0,0.10
2026-04-22T01:00:00+00:00,17.2,99.0,0.10
2026-04-22T02:00:00+00:00,17.3,99.0,0.00
2026-04-22T03:00:00+00:00,17.5,100.0,0.00
2026-04-22T04:00:00+00:00,16.7,98.0,0.00
2026-04-22T05:00:00+00:00,16.5,96.0,0.00
2026-04-22T06:00:00+00:00,16.9,97.0,0.00
2026-04-22T07:00:00+00:00,16.8,99.0,0.00
2026-04-22T08:00:00+00:00,16.9,100.0,0.10
2026-04-22T09:00:00+00:00,16.2,98.0,0.20
2026-04-22T10:00:00+00:00,15.7,98.0,0.00
2026-04-22T11:00:00+00:00,14.5,96.0,0.00
2026-04-22T12:00:00+00:00,14.1,92.0,0.00
2026-04-22T13:00:00+00:00,14.8,83.0,0.00
2026-04-22T14:00:00+00:00,15.2,79.0,0.00
2026-04-22T15:00:00+00:00,17.0,68.0,0.00
2026-04-22T16:00:00+00:00,18.4,62.0,0.00
2026-04-22T17:00:00+00:00,18.6,62.0,0.00
2026-04-22T18:00:00+00:00,18.1,66.0,0.00
2026-04-22T19:00:00+00:00,17.4,69.0,0.00
2026-04-22T20:00:00+00:00,16.6,73.0,0.00
2026-04-22T21:00:00+00:00,15.6,78.0,0.00
2026-04-22T22:00:00+00:00,13.8,87.0,0.00
2026-04-22T23:00:00+00:00,12.7,91.0,0.00
2026-04-23T00:00:00+00:00,12.1,93.0,0.00
2026-04-23T01:00:00+00:00,11.9,92.0,0.00
2026-04-23T02:00:00+00:00,11.9,91.0,0.00
2026-04-23T03:00:00+00:00,11.9,91.0,0.00
2026-04-23T04:00:00+00:00,12.4,91.0,0.40
2026-04-23T05:00:00+00:00,12.6,93.0,0.00
2026-04-23T06:00:00+00:00,11.6,96.0,0.00
2026-04-23T07:00:00+00:00,11.6,95.0,0.00
2026-04-23T08:00:00+00:00,10.7,96.0,0.00
2026-04-23T09:00:00+00:00,10.6,94.0,0.00
2026-04-23T10:00:00+00:00,11.2,90.0,0.00
2026-04-23T11:00:00+00:00,12.2,89.0,0.00
2026-04-23T12:00:00+00:00,15.3,81.0,0.00
2026-04-23T13:00:00+00:00,16.8,76.0,0.00
2026-04-23T14:00:00+00:00,18.1,65.0,0.00
2026-04-23T15:00:00+00:00,19.3,58.0,0.00
2026-04-23T16:00:00+00:00,20.2,52.0,0.00
2026-04-23T17:00:00+00:00,20.6,49.0,0.00
2026-04-23T18:00:00+00:00,20.7,48.0,0.00
2026-04-23T19:00:00+00:00,19.9,51.0,0.00
2026-04-23T20:00:00+00:00,18.1,63.0,0.00
2026-04-23T21:00:00+00:00,15.6,71.0,0.00
2026-04-23T22:00:00+00:00,14.0,75.0,0.00
2026-04-23T23:00:00+00:00,13.7,73.0,0.00
2026-04-24T00:00:00+00:00,12.7,75.0,0.00
2026-04-24T01:00:00+00:00,12.1,75.0,0.00
2026-04-24T02:00:00+00:00,11.8,75.0,0.00
2026-04-24T03:00:00+00:00,11.9,81.0,0.00
2026-04-24T04:00:00+00:00,12.1,90.0,0.00
2026-04-24T05:00:00+00:00,11.9,92.0,0.00
2026-04-24T06:00:00+00:00,10.4,95.0,0.00
2026-04-24T07:00:00+00:00,9.9,97.0,0.00
2026-04-24T08:00:00+00:00,9.9,96.0,0.00
2026-04-24T09:00:00+00:00,9.8,97.0,0.00
2026-04-24T10:00:00+00:00,9.3,99.0,0.00
2026-04-24T11:00:00+00:00,10.7,99.0,0.00
2026-04-24T12:00:00+00:00,14.4,91.0,0.00
2026-04-24T13:00:00+00:00,16.8,82.0,0.00
2026-04-24T14:00:00+00:00,18.3,72.0,0.00
2026-04-24T15:00:00+00:00,19.2,60.0,0.00
2026-04-24T16:00:00+00:00,20.1,51.0,0.00
2026-04-24T17:00:00+00:00,20.6,50.0,0.00
2026-04-24T18:00:00+00:00,21.0,50.0,0.00
2026-04-24T19:00:00+00:00,20.6,58.0,0.00
2026-04-24T20:00:00+00:00,19.6,68.0,0.00
2026-04-24T21:00:00+00:00,16.7,80.0,0.00
2026-04-24T22:00:00+00:00,16.1,78.0,0.00
2026-04-24T23:00:00+00:00,15.4,79.0,0.00
2026-04-25T00:00:00+00:00,13.7,86.0,0.00
2026-04-25T01:00:00+00:00,13.3,92.0,0.00
2026-04-25T02:00:00+00:00,13.2,96.0,0.00
2026-04-25T03:00:00+00:00,13.1,97.0,0.00
2026-04-25T04:00:00+00:00,13.4,98.0,0.00
2026-04-25T05:00:00+00:00,13.4,99.0,0.00
2026-04-25T06:00:00+00:00,13.3,99.0,0.00
2026-04-25T07:00:00+00:00,13.4,100.0,0.00
2026-04-25T08:00:00+00:00,13.7,100.0,0.00
2026-04-25T09:00:00+00:00,13.9,99.0,0.00
2026-04-25T10:00:00+00:00,14.1,100.0,0.00
2026-04-25T11:00:00+00:00,14.6,99.0,0.00
2026-04-25T12:00:00+00:00,15.4,99.0,0.00
2026-04-25T13:00:00+00:00,16.9,93.0,0.00
2026-04-25T14:00:00+00:00,18.6,84.0,0.00
2026-04-25T15:00:00+00:00,19.9,73.0,0.10
2026-04-25T16:00:00+00:00,20.6,67.0,0.10
2026-04-25T17:00:00+00:00,20.7,65.0,0.10
2026-04-25T18:00:00+00:00,21.1,64.0,0.10
2026-04-25T19:00:00+00:00,20.2,67.0,0.00
2026-04-25T20:00:00+00:00,18.5,75.0,0.00
2026-04-25T21:00:00+00:00,16.4,89.0,0.00
2026-04-25T22:00:00+00:00,15.2,94.0,0.00
2026-04-25T23:00:00+00:00,14.3,95.0,0.00
2026-04-26T00:00:00+00:00,13.6,95.0,0.00
2026-04-26T01:00:00+00:00,13.6,94.0,0.00
2026-04-26T02:00:00+00:00,13.7,92.0,0.00
2026-04-26T03:00:00+00:00,13.8,91.0,0.00
2026-04-26T04:00:00+00:00,13.6,94.0,0.00
2026-04-26T05:00:00+00:00,13.6,96.0,0.00
2026-04-26T06:00:00+00:00,12.8,97.0,0.00
2026-04-26T07:00:00+00:00,12.1,99.0,0.00
2026-04-26T08:00:00+00:00,12.1,100.0,0.00
2026-04-26T09:00:00+00:00,12.4,99.0,0.00
2026-04-26T10:00:00+00:00,12.5,98.0,0.00
2026-04-26T11:00:00+00:00,12.7,99.0,0.00
2026-04-26T12:00:00+00:00,13.8,96.0,0.00
2026-04-26T13:00:00+00:00,15.5,86.0,0.00
2026-04-26T14:00:00+00:00,17.0,77.0,0.00
2026-04-26T15:00:00+00:00,17.7,64.0,0.20
2026-04-26T16:00:00+00:00,17.8,53.0,0.00
2026-04-26T17:00:00+00:00,17.9,53.0,0.00
2026-04-26T18:00:00+00:00,14.4,75.0,1.00
2026-04-26T19:00:00+00:00,14.0,72.0,0.00
2026-04-26T20:00:00+00:00,13.5,56.0,0.10
2026-04-26T21:00:00+00:00,12.3,53.0,0.00
2026-04-26T22:00:00+00:00,11.1,55.0,0.00
2026-04-26T23:00:00+00:00,11.0,54.0,0.00
2026-04-27T00:00:00+00:00,9.3,59.0,0.00
2026-04-27T01:00:00+00:00,8.8,60.0,0.00
2026-04-27T02:00:00+00:00,8.4,64.0,0.00
2026-04-27T03:00:00+00:00,8.9,62.0,0.00
2026-04-27T04:00:00+00:00,9.2,66.0,0.00
2026-04-27T05:00:00+00:00,9.1,72.0,0.00
2026-04-27T06:00:00+00:00,8.5,80.0,0.00
2026-04-27T07:00:00+00:00,8.4,81.0,0.00
2026-04-27T08:00:00+00:00,8.5,82.0,0.00
2026-04-27T09:00:00+00:00,8.9,82.0,0.00
2026-04-27T10:00:00+00:00,9.0,81.0,0.00
2026-04-27T11:00:00+00:00,9.0,82.0,0.00
2026-04-27T12:00:00+00:00,9.4,85.0,0.00
2026-04-27T13:00:00+00:00,10.2,83.0,0.20
2026-04-27T14:00:00+00:00,11.0,81.0,0.10
2026-04-27T15:00:00+00:00,12.2,77.0,0.10
2026-04-27T16:00:00+00:00,12.7,76.0,0.20
2026-04-27T17:00:00+00:00,12.6,78.0,0.30
2026-04-27T18:00:00+00:00,13.2,75.0,0.10
2026-04-27T19:00:00+00:00,13.5,74.0,0.10
2026-04-27T20:00:00+00:00,12.9,75.0,0.10
2026-04-27T21:00:00+00:00,11.6,82.0,0.00
2026-04-27T22:00:00+00:00,10.9,85.0,0.00
2026-04-27T23:00:00+00:00,10.5,85.0,0.00
2026-04-28T00:00:00+00:00,9.5,83.0,0.00
2026-04-28T01:00:00+00:00,8.8,88.0,0.00
2026-04-28T02:00:00+00:00,8.5,89.0,0.00
2026-04-28T03:00:00+00:00,8.1,90.0,0.00
2026-04-28T04:00:00+00:00,7.9,88.0,0.00
2026-04-28T05:00:00+00:00,7.8,87.0,0.00
2026-04-28T06:00:00+00:00,6.5,92.0,0.00
2026-04-28T07:00:00+00:00,6.1,92.0,0.00
2026-04-28T08:00:00+00:00,5.8,92.0,0.00
2026-04-28T09:00:00+00:00,5.6,91.0,0.00
2026-04-28T10:00:00+00:00,5.3,90.0,0.00
2026-04-28T11:00:00+00:00,6.4,83.0,0.00
2026-04-28T12:00:00+00:00,8.7,75.0,0.00
2026-04-28T13:00:00+00:00,10.4,66.0,0.00
2026-04-28T14:00:00+00:00,12.0,59.0,0.00
2026-04-28T15:00:00+00:00,13.2,54.0,0.00
2026-04-28T16:00:00+00:00,13.5,48.0,0.00
2026-04-28T17:00:00+00:00,13.6,48.0,0.00
2026-04-28T18:00:00+00:00,14.6,44.0,0.00
2026-04-28T19:00:00+00:00,14.1,47.0,0.00
2026-04-28T20:00:00+00:00,13.2,53.0,0.00
2026-04-28T21:00:00+00:00,11.4,59.0,0.00
2026-04-28T22:00:00+00:00,10.6,61.0,0.00
2026-04-28T23:00:00+00:00,10.3,61.0,0.00
2026-04-29T00:00:00+00:00,9.1,66.0,0.00
2026-04-29T01:00:00+00:00,8.7,68.0,0.00
2026-04-29T02:00:00+00:00,8.7,70.0,0.00
2026-04-29T03:00:00+00:00,8.8,68.0,0.00
2026-04-29T04:00:00+00:00,8.7,68.0,0.00
2026-04-29T05:00:00+00:00,8.8,70.0,0.00
2026-04-29T06:00:00+00:00,8.1,74.0,0.00
2026-04-29T07:00:00+00:00,7.8,77.0,0.00
2026-04-29T08:00:00+00:00,7.8,80.0,0.00
2026-04-29T09:00:00+00:00,7.9,80.0,0.00
2026-04-29T10:00:00+00:00,8.1,79.0,0.00
2026-04-29T11:00:00+00:00,9.0,76.0,0.00
2026-04-29T12:00:00+00:00,11.3,74.0,0.00
2026-04-29T13:00:00+00:00,13.5,67.0,0.00
2026-04-29T14:00:00+00:00,14.8,65.0,0.00
2026-04-29T15:00:00+00:00,16.3,62.0,0.00
2026-04-29T16:00:00+00:00,16.2,65.0,0.00
2026-04-29T17:00:00+00:00,16.5,64.0,0.00
2026-04-29T18:00:00+00:00,17.6,60.0,0.00
2026-04-29T19:00:00+00:00,17.5,63.0,0.00
2026-04-29T20:00:00+00:00,17.3,66.0,0.00
2026-04-29T21:00:00+00:00,15.8,73.0,0.00
2026-04-29T22:00:00+00:00,14.5,81.0,0.00
2026-04-29T23:00:00+00:00,13.2,89.0,0.00
2026-04-30T00:00:00+00:00,11.9,91.0,0.00
2026-04-30T01:00:00+00:00,11.3,90.0,0.00
2026-04-30T02:00:00+00:00,11.0,90.0,0.00
2026-04-30T03:00:00+00:00,10.5,90.0,0.00
2026-04-30T04:00:00+00:00,9.8,89.0,0.00
2026-04-30T05:00:00+00:00,9.6,89.0,0.00
2026-04-30T06:00:00+00:00,8.6,90.0,0.00
2026-04-30T07:00:00+00:00,8.2,92.0,0.00
2026-04-30T08:00:00+00:00,8.4,90.0,0.00
2026-04-30T09:00:00+00:00,8.7,87.0,0.00
2026-04-30T10:00:00+00:00,9.0,84.0,0.00
2026-04-30T11:00:00+00:00,9.3,87.0,0.00
2026-04-30T12:00:00+00:00,12.9,82.0,0.00
2026-04-30T13:00:00+00:00,15.2,71.0,0.00
2026-04-30T14:00:00+00:00,17.0,56.0,0.00
2026-04-30T15:00:00+00:00,18.2,53.0,0.00
2026-04-30T16:00:00+00:00,19.0,52.0,0.00
2026-04-30T17:00:00+00:00,19.4,52.0,0.00
2026-04-30T18:00:00+00:00,20.2,51.0,0.00
2026-04-30T19:00:00+00:00,20.0,54.0,0.00
2026-04-30T20:00:00+00:00,18.6,67.0,0.00
2026-04-30T21:00:00+00:00,15.4,77.0,0.00
2026-04-30T22:00:00+00:00,13.9,83.0,0.00
2026-04-30T23:00:00+00:00,13.4,87.0,0.00
2026-05-01T00:00:00+00:00,13.1,90.0,0.00
2026-05-01T01:00:00+00:00,13.3,91.0,0.00
2026-05-01T02:00:00+00:00,13.2,91.0,0.00
2026-05-01T03:00:00+00:00,12.9,92.0,0.00
2026-05-01T04:00:00+00:00,12.7,94.0,0.00
2026-05-01T05:00:00+00:00,12.7,93.0,0.00
2026-05-01T06:00:00+00:00,12.1,94.0,0.00
2026-05-01T07:00:00+00:00,11.9,94.0,0.00
2026-05-01T08:00:00+00:00,11.7,93.0,0.00
2026-05-01T09:00:00+00:00,11.6,91.0,0.00
2026-05-01T10:00:00+00:00,11.4,91.0,0.00
2026-05-01T11:00:00+00:00,12.0,89.0,0.00
2026-05-01T12:00:00+00:00,13.9,87.0,0.00
2026-05-01T13:00:00+00:00,15.7,80.0,0.00
2026-05-01T14:00:00+00:00,16.0,78.0,0.00
2026-05-01T15:00:00+00:00,15.4,81.0,0.30
2026-05-01T16:00:00+00:00,16.2,80.0,0.00
2026-05-01T17:00:00+00:00,17.8,73.0,0.00
2026-05-01T18:00:00+00:00,18.1,73.0,0.00
2026-05-01T19:00:00+00:00,18.4,75.0,0.00
2026-05-01T20:00:00+00:00,18.0,79.0,0.00
2026-05-01T21:00:00+00:00,16.7,84.0,0.00
2026-05-01T22:00:00+00:00,15.8,89.0,0.00
2026-05-01T23:00:00+00:00,15.2,92.0,0.00
2026-05-02T00:00:00+00:00,14.7,96.0,0.00
2026-05-02T01:00:00+00:00,14.5,96.0,0.00
2026-05-02T02:00:00+00:00,14.5,97.0,0.00
2026-05-02T03:00:00+00:00,14.6,95.0,0.00
2026-05-02T04:00:00+00:00,14.5,94.0,0.00
2026-05-02T05:00:00+00:00,14.7,97.0,0.10
2026-05-02T06:00:00+00:00,14.6,95.0,0.00
2026-05-02T07:00:00+00:00,13.3,94.0,0.00
2026-05-02T08:00:00+00:00,12.6,95.0,0.10
2026-05-02T09:00:00+00:00,12.7,93.0,0.20
2026-05-02T10:00:00+00:00,11.5,89.0,0.10
2026-05-02T11:00:00+00:00,10.7,71.0,0.00
2026-05-02T12:00:00+00:00,12.0,68.0,0.00
2026-05-02T13:00:00+00:00,12.5,60.0,0.00
2026-05-02T14:00:00+00:00,12.6,59.0,0.00
2026-05-02T15:00:00+00:00,12.8,58.0,0.00
2026-05-02T16:00:00+00:00,12.8,57.0,0.00
2026-05-02T17:00:00+00:00,13.1,54.0,0.00
2026-05-02T18:00:00+00:00,12.9,53.0,0.00
2026-05-02T19:00:00+00:00,12.2,58.0,0.00
2026-05-02T20:00:00+00:00,11.7,61.0,0.00
2026-05-02T21:00:00+00:00,10.9,63.0,0.00
2026-05-02T22:00:00+00:00,10.5,64.0,0.00
2026-05-02T23:00:00+00:00,10.3,63.0,0.00
2026-05-03T00:00:00+00:00,8.8,73.0,0.00
2026-05-03T01:00:00+00:00,7.8,79.0,0.00
2026-05-03T02:00:00+00:00,7.7,80.0,0.00
2026-05-03T03:00:00+00:00,7.0,84.0,0.00
2026-05-03T04:00:00+00:00,6.7,86.0,0.00
2026-05-03T05:00:00+00:00,6.7,86.0,0.00
2026-05-03T06:00:00+00:00,5.5,85.0,0.00
2026-05-03T07:00:00+00:00,5.2,87.0,0.00
2026-05-03T08:00:00+00:00,5.0,88.0,0.00
2026-05-03T09:00:00+00:00,4.5,90.0,0.00
2026-05-03T10:00:00+00:00,4.2,91.0,0.00
2026-05-03T11:00:00+00:00,5.2,88.0,0.00
2026-05-03T12:00:00+00:00,8.2,78.0,0.00
2026-05-03T13:00:00+00:00,10.2,70.0,0.00
2026-05-03T14:00:00+00:00,11.7,61.0,0.00
2026-05-03T15:00:00+00:00,12.8,56.0,0.00
2026-05-03T16:00:00+00:00,13.5,51.0,0.00
2026-05-03T17:00:00+00:00,14.0,47.0,0.00
2026-05-03T18:00:00+00:00,14.8,42.0,0.00
2026-05-03T19:00:00+00:00,14.5,44.0,0.00
2026-05-03T20:00:00+00:00,13.5,56.0,0.00
2026-05-03T21:00:00+00:00,10.4,68.0,0.00
2026-05-03T22:00:00+00:00,9.3,73.0,0.00
2026-05-03T23:00:00+00:00,8.9,73.0,0.00
2026-05-04T00:00:00+00:00,7.9,80.0,0.00
2026-05-04T01:00:00+00:00,8.0,82.0,0.00
2026-05-04T02:00:00+00:00,8.5,78.0,0.00
2026-05-04T03:00:00+00:00,8.2,79.0,0.00
2026-05-04T04:00:00+00:00,8.5,76.0,0.00
2026-05-04T05:00:00+00:00,8.5,74.0,0.00
2026-05-04T06:00:00+00:00,8.5,74.0,0.00
2026-05-04T07:00:00+00:00,8.0,76.0,0.00
2026-05-04T08:00:00+00:00,8.0,73.0,0.00
2026-05-04T09:00:00+00:00,8.2,67.0,0.00
2026-05-04T10:00:00+00:00,8.2,63.0,0.00
2026-05-04T11:00:00+00:00,8.8,61.0,0.00
2026-05-04T12:00:00+00:00,10.8,62.0,0.00
2026-05-04T13:00:00+00:00,12.6,60.0,0.00
2026-05-04T14:00:00+00:00,14.5,58.0,0.00
2026-05-04T15:00:00+00:00,16.1,53.0,0.00
2026-05-04T16:00:00+00:00,16.9,54.0,0.00
2026-05-04T17:00:00+00:00,17.8,52.0,0.10
2026-05-04T18:00:00+00:00,19.0,47.0,0.00
2026-05-04T19:00:00+00:00,18.5,51.0,0.00
2026-05-04T20:00:00+00:00,16.8,65.0,0.00
2026-05-04T21:00:00+00:00,13.8,75.0,0.00
2026-05-04T22:00:00+00:00,12.9,77.0,0.00
2026-05-04T23:00:00+00:00,13.1,76.0,0.00
2026-05-05T00:00:00+00:00,12.1,83.0,0.00
2026-05-05T01:00:00+00:00,12.8,80.0,0.00
2026-05-05T02:00:00+00:00,13.4,79.0,0.00
2026-05-05T03:00:00+00:00,13.4,82.0,0.00
2026-05-05T04:00:00+00:00,13.5,85.0,0.00
2026-05-05T05:00:00+00:00,13.7,87.0,0.00
2026-05-05T06:00:00+00:00,12.9,89.0,0.00
2026-05-05T07:00:00+00:00,12.5,92.0,0.00
2026-05-05T08:00:00+00:00,12.5,93.0,0.00
2026-05-05T09:00:00+00:00,12.2,95.0,0.00
2026-05-05T10:00:00+00:00,12.0,95.0,0.00
2026-05-05T11:00:00+00:00,12.9,94.0,0.00
2026-05-05T12:00:00+00:00,16.3,89.0,0.00
2026-05-05T13:00:00+00:00,18.3,83.0,0.00
2026-05-05T14:00:00+00:00,19.7,79.0,0.00
2026-05-05T15:00:00+00:00,20.1,78.0,0.00
2026-05-05T16:00:00+00:00,21.3,73.0,0.00
2026-05-05T17:00:00+00:00,22.1,71.0,0.00
2026-05-05T18:00:00+00:00,22.9,67.0,0.00
2026-05-05T19:00:00+00:00,21.7,78.0,0.00
2026-05-05T20:00:00+00:00,21.5,83.0,0.20
2026-05-05T21:00:00+00:00,19.6,88.0,0.10
2026-05-05T22:00:00+00:00,18.4,96.0,0.90
2026-05-05T23:00:00+00:00,17.3,98.0,0.80
2026-05-06T00:00:00+00:00,17.3,97.0,0.00
2026-05-06T01:00:00+00:00,17.2,98.0,0.00
2026-05-06T02:00:00+00:00,17.3,99.0,0.00
2026-05-06T03:00:00+00:00,16.9,99.0,0.00
2026-05-06T04:00:00+00:00,16.7,99.0,0.00
2026-05-06T05:00:00+00:00,16.7,98.0,2.90
2026-05-06T06:00:00+00:00,16.9,99.0,0.10
2026-05-06T07:00:00+00:00,16.5,99.0,0.10
2026-05-06T08:00:00+00:00,16.6,100.0,0.00
2026-05-06T09:00:00+00:00,16.7,100.0,0.00
2026-05-06T10:00:00+00:00,16.7,100.0,0.00
2026-05-06T11:00:00+00:00,17.0,100.0,0.00
2026-05-06T12:00:00+00:00,18.4,99.0,0.00
2026-05-06T13:00:00+00:00,19.1,97.0,0.10
2026-05-06T14:00:00+00:00,19.8,91.0,0.50
2026-05-06T15:00:00+00:00,20.7,90.0,0.10
2026-05-06T16:00:00+00:00,19.7,96.0,5.90
2026-05-06T17:00:00+00:00,18.6,98.0,2.70
2026-05-06T18:00:00+00:00,21.1,93.0,0.10
2026-05-06T19:00:00+00:00,21.9,89.0,0.00
2026-05-06T20:00:00+00:00,20.3,93.0,0.00
2026-05-06T21:00:00+00:00,19.8,93.0,0.10
2026-05-06T22:00:00+00:00,19.2,97.0,0.70
2026-05-06T23:00:00+00:00,18.9,97.0,0.00
2026-05-07T00:00:00+00:00,18.8,98.0,0.00
2026-05-07T01:00:00+00:00,19.7,93.0,0.10
2026-05-07T02:00:00+00:00,18.9,97.0,1.10
2026-05-07T03:00:00+00:00,19.1,97.0,0.00
2026-05-07T04:00:00+00:00,19.4,97.0,0.00
2026-05-07T05:00:00+00:00,18.9,98.0,7.10
2026-05-07T06:00:00+00:00,19.3,98.0,12.20
2026-05-07T07:00:00+00:00,19.1,98.0,0.10
2026-05-07T08:00:00+00:00,18.9,98.0,0.20
2026-05-07T09:00:00+00:00,18.8,97.0,0.10
2026-05-07T10:00:00+00:00,18.3,98.0,0.00
2026-05-07T11:00:00+00:00,18.1,98.0,0.10
2026-05-07T12:00:00+00:00,15.8,97.0,1.60
2026-05-07T13:00:00+00:00,16.1,98.0,0.30
2026-05-07T14:00:00+00:00,16.0,98.0,0.50
2026-05-07T15:00:00+00:00,15.5,99.0,1.60
2026-05-07T16:00:00+00:00,15.7,98.0,2.70
2026-05-07T17:00:00+00:00,15.4,99.0,1.30
2026-05-07T18:00:00+00:00,14.9,97.0,0.30
2026-05-07T19:00:00+00:00,15.0,97.0,0.10
2026-05-07T20:00:00+00:00,14.8,97.0,0.00
2026-05-07T21:00:00+00:00,14.5,99.0,0.00
2026-05-07T22:00:00+00:00,14.3,99.0,0.00
2026-05-07T23:00:00+00:00,14.2,98.0,0.20
2026-05-08T00:00:00+00:00,13.3,98.0,0.10
2026-05-08T01:00:00+00:00,12.1,98.0,0.40
2026-05-08T02:00:00+00:00,11.3,97.0,0.00
2026-05-08T03:00:00+00:00,10.7,97.0,0.00
2026-05-08T04:00:00+00:00,10.5,97.0,0.00
2026-05-08T05:00:00+00:00,10.7,94.0,0.00
2026-05-08T06:00:00+00:00,10.0,98.0,0.30
2026-05-08T07:00:00+00:00,9.8,96.0,0.20
2026-05-08T08:00:00+00:00,9.7,98.0,0.40
2026-05-08T09:00:00+00:00,9.3,98.0,0.10
2026-05-08T10:00:00+00:00,8.9,97.0,0.20
2026-05-08T11:00:00+00:00,8.7,97.0,0.30
2026-05-08T12:00:00+00:00,7.9,97.0,0.20
2026-05-08T13:00:00+00:00,7.9,96.0,0.10
2026-05-08T14:00:00+00:00,8.0,93.0,0.10
2026-05-08T15:00:00+00:00,8.4,89.0,0.30
2026-05-08T16:00:00+00:00,8.4,92.0,0.40
2026-05-08T17:00:00+00:00,8.1,95.0,0.40
2026-05-08T18:00:00+00:00,7.6,95.0,0.30
2026-05-08T19:00:00+00:00,8.0,92.0,0.10
2026-05-08T20:00:00+00:00,8.1,87.0,0.10
2026-05-08T21:00:00+00:00,8.2,86.0,0.10
2026-05-08T22:00:00+00:00,8.8,80.0,0.00
2026-05-08T23:00:00+00:00,9.4,72.0,0.00
2026-05-09T00:00:00+00:00,8.3,71.0,0.00
2026-05-09T01:00:00+00:00,8.3,69.0,0.00
2026-05-09T02:00:00+00:00,8.0,68.0,0.00
2026-05-09T03:00:00+00:00,7.3,67.0,0.00
2026-05-09T04:00:00+00:00,6.7,66.0,0.00
2026-05-09T05:00:00+00:00,6.2,62.0,0.00
2026-05-09T06:00:00+00:00,4.9,65.0,0.00
2026-05-09T07:00:00+00:00,4.8,65.0,0.00
2026-05-09T08:00:00+00:00,5.0,63.0,0.00
2026-05-09T09:00:00+00:00,5.0,61.0,0.00
2026-05-09T10:00:00+00:00,4.7,63.0,0.00
2026-05-09T11:00:00+00:00,5.5,65.0,0.00
2026-05-09T12:00:00+00:00,6.0,75.0,0.00
2026-05-09T13:00:00+00:00,6.2,79.0,0.00
2026-05-09T14:00:00+00:00,6.3,88.0,0.10
2026-05-09T15:00:00+00:00,7.7,88.0,0.20
2026-05-09T16:00:00+00:00,9.5,94.0,0.90
2026-05-09T17:00:00+00:00,9.2,90.0,0.80
2026-05-09T18:00:00+00:00,8.5,97.0,0.70
2026-05-09T19:00:00+00:00,8.4,95.0,0.30
2026-05-09T20:00:00+00:00,8.1,97.0,0.40
2026-05-09T21:00:00+00:00,7.8,96.0,0.10
2026-05-09T22:00:00+00:00,7.9,97.0,0.00
2026-05-09T23:00:00+00:00,7.6,93.0,0.10
2026-05-10T00:00:00+00:00,6.9,94.0,0.20
2026-05-10T01:00:00+00:00,6.9,90.0,0.00
2026-05-10T02:00:00+00:00,7.3,84.0,0.00
2026-05-10T03:00:00+00:00,7.1,85.0,0.00
2026-05-10T04:00:00+00:00,7.2,86.0,0.00
2026-05-10T05:00:00+00:00,7.2,87.0,0.10
2026-05-10T06:00:00+00:00,6.8,89.0,0.10
2026-05-10T07:00:00+00:00,6.7,87.0,0.00
2026-05-10T08:00:00+00:00,6.3,87.0,0.00
2026-05-10T09:00:00+00:00,6.0,87.0,0.00
2026-05-10T10:00:00+00:00,5.8,87.0,0.00
2026-05-10T11:00:00+00:00,6.0,86.0,0.00
2026-05-10T12:00:00+00:00,6.8,83.0,0.00
2026-05-10T13:00:00+00:00,7.9,76.0,0.00
2026-05-10T14:00:00+00:00,9.1,67.0,0.00
2026-05-10T15:00:00+00:00,10.1,64.0,0.00
2026-05-10T16:00:00+00:00,10.4,62.0,0.00
2026-05-10T17:00:00+00:00,10.6,58.0,0.00
2026-05-10T18:00:00+00:00,11.1,53.0,0.00
2026-05-10T19:00:00+00:00,10.9,50.0,0.00
2026-05-10T20:00:00+00:00,10.2,53.0,0.00
2026-05-10T21:00:00+00:00,9.0,59.0,0.00
2026-05-10T22:00:00+00:00,8.3,65.0,0.00
2026-05-10T23:00:00+00:00,8.2,67.0,0.00
2026-05-11T00:00:00+00:00,7.3,73.0,0.00
2026-05-11T01:00:00+00:00,7.3,75.0,0.00
2026-05-11T02:00:00+00:00,6.9,78.0,0.00
2026-05-11T03:00:00+00:00,7.4,77.0,0.00
2026-05-11T04:00:00+00:00,6.9,81.0,0.00
2026-05-11T05:00:00+00:00,7.0,82.0,0.00
2026-05-11T06:00:00+00:00,6.0,89.0,0.00
2026-05-11T07:00:00+00:00,6.0,91.0,0.00
2026-05-11T08:00:00+00:00,6.4,90.0,0.00
2026-05-11T09:00:00+00:00,6.1,94.0,0.00
2026-05-11T10:00:00+00:00,5.9,96.0,0.00
2026-05-11T11:00:00+00:00,6.1,96.0,0.00
2026-05-11T12:00:00+00:00,8.8,84.0,0.00
2026-05-11T13:00:00+00:00,9.9,82.0,0.00
2026-05-11T14:00:00+00:00,11.7,68.0,0.00
2026-05-11T15:00:00+00:00,12.7,62.0,0.00
2026-05-11T16:00:00+00:00,13.2,61.0,0.00
2026-05-11T17:00:00+00:00,13.3,61.0,0.00
2026-05-11T18:00:00+00:00,13.8,60.0,0.00
2026-05-11T19:00:00+00:00,13.2,64.0,0.00
2026-05-11T20:00:00+00:00,12.4,70.0,0.00
2026-05-11T21:00:00+00:00,10.6,77.0,0.00
2026-05-11T22:00:00+00:00,10.1,76.0,0.00
2026-05-11T23:00:00+00:00,9.8,78.0,0.00
2026-05-12T00:00:00+00:00,8.7,79.0,0.00
2026-05-12T01:00:00+00:00,8.4,77.0,0.00
2026-05-12T02:00:00+00:00,8.3,74.0,0.00
2026-05-12T03:00:00+00:00,8.5,72.0,0.00
2026-05-12T04:00:00+00:00,8.8,70.0,0.00
2026-05-12T05:00:00+00:00,8.9,70.0,0.00
2026-05-12T06:00:00+00:00,8.2,73.0,0.00
2026-05-12T07:00:00+00:00,8.0,74.0,0.00
2026-05-12T08:00:00+00:00,7.7,77.0,0.00
2026-05-12T09:00:00+00:00,7.3,80.0,0.00
2026-05-12T10:00:00+00:00,7.1,82.0,0.00
2026-05-12T11:00:00+00:00,7.3,82.0,0.00
2026-05-12T12:00:00+00:00,9.1,78.0,0.00
2026-05-12T13:00:00+00:00,11.2,71.0,0.00
2026-05-12T14:00:00+00:00,13.1,67.0,0.00
2026-05-12T15:00:00+00:00,14.6,65.0,0.00
2026-05-12T16:00:00+00:00,15.7,63.0,0.00
2026-05-12T17:00:00+00:00,16.4,62.0,0.00
2026-05-12T18:00:00+00:00,17.3,60.0,0.00
2026-05-12T19:00:00+00:00,16.9,63.0,0.00
2026-05-12T20:00:00+00:00,15.8,70.0,0.00
2026-05-12T21:00:00+00:00,13.5,80.0,0.00
2026-05-12T22:00:00+00:00,12.1,88.0,0.00
2026-05-12T23:00:00+00:00,11.5,86.0,0.00
2026-05-13T00:00:00+00:00,10.3,87.0,0.00
2026-05-13T01:00:00+00:00,10.1,94.0,0.00
2026-05-13T02:00:00+00:00,10.9,90.0,0.00
2026-05-13T03:00:00+00:00,11.1,86.0,0.00
2026-05-13T04:00:00+00:00,11.1,83.0,0.00
2026-05-13T05:00:00+00:00,10.6,83.0,0.00
2026-05-13T06:00:00+00:00,8.5,90.0,0.00
2026-05-13T07:00:00+00:00,7.9,88.0,0.00
2026-05-13T08:00:00+00:00,7.3,88.0,0.00
2026-05-13T09:00:00+00:00,7.3,87.0,0.00
2026-05-13T10:00:00+00:00,6.8,90.0,0.00
2026-05-13T11:00:00+00:00,6.9,90.0,0.00
2026-05-13T12:00:00+00:00,9.2,76.0,0.00
2026-05-13T13:00:00+00:00,10.4,71.0,0.00
2026-05-13T14:00:00+00:00,11.5,66.0,0.00
2026-05-13T15:00:00+00:00,12.3,62.0,0.00
2026-05-13T16:00:00+00:00,13.0,60.0,0.00
2026-05-13T17:00:00+00:00,13.2,60.0,0.00
2026-05-13T18:00:00+00:00,13.2,59.0,0.00
2026-05-13T19:00:00+00:00,12.4,63.0,0.00
2026-05-13T20:00:00+00:00,11.0,69.0,0.00
2026-05-13T21:00:00+00:00,8.7,76.0,0.00
2026-05-13T22:00:00+00:00,8.0,77.0,0.00
2026-05-13T23:00:00+00:00,7.5,77.0,0.00
2026-05-14T00:00:00+00:00,6.9,78.0,0.00
2026-05-14T01:00:00+00:00,7.2,78.0,0.00
2026-05-14T02:00:00+00:00,7.3,78.0,0.00
2026-05-14T03:00:00+00:00,7.1,80.0,0.00
2026-05-14T04:00:00+00:00,7.1,80.0,0.00
2026-05-14T05:00:00+00:00,6.7,82.0,0.00
2026-05-14T06:00:00+00:00,6.9,80.0,0.00
2026-05-14T07:00:00+00:00,6.9,80.0,0.00
2026-05-14T08:00:00+00:00,7.3,80.0,0.00
2026-05-14T09:00:00+00:00,7.3,83.0,0.00
2026-05-14T10:00:00+00:00,6.8,87.0,0.00
2026-05-14T11:00:00+00:00,7.0,90.0,0.00
2026-05-14T12:00:00+00:00,9.8,81.0,0.00
2026-05-14T13:00:00+00:00,11.4,74.0,0.00
2026-05-14T14:00:00+00:00,12.5,68.0,0.00
2026-05-14T15:00:00+00:00,12.6,69.0,0.00
2026-05-14T16:00:00+00:00,13.2,66.0,0.00
2026-05-14T17:00:00+00:00,13.5,63.0,0.00
2026-05-14T18:00:00+00:00,13.5,63.0,0.00
2026-05-14T19:00:00+00:00,12.6,67.0,0.00
2026-05-14T20:00:00+00:00,11.3,71.0,0.00
2026-05-14T21:00:00+00:00,8.7,84.0,0.00
2026-05-14T22:00:00+00:00,7.6,89.0,0.00
2026-05-14T23:00:00+00:00,7.0,90.0,0.00
2026-05-15T00:00:00+00:00,5.9,89.0,0.00
2026-05-15T01:00:00+00:00,5.9,87.0,0.00
2026-05-15T02:00:00+00:00,6.0,85.0,0.00
2026-05-15T03:00:00+00:00,6.1,84.0,0.00
2026-05-15T04:00:00+00:00,5.9,84.0,0.00
2026-05-15T05:00:00+00:00,5.7,85.0,0.00
2026-05-15T06:00:00+00:00,4.6,85.0,0.00
2026-05-15T07:00:00+00:00,4.6,84.0,0.00
2026-05-15T08:00:00+00:00,4.5,84.0,0.00
2026-05-15T09:00:00+00:00,3.9,86.0,0.00
2026-05-15T10:00:00+00:00,3.5,88.0,0.00
2026-05-15T11:00:00+00:00,3.9,89.0,0.00
2026-05-15T12:00:00+00:00,7.8,79.0,0.00
2026-05-15T13:00:00+00:00,10.0,70.0,0.00
2026-05-15T14:00:00+00:00,11.5,63.0,0.00
2026-05-15T15:00:00+00:00,12.5,60.0,0.00
2026-05-15T16:00:00+00:00,13.2,58.0,0.00
2026-05-15T17:00:00+00:00,13.5,56.0,0.00
2026-05-15T18:00:00+00:00,14.0,54.0,0.00
2026-05-15T19:00:00+00:00,13.6,54.0,0.00
2026-05-15T20:00:00+00:00,12.0,71.0,0.00
2026-05-15T21:00:00+00:00,9.4,73.0,0.00
2026-05-15T22:00:00+00:00,8.1,77.0,0.00
2026-05-15T23:00:00+00:00,6.8,83.0,0.00
2026-05-16T00:00:00+00:00,5.7,85.0,0.00
2026-05-16T01:00:00+00:00,5.4,85.0,0.00
2026-05-16T02:00:00+00:00,5.3,86.0,0.00
2026-05-16T03:00:00+00:00,5.4,87.0,0.00
2026-05-16T04:00:00+00:00,5.6,87.0,0.00
2026-05-16T05:00:00+00:00,5.9,86.0,0.00
2026-05-16T06:00:00+00:00,5.9,87.0,0.00
2026-05-16T07:00:00+00:00,6.3,88.0,0.00
2026-05-16T08:00:00+00:00,6.3,90.0,0.00
2026-05-16T09:00:00+00:00,5.9,93.0,0.00
2026-05-16T10:00:00+00:00,5.2,93.0,0.00
2026-05-16T11:00:00+00:00,5.8,91.0,0.00
2026-05-16T12:00:00+00:00,8.4,82.0,0.00
2026-05-16T13:00:00+00:00,11.1,72.0,0.00
2026-05-16T14:00:00+00:00,12.9,64.0,0.00
2026-05-16T15:00:00+00:00,14.2,57.0,0.00
2026-05-16T16:00:00+00:00,13.7,58.0,0.00
2026-05-16T17:00:00+00:00,13.8,59.0,0.00
2026-05-16T18:00:00+00:00,14.3,58.0,0.00
2026-05-16T19:00:00+00:00,14.0,59.0,0.00
2026-05-16T20:00:00+00:00,12.4,71.0,0.00
2026-05-16T21:00:00+00:00,10.4,80.0,0.00
2026-05-16T22:00:00+00:00,9.5,85.0,0.00
2026-05-16T23:00:00+00:00,9.6,88.0,0.00
2026-05-17T00:00:00+00:00,9.4,94.0,0.00
2026-05-17T01:00:00+00:00,9.4,96.0,0.00
2026-05-17T02:00:00+00:00,9.1,98.0,0.00
2026-05-17T03:00:00+00:00,9.3,98.0,0.00
2026-05-17T04:00:00+00:00,9.5,99.0,0.00
2026-05-17T05:00:00+00:00,10.0,99.0,0.00
2026-05-17T06:00:00+00:00,9.9,99.0,0.00
2026-05-17T07:00:00+00:00,9.7,98.0,0.00
2026-05-17T08:00:00+00:00,9.5,98.0,0.00
2026-05-17T09:00:00+00:00,9.2,97.0,0.00
2026-05-17T10:00:00+00:00,8.8,96.0,0.00
2026-05-17T11:00:00+00:00,8.5,94.0,0.00
2026-05-17T12:00:00+00:00,8.8,95.0,0.00
2026-05-17T13:00:00+00:00,9.3,86.0,0.00
2026-05-17T14:00:00+00:00,10.1,78.0,0.00
2026-05-17T15:00:00+00:00,10.6,72.0,0.00
2026-05-17T16:00:00+00:00,11.2,67.0,0.00
2026-05-17T17:00:00+00:00,11.1,64.0,0.00
2026-05-17T18:00:00+00:00,11.3,61.0,0.00
2026-05-17T19:00:00+00:00,11.0,60.0,0.00
2026-05-17T20:00:00+00:00,10.0,64.0,0.00
2026-05-17T21:00:00+00:00,8.2,71.0,0.00
2026-05-17T22:00:00+00:00,8.3,71.0,0.00
2026-05-17T23:00:00+00:00,6.5,80.0,0.00
2026-05-18T00:00:00+00:00,5.3,85.0,0.00
2026-05-18T01:00:00+00:00,5.7,82.0,0.00
2026-05-18T02:00:00+00:00,6.0,81.0,0.00
2026-05-18T03:00:00+00:00,5.7,84.0,0.00
2026-05-18T04:00:00+00:00,5.1,87.0,0.00
2026-05-18T05:00:00+00:00,5.0,87.0,0.00
2026-05-18T06:00:00+00:00,4.2,89.0,0.00
2026-05-18T07:00:00+00:00,4.1,89.0,0.00
2026-05-18T08:00:00+00:00,3.8,90.0,0.00
2026-05-18T09:00:00+00:00,3.6,91.0,0.00
2026-05-18T10:00:00+00:00,3.3,92.0,0.00
2026-05-18T11:00:00+00:00,3.6,92.0,0.00
2026-05-18T12:00:00+00:00,6.5,83.0,0.00
2026-05-18T13:00:00+00:00,8.7,75.0,0.00
2026-05-18T14:00:00+00:00,10.5,67.0,0.00
2026-05-18T15:00:00+00:00,11.7,57.0,0.00
2026-05-18T16:00:00+00:00,12.4,52.0,0.00
2026-05-18T17:00:00+00:00,12.7,52.0,0.00
2026-05-18T18:00:00+00:00,13.3,52.0,0.00
2026-05-18T19:00:00+00:00,12.7,55.0,0.00
2026-05-18T20:00:00+00:00,11.5,62.0,0.00
2026-05-18T21:00:00+00:00,8.5,74.0,0.00
2026-05-18T22:00:00+00:00,7.5,77.0,0.00
2026-05-18T23:00:00+00:00,7.1,76.0,0.00
2026-05-19T00:00:00+00:00,5.9,75.0,0.00
2026-05-19T01:00:00+00:00,5.8,71.0,0.00
2026-05-19T02:00:00+00:00,5.2,71.0,0.00
2026-05-19T03:00:00+00:00,4.6,75.0,0.00
2026-05-19T04:00:00+00:00,4.2,80.0,0.00
2026-05-19T05:00:00+00:00,4.0,84.0,0.00
2026-05-19T06:00:00+00:00,3.1,85.0,0.00
2026-05-19T07:00:00+00:00,2.8,85.0,0.00
2026-05-19T08:00:00+00:00,2.8,86.0,0.00
2026-05-19T09:00:00+00:00,2.9,86.0,0.00
2026-05-19T10:00:00+00:00,3.0,85.0,0.00
2026-05-19T11:00:00+00:00,3.5,84.0,0.00
2026-05-19T12:00:00+00:00,5.4,80.0,0.00
2026-05-19T13:00:00+00:00,7.8,73.0,0.00
2026-05-19T14:00:00+00:00,9.9,68.0,0.00
2026-05-19T15:00:00+00:00,11.5,64.0,0.00
2026-05-19T16:00:00+00:00,12.5,57.0,0.00
2026-05-19T17:00:00+00:00,12.9,57.0,0.00
2026-05-19T18:00:00+00:00,13.4,58.0,0.00
2026-05-19T19:00:00+00:00,13.0,60.0,0.00
2026-05-19T20:00:00+00:00,11.9,64.0,0.00
2026-05-19T21:00:00+00:00,9.9,69.0,0.00
2026-05-19T22:00:00+00:00,9.1,69.0,0.00
2026-05-19T23:00:00+00:00,8.7,67.0,0.00
2026-05-20T00:00:00+00:00,8.1,67.0,0.00
2026-05-20T01:00:00+00:00,8.0,68.0,0.00
2026-05-20T02:00:00+00:00,7.8,72.0,0.00
2026-05-20T03:00:00+00:00,7.5,77.0,0.00
2026-05-20T04:00:00+00:00,7.2,82.0,0.00
2026-05-20T05:00:00+00:00,6.9,87.0,0.00
2026-05-20T06:00:00+00:00,6.5,91.0,0.00
2026-05-20T07:00:00+00:00,6.4,92.0,0.00
2026-05-20T08:00:00+00:00,6.4,95.0,0.00
2026-05-20T09:00:00+00:00,6.8,98.0,0.00
2026-05-20T10:00:00+00:00,7.3,98.0,0.00
2026-05-20T11:00:00+00:00,7.1,96.0,0.00
2026-05-20T12:00:00+00:00,9.4,85.0,0.00
2026-05-20T13:00:00+00:00,11.1,73.0,0.00
2026-05-20T14:00:00+00:00,11.9,68.0,0.00
2026-05-20T15:00:00+00:00,10.9,80.0,0.20
2026-05-20T16:00:00+00:00,11.0,77.0,0.20
2026-05-20T17:00:00+00:00,10.3,81.0,0.20
2026-05-20T18:00:00+00:00,11.0,73.0,0.10
2026-05-20T19:00:00+00:00,10.3,72.0,0.00
2026-05-20T20:00:00+00:00,9.9,70.0,0.00
2026-05-20T21:00:00+00:00,9.3,69.0,0.00
2026-05-20T22:00:00+00:00,8.8,72.0,0.00
2026-05-20T23:00:00+00:00,8.4,72.0,0.00
2026-05-21T00:00:00+00:00,8.4,68.0,0.00
2026-05-21T01:00:00+00:00,8.4,69.0,0.00
2026-05-21T02:00:00+00:00,8.1,71.0,0.00
2026-05-21T03:00:00+00:00,7.8,74.0,0.00
2026-05-21T04:00:00+00:00,7.4,79.0,0.00
2026-05-21T05:00:00+00:00,7.3,79.0,0.00
2026-05-21T06:00:00+00:00,7.0,83.0,0.00
2026-05-21T07:00:00+00:00,6.8,84.0,0.00
2026-05-21T08:00:00+00:00,6.9,78.0,0.00
2026-05-21T09:00:00+00:00,7.0,73.0,0.00
2026-05-21T10:00:00+00:00,6.6,76.0,0.00
2026-05-21T11:00:00+00:00,6.7,78.0,0.00
2026-05-21T12:00:00+00:00,7.5,74.0,0.00
2026-05-21T13:00:00+00:00,8.4,68.0,0.00
2026-05-21T14:00:00+00:00,8.6,66.0,0.00
2026-05-21T15:00:00+00:00,8.7,66.0,0.00
2026-05-21T16:00:00+00:00,9.1,65.0,0.00
2026-05-21T17:00:00+00:00,9.2,64.0,0.00
2026-05-21T18:00:00+00:00,10.2,62.0,0.00
2026-05-21T19:00:00+00:00,9.9,62.0,0.00
2026-05-21T20:00:00+00:00,9.2,65.0,0.00
2026-05-21T21:00:00+00:00,8.4,70.0,0.00
2026-05-21T22:00:00+00:00,8.1,72.0,0.00
2026-05-21T23:00:00+00:00,7.8,72.0,0.00
2026-05-22T00:00:00+00:00,6.1,78.0,0.00
2026-05-22T01:00:00+00:00,6.0,76.0,0.00
2026-05-22T02:00:00+00:00,5.2,78.0,0.00
2026-05-22T03:00:00+00:00,5.6,77.0,0.00
2026-05-22T04:00:00+00:00,5.8,81.0,0.00
2026-05-22T05:00:00+00:00,5.2,86.0,0.00
2026-05-22T06:00:00+00:00,5.3,84.0,0.00
2026-05-22T07:00:00+00:00,5.9,80.0,0.00
2026-05-22T08:00:00+00:00,6.4,78.0,0.00
2026-05-22T09:00:00+00:00,6.5,78.0,0.00
2026-05-22T10:00:00+00:00,6.6,78.0,0.00
2026-05-22T11:00:00+00:00,6.8,80.0,0.00
2026-05-22T12:00:00+00:00,8.2,77.0,0.00
2026-05-22T13:00:00+00:00,9.1,75.0,0.00
2026-05-22T14:00:00+00:00,9.9,73.0,0.00
2026-05-22T15:00:00+00:00,10.0,75.0,0.00
2026-05-22T16:00:00+00:00,10.3,75.0,0.00
2026-05-22T17:00:00+00:00,10.5,75.0,0.00
2026-05-22T18:00:00+00:00,10.6,78.0,0.00
2026-05-22T19:00:00+00:00,10.5,77.0,0.00
2026-05-22T20:00:00+00:00,9.7,80.0,0.00
2026-05-22T21:00:00+00:00,8.9,84.0,0.00
2026-05-22T22:00:00+00:00,8.7,84.0,0.00
2026-05-22T23:00:00+00:00,6.7,92.0,0.00
2026-05-23T00:00:00+00:00,5.8,93.0,0.00
2026-05-23T01:00:00+00:00,5.2,93.0,0.00
2026-05-23T02:00:00+00:00,5.0,92.0,0.00
2026-05-23T03:00:00+00:00,4.9,91.0,0.00
2026-05-23T04:00:00+00:00,4.7,92.0,0.00
2026-05-23T05:00:00+00:00,4.4,95.0,0.00
2026-05-23T06:00:00+00:00,3.8,96.0,0.00
2026-05-23T07:00:00+00:00,4.0,95.0,0.00
2026-05-23T08:00:00+00:00,4.2,93.0,0.00
2026-05-23T09:00:00+00:00,4.5,89.0,0.00
2026-05-23T10:00:00+00:00,4.7,85.0,0.00
2026-05-23T11:00:00+00:00,5.1,84.0,0.00
2026-05-23T12:00:00+00:00,7.6,84.0,0.00
2026-05-23T13:00:00+00:00,10.1,78.0,0.00
2026-05-23T14:00:00+00:00,11.6,69.0,0.00
2026-05-23T15:00:00+00:00,12.7,64.0,0.00
2026-05-23T16:00:00+00:00,13.3,61.0,0.00
2026-05-23T17:00:00+00:00,13.8,58.0,0.00
2026-05-23T18:00:00+00:00,14.0,58.0,0.00
2026-05-23T19:00:00+00:00,13.3,64.0,0.00
2026-05-23T20:00:00+00:00,12.0,75.0,0.00
2026-05-23T21:00:00+00:00,9.8,91.0,0.00
2026-05-23T22:00:00+00:00,8.8,95.0,0.00
2026-05-23T23:00:00+00:00,8.0,95.0,0.00
2026-05-24T00:00:00+00:00,8.0,98.0,0.00
2026-05-24T01:00:00+00:00,8.3,97.0,0.00
2026-05-24T02:00:00+00:00,8.7,96.0,0.00
2026-05-24T03:00:00+00:00,8.9,96.0,0.00
2026-05-24T04:00:00+00:00,9.2,97.0,0.00
2026-05-24T05:00:00+00:00,9.3,98.0,0.00
2026-05-24T06:00:00+00:00,8.7,99.0,0.00
2026-05-24T07:00:00+00:00,8.3,99.0,0.00
2026-05-24T08:00:00+00:00,7.8,97.0,0.00
2026-05-24T09:00:00+00:00,8.5,93.0,0.00
2026-05-24T10:00:00+00:00,9.0,93.0,0.00
2026-05-24T11:00:00+00:00,8.9,96.0,0.00
2026-05-24T12:00:00+00:00,11.0,96.0,0.00
2026-05-24T13:00:00+00:00,12.7,92.0,0.00
2026-05-24T14:00:00+00:00,13.7,83.0,0.00
2026-05-24T15:00:00+00:00,14.3,76.0,0.00
2026-05-24T16:00:00+00:00,14.4,76.0,0.10
2026-05-24T17:00:00+00:00,14.5,76.0,0.10
2026-05-24T18:00:00+00:00,15.5,75.0,0.10
2026-05-24T19:00:00+00:00,14.9,78.0,0.00
2026-05-24T20:00:00+00:00,13.7,84.0,0.00
2026-05-24T21:00:00+00:00,11.6,92.0,0.00
2026-05-24T22:00:00+00:00,11.2,93.0,0.00
2026-05-24T23:00:00+00:00,10.6,94.0,0.00
2026-05-25T00:00:00+00:00,9.7,94.0,0.00
2026-05-25T01:00:00+00:00,9.6,95.0,0.00
2026-05-25T02:00:00+00:00,9.5,97.0,0.00
2026-05-25T03:00:00+00:00,9.5,98.0,0.00
2026-05-25T04:00:00+00:00,9.8,98.0,0.00
2026-05-25T05:00:00+00:00,9.5,99.0,0.00
2026-05-25T06:00:00+00:00,9.3,99.0,0.00
2026-05-25T07:00:00+00:00,9.5,99.0,0.00
2026-05-25T08:00:00+00:00,9.0,99.0,0.00
2026-05-25T09:00:00+00:00,8.7,99.0,0.00
2026-05-25T10:00:00+00:00,8.8,100.0,0.00
2026-05-25T11:00:00+00:00,8.9,100.0,0.00
2026-05-25T12:00:00+00:00,10.5,99.0,0.00
2026-05-25T13:00:00+00:00,12.3,98.0,0.00
2026-05-25T14:00:00+00:00,13.6,92.0,0.00
2026-05-25T15:00:00+00:00,14.8,84.0,0.00
2026-05-25T16:00:00+00:00,15.6,76.0,0.00
2026-05-25T17:00:00+00:00,15.6,73.0,0.00
2026-05-25T18:00:00+00:00,16.1,71.0,0.00
2026-05-25T19:00:00+00:00,15.8,71.0,0.00
2026-05-25T20:00:00+00:00,14.1,80.0,0.00
2026-05-25T21:00:00+00:00,12.1,89.0,0.00
2026-05-25T22:00:00+00:00,11.4,90.0,0.00
2026-05-25T23:00:00+00:00,11.2,90.0,0.00
2026-05-26T00:00:00+00:00,10.5,92.0,0.00
2026-05-26T01:00:00+00:00,10.1,94.0,0.00
2026-05-26T02:00:00+00:00,10.1,92.0,0.00
2026-05-26T03:00:00+00:00,10.0,92.0,0.00
2026-05-26T04:00:00+00:00,9.9,92.0,0.00
2026-05-26T05:00:00+00:00,9.7,93.0,0.00
2026-05-26T06:00:00+00:00,9.1,96.0,0.00
2026-05-26T07:00:00+00:00,9.1,97.0,0.00
2026-05-26T08:00:00+00:00,8.6,98.0,0.00
2026-05-26T09:00:00+00:00,8.7,98.0,0.00
2026-05-26T10:00:00+00:00,8.2,100.0,0.00
2026-05-26T11:00:00+00:00,8.1,100.0,0.00
2026-05-26T12:00:00+00:00,10.8,99.0,0.00
2026-05-26T13:00:00+00:00,11.6,98.0,0.00
2026-05-26T14:00:00+00:00,12.6,92.0,0.00
2026-05-26T15:00:00+00:00,13.5,86.0,0.00
2026-05-26T16:00:00+00:00,14.2,81.0,0.00
2026-05-26T17:00:00+00:00,14.6,78.0,0.10
2026-05-26T18:00:00+00:00,14.9,77.0,0.10
2026-05-26T19:00:00+00:00,14.2,82.0,0.10
2026-05-26T20:00:00+00:00,13.1,89.0,0.00
2026-05-26T21:00:00+00:00,11.9,96.0,0.00
2026-05-26T22:00:00+00:00,11.2,99.0,0.00
2026-05-26T23:00:00+00:00,10.5,100.0,0.00
2026-05-27T00:00:00+00:00,9.9,100.0,0.00
2026-05-27T01:00:00+00:00,9.9,99.0,0.00
2026-05-27T02:00:00+00:00,9.9,99.0,0.00
2026-05-27T03:00:00+00:00,9.8,98.0,0.00
2026-05-27T04:00:00+00:00,9.8,98.0,0.00
2026-05-27T05:00:00+00:00,9.6,98.0,0.00
2026-05-27T06:00:00+00:00,9.1,98.0,0.00
2026-05-27T07:00:00+00:00,9.0,98.0,0.00
2026-05-27T08:00:00+00:00,8.7,99.0,0.00
2026-05-27T09:00:00+00:00,8.6,99.0,0.00
2026-05-27T10:00:00+00:00,8.5,100.0,0.00
2026-05-27T11:00:00+00:00,8.4,99.0,0.00
2026-05-27T12:00:00+00:00,9.1,97.0,0.00
2026-05-27T13:00:00+00:00,9.8,98.0,0.00
2026-05-27T14:00:00+00:00,11.4,91.0,0.00
2026-05-27T15:00:00+00:00,13.0,85.0,0.00
2026-05-27T16:00:00+00:00,14.2,79.0,0.00
2026-05-27T17:00:00+00:00,14.8,74.0,0.00
2026-05-27T18:00:00+00:00,14.8,74.0,0.00
2026-05-27T19:00:00+00:00,14.4,76.0,0.10
2026-05-27T20:00:00+00:00,13.3,85.0,0.10
2026-05-27T21:00:00+00:00,11.8,94.0,0.10
2026-05-27T22:00:00+00:00,10.7,97.0,0.00
2026-05-27T23:00:00+00:00,10.1,99.0,0.00
2026-05-28T00:00:00+00:00,7.5,100.0,0.00
2026-05-28T01:00:00+00:00,7.9,100.0,0.00
2026-05-28T02:00:00+00:00,8.9,99.0,0.00
2026-05-28T03:00:00+00:00,9.2,99.0,0.00
2026-05-28T04:00:00+00:00,9.4,99.0,0.00
2026-05-28T05:00:00+00:00,9.5,99.0,0.00
2026-05-28T06:00:00+00:00,9.1,99.0,0.00
2026-05-28T07:00:00+00:00,9.3,99.0,0.00
2026-05-28T08:00:00+00:00,9.4,99.0,0.00
2026-05-28T09:00:00+00:00,9.4,99.0,0.00
2026-05-28T10:00:00+00:00,9.4,99.0,0.00
2026-05-28T11:00:00+00:00,9.5,99.0,0.00
2026-05-28T12:00:00+00:00,9.8,96.0,0.00
2026-05-28T13:00:00+00:00,10.6,89.0,0.00
2026-05-28T14:00:00+00:00,11.2,85.0,0.00
2026-05-28T15:00:00+00:00,12.0,79.0,0.00
2026-05-28T16:00:00+00:00,12.6,75.0,0.00
2026-05-28T17:00:00+00:00,13.1,73.0,0.00
2026-05-28T18:00:00+00:00,13.4,71.0,0.00
2026-05-28T19:00:00+00:00,13.0,74.0,0.00
2026-05-28T20:00:00+00:00,12.0,79.0,0.00
2026-05-28T21:00:00+00:00,10.5,87.0,0.00
2026-05-28T22:00:00+00:00,9.2,93.0,0.00
2026-05-28T23:00:00+00:00,8.4,97.0,0.00
2026-05-29T00:00:00+00:00,7.8,96.0,0.00
2026-05-29T01:00:00+00:00,7.8,95.0,0.00
2026-05-29T02:00:00+00:00,8.0,94.0,0.00
2026-05-29T03:00:00+00:00,7.7,93.0,0.00
2026-05-29T04:00:00+00:00,7.4,93.0,0.00
2026-05-29T05:00:00+00:00,7.0,92.0,0.00
2026-05-29T06:00:00+00:00,7.0,93.0,0.00
2026-05-29T07:00:00+00:00,7.2,93.0,0.00
2026-05-29T08:00:00+00:00,8.1,93.0,0.00
2026-05-29T09:00:00+00:00,9.0,91.0,0.00
2026-05-29T10:00:00+00:00,9.3,92.0,0.00
2026-05-29T11:00:00+00:00,9.5,94.0,0.00
2026-05-29T12:00:00+00:00,9.4,93.0,0.00
2026-05-29T13:00:00+00:00,10.5,90.0,0.00
2026-05-29T14:00:00+00:00,11.6,88.0,0.00
2026-05-29T15:00:00+00:00,12.2,87.0,0.00
2026-05-29T16:00:00+00:00,13.7,79.0,0.00
2026-05-29T17:00:00+00:00,13.7,78.0,0.00
2026-05-29T18:00:00+00:00,13.9,79.0,0.00
2026-05-29T19:00:00+00:00,13.4,86.0,0.10
2026-05-29T20:00:00+00:00,12.1,98.0,0.30
2026-05-29T21:00:00+00:00,11.7,100.0,0.30
2026-05-29T22:00:00+00:00,11.7,100.0,0.10
2026-05-29T23:00:00+00:00,11.7,99.0,0.10
2026-05-30T00:00:00+00:00,11.6,98.0,0.00
2026-05-30T01:00:00+00:00,11.8,98.0,0.10
2026-05-30T02:00:00+00:00,11.7,98.0,0.00
2026-05-30T03:00:00+00:00,11.6,98.0,0.00
2026-05-30T04:00:00+00:00,11.7,98.0,0.10
2026-05-30T05:00:00+00:00,11.8,99.0,0.10
2026-05-30T06:00:00+00:00,11.2,99.0,0.10
2026-05-30T07:00:00+00:00,11.5,99.0,0.50
2026-05-30T08:00:00+00:00,11.6,99.0,0.50
2026-05-30T09:00:00+00:00,11.7,99.0,0.20
2026-05-30T10:00:00+00:00,11.7,99.0,0.10
2026-05-30T11:00:00+00:00,11.9,99.0,0.00
2026-05-30T12:00:00+00:00,12.2,98.0,0.00
2026-05-30T13:00:00+00:00,13.5,94.0,0.00
2026-05-30T14:00:00+00:00,14.6,89.0,0.00
2026-05-30T15:00:00+00:00,15.2,85.0,0.00
2026-05-30T16:00:00+00:00,15.0,86.0,0.10
2026-05-30T17:00:00+00:00,15.5,82.0,0.10
2026-05-30T18:00:00+00:00,16.4,81.0,0.10
2026-05-30T19:00:00+00:00,16.3,79.0,0.10
2026-05-30T20:00:00+00:00,15.0,88.0,0.00
2026-05-30T21:00:00+00:00,12.9,98.0,0.10
2026-05-30T22:00:00+00:00,12.7,100.0,0.00
2026-05-30T23:00:00+00:00,12.3,100.0,0.00
2026-05-31T00:00:00+00:00,10.7,100.0,0.00
2026-05-31T01:00:00+00:00,11.4,99.0,0.00
2026-05-31T02:00:00+00:00,11.4,100.0,0.00
2026-05-31T03:00:00+00:00,11.5,99.0,0.00
2026-05-31T04:00:00+00:00,11.4,100.0,0.00
2026-05-31T05:00:00+00:00,11.3,99.0,0.00
2026-05-31T06:00:00+00:00,10.5,99.0,0.00
2026-05-31T07:00:00+00:00,10.2,99.0,0.00
2026-05-31T08:00:00+00:00,10.1,99.0,0.00
2026-05-31T09:00:00+00:00,10.2,98.0,0.00
2026-05-31T10:00:00+00:00,10.1,98.0,0.00
2026-05-31T11:00:00+00:00,10.0,97.0,0.00
2026-05-31T12:00:00+00:00,10.3,92.0,0.00
2026-05-31T13:00:00+00:00,11.1,84.0,0.00
2026-05-31T14:00:00+00:00,11.9,78.0,0.00
2026-05-31T15:00:00+00:00,12.8,72.0,0.00
2026-05-31T16:00:00+00:00,13.6,68.0,0.00
2026-05-31T17:00:00+00:00,14.3,64.0,0.00
2026-05-31T18:00:00+00:00,13.7,68.0,0.00
2026-05-31T19:00:00+00:00,13.1,71.0,0.00
2026-05-31T20:00:00+00:00,12.6,73.0,0.00
2026-05-31T21:00:00+00:00,10.8,83.0,0.00
2026-05-31T22:00:00+00:00,8.8,91.0,0.00
2026-05-31T23:00:00+00:00,8.4,92.0,0.00
2026-06-01T00:00:00+00:00,8.2,92.0,0.00
2026-06-01T01:00:00+00:00,8.0,91.0,0.00
2026-06-01T02:00:00+00:00,10.1,85.0,0.00
2026-06-01T03:00:00+00:00,10.3,86.0,0.00
2026-06-01T04:00:00+00:00,10.1,88.0,0.00
2026-06-01T05:00:00+00:00,10.3,90.0,0.00
2026-06-01T06:00:00+00:00,9.7,96.0,0.00
2026-06-01T07:00:00+00:00,9.5,99.0,0.00
2026-06-01T08:00:00+00:00,9.8,99.0,0.00
2026-06-01T09:00:00+00:00,9.9,99.0,0.00
2026-06-01T10:00:00+00:00,10.0,96.0,0.10
2026-06-01T11:00:00+00:00,9.6,97.0,0.10
2026-06-01T12:00:00+00:00,9.4,93.0,0.00
2026-06-01T13:00:00+00:00,9.9,87.0,0.00
2026-06-01T14:00:00+00:00,10.4,83.0,0.00
2026-06-01T15:00:00+00:00,11.0,80.0,0.00
2026-06-01T16:00:00+00:00,11.4,77.0,0.00
2026-06-01T17:00:00+00:00,11.8,75.0,0.00
2026-06-01T18:00:00+00:00,12.3,74.0,0.00
2026-06-01T19:00:00+00:00,12.0,75.0,0.00
2026-06-01T20:00:00+00:00,11.6,76.0,0.00
2026-06-01T21:00:00+00:00,11.0,80.0,0.00
2026-06-01T22:00:00+00:00,10.7,82.0,0.00
2026-06-01T23:00:00+00:00,9.6,88.0,0.00
2026-06-02T00:00:00+00:00,9.2,94.0,0.00
2026-06-02T01:00:00+00:00,8.5,96.0,0.00
2026-06-02T02:00:00+00:00,7.8,97.0,0.00
2026-06-02T03:00:00+00:00,7.4,97.0,0.00
2026-06-02T04:00:00+00:00,7.5,97.0,0.00
2026-06-02T05:00:00+00:00,7.5,98.0,0.00
2026-06-02T06:00:00+00:00,6.6,99.0,0.00
2026-06-02T07:00:00+00:00,6.5,99.0,0.00
2026-06-02T08:00:00+00:00,6.3,100.0,0.00
2026-06-02T09:00:00+00:00,6.1,100.0,0.00
2026-06-02T10:00:00+00:00,6.0,100.0,0.00
2026-06-02T11:00:00+00:00,6.2,100.0,0.00
2026-06-02T12:00:00+00:00,8.4,98.0,0.00
2026-06-02T13:00:00+00:00,11.3,88.0,0.00
2026-06-02T14:00:00+00:00,13.3,75.0,0.00
2026-06-02T15:00:00+00:00,14.5,66.0,0.00
2026-06-02T16:00:00+00:00,14.6,64.0,0.00
2026-06-02T17:00:00+00:00,14.9,62.0,0.00
2026-06-02T18:00:00+00:00,15.1,61.0,0.00
2026-06-02T19:00:00+00:00,14.7,62.0,0.00
2026-06-02T20:00:00+00:00,13.5,71.0,0.00
2026-06-02T21:00:00+00:00,11.8,79.0,0.00
2026-06-02T22:00:00+00:00,10.4,85.0,0.00
2026-06-02T23:00:00+00:00,9.8,87.0,0.00
2026-06-03T00:00:00+00:00,9.6,88.0,0.00
2026-06-03T01:00:00+00:00,9.9,85.0,0.00
2026-06-03T02:00:00+00:00,9.7,84.0,0.00
2026-06-03T03:00:00+00:00,9.2,87.0,0.00
2026-06-03T04:00:00+00:00,8.6,92.0,0.00
2026-06-03T05:00:00+00:00,8.2,94.0,0.00
2026-06-03T06:00:00+00:00,7.7,95.0,0.00
2026-06-03T07:00:00+00:00,8.0,95.0,0.00
2026-06-03T08:00:00+00:00,7.7,95.0,0.00
2026-06-03T09:00:00+00:00,8.3,93.0,0.00
2026-06-03T10:00:00+00:00,9.2,93.0,0.00
2026-06-03T11:00:00+00:00,10.3,90.0,0.00
2026-06-03T12:00:00+00:00,11.5,90.0,0.00
2026-06-03T13:00:00+00:00,12.8,88.0,0.00
2026-06-03T14:00:00+00:00,14.6,81.0,0.10
2026-06-03T15:00:00+00:00,15.9,71.0,0.00
2026-06-03T16:00:00+00:00,16.8,66.0,0.00
2026-06-03T17:00:00+00:00,16.8,68.0,0.00
2026-06-03T18:00:00+00:00,17.1,71.0,0.00
2026-06-03T19:00:00+00:00,16.8,74.0,0.00
2026-06-03T20:00:00+00:00,15.8,81.0,0.00
2026-06-03T21:00:00+00:00,13.8,92.0,0.00
2026-06-03T22:00:00+00:00,12.7,96.0,0.00
2026-06-03T23:00:00+00:00,12.8,98.0,0.00
2026-06-04T00:00:00+00:00,13.5,98.0,0.00
2026-06-04T01:00:00+00:00,13.8,98.0,0.00
2026-06-04T02:00:00+00:00,13.8,98.0,0.00
2026-06-04T03:00:00+00:00,13.7,99.0,0.00
2026-06-04T04:00:00+00:00,13.6,99.0,0.00
2026-06-04T05:00:00+00:00,13.5,100.0,0.00
2026-06-04T06:00:00+00:00,13.1,100.0,0.00
2026-06-04T07:00:00+00:00,13.2,100.0,0.00
2026-06-04T08:00:00+00:00,13.2,100.0,0.00
2026-06-04T09:00:00+00:00,13.1,100.0,0.00
2026-06-04T10:00:00+00:00,12.9,100.0,0.00
2026-06-04T11:00:00+00:00,12.7,100.0,0.00
2026-06-04T12:00:00+00:00,13.0,99.0,0.00
2026-06-04T13:00:00+00:00,13.4,96.0,0.00
2026-06-04T14:00:00+00:00,14.2,93.0,0.00
2026-06-04T15:00:00+00:00,15.2,86.0,0.00
2026-06-04T16:00:00+00:00,16.2,80.0,0.00
2026-06-04T17:00:00+00:00,17.1,75.0,0.00
2026-06-04T18:00:00+00:00,17.7,72.0,0.00
2026-06-04T19:00:00+00:00,17.3,74.0,0.00
2026-06-04T20:00:00+00:00,15.7,85.0,0.00
2026-06-04T21:00:00+00:00,13.7,90.0,0.00
2026-06-04T22:00:00+00:00,13.2,92.0,0.00
2026-06-04T23:00:00+00:00,12.7,94.0,0.00
2026-06-05T00:00:00+00:00,12.0,95.0,0.00
2026-06-05T01:00:00+00:00,11.8,95.0,0.00
2026-06-05T02:00:00+00:00,11.6,95.0,0.00
2026-06-05T03:00:00+00:00,11.8,94.0,0.00
2026-06-05T04:00:00+00:00,12.2,94.0,0.00
2026-06-05T05:00:00+00:00,11.9,96.0,0.00
2026-06-05T06:00:00+00:00,12.3,97.0,0.00
2026-06-05T07:00:00+00:00,12.7,98.0,0.00
2026-06-05T08:00:00+00:00,12.8,98.0,0.00
2026-06-05T09:00:00+00:00,12.7,99.0,0.00
2026-06-05T10:00:00+00:00,12.5,99.0,0.00
2026-06-05T11:00:00+00:00,12.2,99.0,0.00
2026-06-05T12:00:00+00:00,12.6,98.0,0.00
2026-06-05T13:00:00+00:00,14.5,95.0,0.00
2026-06-05T14:00:00+00:00,16.3,90.0,0.00
2026-06-05T15:00:00+00:00,17.9,86.0,0.00
2026-06-05T16:00:00+00:00,18.9,74.0,0.00
2026-06-05T17:00:00+00:00,18.7,76.0,0.10
2026-06-05T18:00:00+00:00,18.4,80.0,0.20
2026-06-05T19:00:00+00:00,18.2,79.0,0.10
2026-06-05T20:00:00+00:00,16.5,87.0,0.00
2026-06-05T21:00:00+00:00,14.4,96.0,0.00
2026-06-05T22:00:00+00:00,14.4,96.0,0.00
2026-06-05T23:00:00+00:00,14.1,99.0,0.50
2026-06-06T00:00:00+00:00,13.3,99.0,0.00
2026-06-06T01:00:00+00:00,13.3,97.0,0.00
2026-06-06T02:00:00+00:00,12.9,94.0,0.70
2026-06-06T03:00:00+00:00,12.9,95.0,0.40
2026-06-06T04:00:00+00:00,12.8,94.0,0.00
2026-06-06T05:00:00+00:00,12.1,94.0,0.00
2026-06-06T06:00:00+00:00,11.3,96.0,0.00
2026-06-06T07:00:00+00:00,11.8,98.0,0.00
2026-06-06T08:00:00+00:00,11.6,97.0,0.00
2026-06-06T09:00:00+00:00,11.1,98.0,0.00
2026-06-06T10:00:00+00:00,11.1,98.0,0.00
2026-06-06T11:00:00+00:00,11.4,99.0,0.00
2026-06-06T12:00:00+00:00,12.8,99.0,0.00
2026-06-06T13:00:00+00:00,13.7,98.0,0.00
2026-06-06T14:00:00+00:00,15.0,94.0,0.00
2026-06-06T15:00:00+00:00,16.8,84.0,0.00
2026-06-06T16:00:00+00:00,17.7,76.0,0.00
2026-06-06T17:00:00+00:00,18.5,69.0,0.00
2026-06-06T18:00:00+00:00,18.7,68.0,0.00
2026-06-06T19:00:00+00:00,18.3,71.0,0.00
2026-06-06T20:00:00+00:00,16.6,82.0,0.00
2026-06-06T21:00:00+00:00,14.2,94.0,0.00
2026-06-06T22:00:00+00:00,13.3,99.0,0.00
2026-06-06T23:00:00+00:00,12.5,100.0,0.00
2026-06-07T00:00:00+00:00,12.0,100.0,0.00
2026-06-07T01:00:00+00:00,12.6,99.0,0.00
2026-06-07T02:00:00+00:00,12.8,99.0,0.00
2026-06-07T03:00:00+00:00,12.9,98.0,0.00
2026-06-07T04:00:00+00:00,13.2,98.0,0.00
2026-06-07T05:00:00+00:00,13.2,99.0,0.00
2026-06-07T06:00:00+00:00,13.3,100.0,0.00
2026-06-07T07:00:00+00:00,13.3,100.0,0.00
2026-06-07T08:00:00+00:00,13.3,100.0,0.00
2026-06-07T09:00:00+00:00,13.2,100.0,0.00
2026-06-07T10:00:00+00:00,13.2,100.0,0.00
2026-06-07T11:00:00+00:00,13.1,100.0,0.00
2026-06-07T12:00:00+00:00,12.9,99.0,0.00
2026-06-07T13:00:00+00:00,13.1,97.0,0.00
2026-06-07T14:00:00+00:00,13.3,96.0,0.10
2026-06-07T15:00:00+00:00,13.9,91.0,0.10
2026-06-07T16:00:00+00:00,13.9,87.0,0.00
2026-06-07T17:00:00+00:00,14.1,84.0,0.00
2026-06-07T18:00:00+00:00,14.6,81.0,0.00
2026-06-07T19:00:00+00:00,14.1,83.0,0.00
2026-06-07T20:00:00+00:00,13.4,87.0,0.00
2026-06-07T21:00:00+00:00,12.7,89.0,0.00
2026-06-07T22:00:00+00:00,12.2,88.0,0.00
2026-06-07T23:00:00+00:00,11.8,90.0,0.00
2026-06-08T00:00:00+00:00,11.2,92.0,0.00
2026-06-08T01:00:00+00:00,10.8,94.0,0.00
2026-06-08T02:00:00+00:00,9.8,99.0,0.00
2026-06-08T03:00:00+00:00,9.6,99.0,0.00
2026-06-08T04:00:00+00:00,9.5,99.0,0.00
2026-06-08T05:00:00+00:00,9.4,99.0,0.00
2026-06-08T06:00:00+00:00,9.8,100.0,0.00
2026-06-08T07:00:00+00:00,9.7,100.0,0.00
2026-06-08T08:00:00+00:00,9.5,100.0,0.00
2026-06-08T09:00:00+00:00,9.5,100.0,0.00
2026-06-08T10:00:00+00:00,9.5,99.0,0.00
2026-06-08T11:00:00+00:00,9.3,99.0,0.00
2026-06-08T12:00:00+00:00,10.0,98.0,0.00
2026-06-08T13:00:00+00:00,11.6,91.0,0.00
2026-06-08T14:00:00+00:00,12.5,83.0,0.00
2026-06-08T15:00:00+00:00,13.2,76.0,0.00
2026-06-08T16:00:00+00:00,14.0,68.0,0.00
2026-06-08T17:00:00+00:00,14.6,64.0,0.00
2026-06-08T18:00:00+00:00,14.1,70.0,0.00
2026-06-08T19:00:00+00:00,13.7,74.0,0.00
2026-06-08T20:00:00+00:00,12.7,83.0,0.00
2026-06-08T21:00:00+00:00,11.9,89.0,0.00
2026-06-08T22:00:00+00:00,11.4,94.0,0.00
2026-06-08T23:00:00+00:00,11.0,99.0,0.00
2026-06-09T00:00:00+00:00,10.3,100.0,0.00
2026-06-09T01:00:00+00:00,10.7,100.0,0.00
2026-06-09T02:00:00+00:00,10.7,99.0,0.00
2026-06-09T03:00:00+00:00,10.7,99.0,0.00
2026-06-09T04:00:00+00:00,10.7,99.0,0.00
2026-06-09T05:00:00+00:00,10.6,96.0,0.00
2026-06-09T06:00:00+00:00,8.8,100.0,0.00
2026-06-09T07:00:00+00:00,8.4,99.0,0.00
2026-06-09T08:00:00+00:00,8.3,97.0,0.00
2026-06-09T09:00:00+00:00,8.1,99.0,0.00
2026-06-09T10:00:00+00:00,7.9,100.0,0.00
2026-06-09T11:00:00+00:00,8.2,99.0,0.00
2026-06-09T12:00:00+00:00,9.4,97.0,0.00
2026-06-09T13:00:00+00:00,9.7,96.0,0.00
2026-06-09T14:00:00+00:00,11.1,87.0,0.00
2026-06-09T15:00:00+00:00,12.3,78.0,0.00
2026-06-09T16:00:00+00:00,13.6,68.0,0.00
2026-06-09T17:00:00+00:00,14.4,60.0,0.00
2026-06-09T18:00:00+00:00,14.1,61.0,0.00
2026-06-09T19:00:00+00:00,13.6,64.0,0.00
2026-06-09T20:00:00+00:00,12.2,72.0,0.00
2026-06-09T21:00:00+00:00,9.2,86.0,0.00
2026-06-09T22:00:00+00:00,8.3,89.0,0.00
2026-06-09T23:00:00+00:00,7.7,91.0,0.00
2026-06-10T00:00:00+00:00,6.6,96.0,0.00
2026-06-10T01:00:00+00:00,6.4,96.0,0.00
2026-06-10T02:00:00+00:00,6.3,97.0,0.00
2026-06-10T03:00:00+00:00,6.2,97.0,0.00
2026-06-10T04:00:00+00:00,6.1,98.0,0.00
2026-06-10T05:00:00+00:00,6.2,98.0,0.00
2026-06-10T06:00:00+00:00,5.0,100.0,0.00
2026-06-10T07:00:00+00:00,5.0,99.0,0.00
2026-06-10T08:00:00+00:00,4.8,99.0,0.00
2026-06-10T09:00:00+00:00,4.5,100.0,0.00
2026-06-10T10:00:00+00:00,4.5,99.0,0.00
2026-06-10T11:00:00+00:00,4.4,99.0,0.00
2026-06-10T12:00:00+00:00,6.4,92.0,0.00
2026-06-10T13:00:00+00:00,10.5,84.0,0.00
2026-06-10T14:00:00+00:00,12.3,72.0,0.00
2026-06-10T15:00:00+00:00,13.5,68.0,0.00
2026-06-10T16:00:00+00:00,14.2,66.0,0.00
2026-06-10T17:00:00+00:00,14.8,61.0,0.00
2026-06-10T18:00:00+00:00,15.0,59.0,0.00
2026-06-10T19:00:00+00:00,14.5,62.0,0.00
2026-06-10T20:00:00+00:00,12.9,75.0,0.00
2026-06-10T21:00:00+00:00,11.0,83.0,0.00
2026-06-10T22:00:00+00:00,10.4,88.0,0.00
2026-06-10T23:00:00+00:00,9.7,90.0,0.00
2026-06-11T00:00:00+00:00,9.4,92.0,0.00
2026-06-11T01:00:00+00:00,8.8,94.0,0.00
2026-06-11T02:00:00+00:00,8.1,96.0,0.00
2026-06-11T03:00:00+00:00,8.4,94.0,0.20
2026-06-11T04:00:00+00:00,9.0,92.0,1.10
2026-06-11T05:00:00+00:00,8.8,91.0,0.00
2026-06-11T06:00:00+00:00,9.2,91.0,0.00
2026-06-11T07:00:00+00:00,9.5,90.0,0.10
2026-06-11T08:00:00+00:00,9.5,89.0,0.00
2026-06-11T09:00:00+00:00,9.1,90.0,0.00
2026-06-11T10:00:00+00:00,9.7,89.0,0.00
2026-06-11T11:00:00+00:00,9.4,92.0,0.00
2026-06-11T12:00:00+00:00,9.8,95.0,0.00
2026-06-11T13:00:00+00:00,11.5,94.0,0.10
2026-06-11T14:00:00+00:00,12.4,89.0,0.00
2026-06-11T15:00:00+00:00,13.3,81.0,0.10
2026-06-11T16:00:00+00:00,13.8,78.0,0.10
2026-06-11T17:00:00+00:00,13.8,77.0,0.10
2026-06-11T18:00:00+00:00,13.9,75.0,0.00
2026-06-11T19:00:00+00:00,13.7,76.0,0.00
2026-06-11T20:00:00+00:00,12.9,83.0,0.00
2026-06-11T21:00:00+00:00,11.0,92.0,0.00
2026-06-11T22:00:00+00:00,10.0,97.0,0.00
2026-06-11T23:00:00+00:00,9.4,99.0,0.00
2026-06-12T00:00:00+00:00,8.8,99.0,0.00
2026-06-12T01:00:00+00:00,8.5,100.0,0.00
2026-06-12T02:00:00+00:00,8.1,100.0,0.00
2026-06-12T03:00:00+00:00,7.5,100.0,0.00
2026-06-12T04:00:00+00:00,6.8,100.0,0.00
2026-06-12T05:00:00+00:00,6.4,99.0,0.00
2026-06-12T06:00:00+00:00,5.4,100.0,0.00
2026-06-12T07:00:00+00:00,5.7,100.0,0.00
2026-06-12T08:00:00+00:00,5.6,100.0,0.00
2026-06-12T09:00:00+00:00,5.4,99.0,0.00
2026-06-12T10:00:00+00:00,5.2,100.0,0.00
2026-06-12T11:00:00+00:00,5.2,100.0,0.00
2026-06-12T12:00:00+00:00,7.4,94.0,0.00
2026-06-12T13:00:00+00:00,9.8,96.0,0.00
2026-06-12T14:00:00+00:00,11.5,91.0,0.00
2026-06-12T15:00:00+00:00,13.4,75.0,0.00
2026-06-12T16:00:00+00:00,14.4,68.0,0.00
2026-06-12T17:00:00+00:00,14.7,69.0,0.00
2026-06-12T18:00:00+00:00,14.4,74.0,0.00
2026-06-12T19:00:00+00:00,13.6,78.0,0.00
2026-06-12T20:00:00+00:00,12.0,85.0,0.00
2026-06-12T21:00:00+00:00,9.3,94.0,0.00
2026-06-12T22:00:00+00:00,8.3,97.0,0.00
2026-06-12T23:00:00+00:00,7.6,100.0,0.00
2026-06-13T00:00:00+00:00,6.8,100.0,0.00
2026-06-13T01:00:00+00:00,6.7,100.0,0.00
2026-06-13T02:00:00+00:00,6.3,100.0,0.00
2026-06-13T03:00:00+00:00,6.4,99.0,0.00
2026-06-13T04:00:00+00:00,6.7,100.0,0.00
2026-06-13T05:00:00+00:00,6.7,100.0,0.00
2026-06-13T06:00:00+00:00,5.8,100.0,0.00
2026-06-13T07:00:00+00:00,6.4,99.0,0.00
2026-06-13T08:00:00+00:00,7.0,96.0,0.00
2026-06-13T09:00:00+00:00,7.5,94.0,0.00
2026-06-13T10:00:00+00:00,7.4,96.0,0.00
2026-06-13T11:00:00+00:00,6.7,98.0,0.00
2026-06-13T12:00:00+00:00,7.1,95.0,0.00
2026-06-13T13:00:00+00:00,8.8,93.0,0.00
2026-06-13T14:00:00+00:00,10.4,89.0,0.00
2026-06-13T15:00:00+00:00,10.9,87.0,0.00
2026-06-13T16:00:00+00:00,11.1,87.0,0.00
2026-06-13T17:00:00+00:00,11.2,84.0,0.00
2026-06-13T18:00:00+00:00,12.1,77.0,0.00
2026-06-13T19:00:00+00:00,11.7,80.0,0.00
2026-06-13T20:00:00+00:00,10.9,87.0,0.00
2026-06-13T21:00:00+00:00,9.9,93.0,0.00
2026-06-13T22:00:00+00:00,9.5,94.0,0.00
2026-06-13T23:00:00+00:00,9.5,96.0,0.00
2026-06-14T00:00:00+00:00,9.5,99.0,0.00
2026-06-14T01:00:00+00:00,9.3,99.0,0.00
2026-06-14T02:00:00+00:00,9.2,99.0,0.80
2026-06-14T03:00:00+00:00,7.7,99.0,0.70
2026-06-14T04:00:00+00:00,7.1,99.0,1.40
2026-06-14T05:00:00+00:00,6.8,98.0,2.20
2026-06-14T06:00:00+00:00,6.2,99.0,0.70
2026-06-14T07:00:00+00:00,6.3,98.0,0.30
2026-06-14T08:00:00+00:00,6.2,98.0,0.20
2026-06-14T09:00:00+00:00,6.2,98.0,0.10
2026-06-14T10:00:00+00:00,5.7,98.0,0.00
2026-06-14T11:00:00+00:00,5.4,98.0,0.00
2026-06-14T12:00:00+00:00,6.2,97.0,0.00
2026-06-14T13:00:00+00:00,7.0,93.0,0.10
2026-06-14T14:00:00+00:00,8.2,76.0,0.10
2026-06-14T15:00:00+00:00,8.7,65.0,0.00
2026-06-14T16:00:00+00:00,9.0,60.0,0.00
2026-06-14T17:00:00+00:00,8.8,60.0,0.00
2026-06-14T18:00:00+00:00,8.7,61.0,0.00
2026-06-14T19:00:00+00:00,8.3,62.0,0.00
2026-06-14T20:00:00+00:00,7.8,62.0,0.00
2026-06-14T21:00:00+00:00,6.6,68.0,0.00
2026-06-14T22:00:00+00:00,5.2,77.0,0.00
2026-06-14T23:00:00+00:00,3.8,84.0,0.00
2026-06-15T00:00:00+00:00,2.8,87.0,0.00
2026-06-15T01:00:00+00:00,2.3,86.0,0.00
2026-06-15T02:00:00+00:00,2.0,82.0,0.00
2026-06-15T03:00:00+00:00,1.7,78.0,0.00
2026-06-15T04:00:00+00:00,1.4,76.0,0.00
2026-06-15T05:00:00+00:00,1.3,77.0,0.00
2026-06-15T06:00:00+00:00,0.6,77.0,0.00
2026-06-15T07:00:00+00:00,0.6,72.0,0.00
2026-06-15T08:00:00+00:00,0.6,75.0,0.00
2026-06-15T09:00:00+00:00,0.6,79.0,0.00
2026-06-15T10:00:00+00:00,0.5,82.0,0.00
2026-06-15T11:00:00+00:00,0.6,82.0,0.00
2026-06-15T12:00:00+00:00,2.3,79.0,0.00
2026-06-15T13:00:00+00:00,4.4,74.0,0.00
2026-06-15T14:00:00+00:00,6.5,69.0,0.00
2026-06-15T15:00:00+00:00,8.0,65.0,0.00
2026-06-15T16:00:00+00:00,9.1,61.0,0.00
2026-06-15T17:00:00+00:00,9.7,59.0,0.00
2026-06-15T18:00:00+00:00,10.2,58.0,0.00
2026-06-15T19:00:00+00:00,9.6,60.0,0.00
2026-06-15T20:00:00+00:00,8.2,66.0,0.00
2026-06-15T21:00:00+00:00,6.5,71.0,0.00
2026-06-15T22:00:00+00:00,5.9,74.0,0.00
2026-06-15T23:00:00+00:00,5.5,77.0,0.00
2026-06-16T00:00:00+00:00,4.7,79.0,0.00
2026-06-16T01:00:00+00:00,4.4,80.0,0.00
2026-06-16T02:00:00+00:00,4.1,79.0,0.00
2026-06-16T03:00:00+00:00,4.0,75.0,0.00
2026-06-16T04:00:00+00:00,3.9,74.0,0.00
2026-06-16T05:00:00+00:00,3.9,75.0,0.00
2026-06-16T06:00:00+00:00,3.3,79.0,0.00
2026-06-16T07:00:00+00:00,3.3,80.0,0.00
2026-06-16T08:00:00+00:00,3.4,80.0,0.00
2026-06-16T09:00:00+00:00,3.6,80.0,0.00
2026-06-16T10:00:00+00:00,3.7,81.0,0.00
2026-06-16T11:00:00+00:00,3.8,82.0,0.00
2026-06-16T12:00:00+00:00,5.3,80.0,0.00
2026-06-16T13:00:00+00:00,7.3,76.0,0.00
2026-06-16T14:00:00+00:00,9.3,73.0,0.00
2026-06-16T15:00:00+00:00,10.9,71.0,0.00
2026-06-16T16:00:00+00:00,12.3,70.0,0.00
2026-06-16T17:00:00+00:00,13.2,70.0,0.00
2026-06-16T18:00:00+00:00,14.4,69.0,0.00
2026-06-16T19:00:00+00:00,14.1,73.0,0.00
2026-06-16T20:00:00+00:00,13.3,75.0,0.00
2026-06-16T21:00:00+00:00,12.2,79.0,0.00
2026-06-16T22:00:00+00:00,11.9,79.0,0.00
2026-06-16T23:00:00+00:00,11.5,79.0,0.00
2026-06-17T00:00:00+00:00,10.6,81.0,0.00
2026-06-17T01:00:00+00:00,10.3,81.0,0.00
2026-06-17T02:00:00+00:00,9.7,85.0,0.00
2026-06-17T03:00:00+00:00,9.2,89.0,0.00
2026-06-17T04:00:00+00:00,8.7,91.0,0.00
2026-06-17T05:00:00+00:00,8.1,90.0,0.00
2026-06-17T06:00:00+00:00,7.0,89.0,0.00
2026-06-17T07:00:00+00:00,6.9,93.0,0.00
2026-06-17T08:00:00+00:00,7.2,96.0,0.00
2026-06-17T09:00:00+00:00,7.5,97.0,0.00
2026-06-17T10:00:00+00:00,7.1,96.0,0.00
2026-06-17T11:00:00+00:00,6.5,96.0,0.00
2026-06-17T12:00:00+00:00,7.9,91.0,0.00
2026-06-17T13:00:00+00:00,9.5,77.0,0.00
2026-06-17T14:00:00+00:00,10.4,69.0,0.00
2026-06-17T15:00:00+00:00,10.9,65.0,0.00
2026-06-17T16:00:00+00:00,11.2,63.0,0.00
2026-06-17T17:00:00+00:00,11.2,63.0,0.00
2026-06-17T18:00:00+00:00,11.6,58.0,0.00
2026-06-17T19:00:00+00:00,10.7,61.0,0.00
2026-06-17T20:00:00+00:00,9.1,72.0,0.00
2026-06-17T21:00:00+00:00,6.3,83.0,0.00
2026-06-17T22:00:00+00:00,5.6,87.0,0.00
2026-06-17T23:00:00+00:00,5.0,91.0,0.00
2026-06-18T00:00:00+00:00,3.5,93.0,0.00
2026-06-18T01:00:00+00:00,3.5,93.0,0.00
2026-06-18T02:00:00+00:00,3.5,91.0,0.00
2026-06-18T03:00:00+00:00,3.7,91.0,0.00
2026-06-18T04:00:00+00:00,3.7,90.0,0.00
2026-06-18T05:00:00+00:00,4.0,86.0,0.00
2026-06-18T06:00:00+00:00,3.5,92.0,0.00
2026-06-18T07:00:00+00:00,3.9,95.0,0.00
2026-06-18T08:00:00+00:00,3.9,96.0,0.00
2026-06-18T09:00:00+00:00,4.1,97.0,0.00
2026-06-18T10:00:00+00:00,4.3,97.0,0.00
2026-06-18T11:00:00+00:00,4.6,97.0,0.00
2026-06-18T12:00:00+00:00,6.2,94.0,0.00
2026-06-18T13:00:00+00:00,7.6,91.0,0.00
2026-06-18T14:00:00+00:00,9.4,81.0,0.00
2026-06-18T15:00:00+00:00,10.6,75.0,0.00
2026-06-18T16:00:00+00:00,11.2,73.0,0.00
2026-06-18T17:00:00+00:00,11.9,70.0,0.00
2026-06-18T18:00:00+00:00,12.0,70.0,0.00
2026-06-18T19:00:00+00:00,12.0,71.0,0.00
2026-06-18T20:00:00+00:00,11.5,67.0,0.00
2026-06-18T21:00:00+00:00,10.7,74.0,0.00
2026-06-18T22:00:00+00:00,10.4,78.0,0.00
2026-06-18T23:00:00+00:00,10.2,80.0,0.00
2026-06-19T00:00:00+00:00,8.9,89.0,0.00
2026-06-19T01:00:00+00:00,8.4,91.0,0.00
2026-06-19T02:00:00+00:00,9.1,89.0,0.00
2026-06-19T03:00:00+00:00,8.9,95.0,1.50
2026-06-19T04:00:00+00:00,9.0,97.0,3.00
2026-06-19T05:00:00+00:00,9.0,97.0,0.80
2026-06-19T06:00:00+00:00,8.8,98.0,0.70
2026-06-19T07:00:00+00:00,9.0,98.0,1.00
2026-06-19T08:00:00+00:00,9.0,98.0,0.30
2026-06-19T09:00:00+00:00,9.2,98.0,0.30
2026-06-19T10:00:00+00:00,9.2,99.0,0.00
2026-06-19T11:00:00+00:00,9.2,99.0,0.00
2026-06-19T12:00:00+00:00,8.9,100.0,0.00
2026-06-19T13:00:00+00:00,9.1,98.0,0.00
2026-06-19T14:00:00+00:00,9.9,92.0,0.00
2026-06-19T15:00:00+00:00,10.7,88.0,0.10
2026-06-19T16:00:00+00:00,10.4,90.0,0.10
2026-06-19T17:00:00+00:00,10.4,80.0,0.10
2026-06-19T18:00:00+00:00,10.9,69.0,0.00
2026-06-19T19:00:00+00:00,10.3,71.0,0.00
2026-06-19T20:00:00+00:00,9.5,72.0,0.00
2026-06-19T21:00:00+00:00,8.1,82.0,0.00
2026-06-19T22:00:00+00:00,7.6,87.0,0.00
2026-06-19T23:00:00+00:00,6.7,91.0,0.00
2026-06-20T00:00:00+00:00,5.8,92.0,0.00
2026-06-20T01:00:00+00:00,5.6,91.0,0.00
2026-06-20T02:00:00+00:00,5.3,92.0,0.00
2026-06-20T03:00:00+00:00,5.0,93.0,0.00
2026-06-20T04:00:00+00:00,4.7,94.0,0.00
2026-06-20T05:00:00+00:00,4.5,94.0,0.00
2026-06-20T06:00:00+00:00,3.0,97.0,0.00
2026-06-20T07:00:00+00:00,2.8,97.0,0.00
2026-06-20T08:00:00+00:00,2.7,97.0,0.00
2026-06-20T09:00:00+00:00,2.6,95.0,0.00
2026-06-20T10:00:00+00:00,2.5,93.0,0.00
2026-06-20T11:00:00+00:00,2.6,91.0,0.00
2026-06-20T12:00:00+00:00,5.0,88.0,0.00
2026-06-20T13:00:00+00:00,7.8,79.0,0.00
2026-06-20T14:00:00+00:00,9.7,69.0,0.00
2026-06-20T15:00:00+00:00,11.0,59.0,0.00
2026-06-20T16:00:00+00:00,11.3,56.0,0.00
2026-06-20T17:00:00+00:00,11.2,56.0,0.00
2026-06-20T18:00:00+00:00,11.4,54.0,0.00
2026-06-20T19:00:00+00:00,10.9,56.0,0.00
2026-06-20T20:00:00+00:00,9.0,71.0,0.00
2026-06-20T21:00:00+00:00,6.5,78.0,0.00
2026-06-20T22:00:00+00:00,6.1,79.0,0.00
2026-06-20T23:00:00+00:00,5.4,82.0,0.00
2026-06-21T00:00:00+00:00,4.9,86.0,0.00
2026-06-21T01:00:00+00:00,4.6,87.0,0.00
2026-06-21T02:00:00+00:00,4.3,88.0,0.00
2026-06-21T03:00:00+00:00,5.0,86.0,0.00
2026-06-21T04:00:00+00:00,5.0,86.0,0.00
2026-06-21T05:00:00+00:00,4.3,88.0,0.00
2026-06-21T06:00:00+00:00,4.0,89.0,0.00
2026-06-21T07:00:00+00:00,3.9,88.0,0.00
2026-06-21T08:00:00+00:00,3.8,87.0,0.00
2026-06-21T09:00:00+00:00,3.0,89.0,0.00
2026-06-21T10:00:00+00:00,3.7,89.0,0.00
2026-06-21T11:00:00+00:00,3.7,90.0,0.00
2026-06-21T12:00:00+00:00,4.9,85.0,0.00
2026-06-21T13:00:00+00:00,6.7,81.0,0.00
2026-06-21T14:00:00+00:00,8.4,74.0,0.00
2026-06-21T15:00:00+00:00,9.3,71.0,0.00
2026-06-21T16:00:00+00:00,10.0,67.0,0.00
2026-06-21T17:00:00+00:00,10.7,61.0,0.00
2026-06-21T18:00:00+00:00,10.5,63.0,0.00
2026-06-21T19:00:00+00:00,9.9,71.0,0.00
2026-06-21T20:00:00+00:00,8.8,79.0,0.00
2026-06-21T21:00:00+00:00,7.7,82.0,0.00
2026-06-21T22:00:00+00:00,6.8,86.0,0.00
2026-06-21T23:00:00+00:00,6.2,89.0,0.00
2026-06-22T00:00:00+00:00,5.7,91.0,0.00
2026-06-22T01:00:00+00:00,5.7,92.0,0.00
2026-06-22T02:00:00+00:00,5.6,91.0,0.00
2026-06-22T03:00:00+00:00,5.6,89.0,0.00
2026-06-22T04:00:00+00:00,6.1,85.0,0.00
2026-06-22T05:00:00+00:00,6.3,84.0,0.00
2026-06-22T06:00:00+00:00,6.2,83.0,0.00
2026-06-22T07:00:00+00:00,6.3,80.0,0.00
2026-06-22T08:00:00+00:00,5.9,80.0,0.00
2026-06-22T09:00:00+00:00,5.2,84.0,0.00
2026-06-22T10:00:00+00:00,5.3,83.0,0.00
2026-06-22T11:00:00+00:00,5.5,80.0,0.00
2026-06-22T12:00:00+00:00,6.9,79.0,0.00
2026-06-22T13:00:00+00:00,9.3,71.0,0.00
2026-06-22T14:00:00+00:00,9.9,72.0,0.00
2026-06-22T15:00:00+00:00,9.1,79.0,0.00
2026-06-22T16:00:00+00:00,10.0,78.0,0.00
2026-06-22T17:00:00+00:00,10.6,76.0,0.00
2026-06-22T18:00:00+00:00,10.4,76.0,0.00
2026-06-22T19:00:00+00:00,9.7,77.0,0.00
2026-06-22T20:00:00+00:00,8.9,83.0,0.10
2026-06-22T21:00:00+00:00,7.7,87.0,0.10
2026-06-22T22:00:00+00:00,6.3,96.0,0.50
2026-06-22T23:00:00+00:00,6.2,99.0,0.00
2026-06-23T00:00:00+00:00,6.0,99.0,0.00
2026-06-23T01:00:00+00:00,6.0,96.0,0.10
2026-06-23T02:00:00+00:00,5.6,97.0,0.00
2026-06-23T03:00:00+00:00,5.0,96.0,0.00
2026-06-23T04:00:00+00:00,4.7,96.0,0.00
2026-06-23T05:00:00+00:00,4.5,95.0,0.00
2026-06-23T06:00:00+00:00,4.0,97.0,0.00
2026-06-23T07:00:00+00:00,3.9,97.0,0.00
2026-06-23T08:00:00+00:00,4.0,97.0,0.00
2026-06-23T09:00:00+00:00,4.0,97.0,0.00
2026-06-23T10:00:00+00:00,3.9,98.0,0.00
2026-06-23T11:00:00+00:00,4.0,97.0,0.00
2026-06-23T12:00:00+00:00,4.7,95.0,0.00
2026-06-23T13:00:00+00:00,5.4,93.0,0.10
2026-06-23T14:00:00+00:00,5.9,88.0,0.10
2026-06-23T15:00:00+00:00,6.6,82.0,0.20
2026-06-23T16:00:00+00:00,7.1,82.0,0.30
2026-06-23T17:00:00+00:00,7.7,75.0,0.10
2026-06-23T18:00:00+00:00,8.4,67.0,0.10
2026-06-23T19:00:00+00:00,8.4,64.0,0.00
2026-06-23T20:00:00+00:00,7.6,66.0,0.00
2026-06-23T21:00:00+00:00,6.5,71.0,0.00
2026-06-23T22:00:00+00:00,6.2,76.0,0.00
2026-06-23T23:00:00+00:00,5.9,77.0,0.00
2026-06-24T00:00:00+00:00,5.1,82.0,0.00
2026-06-24T01:00:00+00:00,4.5,85.0,0.00
2026-06-24T02:00:00+00:00,3.8,88.0,0.00
2026-06-24T03:00:00+00:00,3.1,90.0,0.00
2026-06-24T04:00:00+00:00,2.7,90.0,0.00
2026-06-24T05:00:00+00:00,2.4,89.0,0.00
2026-06-24T06:00:00+00:00,1.2,92.0,0.00
2026-06-24T07:00:00+00:00,1.1,91.0,0.00
2026-06-24T08:00:00+00:00,0.9,91.0,0.00
2026-06-24T09:00:00+00:00,0.5,91.0,0.00
2026-06-24T10:00:00+00:00,0.5,92.0,0.00
2026-06-24T11:00:00+00:00,0.2,93.0,0.00
2026-06-24T12:00:00+00:00,2.0,88.0,0.00
2026-06-24T13:00:00+00:00,4.2,83.0,0.00
2026-06-24T14:00:00+00:00,5.7,81.0,0.00
2026-06-24T15:00:00+00:00,7.5,74.0,0.00
2026-06-24T16:00:00+00:00,8.7,65.0,0.00
2026-06-24T17:00:00+00:00,8.9,64.0,0.00
2026-06-24T18:00:00+00:00,8.4,67.0,0.00
2026-06-24T19:00:00+00:00,7.7,72.0,0.00
2026-06-24T20:00:00+00:00,7.6,73.0,0.00
2026-06-24T21:00:00+00:00,6.5,79.0,0.00
2026-06-24T22:00:00+00:00,5.8,83.0,0.00
2026-06-24T23:00:00+00:00,5.4,85.0,0.00
2026-06-25T00:00:00+00:00,5.1,86.0,0.00
2026-06-25T01:00:00+00:00,5.2,86.0,0.00
2026-06-25T02:00:00+00:00,4.2,93.0,0.00
2026-06-25T03:00:00+00:00,4.9,90.0,0.00
2026-06-25T04:00:00+00:00,4.4,93.0,0.00
2026-06-25T05:00:00+00:00,4.0,92.0,0.00
2026-06-25T06:00:00+00:00,3.1,92.0,0.00
2026-06-25T07:00:00+00:00,3.3,89.0,0.00
2026-06-25T08:00:00+00:00,3.7,86.0,0.00
2026-06-25T09:00:00+00:00,4.4,81.0,0.00
2026-06-25T10:00:00+00:00,4.5,80.0,0.00
2026-06-25T11:00:00+00:00,3.5,85.0,0.00
2026-06-25T12:00:00+00:00,5.1,77.0,0.00
2026-06-25T13:00:00+00:00,7.0,73.0,0.00
2026-06-25T14:00:00+00:00,9.2,63.0,0.00
2026-06-25T15:00:00+00:00,9.8,64.0,0.00
2026-06-25T16:00:00+00:00,10.1,64.0,0.00
2026-06-25T17:00:00+00:00,10.8,65.0,0.00
2026-06-25T18:00:00+00:00,12.2,65.0,0.00
2026-06-25T19:00:00+00:00,11.8,69.0,0.10
2026-06-25T20:00:00+00:00,10.8,71.0,0.00
2026-06-25T21:00:00+00:00,9.3,71.0,0.00
2026-06-25T22:00:00+00:00,7.3,79.0,0.00
2026-06-25T23:00:00+00:00,6.8,83.0,0.00
2026-06-26T00:00:00+00:00,5.8,89.0,0.00
2026-06-26T01:00:00+00:00,5.5,90.0,0.00
2026-06-26T02:00:00+00:00,5.0,89.0,0.00
2026-06-26T03:00:00+00:00,5.0,87.0,0.00
2026-06-26T04:00:00+00:00,4.4,90.0,0.00
2026-06-26T05:00:00+00:00,3.8,93.0,0.00
2026-06-26T06:00:00+00:00,2.6,96.0,0.00
2026-06-26T07:00:00+00:00,2.3,97.0,0.00
2026-06-26T08:00:00+00:00,1.9,98.0,0.00
2026-06-26T09:00:00+00:00,1.4,99.0,0.00
2026-06-26T10:00:00+00:00,1.2,100.0,0.00
2026-06-26T11:00:00+00:00,1.2,99.0,0.00
2026-06-26T12:00:00+00:00,2.8,97.0,0.00
2026-06-26T13:00:00+00:00,5.8,95.0,0.00
2026-06-26T14:00:00+00:00,8.0,78.0,0.00
2026-06-26T15:00:00+00:00,9.4,68.0,0.00
2026-06-26T16:00:00+00:00,10.4,63.0,0.00
2026-06-26T17:00:00+00:00,11.0,60.0,0.00
2026-06-26T18:00:00+00:00,11.9,55.0,0.00
2026-06-26T19:00:00+00:00,11.4,58.0,0.00
2026-06-26T20:00:00+00:00,9.4,72.0,0.00
2026-06-26T21:00:00+00:00,6.8,81.0,0.00
2026-06-26T22:00:00+00:00,6.0,85.0,0.00
2026-06-26T23:00:00+00:00,5.5,88.0,0.00
2026-06-27T00:00:00+00:00,4.6,90.0,0.00
2026-06-27T01:00:00+00:00,4.6,90.0,0.00
2026-06-27T02:00:00+00:00,4.7,90.0,0.00
2026-06-27T03:00:00+00:00,4.9,88.0,0.00
2026-06-27T04:00:00+00:00,5.3,88.0,0.00
2026-06-27T05:00:00+00:00,5.5,90.0,0.00
2026-06-27T06:00:00+00:00,4.8,93.0,0.00
2026-06-27T07:00:00+00:00,4.9,94.0,0.00
2026-06-27T08:00:00+00:00,5.0,94.0,0.00
2026-06-27T09:00:00+00:00,5.0,94.0,0.00
2026-06-27T10:00:00+00:00,4.8,93.0,0.00
2026-06-27T11:00:00+00:00,4.7,91.0,0.00
2026-06-27T12:00:00+00:00,6.1,87.0,0.00
2026-06-27T13:00:00+00:00,9.2,80.0,0.00
2026-06-27T14:00:00+00:00,11.7,72.0,0.00
2026-06-27T15:00:00+00:00,13.4,61.0,0.00
2026-06-27T16:00:00+00:00,14.4,56.0,0.00
2026-06-27T17:00:00+00:00,14.9,53.0,0.00
2026-06-27T18:00:00+00:00,15.2,50.0,0.00
2026-06-27T19:00:00+00:00,14.2,54.0,0.00
2026-06-27T20:00:00+00:00,11.6,68.0,0.00
2026-06-27T21:00:00+00:00,8.1,82.0,0.00
2026-06-27T22:00:00+00:00,7.2,85.0,0.00
2026-06-27T23:00:00+00:00,7.2,91.0,0.00
2026-06-28T00:00:00+00:00,8.0,92.0,0.00
2026-06-28T01:00:00+00:00,8.4,89.0,0.00
2026-06-28T02:00:00+00:00,8.1,91.0,0.00
2026-06-28T03:00:00+00:00,8.1,93.0,0.00
2026-06-28T04:00:00+00:00,8.0,92.0,0.00
2026-06-28T05:00:00+00:00,8.1,93.0,0.00
2026-06-28T06:00:00+00:00,8.1,93.0,0.00
2026-06-28T07:00:00+00:00,7.8,94.0,0.00
2026-06-28T08:00:00+00:00,6.8,96.0,0.00
2026-06-28T09:00:00+00:00,7.8,94.0,0.00
2026-06-28T10:00:00+00:00,7.7,94.0,0.00
2026-06-28T11:00:00+00:00,7.4,93.0,0.00
2026-06-28T12:00:00+00:00,9.7,84.0,0.00
2026-06-28T13:00:00+00:00,11.9,75.0,0.00
2026-06-28T14:00:00+00:00,13.5,65.0,0.00
2026-06-28T15:00:00+00:00,14.2,60.0,0.00
2026-06-28T16:00:00+00:00,14.5,58.0,0.00
2026-06-28T17:00:00+00:00,14.1,62.0,0.00
2026-06-28T18:00:00+00:00,10.9,80.0,0.00
2026-06-28T19:00:00+00:00,9.9,93.0,1.00
2026-06-28T20:00:00+00:00,9.2,96.0,0.40
2026-06-28T21:00:00+00:00,8.3,99.0,0.20
2026-06-28T22:00:00+00:00,8.4,100.0,0.00
2026-06-28T23:00:00+00:00,8.3,99.0,0.00
2026-06-29T00:00:00+00:00,7.2,99.0,0.00
2026-06-29T01:00:00+00:00,7.0,99.0,0.00
2026-06-29T02:00:00+00:00,6.4,99.0,0.00
2026-06-29T03:00:00+00:00,5.5,99.0,0.00
2026-06-29T04:00:00+00:00,5.2,100.0,0.00
2026-06-29T05:00:00+00:00,5.7,100.0,0.00
2026-06-29T06:00:00+00:00,5.2,99.0,0.00
2026-06-29T07:00:00+00:00,5.4,98.0,0.00
2026-06-29T08:00:00+00:00,5.8,98.0,0.00
2026-06-29T09:00:00+00:00,5.7,98.0,0.00
2026-06-29T10:00:00+00:00,5.5,99.0,0.00
2026-06-29T11:00:00+00:00,5.3,99.0,0.00
2026-06-29T12:00:00+00:00,5.5,98.0,0.00
2026-06-29T13:00:00+00:00,6.0,97.0,0.00
2026-06-29T14:00:00+00:00,7.4,91.0,0.00
2026-06-29T15:00:00+00:00,9.3,77.0,0.00
2026-06-29T16:00:00+00:00,10.8,67.0,0.00
2026-06-29T17:00:00+00:00,11.4,63.0,0.00
2026-06-29T18:00:00+00:00,12.0,61.0,0.00
2026-06-29T19:00:00+00:00,11.6,63.0,0.00
2026-06-29T20:00:00+00:00,10.4,72.0,0.00
2026-06-29T21:00:00+00:00,8.4,85.0,0.00
2026-06-29T22:00:00+00:00,7.6,91.0,0.00
2026-06-29T23:00:00+00:00,7.2,93.0,0.00
2026-06-30T00:00:00+00:00,4.8,93.0,0.00
2026-06-30T01:00:00+00:00,4.5,90.0,0.00
2026-06-30T02:00:00+00:00,4.2,90.0,0.00
2026-06-30T03:00:00+00:00,4.1,90.0,0.00
2026-06-30T04:00:00+00:00,4.1,89.0,0.00
2026-06-30T05:00:00+00:00,4.1,88.0,0.00
2026-06-30T06:00:00+00:00,3.3,87.0,0.00
2026-06-30T07:00:00+00:00,3.0,89.0,0.00
2026-06-30T08:00:00+00:00,2.4,93.0,0.00
2026-06-30T09:00:00+00:00,1.2,98.0,0.00
2026-06-30T10:00:00+00:00,0.5,99.0,0.00
2026-06-30T11:00:00+00:00,0.4,99.0,0.00
2026-06-30T12:00:00+00:00,4.1,89.0,0.00
2026-06-30T13:00:00+00:00,7.9,76.0,0.00
2026-06-30T14:00:00+00:00,9.2,65.0,0.00
2026-06-30T15:00:00+00:00,10.4,58.0,0.00
2026-06-30T16:00:00+00:00,11.1,54.0,0.00
2026-06-30T17:00:00+00:00,11.3,54.0,0.00
2026-06-30T18:00:00+00:00,11.7,50.0,0.00
2026-06-30T19:00:00+00:00,10.9,53.0,0.00
2026-06-30T20:00:00+00:00,9.0,67.0,0.00
2026-06-30T21:00:00+00:00,5.8,81.0,0.00
2026-06-30T22:00:00+00:00,5.1,86.0,0.00
2026-06-30T23:00:00+00:00,4.4,89.0,0.00
2026-07-01T00:00:00+00:00,3.8,90.0,0.00
2026-07-01T01:00:00+00:00,3.6,91.0,0.00
2026-07-01T02:00:00+00:00,3.4,93.0,0.00
2026-07-01T03:00:00+00:00,3.1,94.0,0.00
2026-07-01T04:00:00+00:00,2.7,95.0,0.00
2026-07-01T05:00:00+00:00,2.3,96.0,0.00
2026-07-01T06:00:00+00:00,1.4,96.0,0.00
2026-07-01T07:00:00+00:00,1.6,95.0,0.00
2026-07-01T08:00:00+00:00,2.1,93.0,0.00
2026-07-01T09:00:00+00:00,3.0,90.0,0.00
2026-07-01T10:00:00+00:00,3.5,87.0,0.00
2026-07-01T11:00:00+00:00,3.6,86.0,0.00
2026-07-01T12:00:00+00:00,4.5,85.0,0.00
2026-07-01T13:00:00+00:00,8.4,82.0,0.00
2026-07-01T14:00:00+00:00,10.2,73.0,0.00
2026-07-01T15:00:00+00:00,11.1,64.0,0.00
2026-07-01T16:00:00+00:00,11.4,59.0,0.00
2026-07-01T17:00:00+00:00,11.4,58.0,0.00
2026-07-01T18:00:00+00:00,11.4,57.0,0.00
2026-07-01T19:00:00+00:00,10.6,59.0,0.00
2026-07-01T20:00:00+00:00,9.0,69.0,0.00
2026-07-01T21:00:00+00:00,6.2,84.0,0.00
2026-07-01T22:00:00+00:00,5.5,90.0,0.00
2026-07-01T23:00:00+00:00,5.3,97.0,0.00
2026-07-02T00:00:00+00:00,6.3,99.0,0.00
2026-07-02T01:00:00+00:00,6.6,99.0,0.10
2026-07-02T02:00:00+00:00,6.7,97.0,0.00
2026-07-02T03:00:00+00:00,6.0,97.0,0.00
2026-07-02T04:00:00+00:00,5.9,97.0,0.00
2026-07-02T05:00:00+00:00,5.4,93.0,0.00
2026-07-02T06:00:00+00:00,5.3,87.0,0.00
2026-07-02T07:00:00+00:00,4.8,85.0,0.00
2026-07-02T08:00:00+00:00,4.2,86.0,0.00
2026-07-02T09:00:00+00:00,3.9,85.0,0.00
2026-07-02T10:00:00+00:00,4.5,76.0,0.00
2026-07-02T11:00:00+00:00,4.2,74.0,0.00
2026-07-02T12:00:00+00:00,4.6,74.0,0.00
2026-07-02T13:00:00+00:00,5.8,64.0,0.00
2026-07-02T14:00:00+00:00,6.3,59.0,0.00
2026-07-02T15:00:00+00:00,6.6,56.0,0.00
2026-07-02T16:00:00+00:00,6.7,53.0,0.00
2026-07-02T17:00:00+00:00,6.3,55.0,0.00
2026-07-02T18:00:00+00:00,5.7,69.0,0.10
2026-07-02T19:00:00+00:00,5.0,65.0,0.10
2026-07-02T20:00:00+00:00,4.1,65.0,0.00
2026-07-02T21:00:00+00:00,2.8,65.0,0.00
2026-07-02T22:00:00+00:00,1.4,68.0,0.30
2026-07-02T23:00:00+00:00,1.0,74.0,0.30
2026-07-03T00:00:00+00:00,1.7,89.0,0.10
2026-07-03T01:00:00+00:00,1.0,96.0,0.40
2026-07-03T02:00:00+00:00,1.2,96.0,0.10
2026-07-03T03:00:00+00:00,1.7,96.0,0.00
2026-07-03T04:00:00+00:00,2.0,94.0,0.00
2026-07-03T05:00:00+00:00,2.6,93.0,0.00
2026-07-03T06:00:00+00:00,3.3,88.0,0.00
2026-07-03T07:00:00+00:00,3.9,83.0,0.00
2026-07-03T08:00:00+00:00,4.5,79.0,0.00
2026-07-03T09:00:00+00:00,4.9,78.0,0.00
2026-07-03T10:00:00+00:00,5.1,81.0,0.00
2026-07-03T11:00:00+00:00,5.1,84.0,0.00
2026-07-03T12:00:00+00:00,5.3,90.0,0.00
2026-07-03T13:00:00+00:00,6.1,88.0,0.00
2026-07-03T14:00:00+00:00,7.2,81.0,0.10
2026-07-03T15:00:00+00:00,7.5,81.0,0.10
2026-07-03T16:00:00+00:00,7.7,82.0,0.10
2026-07-03T17:00:00+00:00,7.4,87.0,0.10
2026-07-03T18:00:00+00:00,7.6,89.0,0.10
2026-07-03T19:00:00+00:00,7.1,94.0,0.20
2026-07-03T20:00:00+00:00,6.5,98.0,0.30
2026-07-03T21:00:00+00:00,6.3,99.0,0.40
2026-07-03T22:00:00+00:00,6.5,99.0,0.20
2026-07-03T23:00:00+00:00,6.7,99.0,0.00
2026-07-04T00:00:00+00:00,6.5,100.0,0.00
2026-07-04T01:00:00+00:00,6.5,100.0,0.00
2026-07-04T02:00:00+00:00,6.4,100.0,0.00
2026-07-04T03:00:00+00:00,6.3,100.0,0.00
2026-07-04T04:00:00+00:00,6.3,100.0,0.00
2026-07-04T05:00:00+00:00,5.9,100.0,0.00
2026-07-04T06:00:00+00:00,5.5,100.0,0.00
2026-07-04T07:00:00+00:00,5.7,100.0,0.00
2026-07-04T08:00:00+00:00,5.7,99.0,0.00
2026-07-04T09:00:00+00:00,5.5,99.0,0.00
2026-07-04T10:00:00+00:00,5.4,99.0,0.00
2026-07-04T11:00:00+00:00,5.3,99.0,0.00
2026-07-04T12:00:00+00:00,5.9,98.0,0.00
2026-07-04T13:00:00+00:00,6.5,93.0,0.00
2026-07-04T14:00:00+00:00,7.6,85.0,0.00
2026-07-04T15:00:00+00:00,8.4,79.0,0.00
2026-07-04T16:00:00+00:00,9.3,73.0,0.00
2026-07-04T17:00:00+00:00,9.6,72.0,0.00
2026-07-04T18:00:00+00:00,10.2,68.0,0.00
2026-07-04T19:00:00+00:00,9.5,71.0,0.00
2026-07-04T20:00:00+00:00,8.0,80.0,0.00
2026-07-04T21:00:00+00:00,6.3,90.0,0.00
2026-07-04T22:00:00+00:00,5.1,94.0,0.00
2026-07-04T23:00:00+00:00,5.2,94.0,0.00
2026-07-05T00:00:00+00:00,4.0,97.0,0.00
2026-07-05T01:00:00+00:00,4.1,98.0,0.00
2026-07-05T02:00:00+00:00,3.7,100.0,0.00
2026-07-05T03:00:00+00:00,3.9,100.0,0.00
2026-07-05T04:00:00+00:00,4.2,100.0,0.00
2026-07-05T05:00:00+00:00,5.0,100.0,0.00
2026-07-05T06:00:00+00:00,5.5,100.0,0.00
2026-07-05T07:00:00+00:00,5.6,100.0,0.00
2026-07-05T08:00:00+00:00,5.4,100.0,0.00
2026-07-05T09:00:00+00:00,5.2,100.0,0.00
2026-07-05T10:00:00+00:00,5.5,100.0,0.00
2026-07-05T11:00:00+00:00,5.7,100.0,0.00
2026-07-05T12:00:00+00:00,5.0,98.0,0.00
2026-07-05T13:00:00+00:00,6.1,95.0,0.00
2026-07-05T14:00:00+00:00,7.4,93.0,0.00
2026-07-05T15:00:00+00:00,8.2,92.0,0.00
2026-07-05T16:00:00+00:00,10.1,82.0,0.00
2026-07-05T17:00:00+00:00,10.3,82.0,0.00
2026-07-05T18:00:00+00:00,9.5,93.0,0.30
2026-07-05T19:00:00+00:00,9.1,97.0,0.40
2026-07-05T20:00:00+00:00,9.0,97.0,0.00
2026-07-05T21:00:00+00:00,8.3,98.0,0.10
2026-07-05T22:00:00+00:00,8.1,98.0,0.10
2026-07-05T23:00:00+00:00,8.0,99.0,0.30
2026-07-06T00:00:00+00:00,7.8,98.0,2.90
2026-07-06T01:00:00+00:00,7.9,99.0,1.00
2026-07-06T02:00:00+00:00,8.0,99.0,1.20
2026-07-06T03:00:00+00:00,7.8,99.0,0.10
2026-07-06T04:00:00+00:00,7.5,99.0,0.00
2026-07-06T05:00:00+00:00,7.5,100.0,0.10
2026-07-06T06:00:00+00:00,6.7,99.0,0.20
2026-07-06T07:00:00+00:00,6.3,100.0,0.00
2026-07-06T08:00:00+00:00,6.2,100.0,0.00
2026-07-06T09:00:00+00:00,5.9,99.0,0.10
2026-07-06T10:00:00+00:00,5.6,98.0,0.00
2026-07-06T11:00:00+00:00,5.2,98.0,0.00
2026-07-06T12:00:00+00:00,5.5,97.0,0.00
2026-07-06T13:00:00+00:00,5.7,95.0,0.10
2026-07-06T14:00:00+00:00,5.5,94.0,0.20
2026-07-06T15:00:00+00:00,5.8,93.0,0.30
2026-07-06T16:00:00+00:00,5.7,95.0,0.30
2026-07-06T17:00:00+00:00,6.1,93.0,0.20
2026-07-06T18:00:00+00:00,6.1,90.0,0.10
2026-07-06T19:00:00+00:00,6.1,87.0,0.10
2026-07-06T20:00:00+00:00,5.9,86.0,0.00
2026-07-06T21:00:00+00:00,5.5,86.0,0.00
2026-07-06T22:00:00+00:00,5.3,87.0,0.10
2026-07-06T23:00:00+00:00,5.0,86.0,0.00
2026-07-07T00:00:00+00:00,4.0,85.0,0.00
2026-07-07T01:00:00+00:00,3.8,86.0,0.00
2026-07-07T02:00:00+00:00,3.5,87.0,0.00
2026-07-07T03:00:00+00:00,3.0,91.0,0.00
2026-07-07T04:00:00+00:00,2.6,93.0,0.00
2026-07-07T05:00:00+00:00,2.6,93.0,0.00
2026-07-07T06:00:00+00:00,1.4,96.0,0.00
2026-07-07T07:00:00+00:00,1.3,97.0,0.00
2026-07-07T08:00:00+00:00,1.4,98.0,0.00
2026-07-07T09:00:00+00:00,1.4,98.0,0.00
2026-07-07T10:00:00+00:00,1.3,98.0,0.00
2026-07-07T11:00:00+00:00,1.1,98.0,0.00
2026-07-07T12:00:00+00:00,2.4,96.0,0.00
2026-07-07T13:00:00+00:00,4.2,89.0,0.00
2026-07-07T14:00:00+00:00,6.2,77.0,0.00
2026-07-07T15:00:00+00:00,8.1,64.0,0.00
2026-07-07T16:00:00+00:00,9.6,56.0,0.00
2026-07-07T17:00:00+00:00,10.7,55.0,0.00
2026-07-07T18:00:00+00:00,11.9,52.0,0.00
2026-07-07T19:00:00+00:00,11.7,56.0,0.00
2026-07-07T20:00:00+00:00,10.7,63.0,0.00
2026-07-07T21:00:00+00:00,9.1,72.0,0.00
2026-07-07T22:00:00+00:00,9.5,71.0,0.00
2026-07-07T23:00:00+00:00,9.2,71.0,0.00
2026-07-08T00:00:00+00:00,9.3,66.0,0.00
2026-07-08T01:00:00+00:00,8.8,68.0,0.00
2026-07-08T02:00:00+00:00,8.7,68.0,0.00
2026-07-08T03:00:00+00:00,8.2,70.0,0.00
2026-07-08T04:00:00+00:00,7.9,72.0,0.00
2026-07-08T05:00:00+00:00,7.5,74.0,0.00
2026-07-08T06:00:00+00:00,6.4,79.0,0.00
2026-07-08T07:00:00+00:00,6.5,78.0,0.00
2026-07-08T08:00:00+00:00,6.4,77.0,0.00
2026-07-08T09:00:00+00:00,6.3,77.0,0.00
2026-07-08T10:00:00+00:00,5.9,78.0,0.00
2026-07-08T11:00:00+00:00,5.8,78.0,0.00
2026-07-08T12:00:00+00:00,6.9,73.0,0.00
2026-07-08T13:00:00+00:00,8.7,70.0,0.00
2026-07-08T14:00:00+00:00,10.3,64.0,0.00
2026-07-08T15:00:00+00:00,11.2,61.0,0.00
2026-07-08T16:00:00+00:00,13.3,57.0,0.00
2026-07-08T17:00:00+00:00,13.4,59.0,0.00
2026-07-08T18:00:00+00:00,14.2,57.0,0.00
2026-07-08T19:00:00+00:00,14.1,60.0,0.00
2026-07-08T20:00:00+00:00,12.6,65.0,0.00
2026-07-08T21:00:00+00:00,10.7,70.0,0.00
2026-07-08T22:00:00+00:00,10.5,69.0,0.00
2026-07-08T23:00:00+00:00,9.5,71.0,0.00
2026-07-09T00:00:00+00:00,8.9,71.0,0.00
2026-07-09T01:00:00+00:00,8.8,70.0,0.00
2026-07-09T02:00:00+00:00,8.2,72.0,0.00
2026-07-09T03:00:00+00:00,8.4,72.0,0.00
2026-07-09T04:00:00+00:00,7.8,75.0,0.00
2026-07-09T05:00:00+00:00,7.3,77.0,0.00
2026-07-09T06:00:00+00:00,7.1,77.0,0.00
2026-07-09T07:00:00+00:00,8.1,69.0,0.00
2026-07-09T08:00:00+00:00,8.5,61.0,0.00
2026-07-09T09:00:00+00:00,9.0,56.0,0.00
2026-07-09T10:00:00+00:00,9.2,53.0,0.00
2026-07-09T11:00:00+00:00,9.4,53.0,0.00
2026-07-09T12:00:00+00:00,9.9,59.0,0.00
2026-07-09T13:00:00+00:00,11.5,60.0,0.00
2026-07-09T14:00:00+00:00,12.8,58.0,0.00
2026-07-09T15:00:00+00:00,13.1,61.0,0.10
2026-07-09T16:00:00+00:00,14.7,55.0,0.00
2026-07-09T17:00:00+00:00,14.1,59.0,0.00
2026-07-09T18:00:00+00:00,14.7,57.0,0.00
2026-07-09T19:00:00+00:00,14.6,60.0,0.00
2026-07-09T20:00:00+00:00,13.2,74.0,0.00
2026-07-09T21:00:00+00:00,10.6,79.0,0.00
2026-07-09T22:00:00+00:00,10.3,82.0,0.00
2026-07-09T23:00:00+00:00,9.8,83.0,0.00
2026-07-10T00:00:00+00:00,9.9,81.0,0.00
2026-07-10T01:00:00+00:00,9.5,82.0,0.00
2026-07-10T02:00:00+00:00,9.0,82.0,0.00
2026-07-10T03:00:00+00:00,8.1,84.0,0.00
2026-07-10T04:00:00+00:00,8.2,83.0,0.00
2026-07-10T05:00:00+00:00,7.7,85.0,0.00
2026-07-10T06:00:00+00:00,7.6,87.0,0.00
2026-07-10T07:00:00+00:00,6.8,89.0,0.00
2026-07-10T08:00:00+00:00,7.2,87.0,0.00
2026-07-10T09:00:00+00:00,7.3,90.0,0.00
2026-07-10T10:00:00+00:00,7.4,93.0,0.00
2026-07-10T11:00:00+00:00,7.3,95.0,0.00
2026-07-10T12:00:00+00:00,8.9,93.0,0.00
2026-07-10T13:00:00+00:00,11.3,86.0,0.00
2026-07-10T14:00:00+00:00,12.5,83.0,0.00
2026-07-10T15:00:00+00:00,14.1,75.0,0.00
2026-07-10T16:00:00+00:00,13.9,76.0,0.00
2026-07-10T17:00:00+00:00,12.8,85.0,0.00
2026-07-10T18:00:00+00:00,12.7,88.0,0.10
2026-07-10T19:00:00+00:00,12.3,86.0,0.00
2026-07-10T20:00:00+00:00,11.7,88.0,0.00
2026-07-10T21:00:00+00:00,11.1,90.0,0.00
2026-07-10T22:00:00+00:00,10.9,90.0,0.10
2026-07-10T23:00:00+00:00,10.4,91.0,0.20
2026-07-11T00:00:00+00:00,10.4,87.0,0.10
2026-07-11T01:00:00+00:00,9.9,87.0,0.00
2026-07-11T02:00:00+00:00,10.5,84.0,0.00
2026-07-11T03:00:00+00:00,10.5,84.0,0.00
2026-07-11T04:00:00+00:00,10.0,90.0,0.20
2026-07-11T05:00:00+00:00,9.5,93.0,0.00
2026-07-11T06:00:00+00:00,9.2,96.0,0.00
2026-07-11T07:00:00+00:00,9.2,96.0,0.00
2026-07-11T08:00:00+00:00,9.3,96.0,0.00
2026-07-11T09:00:00+00:00,9.6,95.0,0.00
2026-07-11T10:00:00+00:00,9.6,95.0,0.00
2026-07-11T11:00:00+00:00,9.5,96.0,0.00
2026-07-11T12:00:00+00:00,9.6,97.0,0.00
2026-07-11T13:00:00+00:00,11.2,93.0,0.00
2026-07-11T14:00:00+00:00,12.7,86.0,0.10
2026-07-11T15:00:00+00:00,13.2,83.0,0.30
2026-07-11T16:00:00+00:00,13.5,80.0,0.10
2026-07-11T17:00:00+00:00,12.5,90.0,1.20
2026-07-11T18:00:00+00:00,11.9,91.0,1.00
2026-07-11T19:00:00+00:00,11.6,94.0,0.30
2026-07-11T20:00:00+00:00,11.0,97.0,0.40
2026-07-11T21:00:00+00:00,9.8,100.0,0.20
2026-07-11T22:00:00+00:00,9.4,99.0,0.00
2026-07-11T23:00:00+00:00,8.9,99.0,0.10
2026-07-12T00:00:00+00:00,8.1,99.0,0.00
2026-07-12T01:00:00+00:00,8.1,98.0,0.00
2026-07-12T02:00:00+00:00,8.3,99.0,0.00
2026-07-12T03:00:00+00:00,8.4,100.0,0.10
2026-07-12T04:00:00+00:00,8.5,100.0,0.00
2026-07-12T05:00:00+00:00,8.6,99.0,0.10
2026-07-12T06:00:00+00:00,8.3,100.0,0.20
2026-07-12T07:00:00+00:00,8.3,99.0,0.10
2026-07-12T08:00:00+00:00,8.4,99.0,0.10
2026-07-12T09:00:00+00:00,8.5,100.0,0.10
2026-07-12T10:00:00+00:00,8.5,100.0,0.10
2026-07-12T11:00:00+00:00,8.3,100.0,0.00
2026-07-12T12:00:00+00:00,8.8,99.0,0.30
2026-07-12T13:00:00+00:00,8.7,99.0,0.10
2026-07-12T14:00:00+00:00,8.9,98.0,0.10
2026-07-12T15:00:00+00:00,9.0,97.0,0.10
2026-07-12T16:00:00+00:00,9.2,94.0,0.10
2026-07-12T17:00:00+00:00,9.4,91.0,0.10
2026-07-12T18:00:00+00:00,9.7,90.0,0.10
2026-07-12T19:00:00+00:00,9.4,89.0,0.00
2026-07-12T20:00:00+00:00,9.1,90.0,0.00
2026-07-12T21:00:00+00:00,8.5,94.0,0.00
2026-07-12T22:00:00+00:00,8.2,96.0,0.00
2026-07-12T23:00:00+00:00,8.1,97.0,0.00
2026-07-13T00:00:00+00:00,7.6,99.0,0.00
2026-07-13T01:00:00+00:00,7.6,99.0,0.10
2026-07-13T02:00:00+00:00,7.5,99.0,0.20
2026-07-13T03:00:00+00:00,7.5,100.0,0.20
2026-07-13T04:00:00+00:00,7.5,100.0,0.10
2026-07-13T05:00:00+00:00,7.4,100.0,0.00
2026-07-13T06:00:00+00:00,7.0,100.0,0.00
2026-07-13T07:00:00+00:00,7.0,100.0,0.00
2026-07-13T08:00:00+00:00,7.0,100.0,0.00
2026-07-13T09:00:00+00:00,7.0,100.0,0.00
2026-07-13T10:00:00+00:00,7.1,100.0,0.00
2026-07-13T11:00:00+00:00,7.2,100.0,0.00
2026-07-13T12:00:00+00:00,7.4,99.0,0.00
2026-07-13T13:00:00+00:00,8.0,97.0,0.00
2026-07-13T14:00:00+00:00,8.5,95.0,0.10
2026-07-13T15:00:00+00:00,9.5,89.0,0.10
2026-07-13T16:00:00+00:00,9.9,86.0,0.10
2026-07-13T17:00:00+00:00,10.4,82.0,0.00
2026-07-13T18:00:00+00:00,10.6,78.0,0.00
2026-07-13T19:00:00+00:00,10.8,76.0,0.00
2026-07-13T20:00:00+00:00,10.4,79.0,0.00
2026-07-13T21:00:00+00:00,9.7,83.0,0.00
2026-07-13T22:00:00+00:00,9.2,86.0,0.00
2026-07-13T23:00:00+00:00,9.2,86.0,0.00
2026-07-14T00:00:00+00:00,9.6,89.0,0.00
2026-07-14T01:00:00+00:00,9.3,89.0,0.00
2026-07-14T02:00:00+00:00,9.2,88.0,0.00
2026-07-14T03:00:00+00:00,9.0,91.0,0.00
2026-07-14T04:00:00+00:00,8.6,94.0,0.00
2026-07-14T05:00:00+00:00,8.4,98.0,0.00
2026-07-14T06:00:00+00:00,9.3,98.0,0.00
2026-07-14T07:00:00+00:00,9.7,96.0,0.00
2026-07-14T08:00:00+00:00,9.5,93.0,0.00
2026-07-14T09:00:00+00:00,8.2,95.0,0.00
2026-07-14T10:00:00+00:00,8.0,96.0,0.00
2026-07-14T11:00:00+00:00,7.4,97.0,0.00
2026-07-14T12:00:00+00:00,8.1,93.0,0.00
2026-07-14T13:00:00+00:00,9.8,85.0,0.00
2026-07-14T14:00:00+00:00,11.4,76.0,0.00
2026-07-14T15:00:00+00:00,12.8,69.0,0.00
2026-07-14T16:00:00+00:00,14.0,64.0,0.00
2026-07-14T17:00:00+00:00,14.7,62.0,0.00
2026-07-14T18:00:00+00:00,15.5,60.0,0.00
2026-07-14T19:00:00+00:00,15.0,66.0,0.00
2026-07-14T20:00:00+00:00,13.7,74.0,0.00
2026-07-14T21:00:00+00:00,11.4,85.0,0.00
2026-07-14T22:00:00+00:00,10.9,89.0,0.00
2026-07-14T23:00:00+00:00,11.2,88.0,0.00
2026-07-15T00:00:00+00:00,10.2,92.0,0.00
2026-07-15T01:00:00+00:00,10.0,92.0,0.00
2026-07-15T02:00:00+00:00,9.8,92.0,0.00
2026-07-15T03:00:00+00:00,9.7,93.0,0.00
2026-07-15T04:00:00+00:00,9.5,93.0,0.00
2026-07-15T05:00:00+00:00,9.1,93.0,0.00
2026-07-15T06:00:00+00:00,8.5,94.0,0.00
2026-07-15T07:00:00+00:00,8.6,90.0,0.00
2026-07-15T08:00:00+00:00,8.5,90.0,0.00
2026-07-15T09:00:00+00:00,8.3,89.0,0.00
2026-07-15T10:00:00+00:00,8.2,89.0,0.00
2026-07-15T11:00:00+00:00,8.2,88.0,0.00
2026-07-15T12:00:00+00:00,9.8,81.0,0.00
2026-07-15T13:00:00+00:00,11.8,79.0,0.00
2026-07-15T14:00:00+00:00,14.0,70.0,0.00
2026-07-15T15:00:00+00:00,15.7,66.0,0.00
2026-07-15T16:00:00+00:00,17.1,63.0,0.00
2026-07-15T17:00:00+00:00,18.1,60.0,0.00
2026-07-15T18:00:00+00:00,19.0,59.0,0.00
2026-07-15T19:00:00+00:00,18.2,64.0,0.00
2026-07-15T20:00:00+00:00,16.7,71.0,0.00
2026-07-15T21:00:00+00:00,14.8,78.0,0.00
2026-07-15T22:00:00+00:00,14.6,79.0,0.00
2026-07-15T23:00:00+00:00,14.5,80.0,0.00
2026-07-16T00:00:00+00:00,13.5,85.0,0.00
2026-07-16T01:00:00+00:00,13.5,84.0,0.00
2026-07-16T02:00:00+00:00,13.6,83.0,0.00
2026-07-16T03:00:00+00:00,13.9,81.0,0.00
2026-07-16T04:00:00+00:00,13.5,82.0,0.00
2026-07-16T05:00:00+00:00,13.4,80.0,0.00
2026-07-16T06:00:00+00:00,13.1,82.0,0.00
2026-07-16T07:00:00+00:00,13.2,79.0,0.10
2026-07-16T08:00:00+00:00,13.8,73.0,0.00
2026-07-16T09:00:00+00:00,14.7,68.0,0.00
2026-07-16T10:00:00+00:00,15.5,64.0,0.00
2026-07-16T11:00:00+00:00,15.9,64.0,0.00
2026-07-16T12:00:00+00:00,15.7,66.0,0.00
2026-07-16T13:00:00+00:00,17.2,66.0,0.00
2026-07-16T14:00:00+00:00,18.8,62.0,0.00
2026-07-16T15:00:00+00:00,19.0,64.0,0.00
2026-07-16T16:00:00+00:00,16.1,93.0,1.00
2026-07-16T17:00:00+00:00,16.3,93.0,0.50
2026-07-16T18:00:00+00:00,17.0,94.0,0.10
2026-07-16T19:00:00+00:00,16.8,94.0,0.30
2026-07-16T20:00:00+00:00,16.5,93.0,0.10
2026-07-16T21:00:00+00:00,16.2,92.0,0.00
2026-07-16T22:00:00+00:00,16.8,87.0,0.00
2026-07-16T23:00:00+00:00,17.2,84.0,0.00
2026-07-17T00:00:00+00:00,17.7,78.0,0.00
2026-07-17T01:00:00+00:00,16.9,82.0,0.00
2026-07-17T02:00:00+00:00,16.4,88.0,0.10
2026-07-17T03:00:00+00:00,17.3,84.0,0.00
2026-07-17T04:00:00+00:00,17.7,82.0,0.00
2026-07-17T05:00:00+00:00,18.4,79.0,0.00
2026-07-17T06:00:00+00:00,17.7,80.0,0.00
2026-07-17T07:00:00+00:00,18.6,74.0,0.00
2026-07-17T08:00:00+00:00,18.4,74.0,0.00
2026-07-17T09:00:00+00:00,17.9,76.0,0.00
2026-07-17T10:00:00+00:00,17.9,77.0,0.00
2026-07-17T11:00:00+00:00,17.7,81.0,0.00
2026-07-17T12:00:00+00:00,18.7,84.0,0.00
2026-07-17T13:00:00+00:00,16.9,94.0,0.40
2026-07-17T14:00:00+00:00,16.8,97.0,1.90
2026-07-17T15:00:00+00:00,16.9,98.0,2.20
2026-07-17T16:00:00+00:00,17.5,96.0,0.60
2026-07-17T17:00:00+00:00,18.2,97.0,1.30
2026-07-17T18:00:00+00:00,19.2,94.0,1.10
2026-07-17T19:00:00+00:00,20.4,86.0,0.00
2026-07-17T20:00:00+00:00,20.7,86.0,0.00
2026-07-17T21:00:00+00:00,19.8,91.0,0.10
2026-07-17T22:00:00+00:00,20.3,91.0,0.00
2026-07-17T23:00:00+00:00,19.8,94.0,0.00
2026-07-18T00:00:00+00:00,17.5,96.0,0.00
2026-07-18T01:00:00+00:00,17.2,94.0,0.60
2026-07-18T02:00:00+00:00,16.3,96.0,0.00
2026-07-18T03:00:00+00:00,15.5,96.0,0.00
2026-07-18T04:00:00+00:00,15.2,96.0,0.10
2026-07-18T05:00:00+00:00,15.5,97.0,0.00
2026-07-18T06:00:00+00:00,16.9,94.0,0.00
2026-07-18T07:00:00+00:00,17.5,88.0,0.00
2026-07-18T08:00:00+00:00,17.6,84.0,0.00
2026-07-18T09:00:00+00:00,17.9,81.0,0.10
2026-07-18T10:00:00+00:00,17.6,83.0,0.00
2026-07-18T11:00:00+00:00,16.6,82.0,0.00
2026-07-18T12:00:00+00:00,14.8,95.0,0.40
2026-07-18T13:00:00+00:00,15.8,96.0,1.80
2026-07-18T14:00:00+00:00,16.9,95.0,0.10
2026-07-18T15:00:00+00:00,19.2,89.0,0.00
2026-07-18T16:00:00+00:00,21.3,79.0,0.00
2026-07-18T17:00:00+00:00,22.4,71.0,0.00
2026-07-18T18:00:00+00:00,20.5,72.0,0.00
2026-07-18T19:00:00+00:00,20.1,76.0,0.00
2026-07-18T20:00:00+00:00,19.5,81.0,0.00
2026-07-18T21:00:00+00:00,16.5,91.0,0.00
2026-07-18T22:00:00+00:00,15.4,93.0,0.00
2026-07-18T23:00:00+00:00,15.2,94.0,0.00
2026-07-19T00:00:00+00:00,14.9,98.0,0.00
2026-07-19T01:00:00+00:00,14.9,97.0,0.00
2026-07-19T02:00:00+00:00,15.3,96.0,0.00
2026-07-19T03:00:00+00:00,15.1,95.0,0.00
2026-07-19T04:00:00+00:00,14.6,92.0,0.00
2026-07-19T05:00:00+00:00,14.4,95.0,0.00
2026-07-19T06:00:00+00:00,13.9,99.0,0.00
2026-07-19T07:00:00+00:00,14.3,98.0,0.00
2026-07-19T08:00:00+00:00,14.6,98.0,0.30
2026-07-19T09:00:00+00:00,14.4,99.0,1.70
2026-07-19T10:00:00+00:00,14.3,99.0,0.50
2026-07-19T11:00:00+00:00,14.2,99.0,4.40
2026-07-19T12:00:00+00:00,14.6,97.0,5.50
2026-07-19T13:00:00+00:00,14.8,97.0,0.90
2026-07-19T14:00:00+00:00,15.1,98.0,1.00
2026-07-19T15:00:00+00:00,15.4,97.0,0.50
2026-07-19T16:00:00+00:00,15.7,97.0,0.80
2026-07-19T17:00:00+00:00,16.6,92.0,0.10
2026-07-19T18:00:00+00:00,15.6,96.0,0.10
2026-07-19T19:00:00+00:00,15.6,97.0,0.50
2026-07-19T20:00:00+00:00,15.5,97.0,0.20
2026-07-19T21:00:00+00:00,12.8,100.0,0.10
2026-07-19T22:00:00+00:00,10.9,100.0,0.10
2026-07-19T23:00:00+00:00,10.4,100.0,0.00
2026-07-20T00:00:00+00:00,10.3,100.0,0.10
2026-07-20T01:00:00+00:00,10.2,100.0,0.00
2026-07-20T02:00:00+00:00,10.0,100.0,0.00
2026-07-20T03:00:00+00:00,9.9,99.0,0.00
2026-07-20T04:00:00+00:00,9.7,98.0,0.00
2026-07-20T05:00:00+00:00,9.5,98.0,0.00
2026-07-20T06:00:00+00:00,10.0,99.0,0.00
2026-07-20T07:00:00+00:00,10.0,99.0,0.10
2026-07-20T08:00:00+00:00,10.0,99.0,0.10
2026-07-20T09:00:00+00:00,10.0,100.0,0.00
2026-07-20T10:00:00+00:00,10.1,100.0,0.00
2026-07-20T11:00:00+00:00,10.1,100.0,0.00
2026-07-20T12:00:00+00:00,10.5,99.0,0.00
2026-07-20T13:00:00+00:00,11.4,94.0,0.00
2026-07-20T14:00:00+00:00,11.2,98.0,1.00
2026-07-20T15:00:00+00:00,12.1,93.0,0.20
2026-07-20T16:00:00+00:00,12.5,91.0,0.10
2026-07-20T17:00:00+00:00,12.2,94.0,0.20
2026-07-20T18:00:00+00:00,12.9,91.0,0.20
2026-07-20T19:00:00+00:00,12.1,95.0,0.10
2026-07-20T20:00:00+00:00,11.5,99.0,0.30
2026-07-20T21:00:00+00:00,11.3,99.0,0.10
2026-07-20T22:00:00+00:00,11.1,99.0,0.00
2026-07-20T23:00:00+00:00,11.0,100.0,0.00
2026-07-21T00:00:00+00:00,11.5,100.0,0.00
2026-07-21T01:00:00+00:00,11.5,100.0,0.00
2026-07-21T02:00:00+00:00,11.5,100.0,0.00
2026-07-21T03:00:00+00:00,11.5,100.0,0.00
2026-07-21T04:00:00+00:00,11.6,100.0,0.00
2026-07-21T05:00:00+00:00,11.6,100.0,0.10
2026-07-21T06:00:00+00:00,11.4,100.0,0.00
2026-07-21T07:00:00+00:00,11.5,100.0,0.00
2026-07-21T08:00:00+00:00,11.4,100.0,0.00
2026-07-21T09:00:00+00:00,11.4,100.0,0.00
2026-07-21T10:00:00+00:00,11.4,100.0,0.00
2026-07-21T11:00:00+00:00,11.4,100.0,0.00
2026-07-21T12:00:00+00:00,11.6,99.0,0.00
2026-07-21T13:00:00+00:00,11.8,100.0,0.00
2026-07-21T14:00:00+00:00,12.3,100.0,0.00
2026-07-21T15:00:00+00:00,13.0,98.0,0.00
2026-07-21T16:00:00+00:00,14.6,93.0,0.00
2026-07-21T17:00:00+00:00,15.3,88.0,0.00
2026-07-21T18:00:00+00:00,14.3,95.0,0.10
2026-07-21T19:00:00+00:00,13.6,98.0,0.20
2026-07-21T20:00:00+00:00,13.2,99.0,0.10
2026-07-21T21:00:00+00:00,12.6,100.0,0.00
2026-07-21T22:00:00+00:00,12.1,100.0,0.00
2026-07-21T23:00:00+00:00,11.8,100.0,0.00
2026-07-22T00:00:00+00:00,12.2,99.0,0.00
2026-07-22T01:00:00+00:00,12.0,100.0,0.00
2026-07-22T02:00:00+00:00,12.0,100.0,0.10
2026-07-22T03:00:00+00:00,12.0,100.0,0.00
2026-07-22T04:00:00+00:00,12.0,100.0,0.00
2026-07-22T05:00:00+00:00,12.0,100.0,0.00
2026-07-22T06:00:00+00:00,11.6,100.0,0.00
2026-07-22T07:00:00+00:00,11.5,100.0,0.00
2026-07-22T08:00:00+00:00,11.3,100.0,0.00
2026-07-22T09:00:00+00:00,11.1,100.0,0.10
2026-07-22T10:00:00+00:00,10.9,100.0,0.10
2026-07-22T11:00:00+00:00,10.7,100.0,0.10
2026-07-22T12:00:00+00:00,10.7,100.0,0.00
2026-07-22T13:00:00+00:00,10.9,99.0,0.10
2026-07-22T14:00:00+00:00,11.0,99.0,0.20
2026-07-22T15:00:00+00:00,11.6,97.0,0.40
2026-07-22T16:00:00+00:00,11.8,94.0,0.30
2026-07-22T17:00:00+00:00,11.6,93.0,0.20
2026-07-22T18:00:00+00:00,11.2,94.0,0.10
2026-07-22T19:00:00+00:00,11.3,90.0,0.10
2026-07-22T20:00:00+00:00,10.7,91.0,0.10
2026-07-22T21:00:00+00:00,9.5,97.0,0.00
2026-07-22T22:00:00+00:00,9.3,97.0,0.00
2026-07-22T23:00:00+00:00,9.3,96.0,0.00
2026-07-23T00:00:00+00:00,9.0,100.0,0.00
2026-07-23T01:00:00+00:00,9.3,96.0,0.00
2026-07-23T02:00:00+00:00,9.4,93.0,0.00
2026-07-23T03:00:00+00:00,8.7,96.0,0.00
2026-07-23T04:00:00+00:00,8.0,99.0,0.00
2026-07-23T05:00:00+00:00,7.5,99.0,0.00
2026-07-23T06:00:00+00:00,6.8,100.0,0.00
2026-07-23T07:00:00+00:00,6.9,99.0,0.00
2026-07-23T08:00:00+00:00,6.7,100.0,0.00
2026-07-23T09:00:00+00:00,6.6,100.0,0.00
2026-07-23T10:00:00+00:00,6.6,99.0,0.00
2026-07-23T11:00:00+00:00,6.7,99.0,0.00
2026-07-23T12:00:00+00:00,7.7,96.0,0.00
2026-07-23T13:00:00+00:00,9.4,92.0,0.00
2026-07-23T14:00:00+00:00,11.0,81.0,0.00
2026-07-23T15:00:00+00:00,12.5,69.0,0.00
2026-07-23T16:00:00+00:00,14.2,58.0,0.00
2026-07-23T17:00:00+00:00,14.5,56.0,0.00
2026-07-23T18:00:00+00:00,14.2,59.0,0.00
2026-07-23T19:00:00+00:00,13.8,60.0,0.00
2026-07-23T20:00:00+00:00,12.4,66.0,0.00
2026-07-23T21:00:00+00:00,9.6,81.0,0.00
2026-07-23T22:00:00+00:00,8.1,89.0,0.00
2026-07-23T23:00:00+00:00,7.5,92.0,0.00
2026-07-24T00:00:00+00:00,6.9,95.0,0.00
2026-07-24T01:00:00+00:00,7.0,93.0,0.00
2026-07-24T02:00:00+00:00,7.1,92.0,0.00
2026-07-24T03:00:00+00:00,7.4,91.0,0.00
2026-07-24T04:00:00+00:00,7.2,92.0,0.00
2026-07-24T05:00:00+00:00,7.0,94.0,0.00
2026-07-24T06:00:00+00:00,6.6,97.0,0.00
2026-07-24T07:00:00+00:00,6.7,98.0,0.00
2026-07-24T08:00:00+00:00,6.6,98.0,0.00
2026-07-24T09:00:00+00:00,6.6,98.0,0.00
2026-07-24T10:00:00+00:00,6.6,98.0,0.00
2026-07-24T11:00:00+00:00,6.8,97.0,0.00
2026-07-24T12:00:00+00:00,8.6,92.0,0.00
2026-07-24T13:00:00+00:00,10.6,85.0,0.00
2026-07-24T14:00:00+00:00,12.1,79.0,0.00
2026-07-24T15:00:00+00:00,12.3,79.0,0.00
2026-07-24T16:00:00+00:00,13.3,75.0,0.00
2026-07-24T17:00:00+00:00,13.6,76.0,0.00
2026-07-24T18:00:00+00:00,12.5,83.0,0.00
2026-07-24T19:00:00+00:00,13.0,81.0,0.00
2026-07-24T20:00:00+00:00,12.5,86.0,0.00
2026-07-24T21:00:00+00:00,11.4,93.0,0.00
2026-07-24T22:00:00+00:00,10.0,97.0,0.00
2026-07-24T23:00:00+00:00,9.4,96.0,0.00
2026-07-25T00:00:00+00:00,10.0,96.0,0.00
2026-07-25T01:00:00+00:00,10.4,96.0,0.00
2026-07-25T02:00:00+00:00,10.0,96.0,0.00
2026-07-25T03:00:00+00:00,9.8,96.0,0.00
2026-07-25T04:00:00+00:00,9.2,98.0,0.00
2026-07-25T05:00:00+00:00,8.9,98.0,0.00
2026-07-25T06:00:00+00:00,8.2,100.0,0.00
2026-07-25T07:00:00+00:00,7.7,100.0,0.00
2026-07-25T08:00:00+00:00,8.1,100.0,0.00
2026-07-25T09:00:00+00:00,8.5,100.0,0.00
2026-07-25T10:00:00+00:00,9.1,100.0,0.00
2026-07-25T11:00:00+00:00,9.3,99.0,0.00
2026-07-25T12:00:00+00:00,10.1,97.0,0.00
2026-07-25T13:00:00+00:00,12.9,93.0,0.00
2026-07-25T14:00:00+00:00,14.0,85.0,0.00
2026-07-25T15:00:00+00:00,14.3,83.0,0.00
2026-07-25T16:00:00+00:00,14.7,80.0,0.00
2026-07-25T17:00:00+00:00,15.6,74.0,0.10
2026-07-25T18:00:00+00:00,15.4,78.0,0.10
2026-07-25T19:00:00+00:00,15.2,76.0,0.00
2026-07-25T20:00:00+00:00,14.5,82.0,0.00
2026-07-25T21:00:00+00:00,12.2,94.0,0.00
2026-07-25T22:00:00+00:00,11.8,97.0,0.50
2026-07-25T23:00:00+00:00,11.6,99.0,0.00
2026-07-26T00:00:00+00:00,12.1,98.0,0.00
2026-07-26T01:00:00+00:00,12.4,96.0,0.00
2026-07-26T02:00:00+00:00,12.6,96.0,0.00
2026-07-26T03:00:00+00:00,12.3,96.0,0.00
2026-07-26T04:00:00+00:00,12.0,96.0,0.00
2026-07-26T05:00:00+00:00,12.2,95.0,0.00
2026-07-26T06:00:00+00:00,11.8,97.0,0.00
2026-07-26T07:00:00+00:00,11.6,97.0,0.10
2026-07-26T08:00:00+00:00,11.3,96.0,0.00
2026-07-26T09:00:00+00:00,10.9,94.0,0.00
2026-07-26T10:00:00+00:00,10.7,94.0,0.00
2026-07-26T11:00:00+00:00,11.1,94.0,0.00
2026-07-26T12:00:00+00:00,11.9,93.0,0.00
2026-07-26T13:00:00+00:00,13.3,89.0,0.40
2026-07-26T14:00:00+00:00,14.8,81.0,0.00
2026-07-26T15:00:00+00:00,16.2,71.0,0.00
2026-07-26T16:00:00+00:00,16.8,68.0,0.00
2026-07-26T17:00:00+00:00,17.1,67.0,0.00
2026-07-26T18:00:00+00:00,17.3,66.0,0.00
2026-07-26T19:00:00+00:00,16.8,67.0,0.00
2026-07-26T20:00:00+00:00,15.4,75.0,0.00
2026-07-26T21:00:00+00:00,12.4,92.0,0.00
2026-07-26T22:00:00+00:00,10.7,97.0,0.00
2026-07-26T23:00:00+00:00,10.3,97.0,0.00
2026-07-27T00:00:00+00:00,9.8,99.0,0.00
2026-07-27T01:00:00+00:00,9.5,100.0,0.00
2026-07-27T02:00:00+00:00,8.8,100.0,0.00
2026-07-27T03:00:00+00:00,8.4,100.0,0.00
2026-07-27T04:00:00+00:00,8.6,100.0,0.00
2026-07-27T05:00:00+00:00,9.1,98.0,0.00
2026-07-27T06:00:00+00:00,9.0,99.0,0.00
2026-07-27T07:00:00+00:00,9.3,99.0,0.00
2026-07-27T08:00:00+00:00,9.5,99.0,0.00
2026-07-27T09:00:00+00:00,9.5,99.0,0.00
2026-07-27T10:00:00+00:00,9.7,98.0,0.00
2026-07-27T11:00:00+00:00,9.7,98.0,0.00
2026-07-27T12:00:00+00:00,10.3,98.0,0.00
2026-07-27T13:00:00+00:00,11.7,95.0,0.00
2026-07-27T14:00:00+00:00,12.4,94.0,0.00
2026-07-27T15:00:00+00:00,14.1,88.0,0.00
2026-07-27T16:00:00+00:00,14.0,89.0,0.00
2026-07-27T17:00:00+00:00,14.8,86.0,0.00
2026-07-27T18:00:00+00:00,15.1,85.0,0.00
2026-07-27T19:00:00+00:00,15.0,88.0,0.00
2026-07-27T20:00:00+00:00,14.9,90.0,0.00
2026-07-27T21:00:00+00:00,14.2,96.0,0.10
2026-07-27T22:00:00+00:00,14.0,98.0,0.30
2026-07-27T23:00:00+00:00,13.8,98.0,0.00
2026-07-28T00:00:00+00:00,14.5,97.0,0.20
2026-07-28T01:00:00+00:00,13.6,99.0,0.00
2026-07-28T02:00:00+00:00,13.4,98.0,0.00
2026-07-28T03:00:00+00:00,12.4,100.0,0.00
2026-07-28T04:00:00+00:00,11.9,99.0,0.00
2026-07-28T05:00:00+00:00,11.4,99.0,0.00
2026-07-28T06:00:00+00:00,10.9,100.0,0.00
2026-07-28T07:00:00+00:00,10.9,100.0,0.00
2026-07-28T08:00:00+00:00,11.1,100.0,0.00
2026-07-28T09:00:00+00:00,11.1,100.0,0.00
2026-07-28T10:00:00+00:00,11.1,100.0,0.00
2026-07-28T11:00:00+00:00,11.3,100.0,0.00
2026-07-28T12:00:00+00:00,12.7,99.0,0.00
2026-07-28T13:00:00+00:00,13.5,99.0,0.00
2026-07-28T14:00:00+00:00,13.6,99.0,0.00
2026-07-28T15:00:00+00:00,13.6,99.0,0.10
2026-07-28T16:00:00+00:00,13.9,96.0,0.30
2026-07-28T17:00:00+00:00,14.9,90.0,0.20
2026-07-28T18:00:00+00:00,13.7,93.0,0.10
2026-07-28T19:00:00+00:00,13.3,92.0,0.00
2026-07-28T20:00:00+00:00,13.3,88.0,0.00
2026-07-28T21:00:00+00:00,12.5,93.0,0.00
2026-07-28T22:00:00+00:00,11.6,99.0,0.00
2026-07-28T23:00:00+00:00,11.1,99.0,0.00
2026-07-29T00:00:00+00:00,10.7,100.0,0.00
2026-07-29T01:00:00+00:00,10.4,99.0,0.00
2026-07-29T02:00:00+00:00,10.0,100.0,0.00
2026-07-29T03:00:00+00:00,9.7,100.0,0.00
2026-07-29T04:00:00+00:00,9.2,99.0,0.00
2026-07-29T05:00:00+00:00,8.9,100.0,0.00
2026-07-29T06:00:00+00:00,8.5,100.0,0.00
2026-07-29T07:00:00+00:00,8.4,100.0,0.00
2026-07-29T08:00:00+00:00,8.5,100.0,0.00
2026-07-29T09:00:00+00:00,8.6,100.0,0.20
2026-07-29T10:00:00+00:00,8.7,100.0,0.40
2026-07-29T11:00:00+00:00,8.7,100.0,0.20
2026-07-29T12:00:00+00:00,9.1,100.0,0.10
2026-07-29T13:00:00+00:00,9.4,99.0,0.00
2026-07-29T14:00:00+00:00,10.7,92.0,0.00
2026-07-29T15:00:00+00:00,12.0,82.0,0.00
2026-07-29T16:00:00+00:00,13.5,71.0,0.00
2026-07-29T17:00:00+00:00,13.9,68.0,0.00
2026-07-29T18:00:00+00:00,14.1,67.0,0.00
2026-07-29T19:00:00+00:00,13.2,72.0,0.00
2026-07-29T20:00:00+00:00,12.0,78.0,0.00
2026-07-29T21:00:00+00:00,9.6,91.0,0.00
2026-07-29T22:00:00+00:00,9.1,92.0,0.00
2026-07-29T23:00:00+00:00,8.8,93.0,0.00
2026-07-30T00:00:00+00:00,6.9,95.0,0.00
2026-07-30T01:00:00+00:00,6.7,98.0,0.00
2026-07-30T02:00:00+00:00,6.5,99.0,0.00
2026-07-30T03:00:00+00:00,6.1,99.0,0.00
2026-07-30T04:00:00+00:00,6.1,97.0,0.00
2026-07-30T05:00:00+00:00,6.5,93.0,0.00
2026-07-30T06:00:00+00:00,5.5,96.0,0.00
2026-07-30T07:00:00+00:00,5.3,95.0,0.00
2026-07-30T08:00:00+00:00,5.0,95.0,0.00
2026-07-30T09:00:00+00:00,5.3,96.0,0.10
2026-07-30T10:00:00+00:00,6.0,96.0,0.00
2026-07-30T11:00:00+00:00,5.9,96.0,0.00
2026-07-30T12:00:00+00:00,7.9,92.0,0.00
2026-07-30T13:00:00+00:00,10.9,83.0,0.00
2026-07-30T14:00:00+00:00,13.0,69.0,0.00
2026-07-30T15:00:00+00:00,14.3,63.0,0.00
2026-07-30T16:00:00+00:00,15.4,59.0,0.00
2026-07-30T17:00:00+00:00,15.6,61.0,0.00
2026-07-30T18:00:00+00:00,15.8,62.0,0.00
2026-07-30T19:00:00+00:00,15.5,63.0,0.00
2026-07-30T20:00:00+00:00,14.7,68.0,0.00
2026-07-30T21:00:00+00:00,12.9,76.0,0.00
2026-07-30T22:00:00+00:00,11.6,83.0,0.00
2026-07-30T23:00:00+00:00,10.6,91.0,0.00
2026-07-31T00:00:00+00:00,10.5,94.0,0.00
2026-07-31T01:00:00+00:00,10.5,92.0,0.00
2026-07-31T02:00:00+00:00,10.5,94.0,0.00
2026-07-31T03:00:00+00:00,10.7,96.0,0.00
2026-07-31T04:00:00+00:00,10.6,98.0,0.00
2026-07-31T05:00:00+00:00,10.6,98.0,0.00
2026-07-31T06:00:00+00:00,11.0,99.0,0.00
2026-07-31T07:00:00+00:00,11.4,99.0,0.00
2026-07-31T08:00:00+00:00,11.8,99.0,0.00
2026-07-31T09:00:00+00:00,12.0,99.0,0.00
2026-07-31T10:00:00+00:00,12.2,99.0,0.00
2026-07-31T11:00:00+00:00,12.3,99.0,0.00
2026-07-31T12:00:00+00:00,13.3,98.0,0.00
2026-07-31T13:00:00+00:00,14.7,92.0,0.00
2026-07-31T14:00:00+00:00,16.7,84.0,0.00
2026-07-31T15:00:00+00:00,18.3,80.0,0.00
2026-07-31T16:00:00+00:00,20.0,76.0,0.00
2026-07-31T17:00:00+00:00,20.5,77.0,0.00
2026-07-31T18:00:00+00:00,21.3,76.0,0.00
2026-07-31T19:00:00+00:00,21.0,80.0,0.00
2026-07-31T20:00:00+00:00,20.8,83.0,0.00
2026-07-31T21:00:00+00:00,20.5,85.0,0.00
2026-07-31T22:00:00+00:00,19.5,91.0,0.00
2026-07-31T23:00:00+00:00,19.2,93.0,0.10
2026-08-01T00:00:00+00:00,20.1,91.0,1.10
2026-08-01T01:00:00+00:00,21.0,84.0,0.00
2026-08-01T02:00:00+00:00,21.2,79.0,0.00
2026-08-01T03:00:00+00:00,21.4,76.0,0.00
2026-08-01T04:00:00+00:00,21.9,71.0,0.00
2026-08-01T05:00:00+00:00,17.8,99.0,3.70
2026-08-01T06:00:00+00:00,17.9,98.0,0.80
2026-08-01T07:00:00+00:00,17.7,98.0,5.30
2026-08-01T08:00:00+00:00,17.2,96.0,7.60
2026-08-01T09:00:00+00:00,16.5,96.0,3.90
2026-08-01T10:00:00+00:00,16.0,97.0,2.60
2026-08-01T11:00:00+00:00,15.7,96.0,1.90
2026-08-01T12:00:00+00:00,13.9,93.0,1.90
2026-08-01T13:00:00+00:00,13.8,95.0,1.70
2026-08-01T14:00:00+00:00,14.0,96.0,0.90
2026-08-01T15:00:00+00:00,13.7,96.0,0.70
2026-08-01T16:00:00+00:00,13.7,92.0,0.00
2026-08-01T17:00:00+00:00,15.3,86.0,0.20
2026-08-01T18:00:00+00:00,14.0,98.0,0.50
2026-08-01T19:00:00+00:00,13.5,99.0,0.30
2026-08-01T20:00:00+00:00,12.5,99.0,0.20
2026-08-01T21:00:00+00:00,11.7,99.0,0.20
2026-08-01T22:00:00+00:00,11.4,99.0,0.10
2026-08-01T23:00:00+00:00,11.2,100.0,0.00
2026-08-02T00:00:00+00:00,11.3,99.0,0.00
2026-08-02T01:00:00+00:00,11.0,99.0,0.00
2026-08-02T02:00:00+00:00,10.7,100.0,0.00
2026-08-02T03:00:00+00:00,10.5,99.0,0.00
2026-08-02T04:00:00+00:00,9.5,100.0,0.00
2026-08-02T05:00:00+00:00,9.1,100.0,0.00
2026-08-02T06:00:00+00:00,8.9,99.0,0.00
2026-08-02T07:00:00+00:00,8.5,100.0,0.00
2026-08-02T08:00:00+00:00,8.2,100.0,0.00
2026-08-02T09:00:00+00:00,8.0,100.0,0.00
2026-08-02T10:00:00+00:00,8.0,98.0,0.00
2026-08-02T11:00:00+00:00,8.0,99.0,0.00
2026-08-02T12:00:00+00:00,9.6,93.0,0.00
2026-08-02T13:00:00+00:00,10.9,87.0,0.00
2026-08-02T14:00:00+00:00,12.5,82.0,0.00
2026-08-02T15:00:00+00:00,13.6,82.0,0.00
2026-08-02T16:00:00+00:00,14.5,78.0,0.00
2026-08-02T17:00:00+00:00,15.5,73.0,0.00
2026-08-02T18:00:00+00:00,16.1,72.0,0.00
2026-08-02T19:00:00+00:00,15.0,77.0,0.00
2026-08-02T20:00:00+00:00,13.9,81.0,0.00
2026-08-02T21:00:00+00:00,13.1,87.0,0.00
2026-08-02T22:00:00+00:00,12.9,89.0,0.00
2026-08-02T23:00:00+00:00,12.4,93.0,0.00
2026-08-03T00:00:00+00:00,12.3,96.0,0.00
2026-08-03T01:00:00+00:00,12.5,95.0,0.00
2026-08-03T02:00:00+00:00,11.7,96.0,0.00
2026-08-03T03:00:00+00:00,11.0,97.0,0.00
2026-08-03T04:00:00+00:00,10.3,98.0,0.00
2026-08-03T05:00:00+00:00,10.3,99.0,0.00
2026-08-03T06:00:00+00:00,10.7,100.0,0.00
2026-08-03T07:00:00+00:00,11.0,100.0,0.00
2026-08-03T08:00:00+00:00,11.0,100.0,0.00
2026-08-03T09:00:00+00:00,11.1,100.0,0.00
2026-08-03T10:00:00+00:00,11.3,100.0,0.00
2026-08-03T11:00:00+00:00,11.7,100.0,0.00
2026-08-03T12:00:00+00:00,12.3,99.0,0.00
2026-08-03T13:00:00+00:00,13.2,94.0,0.00
2026-08-03T14:00:00+00:00,14.3,87.0,0.00
2026-08-03T15:00:00+00:00,15.3,81.0,0.00
2026-08-03T16:00:00+00:00,16.2,76.0,0.00
2026-08-03T17:00:00+00:00,16.9,72.0,0.00
2026-08-03T18:00:00+00:00,16.0,75.0,0.00
2026-08-03T19:00:00+00:00,14.3,88.0,0.10
2026-08-03T20:00:00+00:00,13.4,98.0,1.70
2026-08-03T21:00:00+00:00,12.7,99.0,1.40
2026-08-03T22:00:00+00:00,12.3,99.0,1.30
2026-08-03T23:00:00+00:00,12.2,100.0,1.20
2026-08-04T00:00:00+00:00,12.6,100.0,0.40
2026-08-04T01:00:00+00:00,12.6,99.0,4.10
2026-08-04T02:00:00+00:00,12.6,99.0,0.20
2026-08-04T03:00:00+00:00,11.6,99.0,0.00
2026-08-04T04:00:00+00:00,11.7,100.0,0.00
2026-08-04T05:00:00+00:00,12.1,100.0,0.00
2026-08-04T06:00:00+00:00,11.8,100.0,0.00
2026-08-04T07:00:00+00:00,11.8,100.0,0.00
2026-08-04T08:00:00+00:00,11.9,100.0,0.00
2026-08-04T09:00:00+00:00,11.9,100.0,0.00
2026-08-04T10:00:00+00:00,11.9,100.0,0.00
2026-08-04T11:00:00+00:00,12.0,100.0,0.00
2026-08-04T12:00:00+00:00,12.2,99.0,0.10
2026-08-04T13:00:00+00:00,12.7,100.0,0.00
2026-08-04T14:00:00+00:00,12.8,100.0,0.10
2026-08-04T15:00:00+00:00,13.4,95.0,0.10
2026-08-04T16:00:00+00:00,14.5,89.0,0.10
2026-08-04T17:00:00+00:00,15.4,80.0,0.10
2026-08-04T18:00:00+00:00,15.6,81.0,0.00
2026-08-04T19:00:00+00:00,14.7,83.0,0.00
2026-08-04T20:00:00+00:00,13.8,87.0,0.00
2026-08-04T21:00:00+00:00,12.7,93.0,0.00
2026-08-04T22:00:00+00:00,12.5,94.0,0.00
2026-08-04T23:00:00+00:00,12.1,97.0,0.00
2026-08-05T00:00:00+00:00,11.5,99.0,0.00
2026-08-05T01:00:00+00:00,11.1,100.0,0.00
2026-08-05T02:00:00+00:00,11.0,100.0,0.00
2026-08-05T03:00:00+00:00,10.9,100.0,0.00
2026-08-05T04:00:00+00:00,10.9,98.0,0.00
2026-08-05T05:00:00+00:00,10.3,100.0,0.00
2026-08-05T06:00:00+00:00,10.6,100.0,0.00
2026-08-05T07:00:00+00:00,11.1,100.0,0.00
2026-08-05T08:00:00+00:00,11.3,100.0,0.00
2026-08-05T09:00:00+00:00,11.4,100.0,0.00
2026-08-05T10:00:00+00:00,11.5,100.0,0.00
2026-08-05T11:00:00+00:00,11.8,99.0,0.00
2026-08-05T12:00:00+00:00,11.6,99.0,0.10
2026-08-05T13:00:00+00:00,13.0,97.0,2.50
2026-08-05T14:00:00+00:00,13.5,98.0,0.10
2026-08-05T15:00:00+00:00,14.4,96.0,1.10
2026-08-05T16:00:00+00:00,15.2,93.0,0.30
2026-08-05T17:00:00+00:00,16.4,89.0,0.00
2026-08-05T18:00:00+00:00,15.6,94.0,0.00
2026-08-05T19:00:00+00:00,16.0,91.0,0.00
2026-08-05T20:00:00+00:00,16.1,89.0,0.00
2026-08-05T21:00:00+00:00,15.0,95.0,0.00
2026-08-05T22:00:00+00:00,14.7,97.0,0.00
2026-08-05T23:00:00+00:00,14.4,97.0,0.00
2026-08-06T00:00:00+00:00,13.2,100.0,0.00
2026-08-06T01:00:00+00:00,13.1,100.0,0.00
2026-08-06T02:00:00+00:00,12.9,100.0,0.00
2026-08-06T03:00:00+00:00,12.8,99.0,0.00
2026-08-06T04:00:00+00:00,12.6,99.0,0.00
2026-08-06T05:00:00+00:00,12.6,99.0,0.00
2026-08-06T06:00:00+00:00,12.5,100.0,0.00
2026-08-06T07:00:00+00:00,13.1,99.0,0.00
2026-08-06T08:00:00+00:00,13.0,99.0,0.00
2026-08-06T09:00:00+00:00,13.1,99.0,0.00
2026-08-06T10:00:00+00:00,13.8,99.0,0.00
2026-08-06T11:00:00+00:00,14.0,99.0,0.00
2026-08-06T12:00:00+00:00,15.1,99.0,0.00
2026-08-06T13:00:00+00:00,15.6,99.0,0.10
2026-08-06T14:00:00+00:00,16.4,96.0,0.10
2026-08-06T15:00:00+00:00,16.5,96.0,0.20
2026-08-06T16:00:00+00:00,15.9,100.0,1.40
2026-08-06T17:00:00+00:00,15.6,97.0,0.10
2026-08-06T18:00:00+00:00,15.3,97.0,2.80
2026-08-06T19:00:00+00:00,15.0,98.0,3.80
2026-08-06T20:00:00+00:00,15.0,98.0,1.40
2026-08-06T21:00:00+00:00,13.2,99.0,0.10
2026-08-06T22:00:00+00:00,11.2,99.0,0.20
2026-08-06T23:00:00+00:00,9.8,99.0,0.20
2026-08-07T00:00:00+00:00,8.9,98.0,1.30
2026-08-07T01:00:00+00:00,8.2,98.0,1.40
2026-08-07T02:00:00+00:00,7.8,98.0,2.30
2026-08-07T03:00:00+00:00,7.5,98.0,2.80
2026-08-07T04:00:00+00:00,7.0,98.0,1.60
2026-08-07T05:00:00+00:00,6.7,97.0,0.30
2026-08-07T06:00:00+00:00,6.2,94.0,0.20
2026-08-07T07:00:00+00:00,6.4,91.0,0.10
2026-08-07T08:00:00+00:00,6.2,90.0,0.10
2026-08-07T09:00:00+00:00,6.3,87.0,0.10
2026-08-07T10:00:00+00:00,6.0,84.0,0.00
2026-08-07T11:00:00+00:00,6.2,80.0,0.00
2026-08-07T12:00:00+00:00,7.0,77.0,0.00
2026-08-07T13:00:00+00:00,8.0,67.0,0.00
2026-08-07T14:00:00+00:00,9.1,59.0,0.00
2026-08-07T15:00:00+00:00,10.0,54.0,0.00
2026-08-07T16:00:00+00:00,10.3,54.0,0.00
2026-08-07T17:00:00+00:00,10.6,53.0,0.00
2026-08-07T18:00:00+00:00,10.8,53.0,0.00
2026-08-07T19:00:00+00:00,10.4,54.0,0.00
2026-08-07T20:00:00+00:00,9.7,58.0,0.00
2026-08-07T21:00:00+00:00,8.1,65.0,0.00
2026-08-07T22:00:00+00:00,6.5,74.0,0.00
2026-08-07T23:00:00+00:00,6.2,76.0,0.00
2026-08-08T00:00:00+00:00,4.9,85.0,0.00
2026-08-08T01:00:00+00:00,4.5,87.0,0.00
2026-08-08T02:00:00+00:00,4.4,87.0,0.00
2026-08-08T03:00:00+00:00,4.1,88.0,0.00
2026-08-08T04:00:00+00:00,4.0,87.0,0.00
2026-08-08T05:00:00+00:00,4.0,86.0,0.00
2026-08-08T06:00:00+00:00,3.8,88.0,0.00
2026-08-08T07:00:00+00:00,3.8,89.0,0.00
2026-08-08T08:00:00+00:00,3.7,92.0,0.00
2026-08-08T09:00:00+00:00,4.7,88.0,0.00
2026-08-08T10:00:00+00:00,5.0,88.0,0.00
2026-08-08T11:00:00+00:00,5.1,90.0,0.30
2026-08-08T12:00:00+00:00,5.4,96.0,0.40
2026-08-08T13:00:00+00:00,6.8,95.0,0.40
2026-08-08T14:00:00+00:00,8.8,82.0,0.00
2026-08-08T15:00:00+00:00,10.1,71.0,0.00
2026-08-08T16:00:00+00:00,8.8,79.0,0.00
2026-08-08T17:00:00+00:00,9.4,74.0,0.00
2026-08-08T18:00:00+00:00,9.4,70.0,0.00
2026-08-08T19:00:00+00:00,9.8,58.0,0.00
2026-08-08T20:00:00+00:00,8.9,58.0,0.00
2026-08-08T21:00:00+00:00,7.1,64.0,0.00
2026-08-08T22:00:00+00:00,6.2,71.0,0.00
2026-08-08T23:00:00+00:00,6.1,72.0,0.00
2026-08-09T00:00:00+00:00,5.2,77.0,0.00
2026-08-09T01:00:00+00:00,4.9,77.0,0.00
2026-08-09T02:00:00+00:00,4.6,75.0,0.00
2026-08-09T03:00:00+00:00,4.1,76.0,0.00
2026-08-09T04:00:00+00:00,3.7,76.0,0.00
2026-08-09T05:00:00+00:00,3.5,75.0,0.00
2026-08-09T06:00:00+00:00,2.5,81.0,0.00
2026-08-09T07:00:00+00:00,2.6,80.0,0.00
2026-08-09T08:00:00+00:00,2.8,81.0,0.00
2026-08-09T09:00:00+00:00,2.9,82.0,0.00
2026-08-09T10:00:00+00:00,3.0,85.0,0.00
2026-08-09T11:00:00+00:00,3.4,81.0,0.00
2026-08-09T12:00:00+00:00,5.8,71.0,0.00
2026-08-09T13:00:00+00:00,8.1,65.0,0.00
2026-08-09T14:00:00+00:00,10.0,58.0,0.00
2026-08-09T15:00:00+00:00,10.9,43.0,0.00
2026-08-09T16:00:00+00:00,11.3,44.0,0.00
2026-08-09T17:00:00+00:00,11.3,42.0,0.00
2026-08-09T18:00:00+00:00,11.1,43.0,0.00
2026-08-09T19:00:00+00:00,10.4,45.0,0.00
2026-08-09T20:00:00+00:00,9.5,47.0,0.00
2026-08-09T21:00:00+00:00,7.9,55.0,0.00
2026-08-09T22:00:00+00:00,6.5,66.0,0.00
2026-08-09T23:00:00+00:00,5.7,69.0,0.00
2026-08-10T00:00:00+00:00,5.6,68.0,0.00
2026-08-10T01:00:00+00:00,5.8,68.0,0.00
2026-08-10T02:00:00+00:00,5.6,73.0,0.00
2026-08-10T03:00:00+00:00,5.1,79.0,0.00
2026-08-10T04:00:00+00:00,5.2,80.0,0.00
2026-08-10T05:00:00+00:00,5.0,84.0,0.00
2026-08-10T06:00:00+00:00,4.3,95.0,0.00
2026-08-10T07:00:00+00:00,4.4,95.0,0.00
2026-08-10T08:00:00+00:00,4.2,95.0,0.00
2026-08-10T09:00:00+00:00,4.2,95.0,0.00
2026-08-10T10:00:00+00:00,4.5,94.0,0.00
2026-08-10T11:00:00+00:00,4.6,92.0,0.00
2026-08-10T12:00:00+00:00,6.2,76.0,0.00
2026-08-10T13:00:00+00:00,7.5,64.0,0.00
2026-08-10T14:00:00+00:00,8.2,62.0,0.00
2026-08-10T15:00:00+00:00,8.5,62.0,0.00
2026-08-10T16:00:00+00:00,8.8,61.0,0.00
2026-08-10T17:00:00+00:00,8.8,61.0,0.00
2026-08-10T18:00:00+00:00,9.1,61.0,0.00
2026-08-10T19:00:00+00:00,8.5,63.0,0.00
2026-08-10T20:00:00+00:00,7.8,67.0,0.00
2026-08-10T21:00:00+00:00,6.9,69.0,0.00
2026-08-10T22:00:00+00:00,6.4,71.0,0.00
2026-08-10T23:00:00+00:00,5.1,77.0,0.00
2026-08-11T00:00:00+00:00,3.8,85.0,0.00
2026-08-11T01:00:00+00:00,4.2,85.0,0.00
2026-08-11T02:00:00+00:00,4.9,81.0,0.00
2026-08-11T03:00:00+00:00,5.0,80.0,0.00
2026-08-11T04:00:00+00:00,5.0,79.0,0.00
2026-08-11T05:00:00+00:00,5.0,79.0,0.00
2026-08-11T06:00:00+00:00,4.5,82.0,0.00
2026-08-11T07:00:00+00:00,4.6,81.0,0.00
2026-08-11T08:00:00+00:00,4.4,82.0,0.00
2026-08-11T09:00:00+00:00,4.1,83.0,0.00
2026-08-11T10:00:00+00:00,3.8,85.0,0.00
2026-08-11T11:00:00+00:00,4.2,85.0,0.00
2026-08-11T12:00:00+00:00,5.7,76.0,0.00
2026-08-11T13:00:00+00:00,6.8,70.0,0.00
2026-08-11T14:00:00+00:00,7.8,66.0,0.00
2026-08-11T15:00:00+00:00,8.6,64.0,0.00
2026-08-11T16:00:00+00:00,9.2,63.0,0.00
2026-08-11T17:00:00+00:00,9.4,62.0,0.00
2026-08-11T18:00:00+00:00,9.6,64.0,0.00
2026-08-11T19:00:00+00:00,8.3,70.0,0.00
2026-08-11T20:00:00+00:00,7.2,73.0,0.00
2026-08-11T21:00:00+00:00,6.2,75.0,0.00
2026-08-11T22:00:00+00:00,5.3,79.0,0.00
2026-08-11T23:00:00+00:00,4.5,83.0,0.00
2026-08-12T00:00:00+00:00,4.2,86.0,0.00
2026-08-12T01:00:00+00:00,4.2,86.0,0.00
2026-08-12T02:00:00+00:00,4.1,86.0,0.00
2026-08-12T03:00:00+00:00,4.3,86.0,0.00
2026-08-12T04:00:00+00:00,4.1,88.0,0.00
2026-08-12T05:00:00+00:00,3.4,94.0,0.00
2026-08-12T06:00:00+00:00,3.2,97.0,0.00
2026-08-12T07:00:00+00:00,3.5,96.0,0.00
2026-08-12T08:00:00+00:00,3.8,94.0,0.00
2026-08-12T09:00:00+00:00,3.8,95.0,0.00
2026-08-12T10:00:00+00:00,4.0,95.0,0.00
2026-08-12T11:00:00+00:00,4.5,94.0,0.00
2026-08-12T12:00:00+00:00,6.4,90.0,0.00
2026-08-12T13:00:00+00:00,7.9,85.0,0.00
2026-08-12T14:00:00+00:00,9.0,79.0,0.00
2026-08-12T15:00:00+00:00,10.8,70.0,0.00
2026-08-12T16:00:00+00:00,11.6,68.0,0.00
2026-08-12T17:00:00+00:00,11.5,69.0,0.00
2026-08-12T18:00:00+00:00,11.9,69.0,0.00
2026-08-12T19:00:00+00:00,11.1,73.0,0.00
2026-08-12T20:00:00+00:00,9.6,80.0,0.00
2026-08-12T21:00:00+00:00,8.4,85.0,0.00
2026-08-12T22:00:00+00:00,7.6,87.0,0.00
2026-08-12T23:00:00+00:00,7.2,89.0,0.00
2026-08-13T00:00:00+00:00,7.0,90.0,0.00
2026-08-13T01:00:00+00:00,6.8,90.0,0.00
2026-08-13T02:00:00+00:00,6.5,91.0,0.00
2026-08-13T03:00:00+00:00,5.7,97.0,0.00
2026-08-13T04:00:00+00:00,5.3,98.0,0.00
2026-08-13T05:00:00+00:00,5.3,98.0,0.00
2026-08-13T06:00:00+00:00,5.3,100.0,0.00
2026-08-13T07:00:00+00:00,5.3,98.0,0.00
2026-08-13T08:00:00+00:00,5.1,97.0,0.00
2026-08-13T09:00:00+00:00,4.7,97.0,0.00
2026-08-13T10:00:00+00:00,5.3,92.0,0.00
2026-08-13T11:00:00+00:00,6.0,87.0,0.00
2026-08-13T12:00:00+00:00,7.8,80.0,0.00
2026-08-13T13:00:00+00:00,8.7,75.0,0.00
2026-08-13T14:00:00+00:00,9.3,72.0,0.00
2026-08-13T15:00:00+00:00,9.6,69.0,0.00
2026-08-13T16:00:00+00:00,9.9,69.0,0.00
2026-08-13T17:00:00+00:00,10.3,67.0,0.00
2026-08-13T18:00:00+00:00,10.5,69.0,0.00
2026-08-13T19:00:00+00:00,10.2,72.0,0.00
2026-08-13T20:00:00+00:00,9.4,82.0,0.00
2026-08-13T21:00:00+00:00,8.5,92.0,0.10
2026-08-13T22:00:00+00:00,7.9,97.0,0.10
2026-08-13T23:00:00+00:00,8.0,96.0,0.00
2026-08-14T00:00:00+00:00,7.8,98.0,0.00
2026-08-14T01:00:00+00:00,7.8,96.0,0.00
2026-08-14T02:00:00+00:00,7.8,95.0,0.00
2026-08-14T03:00:00+00:00,7.8,94.0,0.00
2026-08-14T04:00:00+00:00,7.9,92.0,0.00
2026-08-14T05:00:00+00:00,8.0,92.0,0.00
2026-08-14T06:00:00+00:00,7.8,95.0,0.00
2026-08-14T07:00:00+00:00,7.9,95.0,0.00
2026-08-14T08:00:00+00:00,7.8,96.0,0.00
2026-08-14T09:00:00+00:00,8.0,94.0,0.00
2026-08-14T10:00:00+00:00,8.3,92.0,0.00
2026-08-14T11:00:00+00:00,8.7,88.0,0.00
2026-08-14T12:00:00+00:00,9.6,82.0,0.00
2026-08-14T13:00:00+00:00,10.8,77.0,0.00
2026-08-14T14:00:00+00:00,12.5,70.0,0.00
2026-08-14T15:00:00+00:00,13.9,64.0,0.00
2026-08-14T16:00:00+00:00,15.0,61.0,0.00
2026-08-14T17:00:00+00:00,15.2,62.0,0.00
2026-08-14T18:00:00+00:00,15.1,64.0,0.00
2026-08-14T19:00:00+00:00,15.0,64.0,0.00
2026-08-14T20:00:00+00:00,14.4,66.0,0.00
2026-08-14T21:00:00+00:00,12.6,75.0,0.00
2026-08-14T22:00:00+00:00,10.7,89.0,0.00
2026-08-14T23:00:00+00:00,10.1,94.0,0.00
2026-08-15T00:00:00+00:00,9.6,95.0,0.00
2026-08-15T01:00:00+00:00,9.5,95.0,0.00
2026-08-15T02:00:00+00:00,9.4,95.0,0.00
2026-08-15T03:00:00+00:00,9.6,93.0,0.00
2026-08-15T04:00:00+00:00,10.1,90.0,0.00
2026-08-15T05:00:00+00:00,10.3,89.0,0.00
2026-08-15T06:00:00+00:00,11.1,86.0,0.00
2026-08-15T07:00:00+00:00,11.3,86.0,0.00
2026-08-15T08:00:00+00:00,11.4,85.0,0.00
2026-08-15T09:00:00+00:00,11.3,85.0,0.00
2026-08-15T10:00:00+00:00,11.8,84.0,0.00
2026-08-15T11:00:00+00:00,12.0,85.0,0.00
2026-08-15T12:00:00+00:00,12.7,83.0,0.00
2026-08-15T13:00:00+00:00,13.6,81.0,0.00
2026-08-15T14:00:00+00:00,14.2,80.0,0.00
2026-08-15T15:00:00+00:00,14.1,84.0,0.10
2026-08-15T16:00:00+00:00,14.0,89.0,0.20
2026-08-15T17:00:00+00:00,14.0,91.0,0.20
2026-08-15T18:00:00+00:00,14.3,91.0,0.10
2026-08-15T19:00:00+00:00,14.6,90.0,0.10
2026-08-15T20:00:00+00:00,14.1,93.0,0.10
2026-08-15T21:00:00+00:00,13.7,96.0,0.30
2026-08-15T22:00:00+00:00,13.5,97.0,0.10
2026-08-15T23:00:00+00:00,13.6,97.0,0.00
2026-08-16T00:00:00+00:00,13.9,97.0,0.20
2026-08-16T01:00:00+00:00,13.9,98.0,0.00
2026-08-16T02:00:00+00:00,13.8,98.0,0.60
2026-08-16T03:00:00+00:00,13.9,99.0,0.50
2026-08-16T04:00:00+00:00,13.9,99.0,0.10
2026-08-16T05:00:00+00:00,13.9,99.0,0.00
2026-08-16T06:00:00+00:00,14.5,99.0,0.00
2026-08-16T07:00:00+00:00,14.4,100.0,0.00
2026-08-16T08:00:00+00:00,14.5,100.0,0.40
2026-08-16T09:00:00+00:00,14.3,100.0,1.40
2026-08-16T10:00:00+00:00,14.3,99.0,0.20
2026-08-16T11:00:00+00:00,14.5,100.0,0.00
2026-08-16T12:00:00+00:00,15.3,99.0,0.00
2026-08-16T13:00:00+00:00,16.0,99.0,0.00
2026-08-16T14:00:00+00:00,16.0,100.0,1.40
2026-08-16T15:00:00+00:00,17.0,97.0,2.60
2026-08-16T16:00:00+00:00,18.2,95.0,3.40
2026-08-16T17:00:00+00:00,18.4,96.0,5.70
2026-08-16T18:00:00+00:00,17.9,95.0,0.10
2026-08-16T19:00:00+00:00,17.1,98.0,1.10
2026-08-16T20:00:00+00:00,16.5,99.0,2.50
2026-08-16T21:00:00+00:00,15.2,100.0,0.40
2026-08-16T22:00:00+00:00,13.6,99.0,0.30
2026-08-16T23:00:00+00:00,13.3,100.0,0.00
2026-08-17T00:00:00+00:00,13.1,100.0,0.80
2026-08-17T01:00:00+00:00,13.1,100.0,0.00
2026-08-17T02:00:00+00:00,12.9,100.0,0.00
2026-08-17T03:00:00+00:00,12.8,100.0,0.00
2026-08-17T04:00:00+00:00,12.8,100.0,0.00
2026-08-17T05:00:00+00:00,12.8,100.0,0.00
2026-08-17T06:00:00+00:00,12.4,100.0,0.00
2026-08-17T07:00:00+00:00,11.8,100.0,0.00
2026-08-17T08:00:00+00:00,11.6,100.0,0.00
2026-08-17T09:00:00+00:00,11.3,100.0,0.00
2026-08-17T10:00:00+00:00,10.8,100.0,0.00
2026-08-17T11:00:00+00:00,10.3,100.0,0.00
2026-08-17T12:00:00+00:00,9.9,99.0,2.50
2026-08-17T13:00:00+00:00,9.9,100.0,0.40
2026-08-17T14:00:00+00:00,10.0,100.0,0.10
2026-08-17T15:00:00+00:00,10.1,99.0,0.40
2026-08-17T16:00:00+00:00,10.3,97.0,0.20
2026-08-17T17:00:00+00:00,11.3,94.0,0.10
2026-08-17T18:00:00+00:00,10.7,99.0,0.20
2026-08-17T19:00:00+00:00,10.3,100.0,1.00
2026-08-17T20:00:00+00:00,10.2,100.0,1.30
2026-08-17T21:00:00+00:00,9.9,100.0,3.10
2026-08-17T22:00:00+00:00,9.4,100.0,2.70
2026-08-17T23:00:00+00:00,9.3,100.0,0.80
2026-08-18T00:00:00+00:00,9.5,100.0,1.10
2026-08-18T01:00:00+00:00,9.4,100.0,0.40
2026-08-18T02:00:00+00:00,9.3,100.0,0.10
2026-08-18T03:00:00+00:00,9.1,100.0,0.00
2026-08-18T04:00:00+00:00,9.0,100.0,0.10
2026-08-18T05:00:00+00:00,8.8,100.0,0.00
2026-08-18T06:00:00+00:00,8.7,100.0,0.00
2026-08-18T07:00:00+00:00,8.5,100.0,0.20
2026-08-18T08:00:00+00:00,8.5,100.0,0.20
2026-08-18T09:00:00+00:00,8.4,100.0,0.30
2026-08-18T10:00:00+00:00,8.3,100.0,0.50
2026-08-18T11:00:00+00:00,8.2,100.0,0.60
2026-08-18T12:00:00+00:00,8.4,100.0,0.40
2026-08-18T13:00:00+00:00,8.3,100.0,0.00
2026-08-18T14:00:00+00:00,8.2,99.0,0.00
2026-08-18T15:00:00+00:00,8.2,99.0,0.50
2026-08-18T16:00:00+00:00,8.1,98.0,0.10
2026-08-18T17:00:00+00:00,8.2,97.0,0.50
2026-08-18T18:00:00+00:00,8.6,93.0,0.10
2026-08-18T19:00:00+00:00,8.5,94.0,0.20
2026-08-18T20:00:00+00:00,8.2,94.0,0.00
2026-08-18T21:00:00+00:00,7.8,94.0,0.00
2026-08-18T22:00:00+00:00,7.4,94.0,0.00
2026-08-18T23:00:00+00:00,7.2,94.0,0.00
2026-08-19T00:00:00+00:00,7.4,98.0,0.00
2026-08-19T01:00:00+00:00,7.4,98.0,0.00
2026-08-19T02:00:00+00:00,7.2,98.0,0.00
2026-08-19T03:00:00+00:00,7.2,98.0,0.00
2026-08-19T04:00:00+00:00,7.2,98.0,0.00
2026-08-19T05:00:00+00:00,7.1,97.0,0.00
2026-08-19T06:00:00+00:00,6.9,99.0,0.00
2026-08-19T07:00:00+00:00,6.8,99.0,0.00
2026-08-19T08:00:00+00:00,6.7,98.0,0.00
2026-08-19T09:00:00+00:00,6.6,99.0,0.00
2026-08-19T10:00:00+00:00,6.6,98.0,0.00
2026-08-19T11:00:00+00:00,6.8,96.0,0.00
2026-08-19T12:00:00+00:00,7.2,91.0,0.00
2026-08-19T13:00:00+00:00,8.5,83.0,0.00
2026-08-19T14:00:00+00:00,10.4,71.0,0.00
2026-08-19T15:00:00+00:00,12.0,62.0,0.00
2026-08-19T16:00:00+00:00,13.4,57.0,0.00
2026-08-19T17:00:00+00:00,14.4,54.0,0.00
2026-08-19T18:00:00+00:00,14.7,55.0,0.00
2026-08-19T19:00:00+00:00,14.4,58.0,0.00
2026-08-19T20:00:00+00:00,13.5,63.0,0.00
2026-08-19T21:00:00+00:00,11.3,80.0,0.00
2026-08-19T22:00:00+00:00,11.0,81.0,0.00
2026-08-19T23:00:00+00:00,10.9,79.0,0.00
2026-08-20T00:00:00+00:00,9.6,88.0,0.00
2026-08-20T01:00:00+00:00,10.1,88.0,0.00
2026-08-20T02:00:00+00:00,9.9,88.0,0.00
2026-08-20T03:00:00+00:00,10.1,87.0,0.00
2026-08-20T04:00:00+00:00,10.0,89.0,0.00
2026-08-20T05:00:00+00:00,9.7,92.0,0.00
2026-08-20T06:00:00+00:00,9.5,96.0,0.10
2026-08-20T07:00:00+00:00,9.4,99.0,0.20
2026-08-20T08:00:00+00:00,9.4,99.0,0.10
2026-08-20T09:00:00+00:00,9.3,99.0,0.30
2026-08-20T10:00:00+00:00,9.0,100.0,0.50
2026-08-20T11:00:00+00:00,9.2,99.0,0.20
2026-08-20T12:00:00+00:00,9.4,99.0,0.60
2026-08-20T13:00:00+00:00,9.8,99.0,1.60
2026-08-20T14:00:00+00:00,10.1,99.0,1.40
2026-08-20T15:00:00+00:00,10.0,100.0,0.90
2026-08-20T16:00:00+00:00,10.2,99.0,0.90
2026-08-20T17:00:00+00:00,10.2,100.0,1.80
2026-08-20T18:00:00+00:00,9.8,100.0,2.20
2026-08-20T19:00:00+00:00,9.3,100.0,2.30
2026-08-20T20:00:00+00:00,8.9,99.0,1.80
2026-08-20T21:00:00+00:00,8.3,97.0,0.00
2026-08-20T22:00:00+00:00,7.9,94.0,0.00
2026-08-20T23:00:00+00:00,7.8,80.0,0.00
2026-08-21T00:00:00+00:00,8.1,83.0,0.00
2026-08-21T01:00:00+00:00,8.0,95.0,0.00
2026-08-21T02:00:00+00:00,8.2,95.0,0.00
2026-08-21T03:00:00+00:00,7.4,95.0,0.00
2026-08-21T04:00:00+00:00,6.9,90.0,0.00
2026-08-21T05:00:00+00:00,6.0,90.0,0.00
2026-08-21T06:00:00+00:00,5.7,91.0,0.00
2026-08-21T07:00:00+00:00,5.7,88.0,0.00
2026-08-21T08:00:00+00:00,5.9,80.0,0.00
2026-08-21T09:00:00+00:00,5.9,77.0,0.00
2026-08-21T10:00:00+00:00,5.6,78.0,0.00
2026-08-21T11:00:00+00:00,5.7,76.0,0.00
2026-08-21T12:00:00+00:00,6.0,71.0,0.00
2026-08-21T13:00:00+00:00,6.4,70.0,0.00
2026-08-21T14:00:00+00:00,6.6,68.0,0.00
2026-08-21T15:00:00+00:00,7.6,62.0,0.00
2026-08-21T16:00:00+00:00,7.4,62.0,0.00
2026-08-21T17:00:00+00:00,7.0,63.0,0.00
2026-08-21T18:00:00+00:00,7.0,66.0,0.10
2026-08-21T19:00:00+00:00,7.6,56.0,0.00
2026-08-21T20:00:00+00:00,6.9,59.0,0.00
2026-08-21T21:00:00+00:00,6.1,67.0,0.00
2026-08-21T22:00:00+00:00,5.6,70.0,0.00
2026-08-21T23:00:00+00:00,4.7,81.0,0.00
2026-08-22T00:00:00+00:00,4.0,92.0,0.10
2026-08-22T01:00:00+00:00,3.7,94.0,0.00
2026-08-22T02:00:00+00:00,4.3,91.0,0.00
2026-08-22T03:00:00+00:00,4.8,88.0,0.00
2026-08-22T04:00:00+00:00,4.7,87.0,0.00
2026-08-22T05:00:00+00:00,3.5,93.0,0.00
2026-08-22T06:00:00+00:00,3.1,95.0,0.00
2026-08-22T07:00:00+00:00,3.4,94.0,0.00
2026-08-22T08:00:00+00:00,3.1,95.0,0.00
2026-08-22T09:00:00+00:00,2.7,96.0,0.00
2026-08-22T10:00:00+00:00,2.4,96.0,0.00
2026-08-22T11:00:00+00:00,3.1,92.0,0.00
2026-08-22T12:00:00+00:00,5.6,75.0,0.00
2026-08-22T13:00:00+00:00,6.9,68.0,0.00
2026-08-22T14:00:00+00:00,8.3,57.0,0.00
2026-08-22T15:00:00+00:00,8.9,52.0,0.00
2026-08-22T16:00:00+00:00,9.6,48.0,0.00
2026-08-22T17:00:00+00:00,10.1,48.0,0.00
2026-08-22T18:00:00+00:00,10.6,46.0,0.00
2026-08-22T19:00:00+00:00,9.7,49.0,0.00
2026-08-22T20:00:00+00:00,8.9,52.0,0.00
2026-08-22T21:00:00+00:00,7.4,57.0,0.00
2026-08-22T22:00:00+00:00,6.4,61.0,0.00
2026-08-22T23:00:00+00:00,6.0,63.0,0.00
2026-08-23T00:00:00+00:00,5.2,66.0,0.00
2026-08-23T01:00:00+00:00,5.1,65.0,0.00
2026-08-23T02:00:00+00:00,5.1,66.0,0.00
2026-08-23T03:00:00+00:00,5.1,66.0,0.00
2026-08-23T04:00:00+00:00,5.3,66.0,0.00
2026-08-23T05:00:00+00:00,5.1,68.0,0.00
2026-08-23T06:00:00+00:00,3.9,83.0,0.00
2026-08-23T07:00:00+00:00,3.6,92.0,0.00
2026-08-23T08:00:00+00:00,4.0,93.0,0.00
2026-08-23T09:00:00+00:00,5.2,90.0,0.00
2026-08-23T10:00:00+00:00,5.4,93.0,0.10
2026-08-23T11:00:00+00:00,5.4,95.0,0.20
2026-08-23T12:00:00+00:00,6.4,89.0,0.10
2026-08-23T13:00:00+00:00,6.6,72.0,0.00
2026-08-23T14:00:00+00:00,6.9,63.0,0.00
2026-08-23T15:00:00+00:00,7.5,58.0,0.00
2026-08-23T16:00:00+00:00,7.7,57.0,0.00
2026-08-23T17:00:00+00:00,7.7,58.0,0.00
2026-08-23T18:00:00+00:00,8.0,57.0,0.00
2026-08-23T19:00:00+00:00,7.5,59.0,0.00
2026-08-23T20:00:00+00:00,6.8,62.0,0.00
2026-08-23T21:00:00+00:00,6.2,63.0,0.00
2026-08-23T22:00:00+00:00,5.8,66.0,0.00
2026-08-23T23:00:00+00:00,5.8,67.0,0.00
2026-08-24T00:00:00+00:00,5.1,72.0,0.00
2026-08-24T01:00:00+00:00,5.0,71.0,0.00
2026-08-24T02:00:00+00:00,4.7,72.0,0.00
2026-08-24T03:00:00+00:00,4.8,71.0,0.00
2026-08-24T04:00:00+00:00,4.7,71.0,0.00
2026-08-24T05:00:00+00:00,4.5,72.0,0.00
2026-08-24T06:00:00+00:00,4.3,75.0,0.00
2026-08-24T07:00:00+00:00,4.5,75.0,0.00
2026-08-24T08:00:00+00:00,4.7,74.0,0.00
2026-08-24T09:00:00+00:00,4.8,74.0,0.00
2026-08-24T10:00:00+00:00,4.5,76.0,0.00
2026-08-24T11:00:00+00:00,5.1,74.0,0.00
2026-08-24T12:00:00+00:00,6.0,71.0,0.00
2026-08-24T13:00:00+00:00,6.4,69.0,0.00
2026-08-24T14:00:00+00:00,7.2,64.0,0.00
2026-08-24T15:00:00+00:00,7.7,61.0,0.00
2026-08-24T16:00:00+00:00,8.2,60.0,0.00
2026-08-24T17:00:00+00:00,8.9,57.0,0.00
2026-08-24T18:00:00+00:00,9.2,57.0,0.00
2026-08-24T19:00:00+00:00,8.5,60.0,0.00
2026-08-24T20:00:00+00:00,7.6,64.0,0.00
2026-08-24T21:00:00+00:00,6.5,68.0,0.00
2026-08-24T22:00:00+00:00,5.7,73.0,0.00
2026-08-24T23:00:00+00:00,4.9,76.0,0.00
2026-08-25T00:00:00+00:00,3.5,80.0,0.00
2026-08-25T01:00:00+00:00,2.4,85.0,0.00
2026-08-25T02:00:00+00:00,2.3,86.0,0.00
2026-08-25T03:00:00+00:00,1.8,88.0,0.00
2026-08-25T04:00:00+00:00,1.3,89.0,0.00
2026-08-25T05:00:00+00:00,1.0,90.0,0.00
2026-08-25T06:00:00+00:00,0.6,92.0,0.00
2026-08-25T07:00:00+00:00,0.4,92.0,0.00
2026-08-25T08:00:00+00:00,0.3,92.0,0.00
2026-08-25T09:00:00+00:00,0.6,92.0,0.00
2026-08-25T10:00:00+00:00,0.6,92.0,0.00
2026-08-25T11:00:00+00:00,2.4,86.0,0.00
2026-08-25T12:00:00+00:00,4.6,77.0,0.00
2026-08-25T13:00:00+00:00,6.9,68.0,0.00
2026-08-25T14:00:00+00:00,8.6,62.0,0.00
2026-08-25T15:00:00+00:00,10.0,58.0,0.00
2026-08-25T16:00:00+00:00,11.2,55.0,0.00
2026-08-25T17:00:00+00:00,12.0,54.0,0.00
2026-08-25T18:00:00+00:00,12.5,53.0,0.00
2026-08-25T19:00:00+00:00,12.3,55.0,0.00
2026-08-25T20:00:00+00:00,11.8,57.0,0.00
2026-08-25T21:00:00+00:00,9.2,73.0,0.00
2026-08-25T22:00:00+00:00,7.0,79.0,0.00
2026-08-25T23:00:00+00:00,6.3,77.0,0.00
2026-08-26T00:00:00+00:00,5.7,84.0,0.00
2026-08-26T01:00:00+00:00,5.1,92.0,0.00
2026-08-26T02:00:00+00:00,5.2,95.0,0.00
2026-08-26T03:00:00+00:00,5.0,96.0,0.00
2026-08-26T04:00:00+00:00,4.6,98.0,0.00
2026-08-26T05:00:00+00:00,4.9,97.0,0.00
2026-08-26T06:00:00+00:00,4.5,98.0,0.00
2026-08-26T07:00:00+00:00,4.7,98.0,0.00
2026-08-26T08:00:00+00:00,5.1,97.0,0.00
2026-08-26T09:00:00+00:00,4.7,98.0,0.00
2026-08-26T10:00:00+00:00,5.3,98.0,0.00
2026-08-26T11:00:00+00:00,6.3,97.0,0.00
2026-08-26T12:00:00+00:00,8.2,96.0,0.00
2026-08-26T13:00:00+00:00,9.2,88.0,0.00
2026-08-26T14:00:00+00:00,11.4,77.0,0.00
2026-08-26T15:00:00+00:00,12.7,73.0,0.00
2026-08-26T16:00:00+00:00,13.4,69.0,0.00
2026-08-26T17:00:00+00:00,14.4,67.0,0.00
2026-08-26T18:00:00+00:00,14.9,69.0,0.00
2026-08-26T19:00:00+00:00,14.9,71.0,0.00
2026-08-26T20:00:00+00:00,14.6,74.0,0.00
2026-08-26T21:00:00+00:00,13.0,82.0,0.00
2026-08-26T22:00:00+00:00,12.4,87.0,0.00
2026-08-26T23:00:00+00:00,12.5,89.0,0.00
2026-08-27T00:00:00+00:00,12.3,92.0,0.10
2026-08-27T01:00:00+00:00,12.3,93.0,0.00
2026-08-27T02:00:00+00:00,11.9,95.0,0.00
2026-08-27T03:00:00+00:00,11.9,96.0,0.10
2026-08-27T04:00:00+00:00,12.0,97.0,0.20
2026-08-27T05:00:00+00:00,12.1,98.0,0.10
2026-08-27T06:00:00+00:00,12.5,98.0,0.30
2026-08-27T07:00:00+00:00,12.5,98.0,0.00
2026-08-27T08:00:00+00:00,12.6,97.0,1.50
2026-08-27T09:00:00+00:00,11.5,97.0,12.90
2026-08-27T10:00:00+00:00,12.1,98.0,3.70
2026-08-27T11:00:00+00:00,12.7,98.0,0.70
2026-08-27T12:00:00+00:00,12.9,97.0,0.10
2026-08-27T13:00:00+00:00,13.7,98.0,0.30
2026-08-27T14:00:00+00:00,13.3,98.0,0.10
2026-08-27T15:00:00+00:00,14.2,95.0,7.20
2026-08-27T16:00:00+00:00,12.6,98.0,8.70
2026-08-27T17:00:00+00:00,12.0,100.0,5.10
2026-08-27T18:00:00+00:00,12.3,98.0,1.20
2026-08-27T19:00:00+00:00,12.1,99.0,0.60
2026-08-27T20:00:00+00:00,11.6,98.0,0.20
2026-08-27T21:00:00+00:00,11.2,98.0,0.00
2026-08-27T22:00:00+00:00,10.4,99.0,0.00
2026-08-27T23:00:00+00:00,9.8,100.0,0.00
2026-08-28T00:00:00+00:00,9.7,99.0,0.00
2026-08-28T01:00:00+00:00,9.5,98.0,0.00
2026-08-28T02:00:00+00:00,9.4,98.0,0.00
2026-08-28T03:00:00+00:00,9.4,97.0,0.00
2026-08-28T04:00:00+00:00,8.9,98.0,0.00
2026-08-28T05:00:00+00:00,8.7,97.0,0.00
2026-08-28T06:00:00+00:00,8.4,99.0,0.00
2026-08-28T07:00:00+00:00,8.7,99.0,0.00
2026-08-28T08:00:00+00:00,8.4,99.0,0.00
2026-08-28T09:00:00+00:00,8.2,99.0,0.00
2026-08-28T10:00:00+00:00,7.6,99.0,0.00
2026-08-28T11:00:00+00:00,8.3,97.0,0.00
2026-08-28T12:00:00+00:00,9.7,88.0,0.00
2026-08-28T13:00:00+00:00,9.8,82.0,0.00
2026-08-28T14:00:00+00:00,12.8,67.0,0.00
2026-08-28T15:00:00+00:00,14.5,52.0,0.00
2026-08-28T16:00:00+00:00,15.5,47.0,0.00
2026-08-28T17:00:00+00:00,14.7,52.0,0.00
2026-08-28T18:00:00+00:00,15.2,51.0,0.00
2026-08-28T19:00:00+00:00,14.6,54.0,0.00
2026-08-28T20:00:00+00:00,13.1,63.0,0.00
2026-08-28T21:00:00+00:00,10.7,78.0,0.00
2026-08-28T22:00:00+00:00,8.2,93.0,0.00
2026-08-28T23:00:00+00:00,7.4,96.0,0.00
2026-08-29T00:00:00+00:00,6.6,99.0,0.00
2026-08-29T01:00:00+00:00,6.5,99.0,0.00
2026-08-29T02:00:00+00:00,6.1,100.0,0.00
2026-08-29T03:00:00+00:00,5.9,100.0,0.00
2026-08-29T04:00:00+00:00,5.8,100.0,0.00
2026-08-29T05:00:00+00:00,5.1,100.0,0.00
2026-08-29T06:00:00+00:00,5.3,100.0,0.00
2026-08-29T07:00:00+00:00,5.2,100.0,0.00
2026-08-29T08:00:00+00:00,5.1,100.0,0.00
2026-08-29T09:00:00+00:00,5.3,100.0,0.00
2026-08-29T10:00:00+00:00,5.1,100.0,0.00
2026-08-29T11:00:00+00:00,5.8,100.0,0.00
2026-08-29T12:00:00+00:00,7.8,94.0,0.00
2026-08-29T13:00:00+00:00,10.0,82.0,0.00
2026-08-29T14:00:00+00:00,11.8,71.0,0.00
2026-08-29T15:00:00+00:00,13.6,58.0,0.00
2026-08-29T16:00:00+00:00,15.0,47.0,0.00
2026-08-29T17:00:00+00:00,16.2,41.0,0.00
2026-08-29T18:00:00+00:00,16.7,40.0,0.00
2026-08-29T19:00:00+00:00,16.4,43.0,0.00
2026-08-29T20:00:00+00:00,15.3,53.0,0.00
2026-08-29T21:00:00+00:00,11.8,74.0,0.00
2026-08-29T22:00:00+00:00,9.4,85.0,0.00
2026-08-29T23:00:00+00:00,8.9,91.0,0.00
2026-08-30T00:00:00+00:00,8.4,92.0,0.00
2026-08-30T01:00:00+00:00,8.2,90.0,0.00
2026-08-30T02:00:00+00:00,7.2,89.0,0.00
