2026-08-07 22:02,fc.humidifier_duty,0.0001
2026-08-07 22:02,fc.humidity,90.9418
2026-08-07 22:02,fc.humidity_target,0.8850
2026-08-07 22:02,fc.pid_output,0.0001
2026-08-07 22:02,fc.temperature,4.2031
2026-08-07 22:03,fc.humidifier_duty,0.0001
2026-08-07 22:03,fc.humidity,90.9338
2026-08-07 22:03,fc.humidity_target,0.8850
2026-08-07 22:03,fc.pid_output,0.0001
2026-08-07 22:03,fc.temperature,4.2000
2026-08-07 22:04,fc.humidifier_duty,0.0001
2026-08-07 22:04,fc.humidity,90.9178
2026-08-07 22:04,fc.humidity_target,0.8850
2026-08-07 22:04,fc.pid_output,0.0001
2026-08-07 22:04,fc.temperature,4.2008
2026-08-07 22:05,fc.humidifier_duty,0.0001
2026-08-07 22:05,fc.humidity,90.9099
2026-08-07 22:05,fc.humidity_target,0.8850
2026-08-07 22:05,fc.pid_output,0.0001
2026-08-07 22:05,fc.temperature,4.2018
2026-08-07 22:06,fc.humidifier_duty,0.0001
2026-08-07 22:06,fc.humidity,90.8952
2026-08-07 22:06,fc.humidity_target,0.8850
2026-08-07 22:06,fc.pid_output,0.0001
2026-08-07 22:06,fc.temperature,4.1982
2026-08-07 22:07,fc.humidifier_duty,0.0001
2026-08-07 22:07,fc.humidity,90.8877
2026-08-07 22:07,fc.humidity_target,0.8850
2026-08-07 22:07,fc.pid_output,0.0001
2026-08-07 22:07,fc.temperature,4.1980
2026-08-07 22:08,fc.humidifier_duty,0.0001
2026-08-07 22:08,fc.humidity,90.8780
2026-08-07 22:08,fc.humidity_target,0.8850
2026-08-07 22:08,fc.pid_output,0.0001
2026-08-07 22:08,fc.temperature,4.1980
2026-08-07 22:09,fc.humidifier_duty,0.0001
2026-08-07 22:09,fc.humidity,90.8662
2026-08-07 22:09,fc.humidity_target,0.8850
2026-08-07 22:09,fc.pid_output,0.0001
2026-08-07 22:09,fc.temperature,4.1984
2026-08-07 22:10,fc.humidifier_duty,0.0001
2026-08-07 22:10,fc.humidity,90.8568
2026-08-07 22:10,fc.humidity_target,0.8850
2026-08-07 22:10,fc.pid_output,0.0001
2026-08-07 22:10,fc.temperature,4.1948
2026-08-07 22:11,fc.humidifier_duty,0.0001
2026-08-07 22:11,fc.humidity,90.8452
2026-08-07 22:11,fc.humidity_target,0.8850
2026-08-07 22:11,fc.pid_output,0.0001
2026-08-07 22:11,fc.temperature,4.1995
2026-08-07 22:12,fc.humidifier_duty,0.0001
2026-08-07 22:12,fc.humidity,90.8401
2026-08-07 22:12,fc.humidity_target,0.8850
2026-08-07 22:12,fc.pid_output,0.0001
2026-08-07 22:12,fc.temperature,4.1971
2026-08-07 22:13,fc.humidifier_duty,0.0001
2026-08-07 22:13,fc.humidity,90.8312
2026-08-07 22:13,fc.humidity_target,0.8850
2026-08-07 22:13,fc.pid_output,0.0001
2026-08-07 22:13,fc.temperature,4.1976
2026-08-07 22:14,fc.humidifier_duty,0.0001
2026-08-07 22:14,fc.humidity,90.8152
2026-08-07 22:14,fc.humidity_target,0.8850
2026-08-07 22:14,fc.pid_output,0.0001
2026-08-07 22:14,fc.temperature,4.1955
2026-08-07 22:15,fc.humidifier_duty,0.0001
2026-08-07 22:15,fc.humidity,90.8064
2026-08-07 22:15,fc.humidity_target,0.8850
2026-08-07 22:15,fc.pid_output,0.0001
2026-08-07 22:15,fc.temperature,4.1976
2026-08-07 22:16,fc.humidifier_duty,0.0001
2026-08-07 22:16,fc.humidity,90.7941
2026-08-07 22:16,fc.humidity_target,0.8850
2026-08-07 22:16,fc.pid_output,0.0001
2026-08-07 22:16,fc.temperature,4.1917
2026-08-07 22:17,fc.humidifier_duty,0.0001
2026-08-07 22:17,fc.humidity,90.7847
2026-08-07 22:17,fc.humidity_target,0.8850
2026-08-07 22:17,fc.pid_output,0.0001
2026-08-07 22:17,fc.temperature,4.1922
2026-08-07 22:18,fc.humidifier_duty,0.0001
2026-08-07 22:18,fc.humidity,90.7830
2026-08-07 22:18,fc.humidity_target,0.8850
2026-08-07 22:18,fc.pid_output,0.0001
2026-08-07 22:18,fc.temperature,4.1898
2026-08-07 22:19,fc.humidifier_duty,0.0001
2026-08-07 22:19,fc.humidity,90.7698
2026-08-07 22:19,fc.humidity_target,0.8850
2026-08-07 22:19,fc.pid_output,0.0001
2026-08-07 22:19,fc.temperature,4.1844
2026-08-07 22:20,fc.humidifier_duty,0.0001
2026-08-07 22:20,fc.humidity,90.7562
2026-08-07 22:20,fc.humidity_target,0.8850
2026-08-07 22:20,fc.pid_output,0.0001
2026-08-07 22:20,fc.temperature,4.1831
2026-08-07 22:21,fc.humidifier_duty,0.0001
2026-08-07 22:21,fc.humidity,90.7564
2026-08-07 22:21,fc.humidity_target,0.8850
2026-08-07 22:21,fc.pid_output,0.0001
2026-08-07 22:21,fc.temperature,4.1774
2026-08-07 22:22,fc.humidifier_duty,0.0001
2026-08-07 22:22,fc.humidity,90.7483
2026-08-07 22:22,fc.humidity_target,0.8850
2026-08-07 22:22,fc.pid_output,0.0001
2026-08-07 22:22,fc.temperature,4.1754
2026-08-07 22:23,fc.humidifier_duty,0.0001
2026-08-07 22:23,fc.humidity,90.7420
2026-08-07 22:23,fc.humidity_target,0.8850
2026-08-07 22:23,fc.pid_output,0.0001
2026-08-07 22:23,fc.temperature,4.1652
2026-08-07 22:24,fc.humidifier_duty,0.0001
2026-08-07 22:24,fc.humidity,90.7481
2026-08-07 22:24,fc.humidity_target,0.8850
2026-08-07 22:24,fc.pid_output,0.0001
2026-08-07 22:24,fc.temperature,4.1631
2026-08-07 22:25,fc.humidifier_duty,0.0001
2026-08-07 22:25,fc.humidity,90.7453
2026-08-07 22:25,fc.humidity_target,0.8850
2026-08-07 22:25,fc.pid_output,0.0001
2026-08-07 22:25,fc.temperature,4.1571
2026-08-07 22:26,fc.humidifier_duty,0.0001
2026-08-07 22:26,fc.humidity,90.7429
2026-08-07 22:26,fc.humidity_target,0.8850
2026-08-07 22:26,fc.pid_output,0.0001
2026-08-07 22:26,fc.temperature,4.1530
2026-08-07 22:27,fc.humidifier_duty,0.0000
2026-08-07 22:27,fc.humidity,90.7469
2026-08-07 22:27,fc.humidity_target,0.8850
2026-08-07 22:27,fc.pid_output,0.0000
2026-08-07 22:27,fc.temperature,4.1478
2026-08-07 22:28,fc.humidifier_duty,0.0000
2026-08-07 22:28,fc.humidity,90.7435
2026-08-07 22:28,fc.humidity_target,0.8850
2026-08-07 22:28,fc.pid_output,0.0000
2026-08-07 22:28,fc.temperature,4.1421
2026-08-07 22:29,fc.humidifier_duty,0.0000
2026-08-07 22:29,fc.humidity,90.7503
2026-08-07 22:29,fc.humidity_target,0.8850
2026-08-07 22:29,fc.pid_output,0.0000
2026-08-07 22:29,fc.temperature,4.1368
2026-08-07 22:30,fc.humidifier_duty,0.0000
2026-08-07 22:30,fc.humidity,90.7516
2026-08-07 22:30,fc.humidity_target,0.8850
2026-08-07 22:30,fc.pid_output,0.0000
2026-08-07 22:30,fc.temperature,4.1294
2026-08-07 22:31,fc.humidifier_duty,0.0000
2026-08-07 22:31,fc.humidity,90.7522
2026-08-07 22:31,fc.humidity_target,0.8850
2026-08-07 22:31,fc.pid_output,0.0000
2026-08-07 22:31,fc.temperature,4.1251
2026-08-07 22:32,fc.humidifier_duty,0.0000
2026-08-07 22:32,fc.humidity,90.7523
2026-08-07 22:32,fc.humidity_target,0.8850
2026-08-07 22:32,fc.pid_output,0.0000
2026-08-07 22:32,fc.temperature,4.1229
2026-08-07 22:33,fc.humidifier_duty,0.0000
2026-08-07 22:33,fc.humidity,90.7586
2026-08-07 22:33,fc.humidity_target,0.8850
2026-08-07 22:33,fc.pid_output,0.0000
2026-08-07 22:33,fc.temperature,4.1193
2026-08-07 22:34,fc.humidifier_duty,0.0000
2026-08-07 22:34,fc.humidity,90.7508
2026-08-07 22:34,fc.humidity_target,0.8850
2026-08-07 22:34,fc.pid_output,0.0000
2026-08-07 22:34,fc.temperature,4.1151
2026-08-07 22:35,fc.humidifier_duty,0.0000
2026-08-07 22:35,fc.humidity,90.7569
2026-08-07 22:35,fc.humidity_target,0.8850
2026-08-07 22:35,fc.pid_output,0.0000
2026-08-07 22:35,fc.temperature,4.1091
2026-08-07 22:36,fc.humidifier_duty,0.0000
2026-08-07 22:36,fc.humidity,90.7580
2026-08-07 22:36,fc.humidity_target,0.8850
2026-08-07 22:36,fc.pid_output,0.0000
2026-08-07 22:36,fc.temperature,4.1033
2026-08-07 22:37,fc.humidifier_duty,0.0000
2026-08-07 22:37,fc.humidity,90.7713
2026-08-07 22:37,fc.humidity_target,0.8850
2026-08-07 22:37,fc.pid_output,0.0000
2026-08-07 22:37,fc.temperature,4.1042
2026-08-07 22:38,fc.humidifier_duty,0.0000
2026-08-07 22:38,fc.humidity,90.7767
2026-08-07 22:38,fc.humidity_target,0.8850
2026-08-07 22:38,fc.pid_output,0.0000
2026-08-07 22:38,fc.temperature,4.1016
2026-08-07 22:39,fc.humidifier_duty,0.0000
2026-08-07 22:39,fc.humidity,90.7802
2026-08-07 22:39,fc.humidity_target,0.8850
2026-08-07 22:39,fc.pid_output,0.0000
2026-08-07 22:39,fc.temperature,4.1002
2026-08-07 22:40,fc.humidifier_duty,0.0000
2026-08-07 22:40,fc.humidity,90.7685
2026-08-07 22:40,fc.humidity_target,0.8850
2026-08-07 22:40,fc.pid_output,0.0000
2026-08-07 22:40,fc.temperature,4.0975
2026-08-07 22:41,fc.humidifier_duty,0.0000
2026-08-07 22:41,fc.humidity,90.7799
2026-08-07 22:41,fc.humidity_target,0.8850
2026-08-07 22:41,fc.pid_output,0.0000
2026-08-07 22:41,fc.temperature,4.0970
2026-08-07 22:42,fc.humidifier_duty,0.0000
2026-08-07 22:42,fc.humidity,90.7880
2026-08-07 22:42,fc.humidity_target,0.8850
2026-08-07 22:42,fc.pid_output,0.0000
2026-08-07 22:42,fc.temperature,4.0903
2026-08-07 22:43,fc.humidifier_duty,0.0000
2026-08-07 22:43,fc.humidity,90.7924
2026-08-07 22:43,fc.humidity_target,0.8850
2026-08-07 22:43,fc.pid_output,0.0000
2026-08-07 22:43,fc.temperature,4.0917
2026-08-07 22:44,fc.humidifier_duty,0.0000
2026-08-07 22:44,fc.humidity,90.7931
2026-08-07 22:44,fc.humidity_target,0.8850
2026-08-07 22:44,fc.pid_output,0.0000
2026-08-07 22:44,fc.temperature,4.0901
2026-08-07 22:45,fc.humidifier_duty,0.0000
2026-08-07 22:45,fc.humidity,90.7919
2026-08-07 22:45,fc.humidity_target,0.8850
2026-08-07 22:45,fc.pid_output,0.0000
2026-08-07 22:45,fc.temperature,4.0887
2026-08-07 22:46,fc.humidifier_duty,0.0000
2026-08-07 22:46,fc.humidity,90.7971
2026-08-07 22:46,fc.humidity_target,0.8850
2026-08-07 22:46,fc.pid_output,0.0000
2026-08-07 22:46,fc.temperature,4.0851
2026-08-07 22:47,fc.humidifier_duty,0.0000
2026-08-07 22:47,fc.humidity,90.8075
2026-08-07 22:47,fc.humidity_target,0.8850
2026-08-07 22:47,fc.pid_output,0.0000
2026-08-07 22:47,fc.temperature,4.0806
2026-08-07 22:48,fc.humidifier_duty,0.0000
2026-08-07 22:48,fc.humidity,90.8056
2026-08-07 22:48,fc.humidity_target,0.8850
2026-08-07 22:48,fc.pid_output,0.0000
2026-08-07 22:48,fc.temperature,4.0836
2026-08-07 22:49,fc.humidifier_duty,0.0000
2026-08-07 22:49,fc.humidity,90.8194
2026-08-07 22:49,fc.humidity_target,0.8850
2026-08-07 22:49,fc.pid_output,0.0000
2026-08-07 22:49,fc.temperature,4.0773
2026-08-07 22:50,fc.humidifier_duty,0.0000
2026-08-07 22:50,fc.humidity,90.8155
2026-08-07 22:50,fc.humidity_target,0.8850
2026-08-07 22:50,fc.pid_output,0.0000
2026-08-07 22:50,fc.temperature,4.0804
2026-08-07 22:51,fc.humidifier_duty,0.0000
2026-08-07 22:51,fc.humidity,90.8257
2026-08-07 22:51,fc.humidity_target,0.8850
2026-08-07 22:51,fc.pid_output,0.0000
2026-08-07 22:51,fc.temperature,4.0814
2026-08-07 22:52,fc.humidifier_duty,0.0000
2026-08-07 22:52,fc.humidity,90.8323
2026-08-07 22:52,fc.humidity_target,0.8850
2026-08-07 22:52,fc.pid_output,0.0000
2026-08-07 22:52,fc.temperature,4.0782
2026-08-07 22:53,fc.humidifier_duty,0.0000
2026-08-07 22:53,fc.humidity,90.8392
2026-08-07 22:53,fc.humidity_target,0.8850
2026-08-07 22:53,fc.pid_output,0.0000
2026-08-07 22:53,fc.temperature,4.0782
2026-08-07 22:54,fc.humidifier_duty,0.0000
2026-08-07 22:54,fc.humidity,90.8617
2026-08-07 22:54,fc.humidity_target,0.8850
2026-08-07 22:54,fc.pid_output,0.0000
2026-08-07 22:54,fc.temperature,4.0806
2026-08-07 22:55,fc.humidifier_duty,0.0000
2026-08-07 22:55,fc.humidity,90.8676
2026-08-07 22:55,fc.humidity_target,0.8850
2026-08-07 22:55,fc.pid_output,0.0000
2026-08-07 22:55,fc.temperature,4.0801
2026-08-07 22:56,fc.humidifier_duty,0.0000
2026-08-07 22:56,fc.humidity,90.8885
2026-08-07 22:56,fc.humidity_target,0.8850
2026-08-07 22:56,fc.pid_output,0.0000
2026-08-07 22:56,fc.temperature,4.0860
2026-08-07 22:57,fc.humidifier_duty,0.0000
2026-08-07 22:57,fc.humidity,90.9025
2026-08-07 22:57,fc.humidity_target,0.8850
2026-08-07 22:57,fc.pid_output,0.0000
2026-08-07 22:57,fc.temperature,4.0841
2026-08-07 22:58,fc.humidifier_duty,0.0000
2026-08-07 22:58,fc.humidity,90.9026
2026-08-07 22:58,fc.humidity_target,0.8850
2026-08-07 22:58,fc.pid_output,0.0000
2026-08-07 22:58,fc.temperature,4.0879
2026-08-07 22:59,fc.humidifier_duty,0.0000
2026-08-07 22:59,fc.humidity,90.8919
2026-08-07 22:59,fc.humidity_target,0.8850
2026-08-07 22:59,fc.pid_output,0.0000
2026-08-07 22:59,fc.temperature,4.0948
2026-08-07 23:00,fc.humidifier_duty,0.0000
2026-08-07 23:00,fc.humidity,90.8873
2026-08-07 23:00,fc.humidity_target,0.8850
2026-08-07 23:00,fc.pid_output,0.0000
2026-08-07 23:00,fc.temperature,4.0948
2026-08-07 23:01,fc.humidifier_duty,0.0000
2026-08-07 23:01,fc.humidity,90.8715
2026-08-07 23:01,fc.humidity_target,0.8850
2026-08-07 23:01,fc.pid_output,0.0000
2026-08-07 23:01,fc.temperature,4.1011
2026-08-07 23:02,fc.humidifier_duty,0.0000
2026-08-07 23:02,fc.humidity,90.8553
2026-08-07 23:02,fc.humidity_target,0.8850
2026-08-07 23:02,fc.pid_output,0.0000
2026-08-07 23:02,fc.temperature,4.1056
2026-08-07 23:03,fc.humidifier_duty,0.0000
2026-08-07 23:03,fc.humidity,90.8479
2026-08-07 23:03,fc.humidity_target,0.8850
2026-08-07 23:03,fc.pid_output,0.0000
2026-08-07 23:03,fc.temperature,4.1100
2026-08-07 23:04,fc.humidifier_duty,0.0000
2026-08-07 23:04,fc.humidity,90.8344
2026-08-07 23:04,fc.humidity_target,0.8850
2026-08-07 23:04,fc.pid_output,0.0000
2026-08-07 23:04,fc.temperature,4.1193
2026-08-07 23:05,fc.humidifier_duty,0.0000
2026-08-07 23:05,fc.humidity,90.8203
2026-08-07 23:05,fc.humidity_target,0.8850
2026-08-07 23:05,fc.pid_output,0.0000
2026-08-07 23:05,fc.temperature,4.1224
2026-08-07 23:06,fc.humidifier_duty,0.0000
2026-08-07 23:06,fc.humidity,90.7993
2026-08-07 23:06,fc.humidity_target,0.8850
2026-08-07 23:06,fc.pid_output,0.0000
2026-08-07 23:06,fc.temperature,4.1273
2026-08-07 23:07,fc.humidifier_duty,0.0000
2026-08-07 23:07,fc.humidity,90.7828
2026-08-07 23:07,fc.humidity_target,0.8850
2026-08-07 23:07,fc.pid_output,0.0000
2026-08-07 23:07,fc.temperature,4.1272
2026-08-07 23:08,fc.humidifier_duty,0.0000
2026-08-07 23:08,fc.humidity,90.7684
2026-08-07 23:08,fc.humidity_target,0.8850
2026-08-07 23:08,fc.pid_output,0.0000
2026-08-07 23:08,fc.temperature,4.1332
2026-08-07 23:09,fc.humidifier_duty,0.0000
2026-08-07 23:09,fc.humidity,90.7532
2026-08-07 23:09,fc.humidity_target,0.8850
2026-08-07 23:09,fc.pid_output,0.0000
2026-08-07 23:09,fc.temperature,4.1311
2026-08-07 23:10,fc.humidifier_duty,0.0000
2026-08-07 23:10,fc.humidity,90.7361
2026-08-07 23:10,fc.humidity_target,0.8850
2026-08-07 23:10,fc.pid_output,0.0000
2026-08-07 23:10,fc.temperature,4.1381
2026-08-07 23:11,fc.humidifier_duty,0.0000
2026-08-07 23:11,fc.humidity,90.7188
2026-08-07 23:11,fc.humidity_target,0.8850
2026-08-07 23:11,fc.pid_output,0.0000
2026-08-07 23:11,fc.temperature,4.1430
2026-08-07 23:12,fc.humidifier_duty,0.0000
2026-08-07 23:12,fc.humidity,90.7132
2026-08-07 23:12,fc.humidity_target,0.8850
2026-08-07 23:12,fc.pid_output,0.0000
2026-08-07 23:12,fc.temperature,4.1415
2026-08-07 23:13,fc.humidifier_duty,0.0000
2026-08-07 23:13,fc.humidity,90.6948
2026-08-07 23:13,fc.humidity_target,0.8850
2026-08-07 23:13,fc.pid_output,0.0000
2026-08-07 23:13,fc.temperature,4.1399
2026-08-07 23:14,fc.humidifier_duty,0.0000
2026-08-07 23:14,fc.humidity,90.6917
2026-08-07 23:14,fc.humidity_target,0.8850
2026-08-07 23:14,fc.pid_output,0.0000
2026-08-07 23:14,fc.temperature,4.1420
2026-08-07 23:15,fc.humidifier_duty,0.0000
2026-08-07 23:15,fc.humidity,90.6818
2026-08-07 23:15,fc.humidity_target,0.8850
2026-08-07 23:15,fc.pid_output,0.0000
2026-08-07 23:15,fc.temperature,4.1400
2026-08-07 23:16,fc.humidifier_duty,0.0000
2026-08-07 23:16,fc.humidity,90.6724
2026-08-07 23:16,fc.humidity_target,0.8850
2026-08-07 23:16,fc.pid_output,0.0000
2026-08-07 23:16,fc.temperature,4.1403
2026-08-07 23:17,fc.humidifier_duty,0.0000
2026-08-07 23:17,fc.humidity,90.6749
2026-08-07 23:17,fc.humidity_target,0.8850
2026-08-07 23:17,fc.pid_output,0.0000
2026-08-07 23:17,fc.temperature,4.1304
2026-08-07 23:18,fc.humidifier_duty,0.0000
2026-08-07 23:18,fc.humidity,90.6735
2026-08-07 23:18,fc.humidity_target,0.8850
2026-08-07 23:18,fc.pid_output,0.0000
2026-08-07 23:18,fc.temperature,4.1304
2026-08-07 23:19,fc.humidifier_duty,0.0000
2026-08-07 23:19,fc.humidity,90.6754
2026-08-07 23:19,fc.humidity_target,0.8850
2026-08-07 23:19,fc.pid_output,0.0000
2026-08-07 23:19,fc.temperature,4.1357
2026-08-07 23:20,fc.humidifier_duty,0.0000
2026-08-07 23:20,fc.humidity,90.6664
2026-08-07 23:20,fc.humidity_target,0.8850
2026-08-07 23:20,fc.pid_output,0.0000
2026-08-07 23:20,fc.temperature,4.1348
2026-08-07 23:21,fc.humidifier_duty,0.0000
2026-08-07 23:21,fc.humidity,90.6634
2026-08-07 23:21,fc.humidity_target,0.8850
2026-08-07 23:21,fc.pid_output,0.0000
2026-08-07 23:21,fc.temperature,4.1302
2026-08-07 23:22,fc.humidifier_duty,0.0000
2026-08-07 23:22,fc.humidity,90.6599
2026-08-07 23:22,fc.humidity_target,0.8850
2026-08-07 23:22,fc.pid_output,0.0000
2026-08-07 23:22,fc.temperature,4.1321
2026-08-07 23:23,fc.humidifier_duty,0.0000
2026-08-07 23:23,fc.humidity,90.6591
2026-08-07 23:23,fc.humidity_target,0.8850
2026-08-07 23:23,fc.pid_output,0.0000
2026-08-07 23:23,fc.temperature,4.1300
2026-08-07 23:24,fc.humidifier_duty,0.0000
2026-08-07 23:24,fc.humidity,90.6588
2026-08-07 23:24,fc.humidity_target,0.8850
2026-08-07 23:24,fc.pid_output,0.0000
2026-08-07 23:24,fc.temperature,4.1268
2026-08-07 23:25,fc.humidifier_duty,0.0000
2026-08-07 23:25,fc.humidity,90.6638
2026-08-07 23:25,fc.humidity_target,0.8850
2026-08-07 23:25,fc.pid_output,0.0000
2026-08-07 23:25,fc.temperature,4.1227
2026-08-07 23:26,fc.humidifier_duty,0.0000
2026-08-07 23:26,fc.humidity,90.6652
2026-08-07 23:26,fc.humidity_target,0.8850
2026-08-07 23:26,fc.pid_output,0.0000
2026-08-07 23:26,fc.temperature,4.1203
2026-08-07 23:27,fc.humidifier_duty,0.0000
2026-08-07 23:27,fc.humidity,90.6647
2026-08-07 23:27,fc.humidity_target,0.8850
2026-08-07 23:27,fc.pid_output,0.0000
2026-08-07 23:27,fc.temperature,4.1252
2026-08-07 23:28,fc.humidifier_duty,0.0000
2026-08-07 23:28,fc.humidity,90.6729
2026-08-07 23:28,fc.humidity_target,0.8850
2026-08-07 23:28,fc.pid_output,0.0000
2026-08-07 23:28,fc.temperature,4.1128
2026-08-07 23:29,fc.humidifier_duty,0.0000
2026-08-07 23:29,fc.humidity,90.6629
2026-08-07 23:29,fc.humidity_target,0.8850
2026-08-07 23:29,fc.pid_output,0.0000
2026-08-07 23:29,fc.temperature,4.1156
2026-08-07 23:30,fc.humidifier_duty,0.0000
2026-08-07 23:30,fc.humidity,90.6591
2026-08-07 23:30,fc.humidity_target,0.8850
2026-08-07 23:30,fc.pid_output,0.0000
2026-08-07 23:30,fc.temperature,4.1110
2026-08-07 23:31,fc.humidifier_duty,0.0000
2026-08-07 23:31,fc.humidity,90.6704
2026-08-07 23:31,fc.humidity_target,0.8850
2026-08-07 23:31,fc.pid_output,0.0000
2026-08-07 23:31,fc.temperature,4.1069
2026-08-07 23:32,fc.humidifier_duty,0.0000
2026-08-07 23:32,fc.humidity,90.6666
2026-08-07 23:32,fc.humidity_target,0.8850
2026-08-07 23:32,fc.pid_output,0.0000
2026-08-07 23:32,fc.temperature,4.1065
2026-08-07 23:33,fc.humidifier_duty,0.0000
2026-08-07 23:33,fc.humidity,90.6671
2026-08-07 23:33,fc.humidity_target,0.8850
2026-08-07 23:33,fc.pid_output,0.0000
2026-08-07 23:33,fc.temperature,4.1011
2026-08-07 23:34,fc.humidifier_duty,0.0000
2026-08-07 23:34,fc.humidity,90.6675
2026-08-07 23:34,fc.humidity_target,0.8850
2026-08-07 23:34,fc.pid_output,0.0000
2026-08-07 23:34,fc.temperature,4.0967
2026-08-07 23:35,fc.humidifier_duty,0.0000
2026-08-07 23:35,fc.humidity,90.6662
2026-08-07 23:35,fc.humidity_target,0.8850
2026-08-07 23:35,fc.pid_output,0.0000
2026-08-07 23:35,fc.temperature,4.0976
2026-08-07 23:36,fc.humidifier_duty,0.0000
2026-08-07 23:36,fc.humidity,90.6647
2026-08-07 23:36,fc.humidity_target,0.8850
2026-08-07 23:36,fc.pid_output,0.0000
2026-08-07 23:36,fc.temperature,4.0911
2026-08-07 23:37,fc.humidifier_duty,0.0000
2026-08-07 23:37,fc.humidity,90.6672
2026-08-07 23:37,fc.humidity_target,0.8850
2026-08-07 23:37,fc.pid_output,0.0000
2026-08-07 23:37,fc.temperature,4.0859
2026-08-07 23:38,fc.humidifier_duty,0.0000
2026-08-07 23:38,fc.humidity,90.6620
2026-08-07 23:38,fc.humidity_target,0.8850
2026-08-07 23:38,fc.pid_output,0.0000
2026-08-07 23:38,fc.temperature,4.0851
2026-08-07 23:39,fc.humidifier_duty,0.0000
2026-08-07 23:39,fc.humidity,90.6708
2026-08-07 23:39,fc.humidity_target,0.8850
2026-08-07 23:39,fc.pid_output,0.0000
2026-08-07 23:39,fc.temperature,4.0840
2026-08-07 23:40,fc.humidifier_duty,0.0000
2026-08-07 23:40,fc.humidity,90.6647
2026-08-07 23:40,fc.humidity_target,0.8850
2026-08-07 23:40,fc.pid_output,0.0000
2026-08-07 23:40,fc.temperature,4.0747
2026-08-07 23:41,fc.humidifier_duty,0.0000
2026-08-07 23:41,fc.humidity,90.6761
2026-08-07 23:41,fc.humidity_target,0.8850
2026-08-07 23:41,fc.pid_output,0.0000
2026-08-07 23:41,fc.temperature,4.0792
2026-08-07 23:42,fc.humidifier_duty,0.0000
2026-08-07 23:42,fc.humidity,90.6737
2026-08-07 23:42,fc.humidity_target,0.8850
2026-08-07 23:42,fc.pid_output,0.0000
2026-08-07 23:42,fc.temperature,4.0734
2026-08-07 23:43,fc.humidifier_duty,0.0000
2026-08-07 23:43,fc.humidity,90.6804
2026-08-07 23:43,fc.humidity_target,0.8850
2026-08-07 23:43,fc.pid_output,0.0000
2026-08-07 23:43,fc.temperature,4.0764
2026-08-07 23:44,fc.humidifier_duty,0.0000
2026-08-07 23:44,fc.humidity,90.6830
2026-08-07 23:44,fc.humidity_target,0.8850
2026-08-07 23:44,fc.pid_output,0.0000
2026-08-07 23:44,fc.temperature,4.0723
2026-08-07 23:45,fc.humidifier_duty,0.0000
2026-08-07 23:45,fc.humidity,90.6882
2026-08-07 23:45,fc.humidity_target,0.8850
2026-08-07 23:45,fc.pid_output,0.0000
2026-08-07 23:45,fc.temperature,4.0753
2026-08-07 23:46,fc.humidifier_duty,0.0000
2026-08-07 23:46,fc.humidity,90.6831
2026-08-07 23:46,fc.humidity_target,0.8850
2026-08-07 23:46,fc.pid_output,0.0000
2026-08-07 23:46,fc.temperature,4.0751
2026-08-07 23:47,fc.humidifier_duty,0.0000
2026-08-07 23:47,fc.humidity,90.6833
2026-08-07 23:47,fc.humidity_target,0.8850
2026-08-07 23:47,fc.pid_output,0.0000
2026-08-07 23:47,fc.temperature,4.0794
2026-08-07 23:48,fc.humidifier_duty,0.0000
2026-08-07 23:48,fc.humidity,90.6928
2026-08-07 23:48,fc.humidity_target,0.8850
2026-08-07 23:48,fc.pid_output,0.0000
2026-08-07 23:48,fc.temperature,4.0733
2026-08-07 23:49,fc.humidifier_duty,0.0000
2026-08-07 23:49,fc.humidity,90.6875
2026-08-07 23:49,fc.humidity_target,0.8850
2026-08-07 23:49,fc.pid_output,0.0000
2026-08-07 23:49,fc.temperature,4.0778
2026-08-07 23:50,fc.humidifier_duty,0.0000
2026-08-07 23:50,fc.humidity,90.6854
2026-08-07 23:50,fc.humidity_target,0.8850
2026-08-07 23:50,fc.pid_output,0.0000
2026-08-07 23:50,fc.temperature,4.0778
2026-08-07 23:51,fc.humidifier_duty,0.0000
2026-08-07 23:51,fc.humidity,90.6844
2026-08-07 23:51,fc.humidity_target,0.8850
2026-08-07 23:51,fc.pid_output,0.0000
2026-08-07 23:51,fc.temperature,4.0725
2026-08-07 23:52,fc.humidifier_duty,0.0000
2026-08-07 23:52,fc.humidity,90.6818
2026-08-07 23:52,fc.humidity_target,0.8850
2026-08-07 23:52,fc.pid_output,0.0000
2026-08-07 23:52,fc.temperature,4.0719
2026-08-07 23:53,fc.humidifier_duty,0.0000
2026-08-07 23:53,fc.humidity,90.6806
2026-08-07 23:53,fc.humidity_target,0.8850
2026-08-07 23:53,fc.pid_output,0.0000
2026-08-07 23:53,fc.temperature,4.0706
2026-08-07 23:54,fc.humidifier_duty,0.0000
2026-08-07 23:54,fc.humidity,90.6807
2026-08-07 23:54,fc.humidity_target,0.8850
2026-08-07 23:54,fc.pid_output,0.0000
2026-08-07 23:54,fc.temperature,4.0594
2026-08-07 23:55,fc.humidifier_duty,0.0000
2026-08-07 23:55,fc.humidity,90.7045
2026-08-07 23:55,fc.humidity_target,0.8850
2026-08-07 23:55,fc.pid_output,0.0000
2026-08-07 23:55,fc.temperature,4.0618
2026-08-07 23:56,fc.humidifier_duty,0.0000
2026-08-07 23:56,fc.humidity,90.7186
2026-08-07 23:56,fc.humidity_target,0.8850
2026-08-07 23:56,fc.pid_output,0.0000
2026-08-07 23:56,fc.temperature,4.0563
2026-08-07 23:57,fc.humidifier_duty,0.0000
2026-08-07 23:57,fc.humidity,90.7369
2026-08-07 23:57,fc.humidity_target,0.8850
2026-08-07 23:57,fc.pid_output,0.0000
2026-08-07 23:57,fc.temperature,4.0495
2026-08-07 23:58,fc.humidifier_duty,0.0000
2026-08-07 23:58,fc.humidity,90.7159
2026-08-07 23:58,fc.humidity_target,0.8850
2026-08-07 23:58,fc.pid_output,0.0000
2026-08-07 23:58,fc.temperature,4.0422
2026-08-07 23:59,fc.humidifier_duty,0.0000
2026-08-07 23:59,fc.humidity,90.7123
2026-08-07 23:59,fc.humidity_target,0.8850
2026-08-07 23:59,fc.pid_output,0.0000
2026-08-07 23:59,fc.temperature,4.0364
2026-08-08 00:00,fc.humidifier_duty,0.0000
2026-08-08 00:00,fc.humidity,90.7075
2026-08-08 00:00,fc.humidity_target,0.8850
2026-08-08 00:00,fc.pid_output,0.0000
2026-08-08 00:00,fc.temperature,4.0352
2026-08-08 00:01,fc.humidifier_duty,0.0000
2026-08-08 00:01,fc.humidity,90.6983
2026-08-08 00:01,fc.humidity_target,0.8850
2026-08-08 00:01,fc.pid_output,0.0000
2026-08-08 00:01,fc.temperature,4.0314
2026-08-08 00:02,fc.humidifier_duty,0.0000
2026-08-08 00:02,fc.humidity,90.6867
2026-08-08 00:02,fc.humidity_target,0.8850
2026-08-08 00:02,fc.pid_output,0.0000
2026-08-08 00:02,fc.temperature,4.0243
2026-08-08 00:03,fc.humidifier_duty,0.0000
2026-08-08 00:03,fc.humidity,90.6837
2026-08-08 00:03,fc.humidity_target,0.8850
2026-08-08 00:03,fc.pid_output,0.0000
2026-08-08 00:03,fc.temperature,4.0295
2026-08-08 00:04,fc.humidifier_duty,0.0000
2026-08-08 00:04,fc.humidity,90.6775
2026-08-08 00:04,fc.humidity_target,0.8850
2026-08-08 00:04,fc.pid_output,0.0000
2026-08-08 00:04,fc.temperature,4.0296
2026-08-08 00:05,fc.humidifier_duty,0.0000
2026-08-08 00:05,fc.humidity,90.6730
2026-08-08 00:05,fc.humidity_target,0.8850
2026-08-08 00:05,fc.pid_output,0.0000
2026-08-08 00:05,fc.temperature,4.0279
2026-08-08 00:06,fc.humidifier_duty,0.0000
2026-08-08 00:06,fc.humidity,90.6604
2026-08-08 00:06,fc.humidity_target,0.8850
2026-08-08 00:06,fc.pid_output,0.0000
2026-08-08 00:06,fc.temperature,4.0359
2026-08-08 00:07,fc.humidifier_duty,0.0000
2026-08-08 00:07,fc.humidity,90.6553
2026-08-08 00:07,fc.humidity_target,0.8850
2026-08-08 00:07,fc.pid_output,0.0000
2026-08-08 00:07,fc.temperature,4.0387
2026-08-08 00:08,fc.humidifier_duty,0.0000
2026-08-08 00:08,fc.humidity,90.6471
2026-08-08 00:08,fc.humidity_target,0.8850
2026-08-08 00:08,fc.pid_output,0.0000
2026-08-08 00:08,fc.temperature,4.0424
2026-08-08 00:09,fc.humidifier_duty,0.0000
2026-08-08 00:09,fc.humidity,90.6292
2026-08-08 00:09,fc.humidity_target,0.8850
2026-08-08 00:09,fc.pid_output,0.0000
2026-08-08 00:09,fc.temperature,4.0491
2026-08-08 00:10,fc.humidifier_duty,0.0000
2026-08-08 00:10,fc.humidity,90.6120
2026-08-08 00:10,fc.humidity_target,0.8850
2026-08-08 00:10,fc.pid_output,0.0000
2026-08-08 00:10,fc.temperature,4.0595
2026-08-08 00:11,fc.humidifier_duty,0.0000
2026-08-08 00:11,fc.humidity,90.5968
2026-08-08 00:11,fc.humidity_target,0.8850
2026-08-08 00:11,fc.pid_output,0.0000
2026-08-08 00:11,fc.temperature,4.0621
2026-08-08 00:12,fc.humidifier_duty,0.0000
2026-08-08 00:12,fc.humidity,90.5836
2026-08-08 00:12,fc.humidity_target,0.8850
2026-08-08 00:12,fc.pid_output,0.0000
2026-08-08 00:12,fc.temperature,4.0665
2026-08-08 00:13,fc.humidifier_duty,0.0000
2026-08-08 00:13,fc.humidity,90.5707
2026-08-08 00:13,fc.humidity_target,0.8850
2026-08-08 00:13,fc.pid_output,0.0000
2026-08-08 00:13,fc.temperature,4.0723
2026-08-08 00:14,fc.humidifier_duty,0.0000
2026-08-08 00:14,fc.humidity,90.5606
2026-08-08 00:14,fc.humidity_target,0.8850
2026-08-08 00:14,fc.pid_output,0.0000
2026-08-08 00:14,fc.temperature,4.0700
2026-08-08 00:15,fc.humidifier_duty,0.0000
2026-08-08 00:15,fc.humidity,90.5396
2026-08-08 00:15,fc.humidity_target,0.8850
2026-08-08 00:15,fc.pid_output,0.0000
2026-08-08 00:15,fc.temperature,4.0774
2026-08-08 00:16,fc.humidifier_duty,0.0000
2026-08-08 00:16,fc.humidity,90.5242
2026-08-08 00:16,fc.humidity_target,0.8850
2026-08-08 00:16,fc.pid_output,0.0000
2026-08-08 00:16,fc.temperature,4.0783
2026-08-08 00:17,fc.humidifier_duty,0.0000
2026-08-08 00:17,fc.humidity,90.5188
2026-08-08 00:17,fc.humidity_target,0.8850
2026-08-08 00:17,fc.pid_output,0.0000
2026-08-08 00:17,fc.temperature,4.0709
2026-08-08 00:18,fc.humidifier_duty,0.0000
2026-08-08 00:18,fc.humidity,90.5110
2026-08-08 00:18,fc.humidity_target,0.8850
2026-08-08 00:18,fc.pid_output,0.0000
2026-08-08 00:18,fc.temperature,4.0702
2026-08-08 00:19,fc.humidifier_duty,0.0000
2026-08-08 00:19,fc.humidity,90.5100
2026-08-08 00:19,fc.humidity_target,0.8850
2026-08-08 00:19,fc.pid_output,0.0000
2026-08-08 00:19,fc.temperature,4.0679
2026-08-08 00:20,fc.humidifier_duty,0.0000
2026-08-08 00:20,fc.humidity,90.5059
2026-08-08 00:20,fc.humidity_target,0.8850
2026-08-08 00:20,fc.pid_output,0.0000
2026-08-08 00:20,fc.temperature,4.0689
2026-08-08 00:21,fc.humidifier_duty,0.0000
2026-08-08 00:21,fc.humidity,90.5060
2026-08-08 00:21,fc.humidity_target,0.8850
2026-08-08 00:21,fc.pid_output,0.0000
2026-08-08 00:21,fc.temperature,4.0646
2026-08-08 00:22,fc.humidifier_duty,0.0000
2026-08-08 00:22,fc.humidity,90.5043
2026-08-08 00:22,fc.humidity_target,0.8850
2026-08-08 00:22,fc.pid_output,0.0000
2026-08-08 00:22,fc.temperature,4.0679
2026-08-08 00:23,fc.humidifier_duty,0.0000
2026-08-08 00:23,fc.humidity,90.5061
2026-08-08 00:23,fc.humidity_target,0.8850
2026-08-08 00:23,fc.pid_output,0.0000
2026-08-08 00:23,fc.temperature,4.0563
2026-08-08 00:24,fc.humidifier_duty,0.0000
2026-08-08 00:24,fc.humidity,90.5047
2026-08-08 00:24,fc.humidity_target,0.8850
2026-08-08 00:24,fc.pid_output,0.0000
2026-08-08 00:24,fc.temperature,4.0526
2026-08-08 00:25,fc.humidifier_duty,0.0000
2026-08-08 00:25,fc.humidity,90.5053
2026-08-08 00:25,fc.humidity_target,0.8850
2026-08-08 00:25,fc.pid_output,0.0000
2026-08-08 00:25,fc.temperature,4.0522
2026-08-08 00:26,fc.humidifier_duty,0.0000
2026-08-08 00:26,fc.humidity,90.5147
2026-08-08 00:26,fc.humidity_target,0.8850
2026-08-08 00:26,fc.pid_output,0.0000
2026-08-08 00:26,fc.temperature,4.0446
2026-08-08 00:27,fc.humidifier_duty,0.0000
2026-08-08 00:27,fc.humidity,90.5087
2026-08-08 00:27,fc.humidity_target,0.8850
2026-08-08 00:27,fc.pid_output,0.0000
2026-08-08 00:27,fc.temperature,4.0364
2026-08-08 00:28,fc.humidifier_duty,0.0000
2026-08-08 00:28,fc.humidity,90.5161
2026-08-08 00:28,fc.humidity_target,0.8850
2026-08-08 00:28,fc.pid_output,0.0000
2026-08-08 00:28,fc.temperature,4.0350
2026-08-08 00:29,fc.humidifier_duty,0.0000
2026-08-08 00:29,fc.humidity,90.5118
2026-08-08 00:29,fc.humidity_target,0.8850
2026-08-08 00:29,fc.pid_output,0.0000
2026-08-08 00:29,fc.temperature,4.0256
2026-08-08 00:30,fc.humidifier_duty,0.0000
2026-08-08 00:30,fc.humidity,90.5180
2026-08-08 00:30,fc.humidity_target,0.8850
2026-08-08 00:30,fc.pid_output,0.0000
2026-08-08 00:30,fc.temperature,4.0225
2026-08-08 00:31,fc.humidifier_duty,0.0000
2026-08-08 00:31,fc.humidity,90.5210
2026-08-08 00:31,fc.humidity_target,0.8850
2026-08-08 00:31,fc.pid_output,0.0000
2026-08-08 00:31,fc.temperature,4.0093
2026-08-08 00:32,fc.humidifier_duty,0.0000
2026-08-08 00:32,fc.humidity,90.5231
2026-08-08 00:32,fc.humidity_target,0.8850
2026-08-08 00:32,fc.pid_output,0.0000
2026-08-08 00:32,fc.temperature,4.0114
2026-08-08 00:33,fc.humidifier_duty,0.0000
2026-08-08 00:33,fc.humidity,90.5241
2026-08-08 00:33,fc.humidity_target,0.8850
2026-08-08 00:33,fc.pid_output,0.0000
2026-08-08 00:33,fc.temperature,4.0062
2026-08-08 00:34,fc.humidifier_duty,0.0000
2026-08-08 00:34,fc.humidity,90.5309
2026-08-08 00:34,fc.humidity_target,0.8850
2026-08-08 00:34,fc.pid_output,0.0000
2026-08-08 00:34,fc.temperature,3.9947
2026-08-08 00:35,fc.humidifier_duty,0.0000
2026-08-08 00:35,fc.humidity,90.5405
2026-08-08 00:35,fc.humidity_target,0.8850
2026-08-08 00:35,fc.pid_output,0.0000
2026-08-08 00:35,fc.temperature,3.9890
2026-08-08 00:36,fc.humidifier_duty,0.0000
2026-08-08 00:36,fc.humidity,90.5393
2026-08-08 00:36,fc.humidity_target,0.8850
2026-08-08 00:36,fc.pid_output,0.0000
2026-08-08 00:36,fc.temperature,3.9881
2026-08-08 00:37,fc.humidifier_duty,0.0000
2026-08-08 00:37,fc.humidity,90.5505
2026-08-08 00:37,fc.humidity_target,0.8850
2026-08-08 00:37,fc.pid_output,0.0000
2026-08-08 00:37,fc.temperature,3.9782
2026-08-08 00:38,fc.humidifier_duty,0.0000
2026-08-08 00:38,fc.humidity,90.5486
2026-08-08 00:38,fc.humidity_target,0.8850
2026-08-08 00:38,fc.pid_output,0.0000
2026-08-08 00:38,fc.temperature,3.9784
2026-08-08 00:39,fc.humidifier_duty,0.0000
2026-08-08 00:39,fc.humidity,90.5554
2026-08-08 00:39,fc.humidity_target,0.8850
2026-08-08 00:39,fc.pid_output,0.0000
2026-08-08 00:39,fc.temperature,3.9711
2026-08-08 00:40,fc.humidifier_duty,0.0000
2026-08-08 00:40,fc.humidity,90.5614
2026-08-08 00:40,fc.humidity_target,0.8850
2026-08-08 00:40,fc.pid_output,0.0000
2026-08-08 00:40,fc.temperature,3.9627
2026-08-08 00:41,fc.humidifier_duty,0.0000
2026-08-08 00:41,fc.humidity,90.5664
2026-08-08 00:41,fc.humidity_target,0.8850
2026-08-08 00:41,fc.pid_output,0.0000
2026-08-08 00:41,fc.temperature,3.9566
2026-08-08 00:42,fc.humidifier_duty,0.0000
2026-08-08 00:42,fc.humidity,90.5742
2026-08-08 00:42,fc.humidity_target,0.8850
2026-08-08 00:42,fc.pid_output,0.0000
2026-08-08 00:42,fc.temperature,3.9569
2026-08-08 00:43,fc.humidifier_duty,0.0000
2026-08-08 00:43,fc.humidity,90.5756
2026-08-08 00:43,fc.humidity_target,0.8850
2026-08-08 00:43,fc.pid_output,0.0000
2026-08-08 00:43,fc.temperature,3.9534
2026-08-08 00:44,fc.humidifier_duty,0.0000
2026-08-08 00:44,fc.humidity,90.5800
2026-08-08 00:44,fc.humidity_target,0.8850
2026-08-08 00:44,fc.pid_output,0.0000
2026-08-08 00:44,fc.temperature,3.9441
2026-08-08 00:45,fc.humidifier_duty,0.0000
2026-08-08 00:45,fc.humidity,90.5841
2026-08-08 00:45,fc.humidity_target,0.8850
2026-08-08 00:45,fc.pid_output,0.0000
2026-08-08 00:45,fc.temperature,3.9364
2026-08-08 00:46,fc.humidifier_duty,0.0000
2026-08-08 00:46,fc.humidity,90.5874
2026-08-08 00:46,fc.humidity_target,0.8850
2026-08-08 00:46,fc.pid_output,0.0000
2026-08-08 00:46,fc.temperature,3.9336
2026-08-08 00:47,fc.humidifier_duty,0.0000
2026-08-08 00:47,fc.humidity,90.5900
2026-08-08 00:47,fc.humidity_target,0.8850
2026-08-08 00:47,fc.pid_output,0.0000
2026-08-08 00:47,fc.temperature,3.9320
2026-08-08 00:48,fc.humidifier_duty,0.0000
2026-08-08 00:48,fc.humidity,90.6023
2026-08-08 00:48,fc.humidity_target,0.8850
2026-08-08 00:48,fc.pid_output,0.0000
2026-08-08 00:48,fc.temperature,3.9266
2026-08-08 00:49,fc.humidifier_duty,0.0000
2026-08-08 00:49,fc.humidity,90.5987
2026-08-08 00:49,fc.humidity_target,0.8850
2026-08-08 00:49,fc.pid_output,0.0000
2026-08-08 00:49,fc.temperature,3.9219
2026-08-08 00:50,fc.humidifier_duty,0.0000
2026-08-08 00:50,fc.humidity,90.6108
2026-08-08 00:50,fc.humidity_target,0.8850
2026-08-08 00:50,fc.pid_output,0.0000
2026-08-08 00:50,fc.temperature,3.9193
2026-08-08 00:51,fc.humidifier_duty,0.0000
2026-08-08 00:51,fc.humidity,90.6133
2026-08-08 00:51,fc.humidity_target,0.8850
2026-08-08 00:51,fc.pid_output,0.0000
2026-08-08 00:51,fc.temperature,3.9171
2026-08-08 00:52,fc.humidifier_duty,0.0000
2026-08-08 00:52,fc.humidity,90.6228
2026-08-08 00:52,fc.humidity_target,0.8850
2026-08-08 00:52,fc.pid_output,0.0000
2026-08-08 00:52,fc.temperature,3.9174
2026-08-08 00:53,fc.humidifier_duty,0.0000
2026-08-08 00:53,fc.humidity,90.6330
2026-08-08 00:53,fc.humidity_target,0.8850
2026-08-08 00:53,fc.pid_output,0.0000
2026-08-08 00:53,fc.temperature,3.9143
2026-08-08 00:54,fc.humidifier_duty,0.0000
2026-08-08 00:54,fc.humidity,90.6373
2026-08-08 00:54,fc.humidity_target,0.8850
2026-08-08 00:54,fc.pid_output,0.0000
2026-08-08 00:54,fc.temperature,3.9162
2026-08-08 00:55,fc.humidifier_duty,0.0000
2026-08-08 00:55,fc.humidity,90.6585
2026-08-08 00:55,fc.humidity_target,0.8850
2026-08-08 00:55,fc.pid_output,0.0000
2026-08-08 00:55,fc.temperature,3.9144
2026-08-08 00:56,fc.humidifier_duty,0.0000
2026-08-08 00:56,fc.humidity,90.6797
2026-08-08 00:56,fc.humidity_target,0.8850
2026-08-08 00:56,fc.pid_output,0.0000
2026-08-08 00:56,fc.temperature,3.9183
2026-08-08 00:57,fc.humidifier_duty,0.0000
2026-08-08 00:57,fc.humidity,90.6905
2026-08-08 00:57,fc.humidity_target,0.8850
2026-08-08 00:57,fc.pid_output,0.0000
2026-08-08 00:57,fc.temperature,3.9097
2026-08-08 00:58,fc.humidifier_duty,0.0000
2026-08-08 00:58,fc.humidity,90.6937
2026-08-08 00:58,fc.humidity_target,0.8850
2026-08-08 00:58,fc.pid_output,0.0000
2026-08-08 00:58,fc.temperature,3.9099
2026-08-08 00:59,fc.humidifier_duty,0.0000
2026-08-08 00:59,fc.humidity,90.6842
2026-08-08 00:59,fc.humidity_target,0.8850
2026-08-08 00:59,fc.pid_output,0.0000
2026-08-08 00:59,fc.temperature,3.9170
2026-08-08 01:00,fc.humidifier_duty,0.0000
2026-08-08 01:00,fc.humidity,90.6871
2026-08-08 01:00,fc.humidity_target,0.8850
2026-08-08 01:00,fc.pid_output,0.0000
2026-08-08 01:00,fc.temperature,3.9186
2026-08-08 01:01,fc.humidifier_duty,0.0000
2026-08-08 01:01,fc.humidity,90.6744
2026-08-08 01:01,fc.humidity_target,0.8850
2026-08-08 01:01,fc.pid_output,0.0000
2026-08-08 01:01,fc.temperature,3.9194
2026-08-08 01:02,fc.humidifier_duty,0.0000
2026-08-08 01:02,fc.humidity,90.6701
2026-08-08 01:02,fc.humidity_target,0.8850
2026-08-08 01:02,fc.pid_output,0.0000
2026-08-08 01:02,fc.temperature,3.9274
2026-08-08 01:03,fc.humidifier_duty,0.0000
2026-08-08 01:03,fc.humidity,90.6654
2026-08-08 01:03,fc.humidity_target,0.8850
2026-08-08 01:03,fc.pid_output,0.0000
2026-08-08 01:03,fc.temperature,3.9369
2026-08-08 01:04,fc.humidifier_duty,0.0000
2026-08-08 01:04,fc.humidity,90.6625
2026-08-08 01:04,fc.humidity_target,0.8850
2026-08-08 01:04,fc.pid_output,0.0000
2026-08-08 01:04,fc.temperature,3.9412
2026-08-08 01:05,fc.humidifier_duty,0.0000
2026-08-08 01:05,fc.humidity,90.6486
2026-08-08 01:05,fc.humidity_target,0.8850
2026-08-08 01:05,fc.pid_output,0.0000
2026-08-08 01:05,fc.temperature,3.9534
2026-08-08 01:06,fc.humidifier_duty,0.0000
2026-08-08 01:06,fc.humidity,90.6317
2026-08-08 01:06,fc.humidity_target,0.8850
2026-08-08 01:06,fc.pid_output,0.0000
2026-08-08 01:06,fc.temperature,3.9632
2026-08-08 01:07,fc.humidifier_duty,0.0000
2026-08-08 01:07,fc.humidity,90.6199
2026-08-08 01:07,fc.humidity_target,0.8850
2026-08-08 01:07,fc.pid_output,0.0000
2026-08-08 01:07,fc.temperature,3.9711
2026-08-08 01:08,fc.humidifier_duty,0.0000
2026-08-08 01:08,fc.humidity,90.6094
2026-08-08 01:08,fc.humidity_target,0.8850
2026-08-08 01:08,fc.pid_output,0.0000
2026-08-08 01:08,fc.temperature,3.9811
2026-08-08 01:09,fc.humidifier_duty,0.0000
2026-08-08 01:09,fc.humidity,90.5906
2026-08-08 01:09,fc.humidity_target,0.8850
2026-08-08 01:09,fc.pid_output,0.0000
2026-08-08 01:09,fc.temperature,3.9862
2026-08-08 01:10,fc.humidifier_duty,0.0000
2026-08-08 01:10,fc.humidity,90.5784
2026-08-08 01:10,fc.humidity_target,0.8850
2026-08-08 01:10,fc.pid_output,0.0000
2026-08-08 01:10,fc.temperature,3.9983
2026-08-08 01:11,fc.humidifier_duty,0.0000
2026-08-08 01:11,fc.humidity,90.5690
2026-08-08 01:11,fc.humidity_target,0.8850
2026-08-08 01:11,fc.pid_output,0.0000
2026-08-08 01:11,fc.temperature,4.0066
2026-08-08 01:12,fc.humidifier_duty,0.0000
2026-08-08 01:12,fc.humidity,90.5533
2026-08-08 01:12,fc.humidity_target,0.8850
2026-08-08 01:12,fc.pid_output,0.0000
2026-08-08 01:12,fc.temperature,4.0174
2026-08-08 01:13,fc.humidifier_duty,0.0000
2026-08-08 01:13,fc.humidity,90.5384
2026-08-08 01:13,fc.humidity_target,0.8850
2026-08-08 01:13,fc.pid_output,0.0000
2026-08-08 01:13,fc.temperature,4.0252
2026-08-08 01:14,fc.humidifier_duty,0.0000
2026-08-08 01:14,fc.humidity,90.5240
2026-08-08 01:14,fc.humidity_target,0.8850
2026-08-08 01:14,fc.pid_output,0.0000
2026-08-08 01:14,fc.temperature,4.0288
2026-08-08 01:15,fc.humidifier_duty,0.0000
2026-08-08 01:15,fc.humidity,90.5032
2026-08-08 01:15,fc.humidity_target,0.8850
2026-08-08 01:15,fc.pid_output,0.0000
2026-08-08 01:15,fc.temperature,4.0364
2026-08-08 01:16,fc.humidifier_duty,0.0000
2026-08-08 01:16,fc.humidity,90.4894
2026-08-08 01:16,fc.humidity_target,0.8850
2026-08-08 01:16,fc.pid_output,0.0000
2026-08-08 01:16,fc.temperature,4.0441
2026-08-08 01:17,fc.humidifier_duty,0.0000
2026-08-08 01:17,fc.humidity,90.4774
2026-08-08 01:17,fc.humidity_target,0.8850
2026-08-08 01:17,fc.pid_output,0.0000
2026-08-08 01:17,fc.temperature,4.0531
2026-08-08 01:18,fc.humidifier_duty,0.0000
2026-08-08 01:18,fc.humidity,90.4571
2026-08-08 01:18,fc.humidity_target,0.8850
2026-08-08 01:18,fc.pid_output,0.0000
2026-08-08 01:18,fc.temperature,4.0576
2026-08-08 01:19,fc.humidifier_duty,0.0000
2026-08-08 01:19,fc.humidity,90.4369
2026-08-08 01:19,fc.humidity_target,0.8850
2026-08-08 01:19,fc.pid_output,0.0000
2026-08-08 01:19,fc.temperature,4.0623
2026-08-08 01:20,fc.humidifier_duty,0.0000
2026-08-08 01:20,fc.humidity,90.4161
2026-08-08 01:20,fc.humidity_target,0.8850
2026-08-08 01:20,fc.pid_output,0.0000
2026-08-08 01:20,fc.temperature,4.0660
2026-08-08 01:21,fc.humidifier_duty,0.0000
2026-08-08 01:21,fc.humidity,90.4012
2026-08-08 01:21,fc.humidity_target,0.8850
2026-08-08 01:21,fc.pid_output,0.0000
2026-08-08 01:21,fc.temperature,4.0693
2026-08-08 01:22,fc.humidifier_duty,0.0000
2026-08-08 01:22,fc.humidity,90.3833
2026-08-08 01:22,fc.humidity_target,0.8850
2026-08-08 01:22,fc.pid_output,0.0000
2026-08-08 01:22,fc.temperature,4.0705
2026-08-08 01:23,fc.humidifier_duty,0.0000
2026-08-08 01:23,fc.humidity,90.3641
2026-08-08 01:23,fc.humidity_target,0.8850
2026-08-08 01:23,fc.pid_output,0.0000
2026-08-08 01:23,fc.temperature,4.0693
2026-08-08 01:24,fc.humidifier_duty,0.0000
2026-08-08 01:24,fc.humidity,90.3536
2026-08-08 01:24,fc.humidity_target,0.8850
2026-08-08 01:24,fc.pid_output,0.0000
2026-08-08 01:24,fc.temperature,4.0782
2026-08-08 01:25,fc.humidifier_duty,0.0000
2026-08-08 01:25,fc.humidity,90.3499
2026-08-08 01:25,fc.humidity_target,0.8850
2026-08-08 01:25,fc.pid_output,0.0000
2026-08-08 01:25,fc.temperature,4.0749
2026-08-08 01:26,fc.humidifier_duty,0.0000
2026-08-08 01:26,fc.humidity,90.3351
2026-08-08 01:26,fc.humidity_target,0.8850
2026-08-08 01:26,fc.pid_output,0.0000
2026-08-08 01:26,fc.temperature,4.0772
2026-08-08 01:27,fc.humidifier_duty,0.0000
2026-08-08 01:27,fc.humidity,90.3294
2026-08-08 01:27,fc.humidity_target,0.8850
2026-08-08 01:27,fc.pid_output,0.0000
2026-08-08 01:27,fc.temperature,4.0710
2026-08-08 01:28,fc.humidifier_duty,0.0000
2026-08-08 01:28,fc.humidity,90.3313
2026-08-08 01:28,fc.humidity_target,0.8850
2026-08-08 01:28,fc.pid_output,0.0000
2026-08-08 01:28,fc.temperature,4.0717
2026-08-08 01:29,fc.humidifier_duty,0.0000
2026-08-08 01:29,fc.humidity,90.3344
2026-08-08 01:29,fc.humidity_target,0.8850
2026-08-08 01:29,fc.pid_output,0.0000
2026-08-08 01:29,fc.temperature,4.0646
2026-08-08 01:30,fc.humidifier_duty,0.0000
2026-08-08 01:30,fc.humidity,90.3448
2026-08-08 01:30,fc.humidity_target,0.8850
2026-08-08 01:30,fc.pid_output,0.0000
2026-08-08 01:30,fc.temperature,4.0600
2026-08-08 01:31,fc.humidifier_duty,0.0000
2026-08-08 01:31,fc.humidity,90.3520
2026-08-08 01:31,fc.humidity_target,0.8850
2026-08-08 01:31,fc.pid_output,0.0000
2026-08-08 01:31,fc.temperature,4.0555
2026-08-08 01:32,fc.humidifier_duty,0.0000
2026-08-08 01:32,fc.humidity,90.3513
2026-08-08 01:32,fc.humidity_target,0.8850
2026-08-08 01:32,fc.pid_output,0.0000
2026-08-08 01:32,fc.temperature,4.0508
2026-08-08 01:33,fc.humidifier_duty,0.0000
2026-08-08 01:33,fc.humidity,90.3595
2026-08-08 01:33,fc.humidity_target,0.8850
2026-08-08 01:33,fc.pid_output,0.0000
2026-08-08 01:33,fc.temperature,4.0464
2026-08-08 01:34,fc.humidifier_duty,0.0000
2026-08-08 01:34,fc.humidity,90.3754
2026-08-08 01:34,fc.humidity_target,0.8850
2026-08-08 01:34,fc.pid_output,0.0000
2026-08-08 01:34,fc.temperature,4.0419
2026-08-08 01:35,fc.humidifier_duty,0.0000
2026-08-08 01:35,fc.humidity,90.3867
2026-08-08 01:35,fc.humidity_target,0.8850
2026-08-08 01:35,fc.pid_output,0.0000
2026-08-08 01:35,fc.temperature,4.0366
2026-08-08 01:36,fc.humidifier_duty,0.0000
2026-08-08 01:36,fc.humidity,90.4057
2026-08-08 01:36,fc.humidity_target,0.8850
2026-08-08 01:36,fc.pid_output,0.0000
2026-08-08 01:36,fc.temperature,4.0312
2026-08-08 01:37,fc.humidifier_duty,0.0000
2026-08-08 01:37,fc.humidity,90.4178
2026-08-08 01:37,fc.humidity_target,0.8850
2026-08-08 01:37,fc.pid_output,0.0000
2026-08-08 01:37,fc.temperature,4.0298
2026-08-08 01:38,fc.humidifier_duty,0.0000
2026-08-08 01:38,fc.humidity,90.4340
2026-08-08 01:38,fc.humidity_target,0.8850
2026-08-08 01:38,fc.pid_output,0.0000
2026-08-08 01:38,fc.temperature,4.0210
2026-08-08 01:39,fc.humidifier_duty,0.0000
2026-08-08 01:39,fc.humidity,90.4548
2026-08-08 01:39,fc.humidity_target,0.8850
2026-08-08 01:39,fc.pid_output,0.0000
2026-08-08 01:39,fc.temperature,4.0120
2026-08-08 01:40,fc.humidifier_duty,0.0000
2026-08-08 01:40,fc.humidity,90.4771
2026-08-08 01:40,fc.humidity_target,0.8850
2026-08-08 01:40,fc.pid_output,0.0000
2026-08-08 01:40,fc.temperature,4.0035
2026-08-08 01:41,fc.humidifier_duty,0.0000
2026-08-08 01:41,fc.humidity,90.4911
2026-08-08 01:41,fc.humidity_target,0.8850
2026-08-08 01:41,fc.pid_output,0.0000
2026-08-08 01:41,fc.temperature,3.9934
2026-08-08 01:42,fc.humidifier_duty,0.0000
2026-08-08 01:42,fc.humidity,90.5086
2026-08-08 01:42,fc.humidity_target,0.8850
2026-08-08 01:42,fc.pid_output,0.0000
2026-08-08 01:42,fc.temperature,3.9854
2026-08-08 01:43,fc.humidifier_duty,0.0000
2026-08-08 01:43,fc.humidity,90.4981
2026-08-08 01:43,fc.humidity_target,0.8850
2026-08-08 01:43,fc.pid_output,0.0000
2026-08-08 01:43,fc.temperature,3.9642
2026-08-08 01:44,fc.humidifier_duty,0.0000
2026-08-08 01:44,fc.humidity,90.4951
2026-08-08 01:44,fc.humidity_target,0.8850
2026-08-08 01:44,fc.pid_output,0.0000
2026-08-08 01:44,fc.temperature,3.9587
2026-08-08 01:45,fc.humidifier_duty,0.0000
2026-08-08 01:45,fc.humidity,90.5057
2026-08-08 01:45,fc.humidity_target,0.8850
2026-08-08 01:45,fc.pid_output,0.0000
2026-08-08 01:45,fc.temperature,3.9459
2026-08-08 01:46,fc.humidifier_duty,0.0000
2026-08-08 01:46,fc.humidity,90.5364
2026-08-08 01:46,fc.humidity_target,0.8850
2026-08-08 01:46,fc.pid_output,0.0000
2026-08-08 01:46,fc.temperature,3.9307
2026-08-08 01:47,fc.humidifier_duty,0.0000
2026-08-08 01:47,fc.humidity,90.5540
2026-08-08 01:47,fc.humidity_target,0.8850
2026-08-08 01:47,fc.pid_output,0.0000
2026-08-08 01:47,fc.temperature,3.9186
2026-08-08 01:48,fc.humidifier_duty,0.0000
2026-08-08 01:48,fc.humidity,90.5577
2026-08-08 01:48,fc.humidity_target,0.8850
2026-08-08 01:48,fc.pid_output,0.0000
2026-08-08 01:48,fc.temperature,3.9089
2026-08-08 01:49,fc.humidifier_duty,0.0000
2026-08-08 01:49,fc.humidity,90.5565
2026-08-08 01:49,fc.humidity_target,0.8850
2026-08-08 01:49,fc.pid_output,0.0000
2026-08-08 01:49,fc.temperature,3.9009
2026-08-08 01:50,fc.humidifier_duty,0.0000
2026-08-08 01:50,fc.humidity,90.5609
2026-08-08 01:50,fc.humidity_target,0.8850
2026-08-08 01:50,fc.pid_output,0.0000
2026-08-08 01:50,fc.temperature,3.8848
2026-08-08 01:51,fc.humidifier_duty,0.0000
2026-08-08 01:51,fc.humidity,90.5668
2026-08-08 01:51,fc.humidity_target,0.8850
2026-08-08 01:51,fc.pid_output,0.0000
2026-08-08 01:51,fc.temperature,3.8758
2026-08-08 01:52,fc.humidifier_duty,0.0000
2026-08-08 01:52,fc.humidity,90.5587
2026-08-08 01:52,fc.humidity_target,0.8850
2026-08-08 01:52,fc.pid_output,0.0000
2026-08-08 01:52,fc.temperature,3.8673
2026-08-08 01:53,fc.humidifier_duty,0.0000
2026-08-08 01:53,fc.humidity,90.5824
2026-08-08 01:53,fc.humidity_target,0.8850
2026-08-08 01:53,fc.pid_output,0.0000
2026-08-08 01:53,fc.temperature,3.8539
2026-08-08 01:54,fc.humidifier_duty,0.0000
2026-08-08 01:54,fc.humidity,90.5826
2026-08-08 01:54,fc.humidity_target,0.8850
2026-08-08 01:54,fc.pid_output,0.0000
2026-08-08 01:54,fc.temperature,3.8437
2026-08-08 01:55,fc.humidifier_duty,0.0000
2026-08-08 01:55,fc.humidity,90.5888
2026-08-08 01:55,fc.humidity_target,0.8850
2026-08-08 01:55,fc.pid_output,0.0000
2026-08-08 01:55,fc.temperature,3.8344
2026-08-08 01:56,fc.humidifier_duty,0.0000
2026-08-08 01:56,fc.humidity,90.5870
2026-08-08 01:56,fc.humidity_target,0.8850
2026-08-08 01:56,fc.pid_output,0.0000
2026-08-08 01:56,fc.temperature,3.8275
2026-08-08 01:57,fc.humidifier_duty,0.0000
2026-08-08 01:57,fc.humidity,90.5882
2026-08-08 01:57,fc.humidity_target,0.8850
2026-08-08 01:57,fc.pid_output,0.0000
2026-08-08 01:57,fc.temperature,3.8148
2026-08-08 01:58,fc.humidifier_duty,0.0000
2026-08-08 01:58,fc.humidity,90.5869
2026-08-08 01:58,fc.humidity_target,0.8850
2026-08-08 01:58,fc.pid_output,0.0000
2026-08-08 01:58,fc.temperature,3.8061
2026-08-08 01:59,fc.humidifier_duty,0.0000
2026-08-08 01:59,fc.humidity,90.5969
2026-08-08 01:59,fc.humidity_target,0.8850
2026-08-08 01:59,fc.pid_output,0.0000
2026-08-08 01:59,fc.temperature,3.8102
2026-08-08 02:00,fc.humidifier_duty,0.0000
2026-08-08 02:00,fc.humidity,90.6113
2026-08-08 02:00,fc.humidity_target,0.8850
2026-08-08 02:00,fc.pid_output,0.0000
2026-08-08 02:00,fc.temperature,3.7994
2026-08-08 02:01,fc.humidifier_duty,0.0000
2026-08-08 02:01,fc.humidity,90.6060
2026-08-08 02:01,fc.humidity_target,0.8850
2026-08-08 02:01,fc.pid_output,0.0000
2026-08-08 02:01,fc.temperature,3.7959
2026-08-08 02:02,fc.humidifier_duty,0.0000
2026-08-08 02:02,fc.humidity,90.6054
2026-08-08 02:02,fc.humidity_target,0.8850
2026-08-08 02:02,fc.pid_output,0.0000
2026-08-08 02:02,fc.temperature,3.7923
2026-08-08 02:03,fc.humidifier_duty,0.0000
2026-08-08 02:03,fc.humidity,90.6058
2026-08-08 02:03,fc.humidity_target,0.8850
2026-08-08 02:03,fc.pid_output,0.0000
2026-08-08 02:03,fc.temperature,3.7922
2026-08-08 02:04,fc.humidifier_duty,0.0000
2026-08-08 02:04,fc.humidity,90.6027
2026-08-08 02:04,fc.humidity_target,0.8850
2026-08-08 02:04,fc.pid_output,0.0000
2026-08-08 02:04,fc.temperature,3.7951
2026-08-08 02:05,fc.humidifier_duty,0.0000
2026-08-08 02:05,fc.humidity,90.6002
2026-08-08 02:05,fc.humidity_target,0.8850
2026-08-08 02:05,fc.pid_output,0.0000
2026-08-08 02:05,fc.temperature,3.7940
2026-08-08 02:06,fc.humidifier_duty,0.0000
2026-08-08 02:06,fc.humidity,90.5973
2026-08-08 02:06,fc.humidity_target,0.8850
2026-08-08 02:06,fc.pid_output,0.0000
2026-08-08 02:06,fc.temperature,3.7948
2026-08-08 02:07,fc.humidifier_duty,0.0000
2026-08-08 02:07,fc.humidity,90.5956
2026-08-08 02:07,fc.humidity_target,0.8850
2026-08-08 02:07,fc.pid_output,0.0000
2026-08-08 02:07,fc.temperature,3.8036
2026-08-08 02:08,fc.humidifier_duty,0.0000
2026-08-08 02:08,fc.humidity,90.5944
2026-08-08 02:08,fc.humidity_target,0.8850
2026-08-08 02:08,fc.pid_output,0.0000
2026-08-08 02:08,fc.temperature,3.8076
2026-08-08 02:09,fc.humidifier_duty,0.0000
2026-08-08 02:09,fc.humidity,90.5896
2026-08-08 02:09,fc.humidity_target,0.8850
2026-08-08 02:09,fc.pid_output,0.0000
2026-08-08 02:09,fc.temperature,3.8119
2026-08-08 02:10,fc.humidifier_duty,0.0000
2026-08-08 02:10,fc.humidity,90.5847
2026-08-08 02:10,fc.humidity_target,0.8850
2026-08-08 02:10,fc.pid_output,0.0000
2026-08-08 02:10,fc.temperature,3.8194
2026-08-08 02:11,fc.humidifier_duty,0.0000
2026-08-08 02:11,fc.humidity,90.5782
2026-08-08 02:11,fc.humidity_target,0.8850
2026-08-08 02:11,fc.pid_output,0.0000
2026-08-08 02:11,fc.temperature,3.8207
2026-08-08 02:12,fc.humidifier_duty,0.0000
2026-08-08 02:12,fc.humidity,90.5696
2026-08-08 02:12,fc.humidity_target,0.8850
2026-08-08 02:12,fc.pid_output,0.0000
2026-08-08 02:12,fc.temperature,3.8266
2026-08-08 02:13,fc.humidifier_duty,0.0000
2026-08-08 02:13,fc.humidity,90.5533
2026-08-08 02:13,fc.humidity_target,0.8850
2026-08-08 02:13,fc.pid_output,0.0000
2026-08-08 02:13,fc.temperature,3.8266
2026-08-08 02:14,fc.humidifier_duty,0.0000
2026-08-08 02:14,fc.humidity,90.5504
2026-08-08 02:14,fc.humidity_target,0.8850
2026-08-08 02:14,fc.pid_output,0.0000
2026-08-08 02:14,fc.temperature,3.8289
2026-08-08 02:15,fc.humidifier_duty,0.0000
2026-08-08 02:15,fc.humidity,90.5435
2026-08-08 02:15,fc.humidity_target,0.8850
2026-08-08 02:15,fc.pid_output,0.0000
2026-08-08 02:15,fc.temperature,3.8311
2026-08-08 02:16,fc.humidifier_duty,0.0000
2026-08-08 02:16,fc.humidity,90.5494
2026-08-08 02:16,fc.humidity_target,0.8850
2026-08-08 02:16,fc.pid_output,0.0000
2026-08-08 02:16,fc.temperature,3.8303
2026-08-08 02:17,fc.humidifier_duty,0.0000
2026-08-08 02:17,fc.humidity,90.5454
2026-08-08 02:17,fc.humidity_target,0.8850
2026-08-08 02:17,fc.pid_output,0.0000
2026-08-08 02:17,fc.temperature,3.8310
2026-08-08 02:18,fc.humidifier_duty,0.0000
2026-08-08 02:18,fc.humidity,90.5368
2026-08-08 02:18,fc.humidity_target,0.8850
2026-08-08 02:18,fc.pid_output,0.0000
2026-08-08 02:18,fc.temperature,3.8271
2026-08-08 02:19,fc.humidifier_duty,0.0000
2026-08-08 02:19,fc.humidity,90.5338
2026-08-08 02:19,fc.humidity_target,0.8850
2026-08-08 02:19,fc.pid_output,0.0000
2026-08-08 02:19,fc.temperature,3.8310
2026-08-08 02:20,fc.humidifier_duty,0.0000
2026-08-08 02:20,fc.humidity,90.5329
2026-08-08 02:20,fc.humidity_target,0.8850
2026-08-08 02:20,fc.pid_output,0.0000
2026-08-08 02:20,fc.temperature,3.8327
2026-08-08 02:21,fc.humidifier_duty,0.0000
2026-08-08 02:21,fc.humidity,90.5389
2026-08-08 02:21,fc.humidity_target,0.8850
2026-08-08 02:21,fc.pid_output,0.0000
2026-08-08 02:21,fc.temperature,3.8283
2026-08-08 02:22,fc.humidifier_duty,0.0000
2026-08-08 02:22,fc.humidity,90.5477
2026-08-08 02:22,fc.humidity_target,0.8850
2026-08-08 02:22,fc.pid_output,0.0000
2026-08-08 02:22,fc.temperature,3.8265
2026-08-08 02:23,fc.humidifier_duty,0.0000
2026-08-08 02:23,fc.humidity,90.5501
2026-08-08 02:23,fc.humidity_target,0.8850
2026-08-08 02:23,fc.pid_output,0.0000
2026-08-08 02:23,fc.temperature,3.8238
2026-08-08 02:24,fc.humidifier_duty,0.0000
2026-08-08 02:24,fc.humidity,90.5759
2026-08-08 02:24,fc.humidity_target,0.8850
2026-08-08 02:24,fc.pid_output,0.0000
2026-08-08 02:24,fc.temperature,3.8220
2026-08-08 02:25,fc.humidifier_duty,0.0000
2026-08-08 02:25,fc.humidity,90.5795
2026-08-08 02:25,fc.humidity_target,0.8850
2026-08-08 02:25,fc.pid_output,0.0000
2026-08-08 02:25,fc.temperature,3.8238
2026-08-08 02:26,fc.humidifier_duty,0.0000
2026-08-08 02:26,fc.humidity,90.5868
2026-08-08 02:26,fc.humidity_target,0.8850
2026-08-08 02:26,fc.pid_output,0.0000
2026-08-08 02:26,fc.temperature,3.8144
2026-08-08 02:27,fc.humidifier_duty,0.0000
2026-08-08 02:27,fc.humidity,90.6115
2026-08-08 02:27,fc.humidity_target,0.8850
2026-08-08 02:27,fc.pid_output,0.0000
2026-08-08 02:27,fc.temperature,3.8131
2026-08-08 02:28,fc.humidifier_duty,0.0000
2026-08-08 02:28,fc.humidity,90.6361
2026-08-08 02:28,fc.humidity_target,0.8850
2026-08-08 02:28,fc.pid_output,0.0000
2026-08-08 02:28,fc.temperature,3.8094
2026-08-08 02:29,fc.humidifier_duty,0.0000
2026-08-08 02:29,fc.humidity,90.6351
2026-08-08 02:29,fc.humidity_target,0.8850
2026-08-08 02:29,fc.pid_output,0.0000
2026-08-08 02:29,fc.temperature,3.8056
2026-08-08 02:30,fc.humidifier_duty,0.0000
2026-08-08 02:30,fc.humidity,90.6513
2026-08-08 02:30,fc.humidity_target,0.8850
2026-08-08 02:30,fc.pid_output,0.0000
2026-08-08 02:30,fc.temperature,3.7995
2026-08-08 02:31,fc.humidifier_duty,0.0000
2026-08-08 02:31,fc.humidity,90.6662
2026-08-08 02:31,fc.humidity_target,0.8850
2026-08-08 02:31,fc.pid_output,0.0000
2026-08-08 02:31,fc.temperature,3.7935
2026-08-08 02:32,fc.humidifier_duty,0.0000
2026-08-08 02:32,fc.humidity,90.6643
2026-08-08 02:32,fc.humidity_target,0.8850
2026-08-08 02:32,fc.pid_output,0.0000
2026-08-08 02:32,fc.temperature,3.7873
2026-08-08 02:33,fc.humidifier_duty,0.0000
2026-08-08 02:33,fc.humidity,90.6606
2026-08-08 02:33,fc.humidity_target,0.8850
2026-08-08 02:33,fc.pid_output,0.0000
2026-08-08 02:33,fc.temperature,3.7800
2026-08-08 02:34,fc.humidifier_duty,0.0000
2026-08-08 02:34,fc.humidity,90.6673
2026-08-08 02:34,fc.humidity_target,0.8850
2026-08-08 02:34,fc.pid_output,0.0000
2026-08-08 02:34,fc.temperature,3.7704
2026-08-08 02:35,fc.humidifier_duty,0.0000
2026-08-08 02:35,fc.humidity,90.6564
2026-08-08 02:35,fc.humidity_target,0.8850
2026-08-08 02:35,fc.pid_output,0.0000
2026-08-08 02:35,fc.temperature,3.7655
2026-08-08 02:36,fc.humidifier_duty,0.0000
2026-08-08 02:36,fc.humidity,90.6464
2026-08-08 02:36,fc.humidity_target,0.8850
2026-08-08 02:36,fc.pid_output,0.0000
2026-08-08 02:36,fc.temperature,3.7574
2026-08-08 02:37,fc.humidifier_duty,0.0000
2026-08-08 02:37,fc.humidity,90.6435
2026-08-08 02:37,fc.humidity_target,0.8850
2026-08-08 02:37,fc.pid_output,0.0000
2026-08-08 02:37,fc.temperature,3.7504
2026-08-08 02:38,fc.humidifier_duty,0.0000
2026-08-08 02:38,fc.humidity,90.6298
2026-08-08 02:38,fc.humidity_target,0.8850
2026-08-08 02:38,fc.pid_output,0.0000
2026-08-08 02:38,fc.temperature,3.7403
2026-08-08 02:39,fc.humidifier_duty,0.0000
2026-08-08 02:39,fc.humidity,90.6248
2026-08-08 02:39,fc.humidity_target,0.8850
2026-08-08 02:39,fc.pid_output,0.0000
2026-08-08 02:39,fc.temperature,3.7322
2026-08-08 02:40,fc.humidifier_duty,0.0000
2026-08-08 02:40,fc.humidity,90.6310
2026-08-08 02:40,fc.humidity_target,0.8850
2026-08-08 02:40,fc.pid_output,0.0000
2026-08-08 02:40,fc.temperature,3.7240
2026-08-08 02:41,fc.humidifier_duty,0.0000
2026-08-08 02:41,fc.humidity,90.6266
2026-08-08 02:41,fc.humidity_target,0.8850
2026-08-08 02:41,fc.pid_output,0.0000
2026-08-08 02:41,fc.temperature,3.7153
2026-08-08 02:42,fc.humidifier_duty,0.0000
2026-08-08 02:42,fc.humidity,90.6343
2026-08-08 02:42,fc.humidity_target,0.8850
2026-08-08 02:42,fc.pid_output,0.0000
2026-08-08 02:42,fc.temperature,3.7040
2026-08-08 02:43,fc.humidifier_duty,0.0000
2026-08-08 02:43,fc.humidity,90.6290
2026-08-08 02:43,fc.humidity_target,0.8850
2026-08-08 02:43,fc.pid_output,0.0000
2026-08-08 02:43,fc.temperature,3.7023
2026-08-08 02:44,fc.humidifier_duty,0.0000
2026-08-08 02:44,fc.humidity,90.6327
2026-08-08 02:44,fc.humidity_target,0.8850
2026-08-08 02:44,fc.pid_output,0.0000
2026-08-08 02:44,fc.temperature,3.6909
2026-08-08 02:45,fc.humidifier_duty,0.0000
2026-08-08 02:45,fc.humidity,90.6333
2026-08-08 02:45,fc.humidity_target,0.8850
2026-08-08 02:45,fc.pid_output,0.0000
2026-08-08 02:45,fc.temperature,3.6917
2026-08-08 02:46,fc.humidifier_duty,0.0000
2026-08-08 02:46,fc.humidity,90.6316
2026-08-08 02:46,fc.humidity_target,0.8850
2026-08-08 02:46,fc.pid_output,0.0000
2026-08-08 02:46,fc.temperature,3.6823
2026-08-08 02:47,fc.humidifier_duty,0.0000
2026-08-08 02:47,fc.humidity,90.6385
2026-08-08 02:47,fc.humidity_target,0.8850
2026-08-08 02:47,fc.pid_output,0.0000
2026-08-08 02:47,fc.temperature,3.6759
2026-08-08 02:48,fc.humidifier_duty,0.0000
2026-08-08 02:48,fc.humidity,90.6435
2026-08-08 02:48,fc.humidity_target,0.8850
2026-08-08 02:48,fc.pid_output,0.0000
2026-08-08 02:48,fc.temperature,3.6746
2026-08-08 02:49,fc.humidifier_duty,0.0000
2026-08-08 02:49,fc.humidity,90.6412
2026-08-08 02:49,fc.humidity_target,0.8850
2026-08-08 02:49,fc.pid_output,0.0000
2026-08-08 02:49,fc.temperature,3.6688
2026-08-08 02:50,fc.humidifier_duty,0.0000
2026-08-08 02:50,fc.humidity,90.6478
2026-08-08 02:50,fc.humidity_target,0.8850
2026-08-08 02:50,fc.pid_output,0.0000
2026-08-08 02:50,fc.temperature,3.6619
2026-08-08 02:51,fc.humidifier_duty,0.0000
2026-08-08 02:51,fc.humidity,90.6591
2026-08-08 02:51,fc.humidity_target,0.8850
2026-08-08 02:51,fc.pid_output,0.0000
2026-08-08 02:51,fc.temperature,3.6633
2026-08-08 02:52,fc.humidifier_duty,0.0000
2026-08-08 02:52,fc.humidity,90.6587
2026-08-08 02:52,fc.humidity_target,0.8850
2026-08-08 02:52,fc.pid_output,0.0000
2026-08-08 02:52,fc.temperature,3.6633
2026-08-08 02:53,fc.humidifier_duty,0.0000
2026-08-08 02:53,fc.humidity,90.6681
2026-08-08 02:53,fc.humidity_target,0.8850
2026-08-08 02:53,fc.pid_output,0.0000
2026-08-08 02:53,fc.temperature,3.6574
2026-08-08 02:54,fc.humidifier_duty,0.0000
2026-08-08 02:54,fc.humidity,90.6655
2026-08-08 02:54,fc.humidity_target,0.8850
2026-08-08 02:54,fc.pid_output,0.0000
2026-08-08 02:54,fc.temperature,3.6614
2026-08-08 02:55,fc.humidifier_duty,0.0000
2026-08-08 02:55,fc.humidity,90.6744
2026-08-08 02:55,fc.humidity_target,0.8850
2026-08-08 02:55,fc.pid_output,0.0000
2026-08-08 02:55,fc.temperature,3.6605
2026-08-08 02:56,fc.humidifier_duty,0.0000
2026-08-08 02:56,fc.humidity,90.6850
2026-08-08 02:56,fc.humidity_target,0.8850
2026-08-08 02:56,fc.pid_output,0.0000
2026-08-08 02:56,fc.temperature,3.6583
2026-08-08 02:57,fc.humidifier_duty,0.0000
2026-08-08 02:57,fc.humidity,90.6872
2026-08-08 02:57,fc.humidity_target,0.8850
2026-08-08 02:57,fc.pid_output,0.0000
2026-08-08 02:57,fc.temperature,3.6587
2026-08-08 02:58,fc.humidifier_duty,0.0000
2026-08-08 02:58,fc.humidity,90.6877
2026-08-08 02:58,fc.humidity_target,0.8850
2026-08-08 02:58,fc.pid_output,0.0000
2026-08-08 02:58,fc.temperature,3.6614
2026-08-08 02:59,fc.humidifier_duty,0.0000
2026-08-08 02:59,fc.humidity,90.6845
2026-08-08 02:59,fc.humidity_target,0.8850
2026-08-08 02:59,fc.pid_output,0.0000
2026-08-08 02:59,fc.temperature,3.6674
2026-08-08 03:00,fc.humidifier_duty,0.0000
2026-08-08 03:00,fc.humidity,90.6858
2026-08-08 03:00,fc.humidity_target,0.8850
2026-08-08 03:00,fc.pid_output,0.0000
2026-08-08 03:00,fc.temperature,3.6679
2026-08-08 03:01,fc.humidifier_duty,0.0000
2026-08-08 03:01,fc.humidity,90.6815
2026-08-08 03:01,fc.humidity_target,0.8850
2026-08-08 03:01,fc.pid_output,0.0000
2026-08-08 03:01,fc.temperature,3.6740
2026-08-08 03:02,fc.humidifier_duty,0.0000
2026-08-08 03:02,fc.humidity,90.6735
2026-08-08 03:02,fc.humidity_target,0.8850
2026-08-08 03:02,fc.pid_output,0.0000
2026-08-08 03:02,fc.temperature,3.6808
2026-08-08 03:03,fc.humidifier_duty,0.0000
2026-08-08 03:03,fc.humidity,90.6718
2026-08-08 03:03,fc.humidity_target,0.8850
2026-08-08 03:03,fc.pid_output,0.0000
2026-08-08 03:03,fc.temperature,3.6863
2026-08-08 03:04,fc.humidifier_duty,0.0000
2026-08-08 03:04,fc.humidity,90.6711
2026-08-08 03:04,fc.humidity_target,0.8850
2026-08-08 03:04,fc.pid_output,0.0000
2026-08-08 03:04,fc.temperature,3.6963
2026-08-08 03:05,fc.humidifier_duty,0.0000
2026-08-08 03:05,fc.humidity,90.6493
2026-08-08 03:05,fc.humidity_target,0.8850
2026-08-08 03:05,fc.pid_output,0.0000
2026-08-08 03:05,fc.temperature,3.7130
2026-08-08 03:06,fc.humidifier_duty,0.0000
2026-08-08 03:06,fc.humidity,90.6492
2026-08-08 03:06,fc.humidity_target,0.8850
2026-08-08 03:06,fc.pid_output,0.0000
2026-08-08 03:06,fc.temperature,3.7185
2026-08-08 03:07,fc.humidifier_duty,0.0000
2026-08-08 03:07,fc.humidity,90.6333
2026-08-08 03:07,fc.humidity_target,0.8850
2026-08-08 03:07,fc.pid_output,0.0000
2026-08-08 03:07,fc.temperature,3.7298
2026-08-08 03:08,fc.humidifier_duty,0.0000
2026-08-08 03:08,fc.humidity,90.6327
2026-08-08 03:08,fc.humidity_target,0.8850
2026-08-08 03:08,fc.pid_output,0.0000
2026-08-08 03:08,fc.temperature,3.7383
2026-08-08 03:09,fc.humidifier_duty,0.0000
2026-08-08 03:09,fc.humidity,90.6192
2026-08-08 03:09,fc.humidity_target,0.8850
2026-08-08 03:09,fc.pid_output,0.0000
2026-08-08 03:09,fc.temperature,3.7525
2026-08-08 03:10,fc.humidifier_duty,0.0000
2026-08-08 03:10,fc.humidity,90.6081
2026-08-08 03:10,fc.humidity_target,0.8850
2026-08-08 03:10,fc.pid_output,0.0000
2026-08-08 03:10,fc.temperature,3.7624
2026-08-08 03:11,fc.humidifier_duty,0.0000
2026-08-08 03:11,fc.humidity,90.5924
2026-08-08 03:11,fc.humidity_target,0.8850
2026-08-08 03:11,fc.pid_output,0.0000
2026-08-08 03:11,fc.temperature,3.7718
2026-08-08 03:12,fc.humidifier_duty,0.0000
2026-08-08 03:12,fc.humidity,90.5865
2026-08-08 03:12,fc.humidity_target,0.8850
2026-08-08 03:12,fc.pid_output,0.0000
2026-08-08 03:12,fc.temperature,3.7810
2026-08-08 03:13,fc.humidifier_duty,0.0000
2026-08-08 03:13,fc.humidity,90.5748
2026-08-08 03:13,fc.humidity_target,0.8850
2026-08-08 03:13,fc.pid_output,0.0000
2026-08-08 03:13,fc.temperature,3.7891
2026-08-08 03:14,fc.humidifier_duty,0.0000
2026-08-08 03:14,fc.humidity,90.5607
2026-08-08 03:14,fc.humidity_target,0.8850
2026-08-08 03:14,fc.pid_output,0.0000
2026-08-08 03:14,fc.temperature,3.7999
2026-08-08 03:15,fc.humidifier_duty,0.0000
2026-08-08 03:15,fc.humidity,90.5486
2026-08-08 03:15,fc.humidity_target,0.8850
2026-08-08 03:15,fc.pid_output,0.0000
2026-08-08 03:15,fc.temperature,3.8031
2026-08-08 03:16,fc.humidifier_duty,0.0000
2026-08-08 03:16,fc.humidity,90.5302
2026-08-08 03:16,fc.humidity_target,0.8850
2026-08-08 03:16,fc.pid_output,0.0000
2026-08-08 03:16,fc.temperature,3.8141
2026-08-08 03:17,fc.humidifier_duty,0.0000
2026-08-08 03:17,fc.humidity,90.5121
2026-08-08 03:17,fc.humidity_target,0.8850
2026-08-08 03:17,fc.pid_output,0.0000
2026-08-08 03:17,fc.temperature,3.8285
2026-08-08 03:18,fc.humidifier_duty,0.0000
2026-08-08 03:18,fc.humidity,90.4991
2026-08-08 03:18,fc.humidity_target,0.8850
2026-08-08 03:18,fc.pid_output,0.0000
2026-08-08 03:18,fc.temperature,3.8339
2026-08-08 03:19,fc.humidifier_duty,0.0000
2026-08-08 03:19,fc.humidity,90.4830
2026-08-08 03:19,fc.humidity_target,0.8850
2026-08-08 03:19,fc.pid_output,0.0000
2026-08-08 03:19,fc.temperature,3.8437
2026-08-08 03:20,fc.humidifier_duty,0.0000
2026-08-08 03:20,fc.humidity,90.4690
2026-08-08 03:20,fc.humidity_target,0.8850
2026-08-08 03:20,fc.pid_output,0.0000
2026-08-08 03:20,fc.temperature,3.8553
2026-08-08 03:21,fc.humidifier_duty,0.0000
2026-08-08 03:21,fc.humidity,90.4611
2026-08-08 03:21,fc.humidity_target,0.8850
2026-08-08 03:21,fc.pid_output,0.0000
2026-08-08 03:21,fc.temperature,3.8661
2026-08-08 03:22,fc.humidifier_duty,0.0000
2026-08-08 03:22,fc.humidity,90.4486
2026-08-08 03:22,fc.humidity_target,0.8850
2026-08-08 03:22,fc.pid_output,0.0000
2026-08-08 03:22,fc.temperature,3.8705
2026-08-08 03:23,fc.humidifier_duty,0.0000
2026-08-08 03:23,fc.humidity,90.4373
2026-08-08 03:23,fc.humidity_target,0.8850
2026-08-08 03:23,fc.pid_output,0.0000
2026-08-08 03:23,fc.temperature,3.8821
2026-08-08 03:24,fc.humidifier_duty,0.0000
2026-08-08 03:24,fc.humidity,90.4280
2026-08-08 03:24,fc.humidity_target,0.8850
2026-08-08 03:24,fc.pid_output,0.0000
2026-08-08 03:24,fc.temperature,3.8900
2026-08-08 03:25,fc.humidifier_duty,0.0000
2026-08-08 03:25,fc.humidity,90.4137
2026-08-08 03:25,fc.humidity_target,0.8850
2026-08-08 03:25,fc.pid_output,0.0000
2026-08-08 03:25,fc.temperature,3.8973
2026-08-08 03:26,fc.humidifier_duty,0.0000
2026-08-08 03:26,fc.humidity,90.4041
2026-08-08 03:26,fc.humidity_target,0.8850
2026-08-08 03:26,fc.pid_output,0.0000
2026-08-08 03:26,fc.temperature,3.9111
2026-08-08 03:27,fc.humidifier_duty,0.0000
2026-08-08 03:27,fc.humidity,90.3949
2026-08-08 03:27,fc.humidity_target,0.8850
2026-08-08 03:27,fc.pid_output,0.0000
2026-08-08 03:27,fc.temperature,3.9201
2026-08-08 03:28,fc.humidifier_duty,0.0000
2026-08-08 03:28,fc.humidity,90.3876
2026-08-08 03:28,fc.humidity_target,0.8850
2026-08-08 03:28,fc.pid_output,0.0000
2026-08-08 03:28,fc.temperature,3.9332
2026-08-08 03:29,fc.humidifier_duty,0.0000
2026-08-08 03:29,fc.humidity,90.3804
2026-08-08 03:29,fc.humidity_target,0.8850
2026-08-08 03:29,fc.pid_output,0.0000
2026-08-08 03:29,fc.temperature,3.9441
2026-08-08 03:30,fc.humidifier_duty,0.0000
2026-08-08 03:30,fc.humidity,90.3744
2026-08-08 03:30,fc.humidity_target,0.8850
2026-08-08 03:30,fc.pid_output,0.0000
2026-08-08 03:30,fc.temperature,3.9614
2026-08-08 03:31,fc.humidifier_duty,0.0000
2026-08-08 03:31,fc.humidity,90.3828
2026-08-08 03:31,fc.humidity_target,0.8850
2026-08-08 03:31,fc.pid_output,0.0000
2026-08-08 03:31,fc.temperature,3.9661
2026-08-08 03:32,fc.humidifier_duty,0.0000
2026-08-08 03:32,fc.humidity,90.3815
2026-08-08 03:32,fc.humidity_target,0.8850
2026-08-08 03:32,fc.pid_output,0.0000
2026-08-08 03:32,fc.temperature,3.9817
2026-08-08 03:33,fc.humidifier_duty,0.0000
2026-08-08 03:33,fc.humidity,90.3871
2026-08-08 03:33,fc.humidity_target,0.8850
2026-08-08 03:33,fc.pid_output,0.0000
2026-08-08 03:33,fc.temperature,3.9999
2026-08-08 03:34,fc.humidifier_duty,0.0000
2026-08-08 03:34,fc.humidity,90.3919
2026-08-08 03:34,fc.humidity_target,0.8850
2026-08-08 03:34,fc.pid_output,0.0000
2026-08-08 03:34,fc.temperature,4.0127
2026-08-08 03:35,fc.humidifier_duty,0.0000
2026-08-08 03:35,fc.humidity,90.3855
2026-08-08 03:35,fc.humidity_target,0.8850
2026-08-08 03:35,fc.pid_output,0.0000
2026-08-08 03:35,fc.temperature,4.0275
2026-08-08 03:36,fc.humidifier_duty,0.0000
2026-08-08 03:36,fc.humidity,90.3747
2026-08-08 03:36,fc.humidity_target,0.8850
2026-08-08 03:36,fc.pid_output,0.0000
2026-08-08 03:36,fc.temperature,4.0397
2026-08-08 03:37,fc.humidifier_duty,0.0000
2026-08-08 03:37,fc.humidity,90.3810
2026-08-08 03:37,fc.humidity_target,0.8850
2026-08-08 03:37,fc.pid_output,0.0000
2026-08-08 03:37,fc.temperature,4.0523
2026-08-08 03:38,fc.humidifier_duty,0.0000
2026-08-08 03:38,fc.humidity,90.3717
2026-08-08 03:38,fc.humidity_target,0.8850
2026-08-08 03:38,fc.pid_output,0.0000
2026-08-08 03:38,fc.temperature,4.0619
2026-08-08 03:39,fc.humidifier_duty,0.0000
2026-08-08 03:39,fc.humidity,90.3524
2026-08-08 03:39,fc.humidity_target,0.8850
2026-08-08 03:39,fc.pid_output,0.0000
2026-08-08 03:39,fc.temperature,4.0816
2026-08-08 03:40,fc.humidifier_duty,0.0000
2026-08-08 03:40,fc.humidity,90.3381
2026-08-08 03:40,fc.humidity_target,0.8850
2026-08-08 03:40,fc.pid_output,0.0000
2026-08-08 03:40,fc.temperature,4.0882
2026-08-08 03:41,fc.humidifier_duty,0.0000
2026-08-08 03:41,fc.humidity,90.3225
2026-08-08 03:41,fc.humidity_target,0.8850
2026-08-08 03:41,fc.pid_output,0.0000
2026-08-08 03:41,fc.temperature,4.1024
2026-08-08 03:42,fc.humidifier_duty,0.0000
2026-08-08 03:42,fc.humidity,90.2925
2026-08-08 03:42,fc.humidity_target,0.8850
2026-08-08 03:42,fc.pid_output,0.0000
2026-08-08 03:42,fc.temperature,4.1120
2026-08-08 03:43,fc.humidifier_duty,0.0000
2026-08-08 03:43,fc.humidity,90.2725
2026-08-08 03:43,fc.humidity_target,0.8850
2026-08-08 03:43,fc.pid_output,0.0000
2026-08-08 03:43,fc.temperature,4.1299
2026-08-08 03:44,fc.humidifier_duty,0.0000
2026-08-08 03:44,fc.humidity,90.2517
2026-08-08 03:44,fc.humidity_target,0.8850
2026-08-08 03:44,fc.pid_output,0.0000
2026-08-08 03:44,fc.temperature,4.1372
2026-08-08 03:45,fc.humidifier_duty,0.0000
2026-08-08 03:45,fc.humidity,90.2364
2026-08-08 03:45,fc.humidity_target,0.8850
2026-08-08 03:45,fc.pid_output,0.0000
2026-08-08 03:45,fc.temperature,4.1486
2026-08-08 03:46,fc.humidifier_duty,0.0000
2026-08-08 03:46,fc.humidity,90.2226
2026-08-08 03:46,fc.humidity_target,0.8850
2026-08-08 03:46,fc.pid_output,0.0000
2026-08-08 03:46,fc.temperature,4.1590
2026-08-08 03:47,fc.humidifier_duty,0.0000
2026-08-08 03:47,fc.humidity,90.2036
2026-08-08 03:47,fc.humidity_target,0.8850
2026-08-08 03:47,fc.pid_output,0.0000
2026-08-08 03:47,fc.temperature,4.1665
2026-08-08 03:48,fc.humidifier_duty,0.0000
2026-08-08 03:48,fc.humidity,90.1853
2026-08-08 03:48,fc.humidity_target,0.8850
2026-08-08 03:48,fc.pid_output,0.0000
2026-08-08 03:48,fc.temperature,4.1777
2026-08-08 03:49,fc.humidifier_duty,0.0000
2026-08-08 03:49,fc.humidity,90.1666
2026-08-08 03:49,fc.humidity_target,0.8850
2026-08-08 03:49,fc.pid_output,0.0000
2026-08-08 03:49,fc.temperature,4.1927
2026-08-08 03:50,fc.humidifier_duty,0.0000
2026-08-08 03:50,fc.humidity,90.1569
2026-08-08 03:50,fc.humidity_target,0.8850
2026-08-08 03:50,fc.pid_output,0.0000
2026-08-08 03:50,fc.temperature,4.2001
2026-08-08 03:51,fc.humidifier_duty,0.0000
2026-08-08 03:51,fc.humidity,90.1337
2026-08-08 03:51,fc.humidity_target,0.8850
2026-08-08 03:51,fc.pid_output,0.0000
2026-08-08 03:51,fc.temperature,4.2069
2026-08-08 03:52,fc.humidifier_duty,0.0000
2026-08-08 03:52,fc.humidity,90.1112
2026-08-08 03:52,fc.humidity_target,0.8850
2026-08-08 03:52,fc.pid_output,0.0000
2026-08-08 03:52,fc.temperature,4.2236
2026-08-08 03:53,fc.humidifier_duty,0.0000
2026-08-08 03:53,fc.humidity,90.0995
2026-08-08 03:53,fc.humidity_target,0.8850
2026-08-08 03:53,fc.pid_output,0.0000
2026-08-08 03:53,fc.temperature,4.2335
2026-08-08 03:54,fc.humidifier_duty,0.0000
2026-08-08 03:54,fc.humidity,90.0801
2026-08-08 03:54,fc.humidity_target,0.8850
2026-08-08 03:54,fc.pid_output,0.0000
2026-08-08 03:54,fc.temperature,4.2400
2026-08-08 03:55,fc.humidifier_duty,0.0000
2026-08-08 03:55,fc.humidity,90.0616
2026-08-08 03:55,fc.humidity_target,0.8850
2026-08-08 03:55,fc.pid_output,0.0000
2026-08-08 03:55,fc.temperature,4.2475
2026-08-08 03:56,fc.humidifier_duty,0.0000
2026-08-08 03:56,fc.humidity,90.0449
2026-08-08 03:56,fc.humidity_target,0.8850
2026-08-08 03:56,fc.pid_output,0.0000
2026-08-08 03:56,fc.temperature,4.2628
2026-08-08 03:57,fc.humidifier_duty,0.0000
2026-08-08 03:57,fc.humidity,90.0304
2026-08-08 03:57,fc.humidity_target,0.8850
2026-08-08 03:57,fc.pid_output,0.0000
2026-08-08 03:57,fc.temperature,4.2656
2026-08-08 03:58,fc.humidifier_duty,0.0000
2026-08-08 03:58,fc.humidity,90.0038
2026-08-08 03:58,fc.humidity_target,0.8850
2026-08-08 03:58,fc.pid_output,0.0000
2026-08-08 03:58,fc.temperature,4.2839
2026-08-08 03:59,fc.humidifier_duty,0.0001
2026-08-08 03:59,fc.humidity,89.9731
2026-08-08 03:59,fc.humidity_target,0.8850
2026-08-08 03:59,fc.pid_output,0.0001
2026-08-08 03:59,fc.temperature,4.2861
2026-08-08 04:00,fc.humidifier_duty,0.0003
2026-08-08 04:00,fc.humidity,89.9539
2026-08-08 04:00,fc.humidity_target,0.8850
2026-08-08 04:00,fc.pid_output,0.0003
2026-08-08 04:00,fc.temperature,4.2911
2026-08-08 04:01,fc.humidifier_duty,0.0011
2026-08-08 04:01,fc.humidity,89.9070
2026-08-08 04:01,fc.humidity_target,0.8850
2026-08-08 04:01,fc.pid_output,0.0011
2026-08-08 04:01,fc.temperature,4.2975
2026-08-08 04:02,fc.humidifier_duty,0.0030
2026-08-08 04:02,fc.humidity,89.8571
2026-08-08 04:02,fc.humidity_target,0.8850
2026-08-08 04:02,fc.pid_output,0.0030
2026-08-08 04:02,fc.temperature,4.3026
2026-08-08 04:03,fc.humidifier_duty,0.0050
2026-08-08 04:03,fc.humidity,89.8196
2026-08-08 04:03,fc.humidity_target,0.8850
2026-08-08 04:03,fc.pid_output,0.0051
2026-08-08 04:03,fc.temperature,4.3130
2026-08-08 04:04,fc.humidifier_duty,0.0068
2026-08-08 04:04,fc.humidity,89.7958
2026-08-08 04:04,fc.humidity_target,0.8850
2026-08-08 04:04,fc.pid_output,0.0068
2026-08-08 04:04,fc.temperature,4.3147
2026-08-08 04:05,fc.humidifier_duty,0.0091
2026-08-08 04:05,fc.humidity,89.7703
2026-08-08 04:05,fc.humidity_target,0.8850
2026-08-08 04:05,fc.pid_output,0.0092
2026-08-08 04:05,fc.temperature,4.3229
2026-08-08 04:06,fc.humidifier_duty,0.0119
2026-08-08 04:06,fc.humidity,89.7432
2026-08-08 04:06,fc.humidity_target,0.8850
2026-08-08 04:06,fc.pid_output,0.0118
2026-08-08 04:06,fc.temperature,4.3236
2026-08-08 04:07,fc.humidifier_duty,0.0143
2026-08-08 04:07,fc.humidity,89.7266
2026-08-08 04:07,fc.humidity_target,0.8850
2026-08-08 04:07,fc.pid_output,0.0143
2026-08-08 04:07,fc.temperature,4.3290
2026-08-08 04:08,fc.humidifier_duty,0.0166
2026-08-08 04:08,fc.humidity,89.7144
2026-08-08 04:08,fc.humidity_target,0.8850
2026-08-08 04:08,fc.pid_output,0.0166
2026-08-08 04:08,fc.temperature,4.3259
2026-08-08 04:09,fc.humidifier_duty,0.0198
2026-08-08 04:09,fc.humidity,89.6943
2026-08-08 04:09,fc.humidity_target,0.8850
2026-08-08 04:09,fc.pid_output,0.0198
2026-08-08 04:09,fc.temperature,4.3267
2026-08-08 04:10,fc.humidifier_duty,0.0235
2026-08-08 04:10,fc.humidity,89.6712
2026-08-08 04:10,fc.humidity_target,0.8850
2026-08-08 04:10,fc.pid_output,0.0234
2026-08-08 04:10,fc.temperature,4.3244
2026-08-08 04:11,fc.humidifier_duty,0.0264
2026-08-08 04:11,fc.humidity,89.6635
2026-08-08 04:11,fc.humidity_target,0.8850
2026-08-08 04:11,fc.pid_output,0.0264
2026-08-08 04:11,fc.temperature,4.3163
2026-08-08 04:12,fc.humidifier_duty,0.0295
2026-08-08 04:12,fc.humidity,89.6553
2026-08-08 04:12,fc.humidity_target,0.8850
2026-08-08 04:12,fc.pid_output,0.0295
2026-08-08 04:12,fc.temperature,4.3033
2026-08-08 04:13,fc.humidifier_duty,0.0317
2026-08-08 04:13,fc.humidity,89.6537
2026-08-08 04:13,fc.humidity_target,0.8850
2026-08-08 04:13,fc.pid_output,0.0317
2026-08-08 04:13,fc.temperature,4.2891
2026-08-08 04:14,fc.humidifier_duty,0.0352
2026-08-08 04:14,fc.humidity,89.6441
2026-08-08 04:14,fc.humidity_target,0.8850
2026-08-08 04:14,fc.pid_output,0.0352
2026-08-08 04:14,fc.temperature,4.2782
2026-08-08 04:15,fc.humidifier_duty,0.0372
2026-08-08 04:15,fc.humidity,89.6499
2026-08-08 04:15,fc.humidity_target,0.8850
2026-08-08 04:15,fc.pid_output,0.0372
2026-08-08 04:15,fc.temperature,4.2614
2026-08-08 04:16,fc.humidifier_duty,0.0384
2026-08-08 04:16,fc.humidity,89.6593
2026-08-08 04:16,fc.humidity_target,0.8850
2026-08-08 04:16,fc.pid_output,0.0384
2026-08-08 04:16,fc.temperature,4.2433
2026-08-08 04:17,fc.humidifier_duty,0.0401
2026-08-08 04:17,fc.humidity,89.6695
2026-08-08 04:17,fc.humidity_target,0.8850
2026-08-08 04:17,fc.pid_output,0.0401
2026-08-08 04:17,fc.temperature,4.2321
2026-08-08 04:18,fc.humidifier_duty,0.0414
2026-08-08 04:18,fc.humidity,89.6809
2026-08-08 04:18,fc.humidity_target,0.8850
2026-08-08 04:18,fc.pid_output,0.0414
2026-08-08 04:18,fc.temperature,4.2238
2026-08-08 04:19,fc.humidifier_duty,0.0420
2026-08-08 04:19,fc.humidity,89.6945
2026-08-08 04:19,fc.humidity_target,0.8850
2026-08-08 04:19,fc.pid_output,0.0420
2026-08-08 04:19,fc.temperature,4.2083
2026-08-08 04:20,fc.humidifier_duty,0.0423
2026-08-08 04:20,fc.humidity,89.7138
2026-08-08 04:20,fc.humidity_target,0.8850
2026-08-08 04:20,fc.pid_output,0.0423
2026-08-08 04:20,fc.temperature,4.2072
2026-08-08 04:21,fc.humidifier_duty,0.0432
2026-08-08 04:21,fc.humidity,89.7294
2026-08-08 04:21,fc.humidity_target,0.8850
2026-08-08 04:21,fc.pid_output,0.0432
2026-08-08 04:21,fc.temperature,4.2051
2026-08-08 04:22,fc.humidifier_duty,0.0437
2026-08-08 04:22,fc.humidity,89.7418
2026-08-08 04:22,fc.humidity_target,0.8850
2026-08-08 04:22,fc.pid_output,0.0437
2026-08-08 04:22,fc.temperature,4.2053
2026-08-08 04:23,fc.humidifier_duty,0.0446
2026-08-08 04:23,fc.humidity,89.7483
2026-08-08 04:23,fc.humidity_target,0.8850
2026-08-08 04:23,fc.pid_output,0.0445
2026-08-08 04:23,fc.temperature,4.2038
2026-08-08 04:24,fc.humidifier_duty,0.0453
2026-08-08 04:24,fc.humidity,89.7574
2026-08-08 04:24,fc.humidity_target,0.8850
2026-08-08 04:24,fc.pid_output,0.0453
2026-08-08 04:24,fc.temperature,4.2005
2026-08-08 04:25,fc.humidifier_duty,0.0468
2026-08-08 04:25,fc.humidity,89.7546
2026-08-08 04:25,fc.humidity_target,0.8850
2026-08-08 04:25,fc.pid_output,0.0468
2026-08-08 04:25,fc.temperature,4.1967
2026-08-08 04:26,fc.humidifier_duty,0.0477
2026-08-08 04:26,fc.humidity,89.7613
2026-08-08 04:26,fc.humidity_target,0.8850
2026-08-08 04:26,fc.pid_output,0.0478
2026-08-08 04:26,fc.temperature,4.1932
2026-08-08 04:27,fc.humidifier_duty,0.0485
2026-08-08 04:27,fc.humidity,89.7636
2026-08-08 04:27,fc.humidity_target,0.8850
2026-08-08 04:27,fc.pid_output,0.0485
2026-08-08 04:27,fc.temperature,4.1886
2026-08-08 04:28,fc.humidifier_duty,0.0485
2026-08-08 04:28,fc.humidity,89.7779
2026-08-08 04:28,fc.humidity_target,0.8850
2026-08-08 04:28,fc.pid_output,0.0485
2026-08-08 04:28,fc.temperature,4.1802
2026-08-08 04:29,fc.humidifier_duty,0.0487
2026-08-08 04:29,fc.humidity,89.7971
2026-08-08 04:29,fc.humidity_target,0.8850
2026-08-08 04:29,fc.pid_output,0.0487
2026-08-08 04:29,fc.temperature,4.1729
2026-08-08 04:30,fc.humidifier_duty,0.0487
2026-08-08 04:30,fc.humidity,89.8118
2026-08-08 04:30,fc.humidity_target,0.8850
2026-08-08 04:30,fc.pid_output,0.0487
2026-08-08 04:30,fc.temperature,4.1680
2026-08-08 04:31,fc.humidifier_duty,0.0492
2026-08-08 04:31,fc.humidity,89.8178
2026-08-08 04:31,fc.humidity_target,0.8850
2026-08-08 04:31,fc.pid_output,0.0492
2026-08-08 04:31,fc.temperature,4.1640
2026-08-08 04:32,fc.humidifier_duty,0.0494
2026-08-08 04:32,fc.humidity,89.8296
2026-08-08 04:32,fc.humidity_target,0.8850
2026-08-08 04:32,fc.pid_output,0.0494
2026-08-08 04:32,fc.temperature,4.1550
2026-08-08 04:33,fc.humidifier_duty,0.0491
2026-08-08 04:33,fc.humidity,89.8475
2026-08-08 04:33,fc.humidity_target,0.8850
2026-08-08 04:33,fc.pid_output,0.0491
2026-08-08 04:33,fc.temperature,4.1544
2026-08-08 04:34,fc.humidifier_duty,0.0497
2026-08-08 04:34,fc.humidity,89.8493
2026-08-08 04:34,fc.humidity_target,0.8850
2026-08-08 04:34,fc.pid_output,0.0497
2026-08-08 04:34,fc.temperature,4.1495
2026-08-08 04:35,fc.humidifier_duty,0.0497
2026-08-08 04:35,fc.humidity,89.8571
2026-08-08 04:35,fc.humidity_target,0.8850
2026-08-08 04:35,fc.pid_output,0.0497
2026-08-08 04:35,fc.temperature,4.1473
2026-08-08 04:36,fc.humidifier_duty,0.0498
2026-08-08 04:36,fc.humidity,89.8676
2026-08-08 04:36,fc.humidity_target,0.8850
2026-08-08 04:36,fc.pid_output,0.0498
2026-08-08 04:36,fc.temperature,4.1486
2026-08-08 04:37,fc.humidifier_duty,0.0499
2026-08-08 04:37,fc.humidity,89.8740
2026-08-08 04:37,fc.humidity_target,0.8850
2026-08-08 04:37,fc.pid_output,0.0499
2026-08-08 04:37,fc.temperature,4.1467
2026-08-08 04:38,fc.humidifier_duty,0.0500
2026-08-08 04:38,fc.humidity,89.8824
2026-08-08 04:38,fc.humidity_target,0.8850
2026-08-08 04:38,fc.pid_output,0.0500
2026-08-08 04:38,fc.temperature,4.1427
2026-08-08 04:39,fc.humidifier_duty,0.0501
2026-08-08 04:39,fc.humidity,89.8898
2026-08-08 04:39,fc.humidity_target,0.8850
2026-08-08 04:39,fc.pid_output,0.0501
2026-08-08 04:39,fc.temperature,4.1430
2026-08-08 04:40,fc.humidifier_duty,0.0502
2026-08-08 04:40,fc.humidity,89.8938
2026-08-08 04:40,fc.humidity_target,0.8850
2026-08-08 04:40,fc.pid_output,0.0502
2026-08-08 04:40,fc.temperature,4.1430
2026-08-08 04:41,fc.humidifier_duty,0.0503
2026-08-08 04:41,fc.humidity,89.8984
2026-08-08 04:41,fc.humidity_target,0.8850
2026-08-08 04:41,fc.pid_output,0.0503
2026-08-08 04:41,fc.temperature,4.1431
2026-08-08 04:42,fc.humidifier_duty,0.0502
2026-08-08 04:42,fc.humidity,89.9101
2026-08-08 04:42,fc.humidity_target,0.8850
2026-08-08 04:42,fc.pid_output,0.0502
2026-08-08 04:42,fc.temperature,4.1444
2026-08-08 04:43,fc.humidifier_duty,0.0502
2026-08-08 04:43,fc.humidity,89.9210
2026-08-08 04:43,fc.humidity_target,0.8850
2026-08-08 04:43,fc.pid_output,0.0502
2026-08-08 04:43,fc.temperature,4.1458
2026-08-08 04:44,fc.humidifier_duty,0.0500
2026-08-08 04:44,fc.humidity,89.9348
2026-08-08 04:44,fc.humidity_target,0.8850
2026-08-08 04:44,fc.pid_output,0.0500
2026-08-08 04:44,fc.temperature,4.1445
2026-08-08 04:45,fc.humidifier_duty,0.0500
2026-08-08 04:45,fc.humidity,89.9426
2026-08-08 04:45,fc.humidity_target,0.8850
2026-08-08 04:45,fc.pid_output,0.0500
2026-08-08 04:45,fc.temperature,4.1460
2026-08-08 04:46,fc.humidifier_duty,0.0501
2026-08-08 04:46,fc.humidity,89.9393
2026-08-08 04:46,fc.humidity_target,0.8850
2026-08-08 04:46,fc.pid_output,0.0501
2026-08-08 04:46,fc.temperature,4.1430
2026-08-08 04:47,fc.humidifier_duty,0.0502
2026-08-08 04:47,fc.humidity,89.9374
2026-08-08 04:47,fc.humidity_target,0.8850
2026-08-08 04:47,fc.pid_output,0.0502
2026-08-08 04:47,fc.temperature,4.1477
2026-08-08 04:48,fc.humidifier_duty,0.0503
2026-08-08 04:48,fc.humidity,89.9396
2026-08-08 04:48,fc.humidity_target,0.8850
2026-08-08 04:48,fc.pid_output,0.0503
2026-08-08 04:48,fc.temperature,4.1457
2026-08-08 04:49,fc.humidifier_duty,0.0504
2026-08-08 04:49,fc.humidity,89.9382
2026-08-08 04:49,fc.humidity_target,0.8850
2026-08-08 04:49,fc.pid_output,0.0504
2026-08-08 04:49,fc.temperature,4.1469
2026-08-08 04:50,fc.humidifier_duty,0.0503
2026-08-08 04:50,fc.humidity,89.9434
2026-08-08 04:50,fc.humidity_target,0.8850
2026-08-08 04:50,fc.pid_output,0.0503
2026-08-08 04:50,fc.temperature,4.1493
2026-08-08 04:51,fc.humidifier_duty,0.0505
2026-08-08 04:51,fc.humidity,89.9363
2026-08-08 04:51,fc.humidity_target,0.8850
2026-08-08 04:51,fc.pid_output,0.0505
2026-08-08 04:51,fc.temperature,4.1500
2026-08-08 04:52,fc.humidifier_duty,0.0505
2026-08-08 04:52,fc.humidity,89.9435
2026-08-08 04:52,fc.humidity_target,0.8850
2026-08-08 04:52,fc.pid_output,0.0505
2026-08-08 04:52,fc.temperature,4.1540
2026-08-08 04:53,fc.humidifier_duty,0.0504
2026-08-08 04:53,fc.humidity,89.9517
2026-08-08 04:53,fc.humidity_target,0.8850
2026-08-08 04:53,fc.pid_output,0.0504
2026-08-08 04:53,fc.temperature,4.1499
2026-08-08 04:54,fc.humidifier_duty,0.0504
2026-08-08 04:54,fc.humidity,89.9600
2026-08-08 04:54,fc.humidity_target,0.8850
2026-08-08 04:54,fc.pid_output,0.0504
2026-08-08 04:54,fc.temperature,4.1527
2026-08-08 04:55,fc.humidifier_duty,0.0505
2026-08-08 04:55,fc.humidity,89.9579
2026-08-08 04:55,fc.humidity_target,0.8850
2026-08-08 04:55,fc.pid_output,0.0505
2026-08-08 04:55,fc.temperature,4.1549
2026-08-08 04:56,fc.humidifier_duty,0.0507
2026-08-08 04:56,fc.humidity,89.9442
2026-08-08 04:56,fc.humidity_target,0.8850
2026-08-08 04:56,fc.pid_output,0.0507
2026-08-08 04:56,fc.temperature,4.1562
2026-08-08 04:57,fc.humidifier_duty,0.0507
2026-08-08 04:57,fc.humidity,89.9465
2026-08-08 04:57,fc.humidity_target,0.8850
2026-08-08 04:57,fc.pid_output,0.0507
2026-08-08 04:57,fc.temperature,4.1599
2026-08-08 04:58,fc.humidifier_duty,0.0509
2026-08-08 04:58,fc.humidity,89.9353
2026-08-08 04:58,fc.humidity_target,0.8850
2026-08-08 04:58,fc.pid_output,0.0509
2026-08-08 04:58,fc.temperature,4.1599
2026-08-08 04:59,fc.humidifier_duty,0.0513
2026-08-08 04:59,fc.humidity,89.9251
2026-08-08 04:59,fc.humidity_target,0.8850
2026-08-08 04:59,fc.pid_output,0.0513
2026-08-08 04:59,fc.temperature,4.1644
2026-08-08 05:00,fc.humidifier_duty,0.0515
2026-08-08 05:00,fc.humidity,89.9155
2026-08-08 05:00,fc.humidity_target,0.8850
2026-08-08 05:00,fc.pid_output,0.0515
2026-08-08 05:00,fc.temperature,4.1635
2026-08-08 05:01,fc.humidifier_duty,0.0519
2026-08-08 05:01,fc.humidity,89.9102
2026-08-08 05:01,fc.humidity_target,0.8850
2026-08-08 05:01,fc.pid_output,0.0519
2026-08-08 05:01,fc.temperature,4.1704
2026-08-08 05:02,fc.humidifier_duty,0.0523
2026-08-08 05:02,fc.humidity,89.8930
2026-08-08 05:02,fc.humidity_target,0.8850
2026-08-08 05:02,fc.pid_output,0.0523
2026-08-08 05:02,fc.temperature,4.1716
2026-08-08 05:03,fc.humidifier_duty,0.0528
2026-08-08 05:03,fc.humidity,89.8883
2026-08-08 05:03,fc.humidity_target,0.8850
2026-08-08 05:03,fc.pid_output,0.0528
2026-08-08 05:03,fc.temperature,4.1754
2026-08-08 05:04,fc.humidifier_duty,0.0533
2026-08-08 05:04,fc.humidity,89.8784
2026-08-08 05:04,fc.humidity_target,0.8850
2026-08-08 05:04,fc.pid_output,0.0533
2026-08-08 05:04,fc.temperature,4.1856
2026-08-08 05:05,fc.humidifier_duty,0.0539
2026-08-08 05:05,fc.humidity,89.8719
2026-08-08 05:05,fc.humidity_target,0.8850
2026-08-08 05:05,fc.pid_output,0.0539
2026-08-08 05:05,fc.temperature,4.1922
2026-08-08 05:06,fc.humidifier_duty,0.0544
2026-08-08 05:06,fc.humidity,89.8619
2026-08-08 05:06,fc.humidity_target,0.8850
2026-08-08 05:06,fc.pid_output,0.0544
2026-08-08 05:06,fc.temperature,4.1958
2026-08-08 05:07,fc.humidifier_duty,0.0554
2026-08-08 05:07,fc.humidity,89.8470
2026-08-08 05:07,fc.humidity_target,0.8850
2026-08-08 05:07,fc.pid_output,0.0554
2026-08-08 05:07,fc.temperature,4.2037
2026-08-08 05:08,fc.humidifier_duty,0.0561
2026-08-08 05:08,fc.humidity,89.8421
2026-08-08 05:08,fc.humidity_target,0.8850
2026-08-08 05:08,fc.pid_output,0.0561
2026-08-08 05:08,fc.temperature,4.2113
2026-08-08 05:09,fc.humidifier_duty,0.0569
2026-08-08 05:09,fc.humidity,89.8317
2026-08-08 05:09,fc.humidity_target,0.8850
2026-08-08 05:09,fc.pid_output,0.0569
2026-08-08 05:09,fc.temperature,4.2204
2026-08-08 05:10,fc.humidifier_duty,0.0586
2026-08-08 05:10,fc.humidity,89.8089
2026-08-08 05:10,fc.humidity_target,0.8850
2026-08-08 05:10,fc.pid_output,0.0586
2026-08-08 05:10,fc.temperature,4.2268
2026-08-08 05:11,fc.humidifier_duty,0.0601
2026-08-08 05:11,fc.humidity,89.7982
2026-08-08 05:11,fc.humidity_target,0.8850
2026-08-08 05:11,fc.pid_output,0.0601
2026-08-08 05:11,fc.temperature,4.2300
2026-08-08 05:12,fc.humidifier_duty,0.0612
2026-08-08 05:12,fc.humidity,89.7901
2026-08-08 05:12,fc.humidity_target,0.8850
2026-08-08 05:12,fc.pid_output,0.0612
2026-08-08 05:12,fc.temperature,4.2378
2026-08-08 05:13,fc.humidifier_duty,0.0636
2026-08-08 05:13,fc.humidity,89.7639
2026-08-08 05:13,fc.humidity_target,0.8850
2026-08-08 05:13,fc.pid_output,0.0636
2026-08-08 05:13,fc.temperature,4.2485
2026-08-08 05:14,fc.humidifier_duty,0.0660
2026-08-08 05:14,fc.humidity,89.7490
2026-08-08 05:14,fc.humidity_target,0.8850
2026-08-08 05:14,fc.pid_output,0.0660
2026-08-08 05:14,fc.temperature,4.2509
2026-08-08 05:15,fc.humidifier_duty,0.0688
2026-08-08 05:15,fc.humidity,89.7224
2026-08-08 05:15,fc.humidity_target,0.8850
2026-08-08 05:15,fc.pid_output,0.0688
2026-08-08 05:15,fc.temperature,4.2635
2026-08-08 05:16,fc.humidifier_duty,0.0712
2026-08-08 05:16,fc.humidity,89.7130
2026-08-08 05:16,fc.humidity_target,0.8850
2026-08-08 05:16,fc.pid_output,0.0712
2026-08-08 05:16,fc.temperature,4.2637
2026-08-08 05:17,fc.humidifier_duty,0.0734
2026-08-08 05:17,fc.humidity,89.7013
2026-08-08 05:17,fc.humidity_target,0.8850
2026-08-08 05:17,fc.pid_output,0.0734
2026-08-08 05:17,fc.temperature,4.2678
2026-08-08 05:18,fc.humidifier_duty,0.0769
2026-08-08 05:18,fc.humidity,89.6779
2026-08-08 05:18,fc.humidity_target,0.8850
2026-08-08 05:18,fc.pid_output,0.0770
2026-08-08 05:18,fc.temperature,4.2754
2026-08-08 05:19,fc.humidifier_duty,0.0807
2026-08-08 05:19,fc.humidity,89.6624
2026-08-08 05:19,fc.humidity_target,0.8850
2026-08-08 05:19,fc.pid_output,0.0806
2026-08-08 05:19,fc.temperature,4.2725
2026-08-08 05:20,fc.humidifier_duty,0.0834
2026-08-08 05:20,fc.humidity,89.6572
2026-08-08 05:20,fc.humidity_target,0.8850
2026-08-08 05:20,fc.pid_output,0.0834
2026-08-08 05:20,fc.temperature,4.2762
2026-08-08 05:21,fc.humidifier_duty,0.0861
2026-08-08 05:21,fc.humidity,89.6529
2026-08-08 05:21,fc.humidity_target,0.8850
2026-08-08 05:21,fc.pid_output,0.0860
2026-08-08 05:21,fc.temperature,4.2774
2026-08-08 05:22,fc.humidifier_duty,0.0881
2026-08-08 05:22,fc.humidity,89.6514
2026-08-08 05:22,fc.humidity_target,0.8850
2026-08-08 05:22,fc.pid_output,0.0881
2026-08-08 05:22,fc.temperature,4.2799
2026-08-08 05:23,fc.humidifier_duty,0.0911
2026-08-08 05:23,fc.humidity,89.6501
2026-08-08 05:23,fc.humidity_target,0.8850
2026-08-08 05:23,fc.pid_output,0.0911
2026-08-08 05:23,fc.temperature,4.2790
2026-08-08 05:24,fc.humidifier_duty,0.0938
2026-08-08 05:24,fc.humidity,89.6482
2026-08-08 05:24,fc.humidity_target,0.8850
2026-08-08 05:24,fc.pid_output,0.0938
2026-08-08 05:24,fc.temperature,4.2850
2026-08-08 05:25,fc.humidifier_duty,0.0957
2026-08-08 05:25,fc.humidity,89.6537
2026-08-08 05:25,fc.humidity_target,0.8850
2026-08-08 05:25,fc.pid_output,0.0957
2026-08-08 05:25,fc.temperature,4.2900
2026-08-08 05:26,fc.humidifier_duty,0.0986
2026-08-08 05:26,fc.humidity,89.6477
2026-08-08 05:26,fc.humidity_target,0.8850
2026-08-08 05:26,fc.pid_output,0.0986
2026-08-08 05:26,fc.temperature,4.2961
2026-08-08 05:27,fc.humidifier_duty,0.1006
2026-08-08 05:27,fc.humidity,89.6507
2026-08-08 05:27,fc.humidity_target,0.8850
2026-08-08 05:27,fc.pid_output,0.1006
2026-08-08 05:27,fc.temperature,4.2959
2026-08-08 05:28,fc.humidifier_duty,0.1035
2026-08-08 05:28,fc.humidity,89.6478
2026-08-08 05:28,fc.humidity_target,0.8850
2026-08-08 05:28,fc.pid_output,0.1035
2026-08-08 05:28,fc.temperature,4.3017
2026-08-08 05:29,fc.humidifier_duty,0.1057
2026-08-08 05:29,fc.humidity,89.6501
2026-08-08 05:29,fc.humidity_target,0.8850
2026-08-08 05:29,fc.pid_output,0.1057
2026-08-08 05:29,fc.temperature,4.3086
2026-08-08 05:30,fc.humidifier_duty,0.1079
2026-08-08 05:30,fc.humidity,89.6548
2026-08-08 05:30,fc.humidity_target,0.8850
2026-08-08 05:30,fc.pid_output,0.1078
2026-08-08 05:30,fc.temperature,4.3147
2026-08-08 05:31,fc.humidifier_duty,0.1104
2026-08-08 05:31,fc.humidity,89.6509
2026-08-08 05:31,fc.humidity_target,0.8850
2026-08-08 05:31,fc.pid_output,0.1104
2026-08-08 05:31,fc.temperature,4.3208
2026-08-08 05:32,fc.humidifier_duty,0.1129
2026-08-08 05:32,fc.humidity,89.6544
2026-08-08 05:32,fc.humidity_target,0.8850
2026-08-08 05:32,fc.pid_output,0.1128
2026-08-08 05:32,fc.temperature,4.3303
2026-08-08 05:33,fc.humidifier_duty,0.1145
2026-08-08 05:33,fc.humidity,89.6566
2026-08-08 05:33,fc.humidity_target,0.8850
2026-08-08 05:33,fc.pid_output,0.1145
2026-08-08 05:33,fc.temperature,4.3299
2026-08-08 05:34,fc.humidifier_duty,0.1171
2026-08-08 05:34,fc.humidity,89.6565
2026-08-08 05:34,fc.humidity_target,0.8850
2026-08-08 05:34,fc.pid_output,0.1171
2026-08-08 05:34,fc.temperature,4.3386
2026-08-08 05:35,fc.humidifier_duty,0.1185
2026-08-08 05:35,fc.humidity,89.6665
2026-08-08 05:35,fc.humidity_target,0.8850
2026-08-08 05:35,fc.pid_output,0.1185
2026-08-08 05:35,fc.temperature,4.3444
2026-08-08 05:36,fc.humidifier_duty,0.1216
2026-08-08 05:36,fc.humidity,89.6558
2026-08-08 05:36,fc.humidity_target,0.8850
2026-08-08 05:36,fc.pid_output,0.1216
2026-08-08 05:36,fc.temperature,4.3430
2026-08-08 05:37,fc.humidifier_duty,0.1232
2026-08-08 05:37,fc.humidity,89.6665
2026-08-08 05:37,fc.humidity_target,0.8850
2026-08-08 05:37,fc.pid_output,0.1232
2026-08-08 05:37,fc.temperature,4.3468
2026-08-08 05:38,fc.humidifier_duty,0.1250
2026-08-08 05:38,fc.humidity,89.6698
2026-08-08 05:38,fc.humidity_target,0.8850
2026-08-08 05:38,fc.pid_output,0.1250
2026-08-08 05:38,fc.temperature,4.3578
2026-08-08 05:39,fc.humidifier_duty,0.1271
2026-08-08 05:39,fc.humidity,89.6710
2026-08-08 05:39,fc.humidity_target,0.8850
2026-08-08 05:39,fc.pid_output,0.1272
2026-08-08 05:39,fc.temperature,4.3573
2026-08-08 05:40,fc.humidifier_duty,0.1285
2026-08-08 05:40,fc.humidity,89.6810
2026-08-08 05:40,fc.humidity_target,0.8850
2026-08-08 05:40,fc.pid_output,0.1286
2026-08-08 05:40,fc.temperature,4.3619
2026-08-08 05:41,fc.humidifier_duty,0.1292
2026-08-08 05:41,fc.humidity,89.6955
2026-08-08 05:41,fc.humidity_target,0.8850
2026-08-08 05:41,fc.pid_output,0.1293
2026-08-08 05:41,fc.temperature,4.3630
2026-08-08 05:42,fc.humidifier_duty,0.1301
2026-08-08 05:42,fc.humidity,89.7092
2026-08-08 05:42,fc.humidity_target,0.8850
2026-08-08 05:42,fc.pid_output,0.1300
2026-08-08 05:42,fc.temperature,4.3693
2026-08-08 05:43,fc.humidifier_duty,0.1311
2026-08-08 05:43,fc.humidity,89.7186
2026-08-08 05:43,fc.humidity_target,0.8850
2026-08-08 05:43,fc.pid_output,0.1311
2026-08-08 05:43,fc.temperature,4.3630
2026-08-08 05:44,fc.humidifier_duty,0.1318
2026-08-08 05:44,fc.humidity,89.7294
2026-08-08 05:44,fc.humidity_target,0.8850
2026-08-08 05:44,fc.pid_output,0.1318
2026-08-08 05:44,fc.temperature,4.3690
2026-08-08 05:45,fc.humidifier_duty,0.1324
2026-08-08 05:45,fc.humidity,89.7375
2026-08-08 05:45,fc.humidity_target,0.8850
2026-08-08 05:45,fc.pid_output,0.1324
2026-08-08 05:45,fc.temperature,4.3669
2026-08-08 05:46,fc.humidifier_duty,0.1329
2026-08-08 05:46,fc.humidity,89.7615
2026-08-08 05:46,fc.humidity_target,0.8850
2026-08-08 05:46,fc.pid_output,0.1329
2026-08-08 05:46,fc.temperature,4.3659
2026-08-08 05:47,fc.humidifier_duty,0.1329
2026-08-08 05:47,fc.humidity,89.7767
2026-08-08 05:47,fc.humidity_target,0.8850
2026-08-08 05:47,fc.pid_output,0.1329
2026-08-08 05:47,fc.temperature,4.3667
2026-08-08 05:48,fc.humidifier_duty,0.1322
2026-08-08 05:48,fc.humidity,89.8074
2026-08-08 05:48,fc.humidity_target,0.8850
2026-08-08 05:48,fc.pid_output,0.1322
2026-08-08 05:48,fc.temperature,4.3714
2026-08-08 05:49,fc.humidifier_duty,0.1322
2026-08-08 05:49,fc.humidity,89.8202
2026-08-08 05:49,fc.humidity_target,0.8850
2026-08-08 05:49,fc.pid_output,0.1322
2026-08-08 05:49,fc.temperature,4.3690
2026-08-08 05:50,fc.humidifier_duty,0.1322
2026-08-08 05:50,fc.humidity,89.8411
2026-08-08 05:50,fc.humidity_target,0.8850
2026-08-08 05:50,fc.pid_output,0.1322
2026-08-08 05:50,fc.temperature,4.3657
2026-08-08 05:51,fc.humidifier_duty,0.1322
2026-08-08 05:51,fc.humidity,89.8551
2026-08-08 05:51,fc.humidity_target,0.8850
2026-08-08 05:51,fc.pid_output,0.1322
2026-08-08 05:51,fc.temperature,4.3665
2026-08-08 05:52,fc.humidifier_duty,0.1317
2026-08-08 05:52,fc.humidity,89.8750
2026-08-08 05:52,fc.humidity_target,0.8850
2026-08-08 05:52,fc.pid_output,0.1317
2026-08-08 05:52,fc.temperature,4.3621
2026-08-08 05:53,fc.humidifier_duty,0.1316
2026-08-08 05:53,fc.humidity,89.8921
2026-08-08 05:53,fc.humidity_target,0.8850
2026-08-08 05:53,fc.pid_output,0.1316
2026-08-08 05:53,fc.temperature,4.3660
2026-08-08 05:54,fc.humidifier_duty,0.1313
2026-08-08 05:54,fc.humidity,89.9126
2026-08-08 05:54,fc.humidity_target,0.8850
2026-08-08 05:54,fc.pid_output,0.1313
2026-08-08 05:54,fc.temperature,4.3610
2026-08-08 05:55,fc.humidifier_duty,0.1310
2026-08-08 05:55,fc.humidity,89.9412
2026-08-08 05:55,fc.humidity_target,0.8850
2026-08-08 05:55,fc.pid_output,0.1310
2026-08-08 05:55,fc.temperature,4.3618
2026-08-08 05:56,fc.humidifier_duty,0.1307
2026-08-08 05:56,fc.humidity,89.9748
2026-08-08 05:56,fc.humidity_target,0.8850
2026-08-08 05:56,fc.pid_output,0.1307
2026-08-08 05:56,fc.temperature,4.3623
2026-08-08 05:57,fc.humidifier_duty,0.1300
2026-08-08 05:57,fc.humidity,89.9974
2026-08-08 05:57,fc.humidity_target,0.8850
2026-08-08 05:57,fc.pid_output,0.1300
2026-08-08 05:57,fc.temperature,4.3594
2026-08-08 05:58,fc.humidifier_duty,0.1265
2026-08-08 05:58,fc.humidity,90.0155
2026-08-08 05:58,fc.humidity_target,0.8850
2026-08-08 05:58,fc.pid_output,0.1265
2026-08-08 05:58,fc.temperature,4.3616
2026-08-08 05:59,fc.humidifier_duty,0.1224
2026-08-08 05:59,fc.humidity,90.0411
2026-08-08 05:59,fc.humidity_target,0.8850
2026-08-08 05:59,fc.pid_output,0.1224
2026-08-08 05:59,fc.temperature,4.3638
2026-08-08 06:00,fc.humidifier_duty,0.1184
2026-08-08 06:00,fc.humidity,90.0564
2026-08-08 06:00,fc.humidity_target,0.8850
2026-08-08 06:00,fc.pid_output,0.1184
2026-08-08 06:00,fc.temperature,4.3661
2026-08-08 06:01,fc.humidifier_duty,0.1145
2026-08-08 06:01,fc.humidity,90.0748
2026-08-08 06:01,fc.humidity_target,0.8850
2026-08-08 06:01,fc.pid_output,0.1145
2026-08-08 06:01,fc.temperature,4.3675
2026-08-08 06:02,fc.humidifier_duty,0.1107
2026-08-08 06:02,fc.humidity,90.0894
2026-08-08 06:02,fc.humidity_target,0.8850
2026-08-08 06:02,fc.pid_output,0.1108
2026-08-08 06:02,fc.temperature,4.3714
2026-08-08 06:03,fc.humidifier_duty,0.1071
2026-08-08 06:03,fc.humidity,90.0952
2026-08-08 06:03,fc.humidity_target,0.8850
2026-08-08 06:03,fc.pid_output,0.1071
2026-08-08 06:03,fc.temperature,4.3720
2026-08-08 06:04,fc.humidifier_duty,0.1036
2026-08-08 06:04,fc.humidity,90.1071
2026-08-08 06:04,fc.humidity_target,0.8850
2026-08-08 06:04,fc.pid_output,0.1036
2026-08-08 06:04,fc.temperature,4.3771
2026-08-08 06:05,fc.humidifier_duty,0.1002
2026-08-08 06:05,fc.humidity,90.1129
2026-08-08 06:05,fc.humidity_target,0.8850
2026-08-08 06:05,fc.pid_output,0.1002
2026-08-08 06:05,fc.temperature,4.3787
2026-08-08 06:06,fc.humidifier_duty,0.0969
2026-08-08 06:06,fc.humidity,90.1170
2026-08-08 06:06,fc.humidity_target,0.8850
2026-08-08 06:06,fc.pid_output,0.0969
2026-08-08 06:06,fc.temperature,4.3770
2026-08-08 06:07,fc.humidifier_duty,0.0938
2026-08-08 06:07,fc.humidity,90.1262
2026-08-08 06:07,fc.humidity_target,0.8850
2026-08-08 06:07,fc.pid_output,0.0937
2026-08-08 06:07,fc.temperature,4.3860
2026-08-08 06:08,fc.humidifier_duty,0.0907
2026-08-08 06:08,fc.humidity,90.1311
2026-08-08 06:08,fc.humidity_target,0.8850
2026-08-08 06:08,fc.pid_output,0.0907
2026-08-08 06:08,fc.temperature,4.3900
2026-08-08 06:09,fc.humidifier_duty,0.0877
2026-08-08 06:09,fc.humidity,90.1357
2026-08-08 06:09,fc.humidity_target,0.8850
2026-08-08 06:09,fc.pid_output,0.0877
2026-08-08 06:09,fc.temperature,4.3938
2026-08-08 06:10,fc.humidifier_duty,0.0848
2026-08-08 06:10,fc.humidity,90.1447
2026-08-08 06:10,fc.humidity_target,0.8850
2026-08-08 06:10,fc.pid_output,0.0848
2026-08-08 06:10,fc.temperature,4.3954
2026-08-08 06:11,fc.humidifier_duty,0.0820
2026-08-08 06:11,fc.humidity,90.1441
2026-08-08 06:11,fc.humidity_target,0.8850
2026-08-08 06:11,fc.pid_output,0.0821
2026-08-08 06:11,fc.temperature,4.3990
2026-08-08 06:12,fc.humidifier_duty,0.0794
2026-08-08 06:12,fc.humidity,90.1369
2026-08-08 06:12,fc.humidity_target,0.8850
2026-08-08 06:12,fc.pid_output,0.0794
2026-08-08 06:12,fc.temperature,4.4038
2026-08-08 06:13,fc.humidifier_duty,0.0768
2026-08-08 06:13,fc.humidity,90.1276
2026-08-08 06:13,fc.humidity_target,0.8850
2026-08-08 06:13,fc.pid_output,0.0767
2026-08-08 06:13,fc.temperature,4.4062
2026-08-08 06:14,fc.humidifier_duty,0.0742
2026-08-08 06:14,fc.humidity,90.1218
2026-08-08 06:14,fc.humidity_target,0.8850
2026-08-08 06:14,fc.pid_output,0.0742
2026-08-08 06:14,fc.temperature,4.4090
2026-08-08 06:15,fc.humidifier_duty,0.0718
2026-08-08 06:15,fc.humidity,90.1138
2026-08-08 06:15,fc.humidity_target,0.8850
2026-08-08 06:15,fc.pid_output,0.0718
2026-08-08 06:15,fc.temperature,4.4072
2026-08-08 06:16,fc.humidifier_duty,0.0695
2026-08-08 06:16,fc.humidity,90.1091
2026-08-08 06:16,fc.humidity_target,0.8850
2026-08-08 06:16,fc.pid_output,0.0694
2026-08-08 06:16,fc.temperature,4.4119
2026-08-08 06:17,fc.humidifier_duty,0.0672
2026-08-08 06:17,fc.humidity,90.1010
2026-08-08 06:17,fc.humidity_target,0.8850
2026-08-08 06:17,fc.pid_output,0.0672
2026-08-08 06:17,fc.temperature,4.4145
2026-08-08 06:18,fc.humidifier_duty,0.0650
2026-08-08 06:18,fc.humidity,90.1000
2026-08-08 06:18,fc.humidity_target,0.8850
2026-08-08 06:18,fc.pid_output,0.0650
2026-08-08 06:18,fc.temperature,4.4189
2026-08-08 06:19,fc.humidifier_duty,0.0628
2026-08-08 06:19,fc.humidity,90.0972
2026-08-08 06:19,fc.humidity_target,0.8850
2026-08-08 06:19,fc.pid_output,0.0628
2026-08-08 06:19,fc.temperature,4.4169
2026-08-08 06:20,fc.humidifier_duty,0.0608
2026-08-08 06:20,fc.humidity,90.0959
2026-08-08 06:20,fc.humidity_target,0.8850
2026-08-08 06:20,fc.pid_output,0.0608
2026-08-08 06:20,fc.temperature,4.4217
2026-08-08 06:21,fc.humidifier_duty,0.0588
2026-08-08 06:21,fc.humidity,90.0942
2026-08-08 06:21,fc.humidity_target,0.8850
2026-08-08 06:21,fc.pid_output,0.0588
2026-08-08 06:21,fc.temperature,4.4228
2026-08-08 06:22,fc.humidifier_duty,0.0569
2026-08-08 06:22,fc.humidity,90.0845
2026-08-08 06:22,fc.humidity_target,0.8850
2026-08-08 06:22,fc.pid_output,0.0569
2026-08-08 06:22,fc.temperature,4.4296
2026-08-08 06:23,fc.humidifier_duty,0.0550
2026-08-08 06:23,fc.humidity,90.0753
2026-08-08 06:23,fc.humidity_target,0.8850
2026-08-08 06:23,fc.pid_output,0.0550
2026-08-08 06:23,fc.temperature,4.4297
2026-08-08 06:24,fc.humidifier_duty,0.0532
2026-08-08 06:24,fc.humidity,90.0622
2026-08-08 06:24,fc.humidity_target,0.8850
2026-08-08 06:24,fc.pid_output,0.0532
2026-08-08 06:24,fc.temperature,4.4355
2026-08-08 06:25,fc.humidifier_duty,0.0515
2026-08-08 06:25,fc.humidity,90.0603
2026-08-08 06:25,fc.humidity_target,0.8850
2026-08-08 06:25,fc.pid_output,0.0514
2026-08-08 06:25,fc.temperature,4.4338
2026-08-08 06:26,fc.humidifier_duty,0.0498
2026-08-08 06:26,fc.humidity,90.0553
2026-08-08 06:26,fc.humidity_target,0.8850
2026-08-08 06:26,fc.pid_output,0.0498
2026-08-08 06:26,fc.temperature,4.4410
2026-08-08 06:27,fc.humidifier_duty,0.0481
2026-08-08 06:27,fc.humidity,90.0487
2026-08-08 06:27,fc.humidity_target,0.8850
2026-08-08 06:27,fc.pid_output,0.0481
2026-08-08 06:27,fc.temperature,4.4443
2026-08-08 06:28,fc.humidifier_duty,0.0466
2026-08-08 06:28,fc.humidity,90.0480
2026-08-08 06:28,fc.humidity_target,0.8850
2026-08-08 06:28,fc.pid_output,0.0465
2026-08-08 06:28,fc.temperature,4.4479
2026-08-08 06:29,fc.humidifier_duty,0.0450
2026-08-08 06:29,fc.humidity,90.0481
2026-08-08 06:29,fc.humidity_target,0.8850
2026-08-08 06:29,fc.pid_output,0.0450
2026-08-08 06:29,fc.temperature,4.4548
2026-08-08 06:30,fc.humidifier_duty,0.0436
2026-08-08 06:30,fc.humidity,90.0370
2026-08-08 06:30,fc.humidity_target,0.8850
2026-08-08 06:30,fc.pid_output,0.0436
2026-08-08 06:30,fc.temperature,4.4631
2026-08-08 06:31,fc.humidifier_duty,0.0421
2026-08-08 06:31,fc.humidity,90.0273
2026-08-08 06:31,fc.humidity_target,0.8850
2026-08-08 06:31,fc.pid_output,0.0421
2026-08-08 06:31,fc.temperature,4.4694
2026-08-08 06:32,fc.humidifier_duty,0.0407
2026-08-08 06:32,fc.humidity,90.0127
2026-08-08 06:32,fc.humidity_target,0.8850
2026-08-08 06:32,fc.pid_output,0.0407
2026-08-08 06:32,fc.temperature,4.4681
2026-08-08 06:33,fc.humidifier_duty,0.0395
2026-08-08 06:33,fc.humidity,89.9958
2026-08-08 06:33,fc.humidity_target,0.8850
2026-08-08 06:33,fc.pid_output,0.0395
2026-08-08 06:33,fc.temperature,4.4746
2026-08-08 06:34,fc.humidifier_duty,0.0390
2026-08-08 06:34,fc.humidity,89.9890
2026-08-08 06:34,fc.humidity_target,0.8850
2026-08-08 06:34,fc.pid_output,0.0390
2026-08-08 06:34,fc.temperature,4.4730
2026-08-08 06:35,fc.humidifier_duty,0.0391
2026-08-08 06:35,fc.humidity,89.9758
2026-08-08 06:35,fc.humidity_target,0.8850
2026-08-08 06:35,fc.pid_output,0.0391
2026-08-08 06:35,fc.temperature,4.4808
2026-08-08 06:36,fc.humidifier_duty,0.0391
2026-08-08 06:36,fc.humidity,89.9680
2026-08-08 06:36,fc.humidity_target,0.8850
2026-08-08 06:36,fc.pid_output,0.0391
2026-08-08 06:36,fc.temperature,4.4775
2026-08-08 06:37,fc.humidifier_duty,0.0392
2026-08-08 06:37,fc.humidity,89.9613
2026-08-08 06:37,fc.humidity_target,0.8850
2026-08-08 06:37,fc.pid_output,0.0392
2026-08-08 06:37,fc.temperature,4.4768
2026-08-08 06:38,fc.humidifier_duty,0.0393
2026-08-08 06:38,fc.humidity,89.9547
2026-08-08 06:38,fc.humidity_target,0.8850
2026-08-08 06:38,fc.pid_output,0.0393
2026-08-08 06:38,fc.temperature,4.4801
2026-08-08 06:39,fc.humidifier_duty,0.0393
2026-08-08 06:39,fc.humidity,89.9527
2026-08-08 06:39,fc.humidity_target,0.8850
2026-08-08 06:39,fc.pid_output,0.0393
2026-08-08 06:39,fc.temperature,4.4824
2026-08-08 06:40,fc.humidifier_duty,0.0396
2026-08-08 06:40,fc.humidity,89.9418
2026-08-08 06:40,fc.humidity_target,0.8850
2026-08-08 06:40,fc.pid_output,0.0396
2026-08-08 06:40,fc.temperature,4.4808
2026-08-08 06:41,fc.humidifier_duty,0.0396
2026-08-08 06:41,fc.humidity,89.9453
2026-08-08 06:41,fc.humidity_target,0.8850
2026-08-08 06:41,fc.pid_output,0.0396
2026-08-08 06:41,fc.temperature,4.4845
2026-08-08 06:42,fc.humidifier_duty,0.0397
2026-08-08 06:42,fc.humidity,89.9461
2026-08-08 06:42,fc.humidity_target,0.8850
2026-08-08 06:42,fc.pid_output,0.0397
2026-08-08 06:42,fc.temperature,4.4908
2026-08-08 06:43,fc.humidifier_duty,0.0397
2026-08-08 06:43,fc.humidity,89.9427
2026-08-08 06:43,fc.humidity_target,0.8850
2026-08-08 06:43,fc.pid_output,0.0397
2026-08-08 06:43,fc.temperature,4.4905
2026-08-08 06:44,fc.humidifier_duty,0.0399
2026-08-08 06:44,fc.humidity,89.9345
2026-08-08 06:44,fc.humidity_target,0.8850
2026-08-08 06:44,fc.pid_output,0.0399
2026-08-08 06:44,fc.temperature,4.4889
2026-08-08 06:45,fc.humidifier_duty,0.0400
2026-08-08 06:45,fc.humidity,89.9355
2026-08-08 06:45,fc.humidity_target,0.8850
2026-08-08 06:45,fc.pid_output,0.0400
2026-08-08 06:45,fc.temperature,4.4886
2026-08-08 06:46,fc.humidifier_duty,0.0403
2026-08-08 06:46,fc.humidity,89.9251
2026-08-08 06:46,fc.humidity_target,0.8850
2026-08-08 06:46,fc.pid_output,0.0403
2026-08-08 06:46,fc.temperature,4.4875
2026-08-08 06:47,fc.humidifier_duty,0.0405
2026-08-08 06:47,fc.humidity,89.9203
2026-08-08 06:47,fc.humidity_target,0.8850
2026-08-08 06:47,fc.pid_output,0.0405
2026-08-08 06:47,fc.temperature,4.4896
2026-08-08 06:48,fc.humidifier_duty,0.0406
2026-08-08 06:48,fc.humidity,89.9197
2026-08-08 06:48,fc.humidity_target,0.8850
2026-08-08 06:48,fc.pid_output,0.0406
2026-08-08 06:48,fc.temperature,4.4805
2026-08-08 06:49,fc.humidifier_duty,0.0408
2026-08-08 06:49,fc.humidity,89.9149
2026-08-08 06:49,fc.humidity_target,0.8850
2026-08-08 06:49,fc.pid_output,0.0408
2026-08-08 06:49,fc.temperature,4.4761
2026-08-08 06:50,fc.humidifier_duty,0.0409
2026-08-08 06:50,fc.humidity,89.9186
2026-08-08 06:50,fc.humidity_target,0.8850
2026-08-08 06:50,fc.pid_output,0.0409
2026-08-08 06:50,fc.temperature,4.4774
2026-08-08 06:51,fc.humidifier_duty,0.0408
2026-08-08 06:51,fc.humidity,89.9280
2026-08-08 06:51,fc.humidity_target,0.8850
2026-08-08 06:51,fc.pid_output,0.0408
2026-08-08 06:51,fc.temperature,4.4678
2026-08-08 06:52,fc.humidifier_duty,0.0407
2026-08-08 06:52,fc.humidity,89.9386
2026-08-08 06:52,fc.humidity_target,0.8850
2026-08-08 06:52,fc.pid_output,0.0407
2026-08-08 06:52,fc.temperature,4.4610
2026-08-08 06:53,fc.humidifier_duty,0.0406
2026-08-08 06:53,fc.humidity,89.9486
2026-08-08 06:53,fc.humidity_target,0.8850
2026-08-08 06:53,fc.pid_output,0.0406
2026-08-08 06:53,fc.temperature,4.4555
2026-08-08 06:54,fc.humidifier_duty,0.0405
2026-08-08 06:54,fc.humidity,89.9667
2026-08-08 06:54,fc.humidity_target,0.8850
2026-08-08 06:54,fc.pid_output,0.0405
2026-08-08 06:54,fc.temperature,4.4532
2026-08-08 06:55,fc.humidifier_duty,0.0405
2026-08-08 06:55,fc.humidity,89.9787
2026-08-08 06:55,fc.humidity_target,0.8850
2026-08-08 06:55,fc.pid_output,0.0405
2026-08-08 06:55,fc.temperature,4.4478
2026-08-08 06:56,fc.humidifier_duty,0.0404
2026-08-08 06:56,fc.humidity,89.9868
2026-08-08 06:56,fc.humidity_target,0.8850
2026-08-08 06:56,fc.pid_output,0.0404
2026-08-08 06:56,fc.temperature,4.4449
2026-08-08 06:57,fc.humidifier_duty,0.0399
2026-08-08 06:57,fc.humidity,89.9989
2026-08-08 06:57,fc.humidity_target,0.8850
2026-08-08 06:57,fc.pid_output,0.0399
2026-08-08 06:57,fc.temperature,4.4492
2026-08-08 06:58,fc.humidifier_duty,0.0389
2026-08-08 06:58,fc.humidity,90.0071
2026-08-08 06:58,fc.humidity_target,0.8850
2026-08-08 06:58,fc.pid_output,0.0389
2026-08-08 06:58,fc.temperature,4.4470
2026-08-08 06:59,fc.humidifier_duty,0.0377
2026-08-08 06:59,fc.humidity,90.0131
2026-08-08 06:59,fc.humidity_target,0.8850
2026-08-08 06:59,fc.pid_output,0.0377
2026-08-08 06:59,fc.temperature,4.4402
2026-08-08 07:00,fc.humidifier_duty,0.0364
2026-08-08 07:00,fc.humidity,90.0143
2026-08-08 07:00,fc.humidity_target,0.8850
2026-08-08 07:00,fc.pid_output,0.0364
2026-08-08 07:00,fc.temperature,4.4488
2026-08-08 07:01,fc.humidifier_duty,0.0352
2026-08-08 07:01,fc.humidity,90.0184
2026-08-08 07:01,fc.humidity_target,0.8850
2026-08-08 07:01,fc.pid_output,0.0352
2026-08-08 07:01,fc.temperature,4.4447
2026-08-08 07:02,fc.humidifier_duty,0.0341
2026-08-08 07:02,fc.humidity,90.0236
2026-08-08 07:02,fc.humidity_target,0.8850
2026-08-08 07:02,fc.pid_output,0.0341
2026-08-08 07:02,fc.temperature,4.4488
2026-08-08 07:03,fc.humidifier_duty,0.0330
2026-08-08 07:03,fc.humidity,90.0236
2026-08-08 07:03,fc.humidity_target,0.8850
2026-08-08 07:03,fc.pid_output,0.0330
2026-08-08 07:03,fc.temperature,4.4511
2026-08-08 07:04,fc.humidifier_duty,0.0319
2026-08-08 07:04,fc.humidity,90.0202
2026-08-08 07:04,fc.humidity_target,0.8850
2026-08-08 07:04,fc.pid_output,0.0319
2026-08-08 07:04,fc.temperature,4.4528
2026-08-08 07:05,fc.humidifier_duty,0.0309
2026-08-08 07:05,fc.humidity,90.0237
2026-08-08 07:05,fc.humidity_target,0.8850
2026-08-08 07:05,fc.pid_output,0.0309
2026-08-08 07:05,fc.temperature,4.4547
2026-08-08 07:06,fc.humidifier_duty,0.0298
2026-08-08 07:06,fc.humidity,90.0207
2026-08-08 07:06,fc.humidity_target,0.8850
2026-08-08 07:06,fc.pid_output,0.0298
2026-08-08 07:06,fc.temperature,4.4524
2026-08-08 07:07,fc.humidifier_duty,0.0289
2026-08-08 07:07,fc.humidity,90.0271
2026-08-08 07:07,fc.humidity_target,0.8850
2026-08-08 07:07,fc.pid_output,0.0289
2026-08-08 07:07,fc.temperature,4.4543
2026-08-08 07:08,fc.humidifier_duty,0.0279
2026-08-08 07:08,fc.humidity,90.0243
2026-08-08 07:08,fc.humidity_target,0.8850
2026-08-08 07:08,fc.pid_output,0.0279
2026-08-08 07:08,fc.temperature,4.4558
2026-08-08 07:09,fc.humidifier_duty,0.0270
2026-08-08 07:09,fc.humidity,90.0268
2026-08-08 07:09,fc.humidity_target,0.8850
2026-08-08 07:09,fc.pid_output,0.0270
2026-08-08 07:09,fc.temperature,4.4469
2026-08-08 07:10,fc.humidifier_duty,0.0261
2026-08-08 07:10,fc.humidity,90.0259
2026-08-08 07:10,fc.humidity_target,0.8850
2026-08-08 07:10,fc.pid_output,0.0261
2026-08-08 07:10,fc.temperature,4.4520
2026-08-08 07:11,fc.humidifier_duty,0.0253
2026-08-08 07:11,fc.humidity,90.0183
2026-08-08 07:11,fc.humidity_target,0.8850
2026-08-08 07:11,fc.pid_output,0.0253
2026-08-08 07:11,fc.temperature,4.4481
2026-08-08 07:12,fc.humidifier_duty,0.0245
2026-08-08 07:12,fc.humidity,90.0032
2026-08-08 07:12,fc.humidity_target,0.8850
2026-08-08 07:12,fc.pid_output,0.0245
2026-08-08 07:12,fc.temperature,4.4448
2026-08-08 07:13,fc.humidifier_duty,0.0239
2026-08-08 07:13,fc.humidity,90.0033
2026-08-08 07:13,fc.humidity_target,0.8850
2026-08-08 07:13,fc.pid_output,0.0239
2026-08-08 07:13,fc.temperature,4.4389
2026-08-08 07:14,fc.humidifier_duty,0.0232
2026-08-08 07:14,fc.humidity,90.0005
2026-08-08 07:14,fc.humidity_target,0.8850
2026-08-08 07:14,fc.pid_output,0.0232
2026-08-08 07:14,fc.temperature,4.4359
2026-08-08 07:15,fc.humidifier_duty,0.0227
2026-08-08 07:15,fc.humidity,89.9943
2026-08-08 07:15,fc.humidity_target,0.8850
2026-08-08 07:15,fc.pid_output,0.0227
2026-08-08 07:15,fc.temperature,4.4247
2026-08-08 07:16,fc.humidifier_duty,0.0224
2026-08-08 07:16,fc.humidity,89.9958
2026-08-08 07:16,fc.humidity_target,0.8850
2026-08-08 07:16,fc.pid_output,0.0224
2026-08-08 07:16,fc.temperature,4.4148
2026-08-08 07:17,fc.humidifier_duty,0.0223
2026-08-08 07:17,fc.humidity,89.9921
2026-08-08 07:17,fc.humidity_target,0.8850
2026-08-08 07:17,fc.pid_output,0.0223
2026-08-08 07:17,fc.temperature,4.4043
2026-08-08 07:18,fc.humidifier_duty,0.0220
2026-08-08 07:18,fc.humidity,90.0028
2026-08-08 07:18,fc.humidity_target,0.8850
2026-08-08 07:18,fc.pid_output,0.0220
2026-08-08 07:18,fc.temperature,4.3933
2026-08-08 07:19,fc.humidifier_duty,0.0214
2026-08-08 07:19,fc.humidity,90.0065
2026-08-08 07:19,fc.humidity_target,0.8850
2026-08-08 07:19,fc.pid_output,0.0214
2026-08-08 07:19,fc.temperature,4.3801
2026-08-08 07:20,fc.humidifier_duty,0.0207
2026-08-08 07:20,fc.humidity,90.0157
2026-08-08 07:20,fc.humidity_target,0.8850
2026-08-08 07:20,fc.pid_output,0.0207
2026-08-08 07:20,fc.temperature,4.3681
2026-08-08 07:21,fc.humidifier_duty,0.0200
2026-08-08 07:21,fc.humidity,90.0168
2026-08-08 07:21,fc.humidity_target,0.8850
2026-08-08 07:21,fc.pid_output,0.0200
2026-08-08 07:21,fc.temperature,4.3544
2026-08-08 07:22,fc.humidifier_duty,0.0194
2026-08-08 07:22,fc.humidity,90.0362
2026-08-08 07:22,fc.humidity_target,0.8850
2026-08-08 07:22,fc.pid_output,0.0194
2026-08-08 07:22,fc.temperature,4.3336
2026-08-08 07:23,fc.humidifier_duty,0.0188
2026-08-08 07:23,fc.humidity,90.0443
2026-08-08 07:23,fc.humidity_target,0.8850
2026-08-08 07:23,fc.pid_output,0.0188
2026-08-08 07:23,fc.temperature,4.3290
2026-08-08 07:24,fc.humidifier_duty,0.0181
2026-08-08 07:24,fc.humidity,90.0591
2026-08-08 07:24,fc.humidity_target,0.8850
2026-08-08 07:24,fc.pid_output,0.0181
2026-08-08 07:24,fc.temperature,4.3112
2026-08-08 07:25,fc.humidifier_duty,0.0175
2026-08-08 07:25,fc.humidity,90.0755
2026-08-08 07:25,fc.humidity_target,0.8850
2026-08-08 07:25,fc.pid_output,0.0175
2026-08-08 07:25,fc.temperature,4.2987
2026-08-08 07:26,fc.humidifier_duty,0.0170
2026-08-08 07:26,fc.humidity,90.0887
2026-08-08 07:26,fc.humidity_target,0.8850
2026-08-08 07:26,fc.pid_output,0.0170
2026-08-08 07:26,fc.temperature,4.2915
2026-08-08 07:27,fc.humidifier_duty,0.0164
2026-08-08 07:27,fc.humidity,90.1071
2026-08-08 07:27,fc.humidity_target,0.8850
2026-08-08 07:27,fc.pid_output,0.0164
2026-08-08 07:27,fc.temperature,4.2778
2026-08-08 07:28,fc.humidifier_duty,0.0159
2026-08-08 07:28,fc.humidity,90.1192
2026-08-08 07:28,fc.humidity_target,0.8850
2026-08-08 07:28,fc.pid_output,0.0159
2026-08-08 07:28,fc.temperature,4.2661
2026-08-08 07:29,fc.humidifier_duty,0.0154
2026-08-08 07:29,fc.humidity,90.1282
2026-08-08 07:29,fc.humidity_target,0.8850
2026-08-08 07:29,fc.pid_output,0.0154
2026-08-08 07:29,fc.temperature,4.2515
2026-08-08 07:30,fc.humidifier_duty,0.0149
2026-08-08 07:30,fc.humidity,90.1515
2026-08-08 07:30,fc.humidity_target,0.8850
2026-08-08 07:30,fc.pid_output,0.0149
2026-08-08 07:30,fc.temperature,4.2370
2026-08-08 07:31,fc.humidifier_duty,0.0144
2026-08-08 07:31,fc.humidity,90.1645
2026-08-08 07:31,fc.humidity_target,0.8850
2026-08-08 07:31,fc.pid_output,0.0144
2026-08-08 07:31,fc.temperature,4.2200
2026-08-08 07:32,fc.humidifier_duty,0.0139
2026-08-08 07:32,fc.humidity,90.1749
2026-08-08 07:32,fc.humidity_target,0.8850
2026-08-08 07:32,fc.pid_output,0.0139
2026-08-08 07:32,fc.temperature,4.2106
2026-08-08 07:33,fc.humidifier_duty,0.0134
2026-08-08 07:33,fc.humidity,90.1958
2026-08-08 07:33,fc.humidity_target,0.8850
2026-08-08 07:33,fc.pid_output,0.0134
2026-08-08 07:33,fc.temperature,4.1976
2026-08-08 07:34,fc.humidifier_duty,0.0130
2026-08-08 07:34,fc.humidity,90.2176
2026-08-08 07:34,fc.humidity_target,0.8850
2026-08-08 07:34,fc.pid_output,0.0130
2026-08-08 07:34,fc.temperature,4.1850
2026-08-08 07:35,fc.humidifier_duty,0.0126
2026-08-08 07:35,fc.humidity,90.2426
2026-08-08 07:35,fc.humidity_target,0.8850
2026-08-08 07:35,fc.pid_output,0.0126
2026-08-08 07:35,fc.temperature,4.1774
2026-08-08 07:36,fc.humidifier_duty,0.0122
2026-08-08 07:36,fc.humidity,90.2606
2026-08-08 07:36,fc.humidity_target,0.8850
2026-08-08 07:36,fc.pid_output,0.0122
2026-08-08 07:36,fc.temperature,4.1684
2026-08-08 07:37,fc.humidifier_duty,0.0118
2026-08-08 07:37,fc.humidity,90.2867
2026-08-08 07:37,fc.humidity_target,0.8850
2026-08-08 07:37,fc.pid_output,0.0118
2026-08-08 07:37,fc.temperature,4.1594
2026-08-08 07:38,fc.humidifier_duty,0.0114
2026-08-08 07:38,fc.humidity,90.3110
2026-08-08 07:38,fc.humidity_target,0.8850
2026-08-08 07:38,fc.pid_output,0.0114
2026-08-08 07:38,fc.temperature,4.1490
2026-08-08 07:39,fc.humidifier_duty,0.0110
2026-08-08 07:39,fc.humidity,90.3193
2026-08-08 07:39,fc.humidity_target,0.8850
2026-08-08 07:39,fc.pid_output,0.0110
2026-08-08 07:39,fc.temperature,4.1421
2026-08-08 07:40,fc.humidifier_duty,0.0106
2026-08-08 07:40,fc.humidity,90.3305
2026-08-08 07:40,fc.humidity_target,0.8850
2026-08-08 07:40,fc.pid_output,0.0106
2026-08-08 07:40,fc.temperature,4.1402
2026-08-08 07:41,fc.humidifier_duty,0.0103
2026-08-08 07:41,fc.humidity,90.3455
2026-08-08 07:41,fc.humidity_target,0.8850
2026-08-08 07:41,fc.pid_output,0.0103
2026-08-08 07:41,fc.temperature,4.1332
2026-08-08 07:42,fc.humidifier_duty,0.0100
2026-08-08 07:42,fc.humidity,90.3611
2026-08-08 07:42,fc.humidity_target,0.8850
2026-08-08 07:42,fc.pid_output,0.0100
2026-08-08 07:42,fc.temperature,4.1314
2026-08-08 07:43,fc.humidifier_duty,0.0096
2026-08-08 07:43,fc.humidity,90.3839
2026-08-08 07:43,fc.humidity_target,0.8850
2026-08-08 07:43,fc.pid_output,0.0096
2026-08-08 07:43,fc.temperature,4.1320
2026-08-08 07:44,fc.humidifier_duty,0.0093
2026-08-08 07:44,fc.humidity,90.3927
2026-08-08 07:44,fc.humidity_target,0.8850
2026-08-08 07:44,fc.pid_output,0.0093
2026-08-08 07:44,fc.temperature,4.1252
2026-08-08 07:45,fc.humidifier_duty,0.0090
2026-08-08 07:45,fc.humidity,90.4046
2026-08-08 07:45,fc.humidity_target,0.8850
2026-08-08 07:45,fc.pid_output,0.0090
2026-08-08 07:45,fc.temperature,4.1244
2026-08-08 07:46,fc.humidifier_duty,0.0087
2026-08-08 07:46,fc.humidity,90.4156
2026-08-08 07:46,fc.humidity_target,0.8850
2026-08-08 07:46,fc.pid_output,0.0087
2026-08-08 07:46,fc.temperature,4.1220
2026-08-08 07:47,fc.humidifier_duty,0.0084
2026-08-08 07:47,fc.humidity,90.4296
2026-08-08 07:47,fc.humidity_target,0.8850
2026-08-08 07:47,fc.pid_output,0.0084
2026-08-08 07:47,fc.temperature,4.1213
2026-08-08 07:48,fc.humidifier_duty,0.0082
2026-08-08 07:48,fc.humidity,90.4281
2026-08-08 07:48,fc.humidity_target,0.8850
2026-08-08 07:48,fc.pid_output,0.0082
2026-08-08 07:48,fc.temperature,4.1219
2026-08-08 07:49,fc.humidifier_duty,0.0079
2026-08-08 07:49,fc.humidity,90.4409
2026-08-08 07:49,fc.humidity_target,0.8850
2026-08-08 07:49,fc.pid_output,0.0079
2026-08-08 07:49,fc.temperature,4.1245
2026-08-08 07:50,fc.humidifier_duty,0.0076
2026-08-08 07:50,fc.humidity,90.4504
2026-08-08 07:50,fc.humidity_target,0.8850
2026-08-08 07:50,fc.pid_output,0.0076
2026-08-08 07:50,fc.temperature,4.1236
2026-08-08 07:51,fc.humidifier_duty,0.0074
2026-08-08 07:51,fc.humidity,90.4636
2026-08-08 07:51,fc.humidity_target,0.8850
2026-08-08 07:51,fc.pid_output,0.0074
2026-08-08 07:51,fc.temperature,4.1242
2026-08-08 07:52,fc.humidifier_duty,0.0071
2026-08-08 07:52,fc.humidity,90.4768
2026-08-08 07:52,fc.humidity_target,0.8850
2026-08-08 07:52,fc.pid_output,0.0071
2026-08-08 07:52,fc.temperature,4.1175
2026-08-08 07:53,fc.humidifier_duty,0.0069
2026-08-08 07:53,fc.humidity,90.4858
2026-08-08 07:53,fc.humidity_target,0.8850
2026-08-08 07:53,fc.pid_output,0.0069
2026-08-08 07:53,fc.temperature,4.1242
2026-08-08 07:54,fc.humidifier_duty,0.0067
2026-08-08 07:54,fc.humidity,90.5012
2026-08-08 07:54,fc.humidity_target,0.8850
2026-08-08 07:54,fc.pid_output,0.0067
2026-08-08 07:54,fc.temperature,4.1221
2026-08-08 07:55,fc.humidifier_duty,0.0065
2026-08-08 07:55,fc.humidity,90.5095
2026-08-08 07:55,fc.humidity_target,0.8850
2026-08-08 07:55,fc.pid_output,0.0065
2026-08-08 07:55,fc.temperature,4.1255
2026-08-08 07:56,fc.humidifier_duty,0.0062
2026-08-08 07:56,fc.humidity,90.5173
2026-08-08 07:56,fc.humidity_target,0.8850
2026-08-08 07:56,fc.pid_output,0.0062
2026-08-08 07:56,fc.temperature,4.1318
2026-08-08 07:57,fc.humidifier_duty,0.0060
2026-08-08 07:57,fc.humidity,90.5317
2026-08-08 07:57,fc.humidity_target,0.8850
2026-08-08 07:57,fc.pid_output,0.0060
2026-08-08 07:57,fc.temperature,4.1309
2026-08-08 07:58,fc.humidifier_duty,0.0058
2026-08-08 07:58,fc.humidity,90.5435
2026-08-08 07:58,fc.humidity_target,0.8850
2026-08-08 07:58,fc.pid_output,0.0058
2026-08-08 07:58,fc.temperature,4.1430
2026-08-08 07:59,fc.humidifier_duty,0.0056
2026-08-08 07:59,fc.humidity,90.5482
2026-08-08 07:59,fc.humidity_target,0.8850
2026-08-08 07:59,fc.pid_output,0.0056
2026-08-08 07:59,fc.temperature,4.1544
2026-08-08 08:00,fc.humidifier_duty,0.0055
2026-08-08 08:00,fc.humidity,90.5674
2026-08-08 08:00,fc.humidity_target,0.8850
2026-08-08 08:00,fc.pid_output,0.0055
2026-08-08 08:00,fc.temperature,4.1640
2026-08-08 08:01,fc.humidifier_duty,0.0053
2026-08-08 08:01,fc.humidity,90.5685
2026-08-08 08:01,fc.humidity_target,0.8850
2026-08-08 08:01,fc.pid_output,0.0053
2026-08-08 08:01,fc.temperature,4.1763
2026-08-08 08:02,fc.humidifier_duty,0.0051
2026-08-08 08:02,fc.humidity,90.5716
2026-08-08 08:02,fc.humidity_target,0.8850
2026-08-08 08:02,fc.pid_output,0.0051
2026-08-08 08:02,fc.temperature,4.1918
2026-08-08 08:03,fc.humidifier_duty,0.0049
2026-08-08 08:03,fc.humidity,90.5666
2026-08-08 08:03,fc.humidity_target,0.8850
2026-08-08 08:03,fc.pid_output,0.0049
2026-08-08 08:03,fc.temperature,4.2097
2026-08-08 08:04,fc.humidifier_duty,0.0048
2026-08-08 08:04,fc.humidity,90.5619
2026-08-08 08:04,fc.humidity_target,0.8850
2026-08-08 08:04,fc.pid_output,0.0048
2026-08-08 08:04,fc.temperature,4.2245
2026-08-08 08:05,fc.humidifier_duty,0.0046
2026-08-08 08:05,fc.humidity,90.5550
2026-08-08 08:05,fc.humidity_target,0.8850
2026-08-08 08:05,fc.pid_output,0.0046
2026-08-08 08:05,fc.temperature,4.2448
2026-08-08 08:06,fc.humidifier_duty,0.0045
2026-08-08 08:06,fc.humidity,90.5440
2026-08-08 08:06,fc.humidity_target,0.8850
2026-08-08 08:06,fc.pid_output,0.0045
2026-08-08 08:06,fc.temperature,4.2631
2026-08-08 08:07,fc.humidifier_duty,0.0043
2026-08-08 08:07,fc.humidity,90.5225
2026-08-08 08:07,fc.humidity_target,0.8850
2026-08-08 08:07,fc.pid_output,0.0043
2026-08-08 08:07,fc.temperature,4.2807
2026-08-08 08:08,fc.humidifier_duty,0.0042
2026-08-08 08:08,fc.humidity,90.5135
2026-08-08 08:08,fc.humidity_target,0.8850
2026-08-08 08:08,fc.pid_output,0.0042
2026-08-08 08:08,fc.temperature,4.3003
2026-08-08 08:09,fc.humidifier_duty,0.0040
2026-08-08 08:09,fc.humidity,90.4950
2026-08-08 08:09,fc.humidity_target,0.8850
2026-08-08 08:09,fc.pid_output,0.0040
2026-08-08 08:09,fc.temperature,4.3184
2026-08-08 08:10,fc.humidifier_duty,0.0039
2026-08-08 08:10,fc.humidity,90.4794
2026-08-08 08:10,fc.humidity_target,0.8850
2026-08-08 08:10,fc.pid_output,0.0039
2026-08-08 08:10,fc.temperature,4.3430
2026-08-08 08:11,fc.humidifier_duty,0.0038
2026-08-08 08:11,fc.humidity,90.4535
2026-08-08 08:11,fc.humidity_target,0.8850
2026-08-08 08:11,fc.pid_output,0.0038
2026-08-08 08:11,fc.temperature,4.3651
2026-08-08 08:12,fc.humidifier_duty,0.0037
2026-08-08 08:12,fc.humidity,90.4247
2026-08-08 08:12,fc.humidity_target,0.8850
2026-08-08 08:12,fc.pid_output,0.0037
2026-08-08 08:12,fc.temperature,4.3828
2026-08-08 08:13,fc.humidifier_duty,0.0035
2026-08-08 08:13,fc.humidity,90.3952
2026-08-08 08:13,fc.humidity_target,0.8850
2026-08-08 08:13,fc.pid_output,0.0035
2026-08-08 08:13,fc.temperature,4.4020
2026-08-08 08:14,fc.humidifier_duty,0.0034
2026-08-08 08:14,fc.humidity,90.3787
2026-08-08 08:14,fc.humidity_target,0.8850
2026-08-08 08:14,fc.pid_output,0.0034
2026-08-08 08:14,fc.temperature,4.4169
2026-08-08 08:15,fc.humidifier_duty,0.0033
2026-08-08 08:15,fc.humidity,90.3609
2026-08-08 08:15,fc.humidity_target,0.8850
2026-08-08 08:15,fc.pid_output,0.0033
2026-08-08 08:15,fc.temperature,4.4362
2026-08-08 08:16,fc.humidifier_duty,0.0032
2026-08-08 08:16,fc.humidity,90.3252
2026-08-08 08:16,fc.humidity_target,0.8850
2026-08-08 08:16,fc.pid_output,0.0032
2026-08-08 08:16,fc.temperature,4.4474
2026-08-08 08:17,fc.humidifier_duty,0.0031
2026-08-08 08:17,fc.humidity,90.2798
2026-08-08 08:17,fc.humidity_target,0.8850
2026-08-08 08:17,fc.pid_output,0.0031
2026-08-08 08:17,fc.temperature,4.4637
2026-08-08 08:18,fc.humidifier_duty,0.0030
2026-08-08 08:18,fc.humidity,90.2496
2026-08-08 08:18,fc.humidity_target,0.8850
2026-08-08 08:18,fc.pid_output,0.0030
2026-08-08 08:18,fc.temperature,4.4807
2026-08-08 08:19,fc.humidifier_duty,0.0029
2026-08-08 08:19,fc.humidity,90.2245
2026-08-08 08:19,fc.humidity_target,0.8850
2026-08-08 08:19,fc.pid_output,0.0029
2026-08-08 08:19,fc.temperature,4.4913
2026-08-08 08:20,fc.humidifier_duty,0.0028
2026-08-08 08:20,fc.humidity,90.1991
2026-08-08 08:20,fc.humidity_target,0.8850
2026-08-08 08:20,fc.pid_output,0.0028
2026-08-08 08:20,fc.temperature,4.5035
2026-08-08 08:21,fc.humidifier_duty,0.0027
2026-08-08 08:21,fc.humidity,90.1902
2026-08-08 08:21,fc.humidity_target,0.8850
2026-08-08 08:21,fc.pid_output,0.0027
2026-08-08 08:21,fc.temperature,4.5167
2026-08-08 08:22,fc.humidifier_duty,0.0026
2026-08-08 08:22,fc.humidity,90.1774
2026-08-08 08:22,fc.humidity_target,0.8850
2026-08-08 08:22,fc.pid_output,0.0026
2026-08-08 08:22,fc.temperature,4.5265
2026-08-08 08:23,fc.humidifier_duty,0.0025
2026-08-08 08:23,fc.humidity,90.1600
2026-08-08 08:23,fc.humidity_target,0.8850
2026-08-08 08:23,fc.pid_output,0.0025
2026-08-08 08:23,fc.temperature,4.5364
2026-08-08 08:24,fc.humidifier_duty,0.0025
2026-08-08 08:24,fc.humidity,90.1446
2026-08-08 08:24,fc.humidity_target,0.8850
2026-08-08 08:24,fc.pid_output,0.0025
2026-08-08 08:24,fc.temperature,4.5406
2026-08-08 08:25,fc.humidifier_duty,0.0024
2026-08-08 08:25,fc.humidity,90.1290
2026-08-08 08:25,fc.humidity_target,0.8850
2026-08-08 08:25,fc.pid_output,0.0024
2026-08-08 08:25,fc.temperature,4.5506
2026-08-08 08:26,fc.humidifier_duty,0.0023
2026-08-08 08:26,fc.humidity,90.1124
2026-08-08 08:26,fc.humidity_target,0.8850
2026-08-08 08:26,fc.pid_output,0.0023
2026-08-08 08:26,fc.temperature,4.5569
2026-08-08 08:27,fc.humidifier_duty,0.0022
2026-08-08 08:27,fc.humidity,90.1024
2026-08-08 08:27,fc.humidity_target,0.8850
2026-08-08 08:27,fc.pid_output,0.0022
2026-08-08 08:27,fc.temperature,4.5664
2026-08-08 08:28,fc.humidifier_duty,0.0021
2026-08-08 08:28,fc.humidity,90.0891
2026-08-08 08:28,fc.humidity_target,0.8850
2026-08-08 08:28,fc.pid_output,0.0021
2026-08-08 08:28,fc.temperature,4.5678
2026-08-08 08:29,fc.humidifier_duty,0.0021
2026-08-08 08:29,fc.humidity,90.0658
2026-08-08 08:29,fc.humidity_target,0.8850
2026-08-08 08:29,fc.pid_output,0.0021
2026-08-08 08:29,fc.temperature,4.5790
2026-08-08 08:30,fc.humidifier_duty,0.0020
2026-08-08 08:30,fc.humidity,90.0510
2026-08-08 08:30,fc.humidity_target,0.8850
2026-08-08 08:30,fc.pid_output,0.0020
2026-08-08 08:30,fc.temperature,4.5860
2026-08-08 08:31,fc.humidifier_duty,0.0019
2026-08-08 08:31,fc.humidity,90.0352
2026-08-08 08:31,fc.humidity_target,0.8850
2026-08-08 08:31,fc.pid_output,0.0019
2026-08-08 08:31,fc.temperature,4.5910
2026-08-08 08:32,fc.humidifier_duty,0.0019
2026-08-08 08:32,fc.humidity,90.0157
2026-08-08 08:32,fc.humidity_target,0.8850
2026-08-08 08:32,fc.pid_output,0.0019
2026-08-08 08:32,fc.temperature,4.5993
2026-08-08 08:33,fc.humidifier_duty,0.0018
2026-08-08 08:33,fc.humidity,89.9963
2026-08-08 08:33,fc.humidity_target,0.8850
2026-08-08 08:33,fc.pid_output,0.0018
2026-08-08 08:33,fc.temperature,4.5985
2026-08-08 08:34,fc.humidifier_duty,0.0018
2026-08-08 08:34,fc.humidity,89.9962
2026-08-08 08:34,fc.humidity_target,0.8850
2026-08-08 08:34,fc.pid_output,0.0018
2026-08-08 08:34,fc.temperature,4.6062
2026-08-08 08:35,fc.humidifier_duty,0.0018
2026-08-08 08:35,fc.humidity,90.0093
2026-08-08 08:35,fc.humidity_target,0.8850
2026-08-08 08:35,fc.pid_output,0.0018
2026-08-08 08:35,fc.temperature,4.6099
2026-08-08 08:36,fc.humidifier_duty,0.0017
2026-08-08 08:36,fc.humidity,90.0131
2026-08-08 08:36,fc.humidity_target,0.8850
2026-08-08 08:36,fc.pid_output,0.0017
2026-08-08 08:36,fc.temperature,4.6129
2026-08-08 08:37,fc.humidifier_duty,0.0017
2026-08-08 08:37,fc.humidity,90.0194
2026-08-08 08:37,fc.humidity_target,0.8850
2026-08-08 08:37,fc.pid_output,0.0017
2026-08-08 08:37,fc.temperature,4.6183
2026-08-08 08:38,fc.humidifier_duty,0.0016
2026-08-08 08:38,fc.humidity,90.0136
2026-08-08 08:38,fc.humidity_target,0.8850
2026-08-08 08:38,fc.pid_output,0.0016
2026-08-08 08:38,fc.temperature,4.6242
2026-08-08 08:39,fc.humidifier_duty,0.0016
2026-08-08 08:39,fc.humidity,90.0173
2026-08-08 08:39,fc.humidity_target,0.8850
2026-08-08 08:39,fc.pid_output,0.0016
2026-08-08 08:39,fc.temperature,4.6301
2026-08-08 08:40,fc.humidifier_duty,0.0015
2026-08-08 08:40,fc.humidity,90.0167
2026-08-08 08:40,fc.humidity_target,0.8850
2026-08-08 08:40,fc.pid_output,0.0015
2026-08-08 08:40,fc.temperature,4.6379
2026-08-08 08:41,fc.humidifier_duty,0.0015
2026-08-08 08:41,fc.humidity,90.0179
2026-08-08 08:41,fc.humidity_target,0.8850
2026-08-08 08:41,fc.pid_output,0.0015
2026-08-08 08:41,fc.temperature,4.6498
2026-08-08 08:42,fc.humidifier_duty,0.0014
2026-08-08 08:42,fc.humidity,90.0223
2026-08-08 08:42,fc.humidity_target,0.8850
2026-08-08 08:42,fc.pid_output,0.0014
2026-08-08 08:42,fc.temperature,4.6567
2026-08-08 08:43,fc.humidifier_duty,0.0014
2026-08-08 08:43,fc.humidity,90.0285
2026-08-08 08:43,fc.humidity_target,0.8850
2026-08-08 08:43,fc.pid_output,0.0014
2026-08-08 08:43,fc.temperature,4.6667
2026-08-08 08:44,fc.humidifier_duty,0.0013
2026-08-08 08:44,fc.humidity,90.0351
2026-08-08 08:44,fc.humidity_target,0.8850
2026-08-08 08:44,fc.pid_output,0.0013
2026-08-08 08:44,fc.temperature,4.6769
2026-08-08 08:45,fc.humidifier_duty,0.0013
2026-08-08 08:45,fc.humidity,90.0339
2026-08-08 08:45,fc.humidity_target,0.8850
2026-08-08 08:45,fc.pid_output,0.0013
2026-08-08 08:45,fc.temperature,4.6930
2026-08-08 08:46,fc.humidifier_duty,0.0012
2026-08-08 08:46,fc.humidity,90.0326
2026-08-08 08:46,fc.humidity_target,0.8850
2026-08-08 08:46,fc.pid_output,0.0012
2026-08-08 08:46,fc.temperature,4.6988
2026-08-08 08:47,fc.humidifier_duty,0.0012
2026-08-08 08:47,fc.humidity,90.0352
2026-08-08 08:47,fc.humidity_target,0.8850
2026-08-08 08:47,fc.pid_output,0.0012
2026-08-08 08:47,fc.temperature,4.7183
2026-08-08 08:48,fc.humidifier_duty,0.0012
2026-08-08 08:48,fc.humidity,90.0237
2026-08-08 08:48,fc.humidity_target,0.8850
2026-08-08 08:48,fc.pid_output,0.0012
2026-08-08 08:48,fc.temperature,4.7302
2026-08-08 08:49,fc.humidifier_duty,0.0011
2026-08-08 08:49,fc.humidity,90.0123
2026-08-08 08:49,fc.humidity_target,0.8850
2026-08-08 08:49,fc.pid_output,0.0011
2026-08-08 08:49,fc.temperature,4.7455
2026-08-08 08:50,fc.humidifier_duty,0.0011
2026-08-08 08:50,fc.humidity,90.0050
2026-08-08 08:50,fc.humidity_target,0.8850
2026-08-08 08:50,fc.pid_output,0.0011
2026-08-08 08:50,fc.temperature,4.7614
2026-08-08 08:51,fc.humidifier_duty,0.0011
2026-08-08 08:51,fc.humidity,90.0001
2026-08-08 08:51,fc.humidity_target,0.8850
2026-08-08 08:51,fc.pid_output,0.0011
2026-08-08 08:51,fc.temperature,4.7793
2026-08-08 08:52,fc.humidifier_duty,0.0011
2026-08-08 08:52,fc.humidity,90.0110
2026-08-08 08:52,fc.humidity_target,0.8850
2026-08-08 08:52,fc.pid_output,0.0011
2026-08-08 08:52,fc.temperature,4.7993
2026-08-08 08:53,fc.humidifier_duty,0.0010
2026-08-08 08:53,fc.humidity,90.0065
2026-08-08 08:53,fc.humidity_target,0.8850
2026-08-08 08:53,fc.pid_output,0.0010
2026-08-08 08:53,fc.temperature,4.8235
2026-08-08 08:54,fc.humidifier_duty,0.0010
2026-08-08 08:54,fc.humidity,90.0044
2026-08-08 08:54,fc.humidity_target,0.8850
2026-08-08 08:54,fc.pid_output,0.0010
2026-08-08 08:54,fc.temperature,4.8443
2026-08-08 08:55,fc.humidifier_duty,0.0011
2026-08-08 08:55,fc.humidity,89.9801
2026-08-08 08:55,fc.humidity_target,0.8850
2026-08-08 08:55,fc.pid_output,0.0011
2026-08-08 08:55,fc.temperature,4.8740
2026-08-08 08:56,fc.humidifier_duty,0.0015
2026-08-08 08:56,fc.humidity,89.9423
2026-08-08 08:56,fc.humidity_target,0.8850
2026-08-08 08:56,fc.pid_output,0.0015
2026-08-08 08:56,fc.temperature,4.8992
2026-08-08 08:57,fc.humidifier_duty,0.0023
2026-08-08 08:57,fc.humidity,89.8995
2026-08-08 08:57,fc.humidity_target,0.8850
2026-08-08 08:57,fc.pid_output,0.0023
2026-08-08 08:57,fc.temperature,4.9328
2026-08-08 08:58,fc.humidifier_duty,0.0046
2026-08-08 08:58,fc.humidity,89.8423
2026-08-08 08:58,fc.humidity_target,0.8850
2026-08-08 08:58,fc.pid_output,0.0046
2026-08-08 08:58,fc.temperature,4.9539
2026-08-08 08:59,fc.humidifier_duty,0.0073
2026-08-08 08:59,fc.humidity,89.7961
2026-08-08 08:59,fc.humidity_target,0.8850
2026-08-08 08:59,fc.pid_output,0.0074
2026-08-08 08:59,fc.temperature,4.9833
2026-08-08 09:00,fc.humidifier_duty,0.0097
2026-08-08 09:00,fc.humidity,89.7699
2026-08-08 09:00,fc.humidity_target,0.8850
2026-08-08 09:00,fc.pid_output,0.0097
2026-08-08 09:00,fc.temperature,5.0084
2026-08-08 09:01,fc.humidifier_duty,0.0093
2026-08-08 09:01,fc.humidity,89.7912
2026-08-08 09:01,fc.humidity_target,0.8850
2026-08-08 09:01,fc.pid_output,0.0093
2026-08-08 09:01,fc.temperature,5.0453
2026-08-08 09:02,fc.humidifier_duty,0.0123
2026-08-08 09:02,fc.humidity,89.7542
2026-08-08 09:02,fc.humidity_target,0.8850
2026-08-08 09:02,fc.pid_output,0.0122
2026-08-08 09:02,fc.temperature,5.0687
2026-08-08 09:03,fc.humidifier_duty,0.0178
2026-08-08 09:03,fc.humidity,89.6975
2026-08-08 09:03,fc.humidity_target,0.8850
2026-08-08 09:03,fc.pid_output,0.0179
2026-08-08 09:03,fc.temperature,5.0939
2026-08-08 09:04,fc.humidifier_duty,0.0215
2026-08-08 09:04,fc.humidity,89.6748
2026-08-08 09:04,fc.humidity_target,0.8850
2026-08-08 09:04,fc.pid_output,0.0215
2026-08-08 09:04,fc.temperature,5.1222
2026-08-08 09:05,fc.humidifier_duty,0.0262
2026-08-08 09:05,fc.humidity,89.6437
2026-08-08 09:05,fc.humidity_target,0.8850
2026-08-08 09:05,fc.pid_output,0.0262
2026-08-08 09:05,fc.temperature,5.1522
2026-08-08 09:06,fc.humidifier_duty,0.0330
2026-08-08 09:06,fc.humidity,89.6032
2026-08-08 09:06,fc.humidity_target,0.8850
2026-08-08 09:06,fc.pid_output,0.0330
2026-08-08 09:06,fc.temperature,5.1637
2026-08-08 09:07,fc.humidifier_duty,0.0415
2026-08-08 09:07,fc.humidity,89.5515
2026-08-08 09:07,fc.humidity_target,0.8850
2026-08-08 09:07,fc.pid_output,0.0415
2026-08-08 09:07,fc.temperature,5.1925
2026-08-08 09:08,fc.humidifier_duty,0.0506
2026-08-08 09:08,fc.humidity,89.5121
2026-08-08 09:08,fc.humidity_target,0.8850
2026-08-08 09:08,fc.pid_output,0.0506
2026-08-08 09:08,fc.temperature,5.2109
2026-08-08 09:09,fc.humidifier_duty,0.0589
2026-08-08 09:09,fc.humidity,89.4822
2026-08-08 09:09,fc.humidity_target,0.8850
2026-08-08 09:09,fc.pid_output,0.0589
2026-08-08 09:09,fc.temperature,5.2270
2026-08-08 09:10,fc.humidifier_duty,0.0715
2026-08-08 09:10,fc.humidity,89.4321
2026-08-08 09:10,fc.humidity_target,0.8850
2026-08-08 09:10,fc.pid_output,0.0715
2026-08-08 09:10,fc.temperature,5.2357
2026-08-08 09:11,fc.humidifier_duty,0.0845
2026-08-08 09:11,fc.humidity,89.3896
2026-08-08 09:11,fc.humidity_target,0.8850
2026-08-08 09:11,fc.pid_output,0.0845
2026-08-08 09:11,fc.temperature,5.2477
2026-08-08 09:12,fc.humidifier_duty,0.1002
2026-08-08 09:12,fc.humidity,89.3412
2026-08-08 09:12,fc.humidity_target,0.8850
2026-08-08 09:12,fc.pid_output,0.1002
2026-08-08 09:12,fc.temperature,5.2574
2026-08-08 09:13,fc.humidifier_duty,0.1137
2026-08-08 09:13,fc.humidity,89.3146
2026-08-08 09:13,fc.humidity_target,0.8850
2026-08-08 09:13,fc.pid_output,0.1137
2026-08-08 09:13,fc.temperature,5.2669
2026-08-08 09:14,fc.humidifier_duty,0.1221
2026-08-08 09:14,fc.humidity,89.3164
2026-08-08 09:14,fc.humidity_target,0.8850
2026-08-08 09:14,fc.pid_output,0.1219
2026-08-08 09:14,fc.temperature,5.2714
2026-08-08 09:15,fc.humidifier_duty,0.1334
2026-08-08 09:15,fc.humidity,89.3035
2026-08-08 09:15,fc.humidity_target,0.8850
2026-08-08 09:15,fc.pid_output,0.1333
2026-08-08 09:15,fc.temperature,5.2777
2026-08-08 09:16,fc.humidifier_duty,0.1407
2026-08-08 09:16,fc.humidity,89.3207
2026-08-08 09:16,fc.humidity_target,0.8850
2026-08-08 09:16,fc.pid_output,0.1407
2026-08-08 09:16,fc.temperature,5.2836
2026-08-08 09:17,fc.humidifier_duty,0.1479
2026-08-08 09:17,fc.humidity,89.3264
2026-08-08 09:17,fc.humidity_target,0.8850
2026-08-08 09:17,fc.pid_output,0.1480
2026-08-08 09:17,fc.temperature,5.2887
2026-08-08 09:18,fc.humidifier_duty,0.1563
2026-08-08 09:18,fc.humidity,89.3355
2026-08-08 09:18,fc.humidity_target,0.8850
2026-08-08 09:18,fc.pid_output,0.1563
2026-08-08 09:18,fc.temperature,5.2895
2026-08-08 09:19,fc.humidifier_duty,0.1618
2026-08-08 09:19,fc.humidity,89.3529
2026-08-08 09:19,fc.humidity_target,0.8850
2026-08-08 09:19,fc.pid_output,0.1618
2026-08-08 09:19,fc.temperature,5.3047
2026-08-08 09:20,fc.humidifier_duty,0.1629
2026-08-08 09:20,fc.humidity,89.3967
2026-08-08 09:20,fc.humidity_target,0.8850
2026-08-08 09:20,fc.pid_output,0.1629
2026-08-08 09:20,fc.temperature,5.3214
2026-08-08 09:21,fc.humidifier_duty,0.1643
2026-08-08 09:21,fc.humidity,89.4373
2026-08-08 09:21,fc.humidity_target,0.8850
2026-08-08 09:21,fc.pid_output,0.1643
2026-08-08 09:21,fc.temperature,5.3501
2026-08-08 09:22,fc.humidifier_duty,0.1661
2026-08-08 09:22,fc.humidity,89.4643
2026-08-08 09:22,fc.humidity_target,0.8850
2026-08-08 09:22,fc.pid_output,0.1662
2026-08-08 09:22,fc.temperature,5.3810
2026-08-08 09:23,fc.humidifier_duty,0.1685
2026-08-08 09:23,fc.humidity,89.4926
2026-08-08 09:23,fc.humidity_target,0.8850
2026-08-08 09:23,fc.pid_output,0.1685
2026-08-08 09:23,fc.temperature,5.4139
2026-08-08 09:24,fc.humidifier_duty,0.1715
2026-08-08 09:24,fc.humidity,89.5036
2026-08-08 09:24,fc.humidity_target,0.8850
2026-08-08 09:24,fc.pid_output,0.1716
2026-08-08 09:24,fc.temperature,5.4568
2026-08-08 09:25,fc.humidifier_duty,0.1793
2026-08-08 09:25,fc.humidity,89.4907
2026-08-08 09:25,fc.humidity_target,0.8850
2026-08-08 09:25,fc.pid_output,0.1792
2026-08-08 09:25,fc.temperature,5.5005
2026-08-08 09:26,fc.humidifier_duty,0.1870
2026-08-08 09:26,fc.humidity,89.4698
2026-08-08 09:26,fc.humidity_target,0.8850
2026-08-08 09:26,fc.pid_output,0.1871
2026-08-08 09:26,fc.temperature,5.5350
2026-08-08 09:27,fc.humidifier_duty,0.2012
2026-08-08 09:27,fc.humidity,89.4122
2026-08-08 09:27,fc.humidity_target,0.8850
2026-08-08 09:27,fc.pid_output,0.2012
2026-08-08 09:27,fc.temperature,5.5734
2026-08-08 09:28,fc.humidifier_duty,0.2099
2026-08-08 09:28,fc.humidity,89.4047
2026-08-08 09:28,fc.humidity_target,0.8850
2026-08-08 09:28,fc.pid_output,0.2098
2026-08-08 09:28,fc.temperature,5.6148
2026-08-08 09:29,fc.humidifier_duty,0.2202
2026-08-08 09:29,fc.humidity,89.3750
2026-08-08 09:29,fc.humidity_target,0.8850
2026-08-08 09:29,fc.pid_output,0.2202
2026-08-08 09:29,fc.temperature,5.6768
2026-08-08 09:30,fc.humidifier_duty,0.2383
2026-08-08 09:30,fc.humidity,89.3206
2026-08-08 09:30,fc.humidity_target,0.8850
2026-08-08 09:30,fc.pid_output,0.2378
2026-08-08 09:30,fc.temperature,5.7365
2026-08-08 09:31,fc.humidifier_duty,0.2593
2026-08-08 09:31,fc.humidity,89.2561
2026-08-08 09:31,fc.humidity_target,0.8850
2026-08-08 09:31,fc.pid_output,0.2591
2026-08-08 09:31,fc.temperature,5.7984
2026-08-08 09:32,fc.humidifier_duty,0.2790
2026-08-08 09:32,fc.humidity,89.2141
2026-08-08 09:32,fc.humidity_target,0.8850
2026-08-08 09:32,fc.pid_output,0.2791
2026-08-08 09:32,fc.temperature,5.8600
2026-08-08 09:33,fc.humidifier_duty,0.3082
2026-08-08 09:33,fc.humidity,89.1324
2026-08-08 09:33,fc.humidity_target,0.8850
2026-08-08 09:33,fc.pid_output,0.3084
2026-08-08 09:33,fc.temperature,5.9133
2026-08-08 09:34,fc.humidifier_duty,0.3406
2026-08-08 09:34,fc.humidity,89.0589
2026-08-08 09:34,fc.humidity_target,0.8850
2026-08-08 09:34,fc.pid_output,0.3406
2026-08-08 09:34,fc.temperature,5.9634
2026-08-08 09:35,fc.humidifier_duty,0.3840
2026-08-08 09:35,fc.humidity,88.9617
2026-08-08 09:35,fc.humidity_target,0.8850
2026-08-08 09:35,fc.pid_output,0.3842
2026-08-08 09:35,fc.temperature,6.0265
2026-08-08 09:36,fc.humidifier_duty,0.4320
2026-08-08 09:36,fc.humidity,88.8676
2026-08-08 09:36,fc.humidity_target,0.8850
2026-08-08 09:36,fc.pid_output,0.4312
2026-08-08 09:36,fc.temperature,6.0739
2026-08-08 09:37,fc.humidifier_duty,0.4755
2026-08-08 09:37,fc.humidity,88.8085
2026-08-08 09:37,fc.humidity_target,0.8850
2026-08-08 09:37,fc.pid_output,0.4757
2026-08-08 09:37,fc.temperature,6.1187
2026-08-08 09:38,fc.humidifier_duty,0.5152
2026-08-08 09:38,fc.humidity,88.7716
2026-08-08 09:38,fc.humidity_target,0.8850
2026-08-08 09:38,fc.pid_output,0.5157
2026-08-08 09:38,fc.temperature,6.1635
2026-08-08 09:39,fc.humidifier_duty,0.5459
2026-08-08 09:39,fc.humidity,88.7680
2026-08-08 09:39,fc.humidity_target,0.8850
2026-08-08 09:39,fc.pid_output,0.5459
2026-08-08 09:39,fc.temperature,6.2156
2026-08-08 09:40,fc.humidifier_duty,0.5838
2026-08-08 09:40,fc.humidity,88.7408
2026-08-08 09:40,fc.humidity_target,0.8850
2026-08-08 09:40,fc.pid_output,0.5834
2026-08-08 09:40,fc.temperature,6.2702
2026-08-08 09:41,fc.humidifier_duty,0.6355
2026-08-08 09:41,fc.humidity,88.6799
2026-08-08 09:41,fc.humidity_target,0.8850
2026-08-08 09:41,fc.pid_output,0.6354
2026-08-08 09:41,fc.temperature,6.3144
2026-08-08 09:42,fc.humidifier_duty,0.7011
2026-08-08 09:42,fc.humidity,88.6012
2026-08-08 09:42,fc.humidity_target,0.8850
2026-08-08 09:42,fc.pid_output,0.7013
2026-08-08 09:42,fc.temperature,6.3585
2026-08-08 09:43,fc.humidifier_duty,0.7621
2026-08-08 09:43,fc.humidity,88.5388
2026-08-08 09:43,fc.humidity_target,0.8850
2026-08-08 09:43,fc.pid_output,0.7612
2026-08-08 09:43,fc.temperature,6.3969
2026-08-08 09:44,fc.humidifier_duty,0.8205
2026-08-08 09:44,fc.humidity,88.4993
2026-08-08 09:44,fc.humidity_target,0.8850
2026-08-08 09:44,fc.pid_output,0.8192
2026-08-08 09:44,fc.temperature,6.4203
2026-08-08 09:45,fc.humidifier_duty,0.8693
2026-08-08 09:45,fc.humidity,88.4907
2026-08-08 09:45,fc.humidity_target,0.8850
2026-08-08 09:45,fc.pid_output,0.8697
2026-08-08 09:45,fc.temperature,6.4515
2026-08-08 09:46,fc.humidifier_duty,0.8956
2026-08-08 09:46,fc.humidity,88.5363
2026-08-08 09:46,fc.humidity_target,0.8850
2026-08-08 09:46,fc.pid_output,0.8952
2026-08-08 09:46,fc.temperature,6.4699
2026-08-08 09:47,fc.humidifier_duty,0.9059
2026-08-08 09:47,fc.humidity,88.6208
2026-08-08 09:47,fc.humidity_target,0.8850
2026-08-08 09:47,fc.pid_output,0.9062
2026-08-08 09:47,fc.temperature,6.4922
2026-08-08 09:48,fc.humidifier_duty,0.9127
2026-08-08 09:48,fc.humidity,88.7072
2026-08-08 09:48,fc.humidity_target,0.8850
2026-08-08 09:48,fc.pid_output,0.9126
2026-08-08 09:48,fc.temperature,6.5023
2026-08-08 09:49,fc.humidifier_duty,0.9062
2026-08-08 09:49,fc.humidity,88.8342
2026-08-08 09:49,fc.humidity_target,0.8850
2026-08-08 09:49,fc.pid_output,0.9062
2026-08-08 09:49,fc.temperature,6.5152
2026-08-08 09:50,fc.humidifier_duty,0.8906
2026-08-08 09:50,fc.humidity,88.9893
2026-08-08 09:50,fc.humidity_target,0.8850
2026-08-08 09:50,fc.pid_output,0.8904
2026-08-08 09:50,fc.temperature,6.5224
2026-08-08 09:51,fc.humidifier_duty,0.8662
2026-08-08 09:51,fc.humidity,89.1781
2026-08-08 09:51,fc.humidity_target,0.8850
2026-08-08 09:51,fc.pid_output,0.8664
2026-08-08 09:51,fc.temperature,6.5319
2026-08-08 09:52,fc.humidifier_duty,0.8330
2026-08-08 09:52,fc.humidity,89.4279
2026-08-08 09:52,fc.humidity_target,0.8850
2026-08-08 09:52,fc.pid_output,0.8328
2026-08-08 09:52,fc.temperature,6.5342
2026-08-08 09:53,fc.humidifier_duty,0.8122
2026-08-08 09:53,fc.humidity,89.6677
2026-08-08 09:53,fc.humidity_target,0.8850
2026-08-08 09:53,fc.pid_output,0.8122
2026-08-08 09:53,fc.temperature,6.5432
2026-08-08 09:54,fc.humidifier_duty,0.8033
2026-08-08 09:54,fc.humidity,89.8856
2026-08-08 09:54,fc.humidity_target,0.8850
2026-08-08 09:54,fc.pid_output,0.8033
2026-08-08 09:54,fc.temperature,6.5450
2026-08-08 09:55,fc.humidifier_duty,0.7951
2026-08-08 09:55,fc.humidity,90.0793
2026-08-08 09:55,fc.humidity_target,0.8850
2026-08-08 09:55,fc.pid_output,0.7948
2026-08-08 09:55,fc.temperature,6.5528
2026-08-08 09:56,fc.humidifier_duty,0.7707
2026-08-08 09:56,fc.humidity,90.2575
2026-08-08 09:56,fc.humidity_target,0.8850
2026-08-08 09:56,fc.pid_output,0.7708
2026-08-08 09:56,fc.temperature,6.5551
2026-08-08 09:57,fc.humidifier_duty,0.7458
2026-08-08 09:57,fc.humidity,90.4286
2026-08-08 09:57,fc.humidity_target,0.8850
2026-08-08 09:57,fc.pid_output,0.7459
2026-08-08 09:57,fc.temperature,6.5665
2026-08-08 09:58,fc.humidifier_duty,0.7221
2026-08-08 09:58,fc.humidity,90.5840
2026-08-08 09:58,fc.humidity_target,0.8850
2026-08-08 09:58,fc.pid_output,0.7222
2026-08-08 09:58,fc.temperature,6.5686
2026-08-08 09:59,fc.humidifier_duty,0.6979
2026-08-08 09:59,fc.humidity,90.7359
2026-08-08 09:59,fc.humidity_target,0.8850
2026-08-08 09:59,fc.pid_output,0.6979
2026-08-08 09:59,fc.temperature,6.5713
2026-08-08 10:00,fc.humidifier_duty,0.6752
2026-08-08 10:00,fc.humidity,90.8738
2026-08-08 10:00,fc.humidity_target,0.8850
2026-08-08 10:00,fc.pid_output,0.6751
2026-08-08 10:00,fc.temperature,6.5789
2026-08-08 10:01,fc.humidifier_duty,0.6528
2026-08-08 10:01,fc.humidity,91.0048
2026-08-08 10:01,fc.humidity_target,0.8850
2026-08-08 10:01,fc.pid_output,0.6527
2026-08-08 10:01,fc.temperature,6.5899
2026-08-08 10:02,fc.humidifier_duty,0.6315
2026-08-08 10:02,fc.humidity,91.1259
2026-08-08 10:02,fc.humidity_target,0.8850
2026-08-08 10:02,fc.pid_output,0.6316
2026-08-08 10:02,fc.temperature,6.5980
2026-08-08 10:03,fc.humidifier_duty,0.6107
2026-08-08 10:03,fc.humidity,91.2294
2026-08-08 10:03,fc.humidity_target,0.8850
2026-08-08 10:03,fc.pid_output,0.6109
2026-08-08 10:03,fc.temperature,6.6003
2026-08-08 10:04,fc.humidifier_duty,0.5906
2026-08-08 10:04,fc.humidity,91.3273
2026-08-08 10:04,fc.humidity_target,0.8850
2026-08-08 10:04,fc.pid_output,0.5908
2026-08-08 10:04,fc.temperature,6.6038
2026-08-08 10:05,fc.humidifier_duty,0.5714
2026-08-08 10:05,fc.humidity,91.4056
2026-08-08 10:05,fc.humidity_target,0.8850
2026-08-08 10:05,fc.pid_output,0.5715
2026-08-08 10:05,fc.temperature,6.6122
2026-08-08 10:06,fc.humidifier_duty,0.5499
2026-08-08 10:06,fc.humidity,91.5059
2026-08-08 10:06,fc.humidity_target,0.8910
2026-08-08 10:06,fc.pid_output,0.5499
2026-08-08 10:06,fc.temperature,6.6216
2026-08-08 10:07,fc.humidifier_duty,0.5164
2026-08-08 10:07,fc.humidity,91.5897
2026-08-08 10:07,fc.humidity_target,0.9105
2026-08-08 10:07,fc.pid_output,0.5165
2026-08-08 10:07,fc.temperature,6.6203
2026-08-08 10:08,fc.humidifier_duty,0.4826
2026-08-08 10:08,fc.humidity,91.6638
2026-08-08 10:08,fc.humidity_target,0.9144
2026-08-08 10:08,fc.pid_output,0.4827
2026-08-08 10:08,fc.temperature,6.6319
2026-08-08 10:09,fc.humidifier_duty,0.4399
2026-08-08 10:09,fc.humidity,91.7415
2026-08-08 10:09,fc.humidity_target,0.9149
2026-08-08 10:09,fc.pid_output,0.4400
2026-08-08 10:09,fc.temperature,6.6387
2026-08-08 10:10,fc.humidifier_duty,0.3976
2026-08-08 10:10,fc.humidity,91.8148
2026-08-08 10:10,fc.humidity_target,0.9150
2026-08-08 10:10,fc.pid_output,0.3980
2026-08-08 10:10,fc.temperature,6.6453
2026-08-08 10:11,fc.humidifier_duty,0.3539
2026-08-08 10:11,fc.humidity,91.8803
2026-08-08 10:11,fc.humidity_target,0.9150
2026-08-08 10:11,fc.pid_output,0.3540
2026-08-08 10:11,fc.temperature,6.6535
2026-08-08 10:12,fc.humidifier_duty,0.3111
2026-08-08 10:12,fc.humidity,91.9339
2026-08-08 10:12,fc.humidity_target,0.9150
2026-08-08 10:12,fc.pid_output,0.3116
2026-08-08 10:12,fc.temperature,6.6599
2026-08-08 10:13,fc.humidifier_duty,0.2583
2026-08-08 10:13,fc.humidity,92.0023
2026-08-08 10:13,fc.humidity_target,0.9150
2026-08-08 10:13,fc.pid_output,0.2583
2026-08-08 10:13,fc.temperature,6.6654
2026-08-08 10:14,fc.humidifier_duty,0.2114
2026-08-08 10:14,fc.humidity,92.0460
2026-08-08 10:14,fc.humidity_target,0.9150
2026-08-08 10:14,fc.pid_output,0.2121
2026-08-08 10:14,fc.temperature,6.6756
2026-08-08 10:15,fc.humidifier_duty,0.1580
2026-08-08 10:15,fc.humidity,92.1008
2026-08-08 10:15,fc.humidity_target,0.9150
2026-08-08 10:15,fc.pid_output,0.1579
2026-08-08 10:15,fc.temperature,6.6865
2026-08-08 10:16,fc.humidifier_duty,0.1112
2026-08-08 10:16,fc.humidity,92.1356
2026-08-08 10:16,fc.humidity_target,0.9150
2026-08-08 10:16,fc.pid_output,0.1104
2026-08-08 10:16,fc.temperature,6.6964
2026-08-08 10:17,fc.humidifier_duty,0.0546
2026-08-08 10:17,fc.humidity,92.1783
2026-08-08 10:17,fc.humidity_target,0.9150
2026-08-08 10:17,fc.pid_output,0.0536
2026-08-08 10:17,fc.temperature,6.7087
2026-08-08 10:18,fc.humidifier_duty,0.0068
2026-08-08 10:18,fc.humidity,92.2162
2026-08-08 10:18,fc.humidity_target,0.9150
2026-08-08 10:18,fc.pid_output,0.0067
2026-08-08 10:18,fc.temperature,6.7212
2026-08-08 10:19,fc.humidifier_duty,0.0000
2026-08-08 10:19,fc.humidity,92.2478
2026-08-08 10:19,fc.humidity_target,0.9150
2026-08-08 10:19,fc.pid_output,0.0000
2026-08-08 10:19,fc.temperature,6.7379
2026-08-08 10:20,fc.humidifier_duty,0.0000
2026-08-08 10:20,fc.humidity,92.2467
2026-08-08 10:20,fc.humidity_target,0.9150
2026-08-08 10:20,fc.pid_output,0.0000
2026-08-08 10:20,fc.temperature,6.7544
2026-08-08 10:21,fc.humidifier_duty,0.0000
2026-08-08 10:21,fc.humidity,92.2496
2026-08-08 10:21,fc.humidity_target,0.9150
2026-08-08 10:21,fc.pid_output,0.0000
2026-08-08 10:21,fc.temperature,6.7652
2026-08-08 10:22,fc.humidifier_duty,0.0000
2026-08-08 10:22,fc.humidity,92.2430
2026-08-08 10:22,fc.humidity_target,0.9150
2026-08-08 10:22,fc.pid_output,0.0000
2026-08-08 10:22,fc.temperature,6.7882
2026-08-08 10:23,fc.humidifier_duty,0.0000
2026-08-08 10:23,fc.humidity,92.2354
2026-08-08 10:23,fc.humidity_target,0.9150
2026-08-08 10:23,fc.pid_output,0.0000
2026-08-08 10:23,fc.temperature,6.8012
2026-08-08 10:24,fc.humidifier_duty,0.0000
2026-08-08 10:24,fc.humidity,92.2141
2026-08-08 10:24,fc.humidity_target,0.9150
2026-08-08 10:24,fc.pid_output,0.0000
2026-08-08 10:24,fc.temperature,6.8168
2026-08-08 10:25,fc.humidifier_duty,0.0000
2026-08-08 10:25,fc.humidity,92.1842
2026-08-08 10:25,fc.humidity_target,0.9150
2026-08-08 10:25,fc.pid_output,0.0000
2026-08-08 10:25,fc.temperature,6.8315
2026-08-08 10:26,fc.humidifier_duty,0.0000
2026-08-08 10:26,fc.humidity,92.1603
2026-08-08 10:26,fc.humidity_target,0.9150
2026-08-08 10:26,fc.pid_output,0.0000
2026-08-08 10:26,fc.temperature,6.8472
2026-08-08 10:27,fc.humidifier_duty,0.0000
2026-08-08 10:27,fc.humidity,92.1417
2026-08-08 10:27,fc.humidity_target,0.9150
2026-08-08 10:27,fc.pid_output,0.0000
2026-08-08 10:27,fc.temperature,6.8707
2026-08-08 10:28,fc.humidifier_duty,0.0000
2026-08-08 10:28,fc.humidity,92.0999
2026-08-08 10:28,fc.humidity_target,0.9150
2026-08-08 10:28,fc.pid_output,0.0000
2026-08-08 10:28,fc.temperature,6.8838
2026-08-08 10:29,fc.humidifier_duty,0.0000
2026-08-08 10:29,fc.humidity,92.0608
2026-08-08 10:29,fc.humidity_target,0.9150
2026-08-08 10:29,fc.pid_output,0.0000
2026-08-08 10:29,fc.temperature,6.8964
2026-08-08 10:30,fc.humidifier_duty,0.0000
2026-08-08 10:30,fc.humidity,92.0169
2026-08-08 10:30,fc.humidity_target,0.9150
2026-08-08 10:30,fc.pid_output,0.0000
2026-08-08 10:30,fc.temperature,6.9171
2026-08-08 10:31,fc.humidifier_duty,0.0000
2026-08-08 10:31,fc.humidity,91.9636
2026-08-08 10:31,fc.humidity_target,0.9150
2026-08-08 10:31,fc.pid_output,0.0000
2026-08-08 10:31,fc.temperature,6.9298
2026-08-08 10:32,fc.humidifier_duty,0.0000
2026-08-08 10:32,fc.humidity,91.9142
2026-08-08 10:32,fc.humidity_target,0.9150
2026-08-08 10:32,fc.pid_output,0.0000
2026-08-08 10:32,fc.temperature,6.9439
2026-08-08 10:33,fc.humidifier_duty,0.0000
2026-08-08 10:33,fc.humidity,91.8674
2026-08-08 10:33,fc.humidity_target,0.9150
2026-08-08 10:33,fc.pid_output,0.0000
2026-08-08 10:33,fc.temperature,6.9528
2026-08-08 10:34,fc.humidifier_duty,0.0000
2026-08-08 10:34,fc.humidity,91.8170
2026-08-08 10:34,fc.humidity_target,0.9150
2026-08-08 10:34,fc.pid_output,0.0000
2026-08-08 10:34,fc.temperature,6.9697
2026-08-08 10:35,fc.humidifier_duty,0.0000
2026-08-08 10:35,fc.humidity,91.7816
2026-08-08 10:35,fc.humidity_target,0.9150
2026-08-08 10:35,fc.pid_output,0.0000
2026-08-08 10:35,fc.temperature,6.9778
2026-08-08 10:36,fc.humidifier_duty,0.0000
2026-08-08 10:36,fc.humidity,91.7487
2026-08-08 10:36,fc.humidity_target,0.9150
2026-08-08 10:36,fc.pid_output,0.0000
2026-08-08 10:36,fc.temperature,6.9913
2026-08-08 10:37,fc.humidifier_duty,0.0000
2026-08-08 10:37,fc.humidity,91.7197
2026-08-08 10:37,fc.humidity_target,0.9150
2026-08-08 10:37,fc.pid_output,0.0000
2026-08-08 10:37,fc.temperature,7.0025
2026-08-08 10:38,fc.humidifier_duty,0.0000
2026-08-08 10:38,fc.humidity,91.6800
2026-08-08 10:38,fc.humidity_target,0.9150
2026-08-08 10:38,fc.pid_output,0.0000
2026-08-08 10:38,fc.temperature,7.0160
2026-08-08 10:39,fc.humidifier_duty,0.0000
2026-08-08 10:39,fc.humidity,91.6519
2026-08-08 10:39,fc.humidity_target,0.9150
2026-08-08 10:39,fc.pid_output,0.0000
2026-08-08 10:39,fc.temperature,7.0294
2026-08-08 10:40,fc.humidifier_duty,0.0000
2026-08-08 10:40,fc.humidity,91.6212
2026-08-08 10:40,fc.humidity_target,0.9150
2026-08-08 10:40,fc.pid_output,0.0000
2026-08-08 10:40,fc.temperature,7.0353
2026-08-08 10:41,fc.humidifier_duty,0.0000
2026-08-08 10:41,fc.humidity,91.5947
2026-08-08 10:41,fc.humidity_target,0.9150
2026-08-08 10:41,fc.pid_output,0.0000
2026-08-08 10:41,fc.temperature,7.0533
2026-08-08 10:42,fc.humidifier_duty,0.0000
2026-08-08 10:42,fc.humidity,91.5686
2026-08-08 10:42,fc.humidity_target,0.9150
2026-08-08 10:42,fc.pid_output,0.0000
2026-08-08 10:42,fc.temperature,7.0590
2026-08-08 10:43,fc.humidifier_duty,0.0000
2026-08-08 10:43,fc.humidity,91.5419
2026-08-08 10:43,fc.humidity_target,0.9150
2026-08-08 10:43,fc.pid_output,0.0000
2026-08-08 10:43,fc.temperature,7.0692
2026-08-08 10:44,fc.humidifier_duty,0.0000
2026-08-08 10:44,fc.humidity,91.5195
2026-08-08 10:44,fc.humidity_target,0.9150
2026-08-08 10:44,fc.pid_output,0.0000
2026-08-08 10:44,fc.temperature,7.0885
2026-08-08 10:45,fc.humidifier_duty,0.0009
2026-08-08 10:45,fc.humidity,91.4939
2026-08-08 10:45,fc.humidity_target,0.9077
2026-08-08 10:45,fc.pid_output,0.0009
2026-08-08 10:45,fc.temperature,7.0995
2026-08-08 10:46,fc.humidifier_duty,0.0006
2026-08-08 10:46,fc.humidity,91.4659
2026-08-08 10:46,fc.humidity_target,0.8895
2026-08-08 10:46,fc.pid_output,0.0006
2026-08-08 10:46,fc.temperature,7.1192
2026-08-08 10:47,fc.humidifier_duty,0.0002
2026-08-08 10:47,fc.humidity,91.4394
2026-08-08 10:47,fc.humidity_target,0.8856
2026-08-08 10:47,fc.pid_output,0.0002
2026-08-08 10:47,fc.temperature,7.1294
2026-08-08 10:48,fc.humidifier_duty,0.0001
2026-08-08 10:48,fc.humidity,91.4345
2026-08-08 10:48,fc.humidity_target,0.8851
2026-08-08 10:48,fc.pid_output,0.0001
2026-08-08 10:48,fc.temperature,7.1519
2026-08-08 10:49,fc.humidifier_duty,0.0000
2026-08-08 10:49,fc.humidity,91.4158
2026-08-08 10:49,fc.humidity_target,0.8850
2026-08-08 10:49,fc.pid_output,0.0000
2026-08-08 10:49,fc.temperature,7.1726
2026-08-08 10:50,fc.humidifier_duty,0.0000
2026-08-08 10:50,fc.humidity,91.3998
2026-08-08 10:50,fc.humidity_target,0.8850
2026-08-08 10:50,fc.pid_output,0.0000
2026-08-08 10:50,fc.temperature,7.1941
2026-08-08 10:51,fc.humidifier_duty,0.0000
2026-08-08 10:51,fc.humidity,91.3744
2026-08-08 10:51,fc.humidity_target,0.8850
2026-08-08 10:51,fc.pid_output,0.0000
2026-08-08 10:51,fc.temperature,7.2152
2026-08-08 10:52,fc.humidifier_duty,0.0000
2026-08-08 10:52,fc.humidity,91.3499
2026-08-08 10:52,fc.humidity_target,0.8850
2026-08-08 10:52,fc.pid_output,0.0000
2026-08-08 10:52,fc.temperature,7.2407
2026-08-08 10:53,fc.humidifier_duty,0.0000
2026-08-08 10:53,fc.humidity,91.3250
2026-08-08 10:53,fc.humidity_target,0.8850
2026-08-08 10:53,fc.pid_output,0.0000
2026-08-08 10:53,fc.temperature,7.2659
2026-08-08 10:54,fc.humidifier_duty,0.0000
2026-08-08 10:54,fc.humidity,91.2943
2026-08-08 10:54,fc.humidity_target,0.8850
2026-08-08 10:54,fc.pid_output,0.0000
2026-08-08 10:54,fc.temperature,7.2898
2026-08-08 10:55,fc.humidifier_duty,0.0000
2026-08-08 10:55,fc.humidity,91.2699
2026-08-08 10:55,fc.humidity_target,0.8850
2026-08-08 10:55,fc.pid_output,0.0000
2026-08-08 10:55,fc.temperature,7.3188
2026-08-08 10:56,fc.humidifier_duty,0.0000
2026-08-08 10:56,fc.humidity,91.2371
2026-08-08 10:56,fc.humidity_target,0.8850
2026-08-08 10:56,fc.pid_output,0.0000
2026-08-08 10:56,fc.temperature,7.3514
2026-08-08 10:57,fc.humidifier_duty,0.0000
2026-08-08 10:57,fc.humidity,91.1988
2026-08-08 10:57,fc.humidity_target,0.8850
2026-08-08 10:57,fc.pid_output,0.0000
2026-08-08 10:57,fc.temperature,7.3834
2026-08-08 10:58,fc.humidifier_duty,0.0000
2026-08-08 10:58,fc.humidity,91.1910
2026-08-08 10:58,fc.humidity_target,0.8850
2026-08-08 10:58,fc.pid_output,0.0000
2026-08-08 10:58,fc.temperature,7.4167
2026-08-08 10:59,fc.humidifier_duty,0.0000
2026-08-08 10:59,fc.humidity,91.1743
2026-08-08 10:59,fc.humidity_target,0.8850
2026-08-08 10:59,fc.pid_output,0.0000
2026-08-08 10:59,fc.temperature,7.4563
2026-08-08 11:00,fc.humidifier_duty,0.0000
2026-08-08 11:00,fc.humidity,91.1614
2026-08-08 11:00,fc.humidity_target,0.8850
2026-08-08 11:00,fc.pid_output,0.0000
2026-08-08 11:00,fc.temperature,7.4978
2026-08-08 11:01,fc.humidifier_duty,0.0000
2026-08-08 11:01,fc.humidity,91.1485
2026-08-08 11:01,fc.humidity_target,0.8850
2026-08-08 11:01,fc.pid_output,0.0000
2026-08-08 11:01,fc.temperature,7.5434
2026-08-08 11:02,fc.humidifier_duty,0.0000
2026-08-08 11:02,fc.humidity,91.1378
2026-08-08 11:02,fc.humidity_target,0.8850
2026-08-08 11:02,fc.pid_output,0.0000
2026-08-08 11:02,fc.temperature,7.5963
2026-08-08 11:03,fc.humidifier_duty,0.0000
2026-08-08 11:03,fc.humidity,91.0967
2026-08-08 11:03,fc.humidity_target,0.8850
2026-08-08 11:03,fc.pid_output,0.0000
2026-08-08 11:03,fc.temperature,7.6515
2026-08-08 11:04,fc.humidifier_duty,0.0000
2026-08-08 11:04,fc.humidity,91.0448
2026-08-08 11:04,fc.humidity_target,0.8850
2026-08-08 11:04,fc.pid_output,0.0000
2026-08-08 11:04,fc.temperature,7.7022
2026-08-08 11:05,fc.humidifier_duty,0.0000
2026-08-08 11:05,fc.humidity,90.9631
2026-08-08 11:05,fc.humidity_target,0.8850
2026-08-08 11:05,fc.pid_output,0.0000
2026-08-08 11:05,fc.temperature,7.7652
2026-08-08 11:06,fc.humidifier_duty,0.0000
2026-08-08 11:06,fc.humidity,90.8554
2026-08-08 11:06,fc.humidity_target,0.8850
2026-08-08 11:06,fc.pid_output,0.0000
2026-08-08 11:06,fc.temperature,7.8190
2026-08-08 11:07,fc.humidifier_duty,0.0000
2026-08-08 11:07,fc.humidity,90.7240
2026-08-08 11:07,fc.humidity_target,0.8850
2026-08-08 11:07,fc.pid_output,0.0000
2026-08-08 11:07,fc.temperature,7.8713
2026-08-08 11:08,fc.humidifier_duty,0.0000
2026-08-08 11:08,fc.humidity,90.5932
2026-08-08 11:08,fc.humidity_target,0.8850
2026-08-08 11:08,fc.pid_output,0.0000
2026-08-08 11:08,fc.temperature,7.9233
2026-08-08 11:09,fc.humidifier_duty,0.0000
2026-08-08 11:09,fc.humidity,90.4648
2026-08-08 11:09,fc.humidity_target,0.8850
2026-08-08 11:09,fc.pid_output,0.0000
2026-08-08 11:09,fc.temperature,7.9652
2026-08-08 11:10,fc.humidifier_duty,0.0000
2026-08-08 11:10,fc.humidity,90.3260
2026-08-08 11:10,fc.humidity_target,0.8850
2026-08-08 11:10,fc.pid_output,0.0000
2026-08-08 11:10,fc.temperature,8.0049
2026-08-08 11:11,fc.humidifier_duty,0.0000
2026-08-08 11:11,fc.humidity,90.1994
2026-08-08 11:11,fc.humidity_target,0.8850
2026-08-08 11:11,fc.pid_output,0.0000
2026-08-08 11:11,fc.temperature,8.0450
2026-08-08 11:12,fc.humidifier_duty,0.0000
2026-08-08 11:12,fc.humidity,90.0878
2026-08-08 11:12,fc.humidity_target,0.8850
2026-08-08 11:12,fc.pid_output,0.0000
2026-08-08 11:12,fc.temperature,8.0861
2026-08-08 11:13,fc.humidifier_duty,0.0001
2026-08-08 11:13,fc.humidity,89.9929
2026-08-08 11:13,fc.humidity_target,0.8850
2026-08-08 11:13,fc.pid_output,0.0001
2026-08-08 11:13,fc.temperature,8.1222
2026-08-08 11:14,fc.humidifier_duty,0.0015
2026-08-08 11:14,fc.humidity,89.8974
2026-08-08 11:14,fc.humidity_target,0.8850
2026-08-08 11:14,fc.pid_output,0.0014
2026-08-08 11:14,fc.temperature,8.1638
2026-08-08 11:15,fc.humidifier_duty,0.0054
2026-08-08 11:15,fc.humidity,89.8047
2026-08-08 11:15,fc.humidity_target,0.8850
2026-08-08 11:15,fc.pid_output,0.0054
2026-08-08 11:15,fc.temperature,8.2042
2026-08-08 11:16,fc.humidifier_duty,0.0117
2026-08-08 11:16,fc.humidity,89.7193
2026-08-08 11:16,fc.humidity_target,0.8850
2026-08-08 11:16,fc.pid_output,0.0115
2026-08-08 11:16,fc.temperature,8.2391
2026-08-08 11:17,fc.humidifier_duty,0.0215
2026-08-08 11:17,fc.humidity,89.6216
2026-08-08 11:17,fc.humidity_target,0.8850
2026-08-08 11:17,fc.pid_output,0.0215
2026-08-08 11:17,fc.temperature,8.2787
2026-08-08 11:18,fc.humidifier_duty,0.0357
2026-08-08 11:18,fc.humidity,89.5210
2026-08-08 11:18,fc.humidity_target,0.8850
2026-08-08 11:18,fc.pid_output,0.0356
2026-08-08 11:18,fc.temperature,8.3191
2026-08-08 11:19,fc.humidifier_duty,0.0550
2026-08-08 11:19,fc.humidity,89.4181
2026-08-08 11:19,fc.humidity_target,0.8850
2026-08-08 11:19,fc.pid_output,0.0550
2026-08-08 11:19,fc.temperature,8.3573
2026-08-08 11:20,fc.humidifier_duty,0.0790
2026-08-08 11:20,fc.humidity,89.3138
2026-08-08 11:20,fc.humidity_target,0.8850
2026-08-08 11:20,fc.pid_output,0.0789
2026-08-08 11:20,fc.temperature,8.3912
2026-08-08 11:21,fc.humidifier_duty,0.1096
2026-08-08 11:21,fc.humidity,89.2033
2026-08-08 11:21,fc.humidity_target,0.8850
2026-08-08 11:21,fc.pid_output,0.1087
2026-08-08 11:21,fc.temperature,8.4225
2026-08-08 11:22,fc.humidifier_duty,0.1420
2026-08-08 11:22,fc.humidity,89.1142
2026-08-08 11:22,fc.humidity_target,0.8850
2026-08-08 11:22,fc.pid_output,0.1421
2026-08-08 11:22,fc.temperature,8.4692
2026-08-08 11:23,fc.humidifier_duty,0.1803
2026-08-08 11:23,fc.humidity,89.0171
2026-08-08 11:23,fc.humidity_target,0.8850
2026-08-08 11:23,fc.pid_output,0.1805
2026-08-08 11:23,fc.temperature,8.4943
2026-08-08 11:24,fc.humidifier_duty,0.2283
2026-08-08 11:24,fc.humidity,88.9134
2026-08-08 11:24,fc.humidity_target,0.8850
2026-08-08 11:24,fc.pid_output,0.2280
2026-08-08 11:24,fc.temperature,8.5281
2026-08-08 11:25,fc.humidifier_duty,0.2747
2026-08-08 11:25,fc.humidity,88.8353
2026-08-08 11:25,fc.humidity_target,0.8850
2026-08-08 11:25,fc.pid_output,0.2738
2026-08-08 11:25,fc.temperature,8.5527
2026-08-08 11:26,fc.humidifier_duty,0.3244
2026-08-08 11:26,fc.humidity,88.7647
2026-08-08 11:26,fc.humidity_target,0.8850
2026-08-08 11:26,fc.pid_output,0.3237
2026-08-08 11:26,fc.temperature,8.5851
2026-08-08 11:27,fc.humidifier_duty,0.3684
2026-08-08 11:27,fc.humidity,88.7157
2026-08-08 11:27,fc.humidity_target,0.8850
2026-08-08 11:27,fc.pid_output,0.3682
2026-08-08 11:27,fc.temperature,8.6055
2026-08-08 11:28,fc.humidifier_duty,0.4240
2026-08-08 11:28,fc.humidity,88.6504
2026-08-08 11:28,fc.humidity_target,0.8850
2026-08-08 11:28,fc.pid_output,0.4247
2026-08-08 11:28,fc.temperature,8.6368
2026-08-08 11:29,fc.humidifier_duty,0.4784
2026-08-08 11:29,fc.humidity,88.5997
2026-08-08 11:29,fc.humidity_target,0.8850
2026-08-08 11:29,fc.pid_output,0.4785
2026-08-08 11:29,fc.temperature,8.6706
2026-08-08 11:30,fc.humidifier_duty,0.5398
2026-08-08 11:30,fc.humidity,88.5342
2026-08-08 11:30,fc.humidity_target,0.8850
2026-08-08 11:30,fc.pid_output,0.5415
2026-08-08 11:30,fc.temperature,8.7014
2026-08-08 11:31,fc.humidifier_duty,0.6117
2026-08-08 11:31,fc.humidity,88.4650
2026-08-08 11:31,fc.humidity_target,0.8850
2026-08-08 11:31,fc.pid_output,0.6122
2026-08-08 11:31,fc.temperature,8.7305
2026-08-08 11:32,fc.humidifier_duty,0.6870
2026-08-08 11:32,fc.humidity,88.3928
2026-08-08 11:32,fc.humidity_target,0.8850
2026-08-08 11:32,fc.pid_output,0.6864
2026-08-08 11:32,fc.temperature,8.7540
2026-08-08 11:33,fc.humidifier_duty,0.7618
2026-08-08 11:33,fc.humidity,88.3322
2026-08-08 11:33,fc.humidity_target,0.8850
2026-08-08 11:33,fc.pid_output,0.7605
2026-08-08 11:33,fc.temperature,8.7778
2026-08-08 11:34,fc.humidifier_duty,0.8386
2026-08-08 11:34,fc.humidity,88.2785
2026-08-08 11:34,fc.humidity_target,0.8850
2026-08-08 11:34,fc.pid_output,0.8380
2026-08-08 11:34,fc.temperature,8.8013
2026-08-08 11:35,fc.humidifier_duty,0.9054
2026-08-08 11:35,fc.humidity,88.2522
2026-08-08 11:35,fc.humidity_target,0.8850
2026-08-08 11:35,fc.pid_output,0.9050
2026-08-08 11:35,fc.temperature,8.8189
2026-08-08 11:36,fc.humidifier_duty,0.9639
2026-08-08 11:36,fc.humidity,88.2534
2026-08-08 11:36,fc.humidity_target,0.8850
2026-08-08 11:36,fc.pid_output,0.9640
2026-08-08 11:36,fc.temperature,8.8300
2026-08-08 11:37,fc.humidifier_duty,0.9955
2026-08-08 11:37,fc.humidity,88.3174
2026-08-08 11:37,fc.humidity_target,0.8850
2026-08-08 11:37,fc.pid_output,0.9954
2026-08-08 11:37,fc.temperature,8.8432
2026-08-08 11:38,fc.humidifier_duty,1.0000
2026-08-08 11:38,fc.humidity,88.4186
2026-08-08 11:38,fc.humidity_target,0.8850
2026-08-08 11:38,fc.pid_output,1.0000
2026-08-08 11:38,fc.temperature,8.8555
2026-08-08 11:39,fc.humidifier_duty,1.0000
2026-08-08 11:39,fc.humidity,88.5346
2026-08-08 11:39,fc.humidity_target,0.8850
2026-08-08 11:39,fc.pid_output,1.0000
2026-08-08 11:39,fc.temperature,8.8536
2026-08-08 11:40,fc.humidifier_duty,0.9968
2026-08-08 11:40,fc.humidity,88.6961
2026-08-08 11:40,fc.humidity_target,0.8850
2026-08-08 11:40,fc.pid_output,0.9968
2026-08-08 11:40,fc.temperature,8.8505
2026-08-08 11:41,fc.humidifier_duty,0.9717
2026-08-08 11:41,fc.humidity,88.9051
2026-08-08 11:41,fc.humidity_target,0.8850
2026-08-08 11:41,fc.pid_output,0.9717
2026-08-08 11:41,fc.temperature,8.8532
2026-08-08 11:42,fc.humidifier_duty,0.9384
2026-08-08 11:42,fc.humidity,89.1256
2026-08-08 11:42,fc.humidity_target,0.8850
2026-08-08 11:42,fc.pid_output,0.9380
2026-08-08 11:42,fc.temperature,8.8450
2026-08-08 11:43,fc.humidifier_duty,0.9173
2026-08-08 11:43,fc.humidity,89.3099
2026-08-08 11:43,fc.humidity_target,0.8850
2026-08-08 11:43,fc.pid_output,0.9173
2026-08-08 11:43,fc.temperature,8.8417
2026-08-08 11:44,fc.humidifier_duty,0.8963
2026-08-08 11:44,fc.humidity,89.5255
2026-08-08 11:44,fc.humidity_target,0.8850
2026-08-08 11:44,fc.pid_output,0.8964
2026-08-08 11:44,fc.temperature,8.8360
2026-08-08 11:45,fc.humidifier_duty,0.8803
2026-08-08 11:45,fc.humidity,89.7471
2026-08-08 11:45,fc.humidity_target,0.8850
2026-08-08 11:45,fc.pid_output,0.8803
2026-08-08 11:45,fc.temperature,8.8282
2026-08-08 11:46,fc.humidifier_duty,0.8745
2026-08-08 11:46,fc.humidity,89.9467
2026-08-08 11:46,fc.humidity_target,0.8850
2026-08-08 11:46,fc.pid_output,0.8746
2026-08-08 11:46,fc.temperature,8.8234
2026-08-08 11:47,fc.humidifier_duty,0.8601
2026-08-08 11:47,fc.humidity,90.1177
2026-08-08 11:47,fc.humidity_target,0.8850
2026-08-08 11:47,fc.pid_output,0.8601
2026-08-08 11:47,fc.temperature,8.8114
2026-08-08 11:48,fc.humidifier_duty,0.8324
2026-08-08 11:48,fc.humidity,90.3056
2026-08-08 11:48,fc.humidity_target,0.8850
2026-08-08 11:48,fc.pid_output,0.8327
2026-08-08 11:48,fc.temperature,8.7995
2026-08-08 11:49,fc.humidifier_duty,0.8056
2026-08-08 11:49,fc.humidity,90.4956
2026-08-08 11:49,fc.humidity_target,0.8850
2026-08-08 11:49,fc.pid_output,0.8055
2026-08-08 11:49,fc.temperature,8.7862
2026-08-08 11:50,fc.humidifier_duty,0.7794
2026-08-08 11:50,fc.humidity,90.6756
2026-08-08 11:50,fc.humidity_target,0.8850
2026-08-08 11:50,fc.pid_output,0.7790
2026-08-08 11:50,fc.temperature,8.7700
2026-08-08 11:51,fc.humidifier_duty,0.7537
2026-08-08 11:51,fc.humidity,90.8336
2026-08-08 11:51,fc.humidity_target,0.8850
2026-08-08 11:51,fc.pid_output,0.7537
2026-08-08 11:51,fc.temperature,8.7585
2026-08-08 11:52,fc.humidifier_duty,0.7291
2026-08-08 11:52,fc.humidity,90.9882
2026-08-08 11:52,fc.humidity_target,0.8850
2026-08-08 11:52,fc.pid_output,0.7291
2026-08-08 11:52,fc.temperature,8.7446
2026-08-08 11:53,fc.humidifier_duty,0.7051
2026-08-08 11:53,fc.humidity,91.1322
2026-08-08 11:53,fc.humidity_target,0.8850
2026-08-08 11:53,fc.pid_output,0.7051
2026-08-08 11:53,fc.temperature,8.7373
2026-08-08 11:54,fc.humidifier_duty,0.6820
2026-08-08 11:54,fc.humidity,91.2688
2026-08-08 11:54,fc.humidity_target,0.8850
2026-08-08 11:54,fc.pid_output,0.6822
2026-08-08 11:54,fc.temperature,8.7301
2026-08-08 11:55,fc.humidifier_duty,0.6597
2026-08-08 11:55,fc.humidity,91.4169
2026-08-08 11:55,fc.humidity_target,0.8850
2026-08-08 11:55,fc.pid_output,0.6598
2026-08-08 11:55,fc.temperature,8.7217
2026-08-08 11:56,fc.humidifier_duty,0.6297
2026-08-08 11:56,fc.humidity,91.5346
2026-08-08 11:56,fc.humidity_target,0.8938
2026-08-08 11:56,fc.pid_output,0.6296
2026-08-08 11:56,fc.temperature,8.7142
2026-08-08 11:57,fc.humidifier_duty,0.5903
2026-08-08 11:57,fc.humidity,91.6206
2026-08-08 11:57,fc.humidity_target,0.9117
2026-08-08 11:57,fc.pid_output,0.5905
2026-08-08 11:57,fc.temperature,8.7078
2026-08-08 11:58,fc.humidifier_duty,0.5536
2026-08-08 11:58,fc.humidity,91.7016
2026-08-08 11:58,fc.humidity_target,0.9146
2026-08-08 11:58,fc.pid_output,0.5528
2026-08-08 11:58,fc.temperature,8.7055
2026-08-08 11:59,fc.humidifier_duty,0.5009
2026-08-08 11:59,fc.humidity,91.8005
2026-08-08 11:59,fc.humidity_target,0.9149
2026-08-08 11:59,fc.pid_output,0.5006
2026-08-08 11:59,fc.temperature,8.7047
2026-08-08 12:00,fc.humidifier_duty,0.4493
2026-08-08 12:00,fc.humidity,91.8885
2026-08-08 12:00,fc.humidity_target,0.9150
2026-08-08 12:00,fc.pid_output,0.4491
2026-08-08 12:00,fc.temperature,8.7029
2026-08-08 12:01,fc.humidifier_duty,0.3941
2026-08-08 12:01,fc.humidity,91.9707
2026-08-08 12:01,fc.humidity_target,0.9150
2026-08-08 12:01,fc.pid_output,0.3939
2026-08-08 12:01,fc.temperature,8.7020
2026-08-08 12:02,fc.humidifier_duty,0.3362
2026-08-08 12:02,fc.humidity,92.0494
2026-08-08 12:02,fc.humidity_target,0.9150
2026-08-08 12:02,fc.pid_output,0.3365
2026-08-08 12:02,fc.temperature,8.7033
2026-08-08 12:03,fc.humidifier_duty,0.2742
2026-08-08 12:03,fc.humidity,92.1231
2026-08-08 12:03,fc.humidity_target,0.9150
2026-08-08 12:03,fc.pid_output,0.2739
2026-08-08 12:03,fc.temperature,8.7025
2026-08-08 12:04,fc.humidifier_duty,0.2098
2026-08-08 12:04,fc.humidity,92.1937
2026-08-08 12:04,fc.humidity_target,0.9150
2026-08-08 12:04,fc.pid_output,0.2096
2026-08-08 12:04,fc.temperature,8.7097
2026-08-08 12:05,fc.humidifier_duty,0.1485
2026-08-08 12:05,fc.humidity,92.2476
2026-08-08 12:05,fc.humidity_target,0.9150
2026-08-08 12:05,fc.pid_output,0.1496
2026-08-08 12:05,fc.temperature,8.7053
2026-08-08 12:06,fc.humidifier_duty,0.0860
2026-08-08 12:06,fc.humidity,92.2953
2026-08-08 12:06,fc.humidity_target,0.9150
2026-08-08 12:06,fc.pid_output,0.0856
2026-08-08 12:06,fc.temperature,8.7119
2026-08-08 12:07,fc.humidifier_duty,0.0250
2026-08-08 12:07,fc.humidity,92.3297
2026-08-08 12:07,fc.humidity_target,0.9150
2026-08-08 12:07,fc.pid_output,0.0256
2026-08-08 12:07,fc.temperature,8.7068
2026-08-08 12:08,fc.humidifier_duty,0.0000
2026-08-08 12:08,fc.humidity,92.3570
2026-08-08 12:08,fc.humidity_target,0.9150
2026-08-08 12:08,fc.pid_output,0.0000
2026-08-08 12:08,fc.temperature,8.7073
2026-08-08 12:09,fc.humidifier_duty,0.0000
2026-08-08 12:09,fc.humidity,92.3763
2026-08-08 12:09,fc.humidity_target,0.9150
2026-08-08 12:09,fc.pid_output,0.0000
2026-08-08 12:09,fc.temperature,8.7150
2026-08-08 12:10,fc.humidifier_duty,0.0000
2026-08-08 12:10,fc.humidity,92.3978
2026-08-08 12:10,fc.humidity_target,0.9150
2026-08-08 12:10,fc.pid_output,0.0000
2026-08-08 12:10,fc.temperature,8.7202
2026-08-08 12:11,fc.humidifier_duty,0.0000
2026-08-08 12:11,fc.humidity,92.4132
2026-08-08 12:11,fc.humidity_target,0.9150
2026-08-08 12:11,fc.pid_output,0.0000
2026-08-08 12:11,fc.temperature,8.7235
2026-08-08 12:12,fc.humidifier_duty,0.0000
2026-08-08 12:12,fc.humidity,92.4129
2026-08-08 12:12,fc.humidity_target,0.9150
2026-08-08 12:12,fc.pid_output,0.0000
2026-08-08 12:12,fc.temperature,8.7257
2026-08-08 12:13,fc.humidifier_duty,0.0000
2026-08-08 12:13,fc.humidity,92.4210
2026-08-08 12:13,fc.humidity_target,0.9150
2026-08-08 12:13,fc.pid_output,0.0000
2026-08-08 12:13,fc.temperature,8.7301
2026-08-08 12:14,fc.humidifier_duty,0.0000
2026-08-08 12:14,fc.humidity,92.4312
2026-08-08 12:14,fc.humidity_target,0.9150
2026-08-08 12:14,fc.pid_output,0.0000
2026-08-08 12:14,fc.temperature,8.7341
2026-08-08 12:15,fc.humidifier_duty,0.0000
2026-08-08 12:15,fc.humidity,92.4342
2026-08-08 12:15,fc.humidity_target,0.9150
2026-08-08 12:15,fc.pid_output,0.0000
2026-08-08 12:15,fc.temperature,8.7468
2026-08-08 12:16,fc.humidifier_duty,0.0000
2026-08-08 12:16,fc.humidity,92.4389
2026-08-08 12:16,fc.humidity_target,0.9150
2026-08-08 12:16,fc.pid_output,0.0000
2026-08-08 12:16,fc.temperature,8.7502
2026-08-08 12:17,fc.humidifier_duty,0.0000
2026-08-08 12:17,fc.humidity,92.4321
2026-08-08 12:17,fc.humidity_target,0.9150
2026-08-08 12:17,fc.pid_output,0.0000
2026-08-08 12:17,fc.temperature,8.7604
2026-08-08 12:18,fc.humidifier_duty,0.0000
2026-08-08 12:18,fc.humidity,92.4219
2026-08-08 12:18,fc.humidity_target,0.9150
2026-08-08 12:18,fc.pid_output,0.0000
2026-08-08 12:18,fc.temperature,8.7670
2026-08-08 12:19,fc.humidifier_duty,0.0000
2026-08-08 12:19,fc.humidity,92.4125
2026-08-08 12:19,fc.humidity_target,0.9150
2026-08-08 12:19,fc.pid_output,0.0000
2026-08-08 12:19,fc.temperature,8.7803
2026-08-08 12:20,fc.humidifier_duty,0.0000
2026-08-08 12:20,fc.humidity,92.3900
2026-08-08 12:20,fc.humidity_target,0.9150
2026-08-08 12:20,fc.pid_output,0.0000
2026-08-08 12:20,fc.temperature,8.7848
2026-08-08 12:21,fc.humidifier_duty,0.0000
2026-08-08 12:21,fc.humidity,92.3510
2026-08-08 12:21,fc.humidity_target,0.9150
2026-08-08 12:21,fc.pid_output,0.0000
2026-08-08 12:21,fc.temperature,8.7927
2026-08-08 12:22,fc.humidifier_duty,0.0000
2026-08-08 12:22,fc.humidity,92.3336
2026-08-08 12:22,fc.humidity_target,0.9150
2026-08-08 12:22,fc.pid_output,0.0000
2026-08-08 12:22,fc.temperature,8.8089
2026-08-08 12:23,fc.humidifier_duty,0.0000
2026-08-08 12:23,fc.humidity,92.3313
2026-08-08 12:23,fc.humidity_target,0.9150
2026-08-08 12:23,fc.pid_output,0.0000
2026-08-08 12:23,fc.temperature,8.8204
2026-08-08 12:24,fc.humidifier_duty,0.0000
2026-08-08 12:24,fc.humidity,92.3027
2026-08-08 12:24,fc.humidity_target,0.9150
2026-08-08 12:24,fc.pid_output,0.0000
2026-08-08 12:24,fc.temperature,8.8350
2026-08-08 12:25,fc.humidifier_duty,0.0000
2026-08-08 12:25,fc.humidity,92.2371
2026-08-08 12:25,fc.humidity_target,0.9150
2026-08-08 12:25,fc.pid_output,0.0000
2026-08-08 12:25,fc.temperature,8.8395
2026-08-08 12:26,fc.humidifier_duty,0.0000
2026-08-08 12:26,fc.humidity,92.2006
2026-08-08 12:26,fc.humidity_target,0.9150
2026-08-08 12:26,fc.pid_output,0.0000
2026-08-08 12:26,fc.temperature,8.8485
2026-08-08 12:27,fc.humidifier_duty,0.0000
2026-08-08 12:27,fc.humidity,92.1956
2026-08-08 12:27,fc.humidity_target,0.9150
2026-08-08 12:27,fc.pid_output,0.0000
2026-08-08 12:27,fc.temperature,8.8634
2026-08-08 12:28,fc.humidifier_duty,0.0000
2026-08-08 12:28,fc.humidity,92.1531
2026-08-08 12:28,fc.humidity_target,0.9150
2026-08-08 12:28,fc.pid_output,0.0000
2026-08-08 12:28,fc.temperature,8.8658
2026-08-08 12:29,fc.humidifier_duty,0.0000
2026-08-08 12:29,fc.humidity,92.0714
2026-08-08 12:29,fc.humidity_target,0.9150
2026-08-08 12:29,fc.pid_output,0.0000
2026-08-08 12:29,fc.temperature,8.8702
2026-08-08 12:30,fc.humidifier_duty,0.0000
2026-08-08 12:30,fc.humidity,91.9987
2026-08-08 12:30,fc.humidity_target,0.9150
2026-08-08 12:30,fc.pid_output,0.0000
2026-08-08 12:30,fc.temperature,8.8685
2026-08-08 12:31,fc.humidifier_duty,0.0000
2026-08-08 12:31,fc.humidity,91.9289
2026-08-08 12:31,fc.humidity_target,0.9150
2026-08-08 12:31,fc.pid_output,0.0000
2026-08-08 12:31,fc.temperature,8.8716
2026-08-08 12:32,fc.humidifier_duty,0.0000
2026-08-08 12:32,fc.humidity,91.8984
2026-08-08 12:32,fc.humidity_target,0.9150
2026-08-08 12:32,fc.pid_output,0.0000
2026-08-08 12:32,fc.temperature,8.8679
2026-08-08 12:33,fc.humidifier_duty,0.0000
2026-08-08 12:33,fc.humidity,91.8504
2026-08-08 12:33,fc.humidity_target,0.9150
2026-08-08 12:33,fc.pid_output,0.0000
2026-08-08 12:33,fc.temperature,8.8616
2026-08-08 12:34,fc.humidifier_duty,0.0000
2026-08-08 12:34,fc.humidity,91.8075
2026-08-08 12:34,fc.humidity_target,0.9150
2026-08-08 12:34,fc.pid_output,0.0000
2026-08-08 12:34,fc.temperature,8.8626
2026-08-08 12:35,fc.humidifier_duty,0.0000
2026-08-08 12:35,fc.humidity,91.7685
2026-08-08 12:35,fc.humidity_target,0.9150
2026-08-08 12:35,fc.pid_output,0.0000
2026-08-08 12:35,fc.temperature,8.8574
2026-08-08 12:36,fc.humidifier_duty,0.0000
2026-08-08 12:36,fc.humidity,91.7334
2026-08-08 12:36,fc.humidity_target,0.9150
2026-08-08 12:36,fc.pid_output,0.0000
2026-08-08 12:36,fc.temperature,8.8548
2026-08-08 12:37,fc.humidifier_duty,0.0000
2026-08-08 12:37,fc.humidity,91.7067
2026-08-08 12:37,fc.humidity_target,0.9150
2026-08-08 12:37,fc.pid_output,0.0000
2026-08-08 12:37,fc.temperature,8.8526
2026-08-08 12:38,fc.humidifier_duty,0.0000
2026-08-08 12:38,fc.humidity,91.6807
2026-08-08 12:38,fc.humidity_target,0.9150
2026-08-08 12:38,fc.pid_output,0.0000
2026-08-08 12:38,fc.temperature,8.8486
2026-08-08 12:39,fc.humidifier_duty,0.0000
2026-08-08 12:39,fc.humidity,91.6690
2026-08-08 12:39,fc.humidity_target,0.9150
2026-08-08 12:39,fc.pid_output,0.0000
2026-08-08 12:39,fc.temperature,8.8445
2026-08-08 12:40,fc.humidifier_duty,0.0000
2026-08-08 12:40,fc.humidity,91.6649
2026-08-08 12:40,fc.humidity_target,0.9150
2026-08-08 12:40,fc.pid_output,0.0000
2026-08-08 12:40,fc.temperature,8.8364
2026-08-08 12:41,fc.humidifier_duty,0.0000
2026-08-08 12:41,fc.humidity,91.6752
2026-08-08 12:41,fc.humidity_target,0.9150
2026-08-08 12:41,fc.pid_output,0.0000
2026-08-08 12:41,fc.temperature,8.8319
2026-08-08 12:42,fc.humidifier_duty,0.0000
2026-08-08 12:42,fc.humidity,91.6845
2026-08-08 12:42,fc.humidity_target,0.9150
2026-08-08 12:42,fc.pid_output,0.0000
2026-08-08 12:42,fc.temperature,8.8273
2026-08-08 12:43,fc.humidifier_duty,0.0000
2026-08-08 12:43,fc.humidity,91.6716
2026-08-08 12:43,fc.humidity_target,0.9150
2026-08-08 12:43,fc.pid_output,0.0000
2026-08-08 12:43,fc.temperature,8.8122
2026-08-08 12:44,fc.humidifier_duty,0.0000
2026-08-08 12:44,fc.humidity,91.6649
2026-08-08 12:44,fc.humidity_target,0.9150
2026-08-08 12:44,fc.pid_output,0.0000
2026-08-08 12:44,fc.temperature,8.8031
2026-08-08 12:45,fc.humidifier_duty,0.0000
2026-08-08 12:45,fc.humidity,91.6734
2026-08-08 12:45,fc.humidity_target,0.9150
2026-08-08 12:45,fc.pid_output,0.0000
2026-08-08 12:45,fc.temperature,8.7940
2026-08-08 12:46,fc.humidifier_duty,0.0000
2026-08-08 12:46,fc.humidity,91.6684
2026-08-08 12:46,fc.humidity_target,0.9150
2026-08-08 12:46,fc.pid_output,0.0000
2026-08-08 12:46,fc.temperature,8.7840
2026-08-08 12:47,fc.humidifier_duty,0.0000
2026-08-08 12:47,fc.humidity,91.6747
2026-08-08 12:47,fc.humidity_target,0.9150
2026-08-08 12:47,fc.pid_output,0.0000
2026-08-08 12:47,fc.temperature,8.7716
2026-08-08 12:48,fc.humidifier_duty,0.0000
2026-08-08 12:48,fc.humidity,91.6913
2026-08-08 12:48,fc.humidity_target,0.9150
2026-08-08 12:48,fc.pid_output,0.0000
2026-08-08 12:48,fc.temperature,8.7694
2026-08-08 12:49,fc.humidifier_duty,0.0000
2026-08-08 12:49,fc.humidity,91.7102
2026-08-08 12:49,fc.humidity_target,0.9150
2026-08-08 12:49,fc.pid_output,0.0000
2026-08-08 12:49,fc.temperature,8.7775
2026-08-08 12:50,fc.humidifier_duty,0.0000
2026-08-08 12:50,fc.humidity,91.6917
2026-08-08 12:50,fc.humidity_target,0.9150
2026-08-08 12:50,fc.pid_output,0.0000
2026-08-08 12:50,fc.temperature,8.7774
2026-08-08 12:51,fc.humidifier_duty,0.0000
2026-08-08 12:51,fc.humidity,91.6606
2026-08-08 12:51,fc.humidity_target,0.9150
2026-08-08 12:51,fc.pid_output,0.0000
2026-08-08 12:51,fc.temperature,8.7929
2026-08-08 12:52,fc.humidifier_duty,0.0000
2026-08-08 12:52,fc.humidity,91.6227
2026-08-08 12:52,fc.humidity_target,0.9150
2026-08-08 12:52,fc.pid_output,0.0000
2026-08-08 12:52,fc.temperature,8.8099
2026-08-08 12:53,fc.humidifier_duty,0.0000
2026-08-08 12:53,fc.humidity,91.5997
2026-08-08 12:53,fc.humidity_target,0.9150
2026-08-08 12:53,fc.pid_output,0.0000
2026-08-08 12:53,fc.temperature,8.8247
2026-08-08 12:54,fc.humidifier_duty,0.0000
2026-08-08 12:54,fc.humidity,91.5692
2026-08-08 12:54,fc.humidity_target,0.9150
2026-08-08 12:54,fc.pid_output,0.0000
2026-08-08 12:54,fc.temperature,8.8517
2026-08-08 12:55,fc.humidifier_duty,0.0000
2026-08-08 12:55,fc.humidity,91.5440
2026-08-08 12:55,fc.humidity_target,0.9150
2026-08-08 12:55,fc.pid_output,0.0000
2026-08-08 12:55,fc.temperature,8.8863
2026-08-08 12:56,fc.humidifier_duty,0.0004
2026-08-08 12:56,fc.humidity,91.5197
2026-08-08 12:56,fc.humidity_target,0.9140
2026-08-08 12:56,fc.pid_output,0.0004
2026-08-08 12:56,fc.temperature,8.9245
2026-08-08 12:57,fc.humidifier_duty,0.0015
2026-08-08 12:57,fc.humidity,91.4578
2026-08-08 12:57,fc.humidity_target,0.8946
2026-08-08 12:57,fc.pid_output,0.0015
2026-08-08 12:57,fc.temperature,8.9576
2026-08-08 12:58,fc.humidifier_duty,0.0005
2026-08-08 12:58,fc.humidity,91.4176
2026-08-08 12:58,fc.humidity_target,0.8863
2026-08-08 12:58,fc.pid_output,0.0005
2026-08-08 12:58,fc.temperature,9.0007
2026-08-08 12:59,fc.humidifier_duty,0.0002
2026-08-08 12:59,fc.humidity,91.3744
2026-08-08 12:59,fc.humidity_target,0.8852
2026-08-08 12:59,fc.pid_output,0.0002
2026-08-08 12:59,fc.temperature,9.0345
2026-08-08 13:00,fc.humidifier_duty,0.0001
2026-08-08 13:00,fc.humidity,91.3209
2026-08-08 13:00,fc.humidity_target,0.8850
2026-08-08 13:00,fc.pid_output,0.0001
2026-08-08 13:00,fc.temperature,9.0894
2026-08-08 13:01,fc.humidifier_duty,0.0000
2026-08-08 13:01,fc.humidity,91.2654
2026-08-08 13:01,fc.humidity_target,0.8850
2026-08-08 13:01,fc.pid_output,0.0000
2026-08-08 13:01,fc.temperature,9.1362
2026-08-08 13:02,fc.humidifier_duty,0.0000
2026-08-08 13:02,fc.humidity,91.1848
2026-08-08 13:02,fc.humidity_target,0.8850
2026-08-08 13:02,fc.pid_output,0.0000
2026-08-08 13:02,fc.temperature,9.1958
2026-08-08 13:03,fc.humidifier_duty,0.0000
2026-08-08 13:03,fc.humidity,91.1137
2026-08-08 13:03,fc.humidity_target,0.8850
2026-08-08 13:03,fc.pid_output,0.0000
2026-08-08 13:03,fc.temperature,9.2544
2026-08-08 13:04,fc.humidifier_duty,0.0000
2026-08-08 13:04,fc.humidity,91.0257
2026-08-08 13:04,fc.humidity_target,0.8850
2026-08-08 13:04,fc.pid_output,0.0000
2026-08-08 13:04,fc.temperature,9.3252
2026-08-08 13:05,fc.humidifier_duty,0.0000
2026-08-08 13:05,fc.humidity,90.9220
2026-08-08 13:05,fc.humidity_target,0.8850
2026-08-08 13:05,fc.pid_output,0.0000
2026-08-08 13:05,fc.temperature,9.3973
2026-08-08 13:06,fc.humidifier_duty,0.0000
2026-08-08 13:06,fc.humidity,90.7866
2026-08-08 13:06,fc.humidity_target,0.8850
2026-08-08 13:06,fc.pid_output,0.0000
2026-08-08 13:06,fc.temperature,9.4665
2026-08-08 13:07,fc.humidifier_duty,0.0000
2026-08-08 13:07,fc.humidity,90.6514
2026-08-08 13:07,fc.humidity_target,0.8850
2026-08-08 13:07,fc.pid_output,0.0000
2026-08-08 13:07,fc.temperature,9.5394
2026-08-08 13:08,fc.humidifier_duty,0.0000
2026-08-08 13:08,fc.humidity,90.5190
2026-08-08 13:08,fc.humidity_target,0.8850
2026-08-08 13:08,fc.pid_output,0.0000
2026-08-08 13:08,fc.temperature,9.6040
2026-08-08 13:09,fc.humidifier_duty,0.0000
2026-08-08 13:09,fc.humidity,90.3678
2026-08-08 13:09,fc.humidity_target,0.8850
2026-08-08 13:09,fc.pid_output,0.0000
2026-08-08 13:09,fc.temperature,9.6807
2026-08-08 13:10,fc.humidifier_duty,0.0000
2026-08-08 13:10,fc.humidity,90.2453
2026-08-08 13:10,fc.humidity_target,0.8850
2026-08-08 13:10,fc.pid_output,0.0000
2026-08-08 13:10,fc.temperature,9.7547
2026-08-08 13:11,fc.humidifier_duty,0.0000
2026-08-08 13:11,fc.humidity,90.1156
2026-08-08 13:11,fc.humidity_target,0.8850
2026-08-08 13:11,fc.pid_output,0.0000
2026-08-08 13:11,fc.temperature,9.8420
2026-08-08 13:12,fc.humidifier_duty,0.0002
2026-08-08 13:12,fc.humidity,89.9790
2026-08-08 13:12,fc.humidity_target,0.8850
2026-08-08 13:12,fc.pid_output,0.0002
2026-08-08 13:12,fc.temperature,9.9356
2026-08-08 13:13,fc.humidifier_duty,0.0062
2026-08-08 13:13,fc.humidity,89.7821
2026-08-08 13:13,fc.humidity_target,0.8850
2026-08-08 13:13,fc.pid_output,0.0062
2026-08-08 13:13,fc.temperature,10.0356
2026-08-08 13:14,fc.humidifier_duty,0.0251
2026-08-08 13:14,fc.humidity,89.5705
2026-08-08 13:14,fc.humidity_target,0.8850
2026-08-08 13:14,fc.pid_output,0.0255
2026-08-08 13:14,fc.temperature,10.1319
2026-08-08 13:15,fc.humidifier_duty,0.0650
2026-08-08 13:15,fc.humidity,89.3258
2026-08-08 13:15,fc.humidity_target,0.8850
2026-08-08 13:15,fc.pid_output,0.0652
2026-08-08 13:15,fc.temperature,10.2248
2026-08-08 13:16,fc.humidifier_duty,0.1266
2026-08-08 13:16,fc.humidity,89.0737
2026-08-08 13:16,fc.humidity_target,0.8850
2026-08-08 13:16,fc.pid_output,0.1262
2026-08-08 13:16,fc.temperature,10.3119
2026-08-08 13:17,fc.humidifier_duty,0.2220
2026-08-08 13:17,fc.humidity,88.7938
2026-08-08 13:17,fc.humidity_target,0.8850
2026-08-08 13:17,fc.pid_output,0.2236
2026-08-08 13:17,fc.temperature,10.3872
2026-08-08 13:18,fc.humidifier_duty,0.3642
2026-08-08 13:18,fc.humidity,88.4783
2026-08-08 13:18,fc.humidity_target,0.8850
2026-08-08 13:18,fc.pid_output,0.3625
2026-08-08 13:18,fc.temperature,10.4387
2026-08-08 13:19,fc.humidifier_duty,0.5246
2026-08-08 13:19,fc.humidity,88.1867
2026-08-08 13:19,fc.humidity_target,0.8850
2026-08-08 13:19,fc.pid_output,0.5245
2026-08-08 13:19,fc.temperature,10.4903
2026-08-08 13:20,fc.humidifier_duty,0.7003
2026-08-08 13:20,fc.humidity,87.9056
2026-08-08 13:20,fc.humidity_target,0.8850
2026-08-08 13:20,fc.pid_output,0.7003
2026-08-08 13:20,fc.temperature,10.5210
2026-08-08 13:21,fc.humidifier_duty,0.8374
2026-08-08 13:21,fc.humidity,87.7523
2026-08-08 13:21,fc.humidity_target,0.8850
2026-08-08 13:21,fc.pid_output,0.8374
2026-08-08 13:21,fc.temperature,10.5421
2026-08-08 13:22,fc.humidifier_duty,0.9698
2026-08-08 13:22,fc.humidity,87.6104
2026-08-08 13:22,fc.humidity_target,0.8850
2026-08-08 13:22,fc.pid_output,0.9698
2026-08-08 13:22,fc.temperature,10.5660
2026-08-08 13:23,fc.humidifier_duty,1.0000
2026-08-08 13:23,fc.humidity,87.4724
2026-08-08 13:23,fc.humidity_target,0.8850
2026-08-08 13:23,fc.pid_output,1.0000
2026-08-08 13:23,fc.temperature,10.5719
2026-08-08 13:24,fc.humidifier_duty,1.0000
2026-08-08 13:24,fc.humidity,87.3534
2026-08-08 13:24,fc.humidity_target,0.8850
2026-08-08 13:24,fc.pid_output,1.0000
2026-08-08 13:24,fc.temperature,10.5726
2026-08-08 13:25,fc.humidifier_duty,1.0000
2026-08-08 13:25,fc.humidity,87.3310
2026-08-08 13:25,fc.humidity_target,0.8850
2026-08-08 13:25,fc.pid_output,1.0000
2026-08-08 13:25,fc.temperature,10.5682
2026-08-08 13:26,fc.humidifier_duty,1.0000
2026-08-08 13:26,fc.humidity,87.3271
2026-08-08 13:26,fc.humidity_target,0.8850
2026-08-08 13:26,fc.pid_output,1.0000
2026-08-08 13:26,fc.temperature,10.5625
2026-08-08 13:27,fc.humidifier_duty,1.0000
2026-08-08 13:27,fc.humidity,87.3987
2026-08-08 13:27,fc.humidity_target,0.8850
2026-08-08 13:27,fc.pid_output,1.0000
2026-08-08 13:27,fc.temperature,10.5407
2026-08-08 13:28,fc.humidifier_duty,1.0000
2026-08-08 13:28,fc.humidity,87.6190
2026-08-08 13:28,fc.humidity_target,0.8850
2026-08-08 13:28,fc.pid_output,1.0000
2026-08-08 13:28,fc.temperature,10.5286
2026-08-08 13:29,fc.humidifier_duty,1.0000
2026-08-08 13:29,fc.humidity,87.8626
2026-08-08 13:29,fc.humidity_target,0.8850
2026-08-08 13:29,fc.pid_output,1.0000
2026-08-08 13:29,fc.temperature,10.5107
2026-08-08 13:30,fc.humidifier_duty,1.0000
2026-08-08 13:30,fc.humidity,88.1057
2026-08-08 13:30,fc.humidity_target,0.8850
2026-08-08 13:30,fc.pid_output,1.0000
2026-08-08 13:30,fc.temperature,10.4938
2026-08-08 13:31,fc.humidifier_duty,1.0000
2026-08-08 13:31,fc.humidity,88.3852
2026-08-08 13:31,fc.humidity_target,0.8850
2026-08-08 13:31,fc.pid_output,1.0000
2026-08-08 13:31,fc.temperature,10.4737
2026-08-08 13:32,fc.humidifier_duty,1.0000
2026-08-08 13:32,fc.humidity,88.6194
2026-08-08 13:32,fc.humidity_target,0.8850
2026-08-08 13:32,fc.pid_output,1.0000
2026-08-08 13:32,fc.temperature,10.4471
2026-08-08 13:33,fc.humidifier_duty,1.0000
2026-08-08 13:33,fc.humidity,88.8848
2026-08-08 13:33,fc.humidity_target,0.8850
2026-08-08 13:33,fc.pid_output,1.0000
2026-08-08 13:33,fc.temperature,10.4204
2026-08-08 13:34,fc.humidifier_duty,1.0000
2026-08-08 13:34,fc.humidity,89.1081
2026-08-08 13:34,fc.humidity_target,0.8850
2026-08-08 13:34,fc.pid_output,1.0000
2026-08-08 13:34,fc.temperature,10.3929
2026-08-08 13:35,fc.humidifier_duty,1.0000
2026-08-08 13:35,fc.humidity,89.3311
2026-08-08 13:35,fc.humidity_target,0.8850
2026-08-08 13:35,fc.pid_output,1.0000
2026-08-08 13:35,fc.temperature,10.3621
2026-08-08 13:36,fc.humidifier_duty,1.0000
2026-08-08 13:36,fc.humidity,89.5399
2026-08-08 13:36,fc.humidity_target,0.8850
2026-08-08 13:36,fc.pid_output,1.0000
2026-08-08 13:36,fc.temperature,10.3386
2026-08-08 13:37,fc.humidifier_duty,0.9999
2026-08-08 13:37,fc.humidity,89.7730
2026-08-08 13:37,fc.humidity_target,0.8850
2026-08-08 13:37,fc.pid_output,0.9999
2026-08-08 13:37,fc.temperature,10.3141
2026-08-08 13:38,fc.humidifier_duty,0.9986
2026-08-08 13:38,fc.humidity,89.9284
2026-08-08 13:38,fc.humidity_target,0.8850
2026-08-08 13:38,fc.pid_output,0.9986
2026-08-08 13:38,fc.temperature,10.2856
2026-08-08 13:39,fc.humidifier_duty,0.9849
2026-08-08 13:39,fc.humidity,90.0948
2026-08-08 13:39,fc.humidity_target,0.8850
2026-08-08 13:39,fc.pid_output,0.9849
2026-08-08 13:39,fc.temperature,10.2612
2026-08-08 13:40,fc.humidifier_duty,0.9533
2026-08-08 13:40,fc.humidity,90.2916
2026-08-08 13:40,fc.humidity_target,0.8850
2026-08-08 13:40,fc.pid_output,0.9533
2026-08-08 13:40,fc.temperature,10.2352
2026-08-08 13:41,fc.humidifier_duty,0.9223
2026-08-08 13:41,fc.humidity,90.4623
2026-08-08 13:41,fc.humidity_target,0.8850
2026-08-08 13:41,fc.pid_output,0.9223
2026-08-08 13:41,fc.temperature,10.2138
2026-08-08 13:42,fc.humidifier_duty,0.8921
2026-08-08 13:42,fc.humidity,90.6342
2026-08-08 13:42,fc.humidity_target,0.8850
2026-08-08 13:42,fc.pid_output,0.8921
2026-08-08 13:42,fc.temperature,10.1898
2026-08-08 13:43,fc.humidifier_duty,0.8629
2026-08-08 13:43,fc.humidity,90.7972
2026-08-08 13:43,fc.humidity_target,0.8850
2026-08-08 13:43,fc.pid_output,0.8629
2026-08-08 13:43,fc.temperature,10.1692
2026-08-08 13:44,fc.humidifier_duty,0.8346
2026-08-08 13:44,fc.humidity,90.9660
2026-08-08 13:44,fc.humidity_target,0.8850
2026-08-08 13:44,fc.pid_output,0.8346
2026-08-08 13:44,fc.temperature,10.1414
2026-08-08 13:45,fc.humidifier_duty,0.8072
2026-08-08 13:45,fc.humidity,91.1283
2026-08-08 13:45,fc.humidity_target,0.8850
2026-08-08 13:45,fc.pid_output,0.8072
2026-08-08 13:45,fc.temperature,10.1256
2026-08-08 13:46,fc.humidifier_duty,0.7808
2026-08-08 13:46,fc.humidity,91.2635
2026-08-08 13:46,fc.humidity_target,0.8850
2026-08-08 13:46,fc.pid_output,0.7808
2026-08-08 13:46,fc.temperature,10.1034
2026-08-08 13:47,fc.humidifier_duty,0.7552
2026-08-08 13:47,fc.humidity,91.4200
2026-08-08 13:47,fc.humidity_target,0.8850
2026-08-08 13:47,fc.pid_output,0.7552
2026-08-08 13:47,fc.temperature,10.0872
2026-08-08 13:48,fc.humidifier_duty,0.7170
2026-08-08 13:48,fc.humidity,91.5693
2026-08-08 13:48,fc.humidity_target,0.9020
2026-08-08 13:48,fc.pid_output,0.7170
2026-08-08 13:48,fc.temperature,10.0703
2026-08-08 13:49,fc.humidifier_duty,0.6539
2026-08-08 13:49,fc.humidity,91.7136
2026-08-08 13:49,fc.humidity_target,0.9133
2026-08-08 13:49,fc.pid_output,0.6539
2026-08-08 13:49,fc.temperature,10.0591
2026-08-08 13:50,fc.humidifier_duty,0.5904
2026-08-08 13:50,fc.humidity,91.8406
2026-08-08 13:50,fc.humidity_target,0.9148
2026-08-08 13:50,fc.pid_output,0.5904
2026-08-08 13:50,fc.temperature,10.0396
2026-08-08 13:51,fc.humidifier_duty,0.5246
2026-08-08 13:51,fc.humidity,91.9584
2026-08-08 13:51,fc.humidity_target,0.9150
2026-08-08 13:51,fc.pid_output,0.5246
2026-08-08 13:51,fc.temperature,10.0363
2026-08-08 13:52,fc.humidifier_duty,0.4530
2026-08-08 13:52,fc.humidity,92.0732
2026-08-08 13:52,fc.humidity_target,0.9150
2026-08-08 13:52,fc.pid_output,0.4530
2026-08-08 13:52,fc.temperature,10.0226
2026-08-08 13:53,fc.humidifier_duty,0.3825
2026-08-08 13:53,fc.humidity,92.1648
2026-08-08 13:53,fc.humidity_target,0.9150
2026-08-08 13:53,fc.pid_output,0.3825
2026-08-08 13:53,fc.temperature,10.0099
2026-08-08 13:54,fc.humidifier_duty,0.3184
2026-08-08 13:54,fc.humidity,92.2307
2026-08-08 13:54,fc.humidity_target,0.9150
2026-08-08 13:54,fc.pid_output,0.3184
2026-08-08 13:54,fc.temperature,10.0005
2026-08-08 13:55,fc.humidifier_duty,0.2547
2026-08-08 13:55,fc.humidity,92.2821
2026-08-08 13:55,fc.humidity_target,0.9150
2026-08-08 13:55,fc.pid_output,0.2547
2026-08-08 13:55,fc.temperature,9.9895
2026-08-08 13:56,fc.humidifier_duty,0.1989
2026-08-08 13:56,fc.humidity,92.3089
2026-08-08 13:56,fc.humidity_target,0.9150
2026-08-08 13:56,fc.pid_output,0.1989
2026-08-08 13:56,fc.temperature,9.9727
2026-08-08 13:57,fc.humidifier_duty,0.1425
2026-08-08 13:57,fc.humidity,92.3307
2026-08-08 13:57,fc.humidity_target,0.9150
2026-08-08 13:57,fc.pid_output,0.1425
2026-08-08 13:57,fc.temperature,9.9549
2026-08-08 13:58,fc.humidifier_duty,0.0853
2026-08-08 13:58,fc.humidity,92.3523
2026-08-08 13:58,fc.humidity_target,0.9150
2026-08-08 13:58,fc.pid_output,0.0853
2026-08-08 13:58,fc.temperature,9.9418
2026-08-08 13:59,fc.humidifier_duty,0.0246
2026-08-08 13:59,fc.humidity,92.3815
2026-08-08 13:59,fc.humidity_target,0.9150
2026-08-08 13:59,fc.pid_output,0.0246
2026-08-08 13:59,fc.temperature,9.9328
2026-08-08 14:00,fc.humidifier_duty,0.0000
2026-08-08 14:00,fc.humidity,92.4120
2026-08-08 14:00,fc.humidity_target,0.9150
2026-08-08 14:00,fc.pid_output,0.0000
2026-08-08 14:00,fc.temperature,9.9153
2026-08-08 14:01,fc.humidifier_duty,0.0000
2026-08-08 14:01,fc.humidity,92.4302
2026-08-08 14:01,fc.humidity_target,0.9150
2026-08-08 14:01,fc.pid_output,0.0000
2026-08-08 14:01,fc.temperature,9.9077
2026-08-08 14:02,fc.humidifier_duty,0.0000
2026-08-08 14:02,fc.humidity,92.4582
2026-08-08 14:02,fc.humidity_target,0.9150
2026-08-08 14:02,fc.pid_output,0.0000
2026-08-08 14:02,fc.temperature,9.8994
2026-08-08 14:03,fc.humidifier_duty,0.0000
2026-08-08 14:03,fc.humidity,92.4927
2026-08-08 14:03,fc.humidity_target,0.9150
2026-08-08 14:03,fc.pid_output,0.0000
2026-08-08 14:03,fc.temperature,9.8933
2026-08-08 14:04,fc.humidifier_duty,0.0000
2026-08-08 14:04,fc.humidity,92.5341
2026-08-08 14:04,fc.humidity_target,0.9150
2026-08-08 14:04,fc.pid_output,0.0000
2026-08-08 14:04,fc.temperature,9.8889
2026-08-08 14:05,fc.humidifier_duty,0.0000
2026-08-08 14:05,fc.humidity,92.5619
2026-08-08 14:05,fc.humidity_target,0.9150
2026-08-08 14:05,fc.pid_output,0.0000
2026-08-08 14:05,fc.temperature,9.8753
2026-08-08 14:06,fc.humidifier_duty,0.0000
2026-08-08 14:06,fc.humidity,92.5848
2026-08-08 14:06,fc.humidity_target,0.9150
2026-08-08 14:06,fc.pid_output,0.0000
2026-08-08 14:06,fc.temperature,9.8717
2026-08-08 14:07,fc.humidifier_duty,0.0000
2026-08-08 14:07,fc.humidity,92.5821
2026-08-08 14:07,fc.humidity_target,0.9150
2026-08-08 14:07,fc.pid_output,0.0000
2026-08-08 14:07,fc.temperature,9.8601
2026-08-08 14:08,fc.humidifier_duty,0.0000
2026-08-08 14:08,fc.humidity,92.5861
2026-08-08 14:08,fc.humidity_target,0.9150
2026-08-08 14:08,fc.pid_output,0.0000
2026-08-08 14:08,fc.temperature,9.8526
2026-08-08 14:09,fc.humidifier_duty,0.0000
2026-08-08 14:09,fc.humidity,92.5880
2026-08-08 14:09,fc.humidity_target,0.9150
2026-08-08 14:09,fc.pid_output,0.0000
2026-08-08 14:09,fc.temperature,9.8443
2026-08-08 14:10,fc.humidifier_duty,0.0000
2026-08-08 14:10,fc.humidity,92.5715
2026-08-08 14:10,fc.humidity_target,0.9150
2026-08-08 14:10,fc.pid_output,0.0000
2026-08-08 14:10,fc.temperature,9.8285
2026-08-08 14:11,fc.humidifier_duty,0.0000
2026-08-08 14:11,fc.humidity,92.5552
2026-08-08 14:11,fc.humidity_target,0.9150
2026-08-08 14:11,fc.pid_output,0.0000
2026-08-08 14:11,fc.temperature,9.8159
2026-08-08 14:12,fc.humidifier_duty,0.0000
2026-08-08 14:12,fc.humidity,92.5327
2026-08-08 14:12,fc.humidity_target,0.9150
2026-08-08 14:12,fc.pid_output,0.0000
2026-08-08 14:12,fc.temperature,9.8089
2026-08-08 14:13,fc.humidifier_duty,0.0000
2026-08-08 14:13,fc.humidity,92.4975
2026-08-08 14:13,fc.humidity_target,0.9150
2026-08-08 14:13,fc.pid_output,0.0000
2026-08-08 14:13,fc.temperature,9.8000
2026-08-08 14:14,fc.humidifier_duty,0.0000
2026-08-08 14:14,fc.humidity,92.4695
2026-08-08 14:14,fc.humidity_target,0.9150
2026-08-08 14:14,fc.pid_output,0.0000
2026-08-08 14:14,fc.temperature,9.7891
2026-08-08 14:15,fc.humidifier_duty,0.0000
2026-08-08 14:15,fc.humidity,92.4402
2026-08-08 14:15,fc.humidity_target,0.9150
2026-08-08 14:15,fc.pid_output,0.0000
2026-08-08 14:15,fc.temperature,9.7796
2026-08-08 14:16,fc.humidifier_duty,0.0000
2026-08-08 14:16,fc.humidity,92.3864
2026-08-08 14:16,fc.humidity_target,0.9150
2026-08-08 14:16,fc.pid_output,0.0000
2026-08-08 14:16,fc.temperature,9.7700
2026-08-08 14:17,fc.humidifier_duty,0.0000
2026-08-08 14:17,fc.humidity,92.3471
2026-08-08 14:17,fc.humidity_target,0.9150
2026-08-08 14:17,fc.pid_output,0.0000
2026-08-08 14:17,fc.temperature,9.7627
2026-08-08 14:18,fc.humidifier_duty,0.0000
2026-08-08 14:18,fc.humidity,92.2819
2026-08-08 14:18,fc.humidity_target,0.9150
2026-08-08 14:18,fc.pid_output,0.0000
2026-08-08 14:18,fc.temperature,9.7530
2026-08-08 14:19,fc.humidifier_duty,0.0000
2026-08-08 14:19,fc.humidity,92.2126
2026-08-08 14:19,fc.humidity_target,0.9150
2026-08-08 14:19,fc.pid_output,0.0000
2026-08-08 14:19,fc.temperature,9.7449
2026-08-08 14:20,fc.humidifier_duty,0.0000
2026-08-08 14:20,fc.humidity,92.1574
2026-08-08 14:20,fc.humidity_target,0.9150
2026-08-08 14:20,fc.pid_output,0.0000
2026-08-08 14:20,fc.temperature,9.7371
2026-08-08 14:21,fc.humidifier_duty,0.0000
2026-08-08 14:21,fc.humidity,92.1223
2026-08-08 14:21,fc.humidity_target,0.9150
2026-08-08 14:21,fc.pid_output,0.0000
2026-08-08 14:21,fc.temperature,9.7294
2026-08-08 14:22,fc.humidifier_duty,0.0000
2026-08-08 14:22,fc.humidity,92.0740
2026-08-08 14:22,fc.humidity_target,0.9150
2026-08-08 14:22,fc.pid_output,0.0000
2026-08-08 14:22,fc.temperature,9.7227
2026-08-08 14:23,fc.humidifier_duty,0.0000
2026-08-08 14:23,fc.humidity,92.0564
2026-08-08 14:23,fc.humidity_target,0.9150
2026-08-08 14:23,fc.pid_output,0.0000
2026-08-08 14:23,fc.temperature,9.7089
2026-08-08 14:24,fc.humidifier_duty,0.0000
2026-08-08 14:24,fc.humidity,92.0425
2026-08-08 14:24,fc.humidity_target,0.9150
2026-08-08 14:24,fc.pid_output,0.0000
2026-08-08 14:24,fc.temperature,9.7049
2026-08-08 14:25,fc.humidifier_duty,0.0000
2026-08-08 14:25,fc.humidity,92.0489
2026-08-08 14:25,fc.humidity_target,0.9150
2026-08-08 14:25,fc.pid_output,0.0000
2026-08-08 14:25,fc.temperature,9.6941
2026-08-08 14:26,fc.humidifier_duty,0.0000
2026-08-08 14:26,fc.humidity,92.0486
2026-08-08 14:26,fc.humidity_target,0.9150
2026-08-08 14:26,fc.pid_output,0.0000
2026-08-08 14:26,fc.temperature,9.6870
2026-08-08 14:27,fc.humidifier_duty,0.0000
2026-08-08 14:27,fc.humidity,92.0447
2026-08-08 14:27,fc.humidity_target,0.9150
2026-08-08 14:27,fc.pid_output,0.0000
2026-08-08 14:27,fc.temperature,9.6848
2026-08-08 14:28,fc.humidifier_duty,0.0000
2026-08-08 14:28,fc.humidity,92.0554
2026-08-08 14:28,fc.humidity_target,0.9150
2026-08-08 14:28,fc.pid_output,0.0000
2026-08-08 14:28,fc.temperature,9.6730
2026-08-08 14:29,fc.humidifier_duty,0.0000
2026-08-08 14:29,fc.humidity,92.0929
2026-08-08 14:29,fc.humidity_target,0.9150
2026-08-08 14:29,fc.pid_output,0.0000
2026-08-08 14:29,fc.temperature,9.6710
2026-08-08 14:30,fc.humidifier_duty,0.0000
2026-08-08 14:30,fc.humidity,92.1092
2026-08-08 14:30,fc.humidity_target,0.9150
2026-08-08 14:30,fc.pid_output,0.0000
2026-08-08 14:30,fc.temperature,9.6605
2026-08-08 14:31,fc.humidifier_duty,0.0000
2026-08-08 14:31,fc.humidity,92.1304
2026-08-08 14:31,fc.humidity_target,0.9150
2026-08-08 14:31,fc.pid_output,0.0000
2026-08-08 14:31,fc.temperature,9.6599
2026-08-08 14:32,fc.humidifier_duty,0.0000
2026-08-08 14:32,fc.humidity,92.1406
2026-08-08 14:32,fc.humidity_target,0.9150
2026-08-08 14:32,fc.pid_output,0.0000
2026-08-08 14:32,fc.temperature,9.6525
2026-08-08 14:33,fc.humidifier_duty,0.0000
2026-08-08 14:33,fc.humidity,92.1587
2026-08-08 14:33,fc.humidity_target,0.9150
2026-08-08 14:33,fc.pid_output,0.0000
2026-08-08 14:33,fc.temperature,9.6545
2026-08-08 14:34,fc.humidifier_duty,0.0000
2026-08-08 14:34,fc.humidity,92.1722
2026-08-08 14:34,fc.humidity_target,0.9150
2026-08-08 14:34,fc.pid_output,0.0000
2026-08-08 14:34,fc.temperature,9.6558
2026-08-08 14:35,fc.humidifier_duty,0.0000
2026-08-08 14:35,fc.humidity,92.1793
2026-08-08 14:35,fc.humidity_target,0.9150
2026-08-08 14:35,fc.pid_output,0.0000
2026-08-08 14:35,fc.temperature,9.6554
2026-08-08 14:36,fc.humidifier_duty,0.0000
2026-08-08 14:36,fc.humidity,92.1751
2026-08-08 14:36,fc.humidity_target,0.9150
2026-08-08 14:36,fc.pid_output,0.0000
2026-08-08 14:36,fc.temperature,9.6501
2026-08-08 14:37,fc.humidifier_duty,0.0000
2026-08-08 14:37,fc.humidity,92.1773
2026-08-08 14:37,fc.humidity_target,0.9150
2026-08-08 14:37,fc.pid_output,0.0000
2026-08-08 14:37,fc.temperature,9.6522
2026-08-08 14:38,fc.humidifier_duty,0.0000
2026-08-08 14:38,fc.humidity,92.1833
2026-08-08 14:38,fc.humidity_target,0.9150
2026-08-08 14:38,fc.pid_output,0.0000
2026-08-08 14:38,fc.temperature,9.6536
2026-08-08 14:39,fc.humidifier_duty,0.0000
2026-08-08 14:39,fc.humidity,92.1793
2026-08-08 14:39,fc.humidity_target,0.9150
2026-08-08 14:39,fc.pid_output,0.0000
2026-08-08 14:39,fc.temperature,9.6510
2026-08-08 14:40,fc.humidifier_duty,0.0000
2026-08-08 14:40,fc.humidity,92.1616
2026-08-08 14:40,fc.humidity_target,0.9150
2026-08-08 14:40,fc.pid_output,0.0000
2026-08-08 14:40,fc.temperature,9.6552
2026-08-08 14:41,fc.humidifier_duty,0.0000
2026-08-08 14:41,fc.humidity,92.1367
2026-08-08 14:41,fc.humidity_target,0.9150
2026-08-08 14:41,fc.pid_output,0.0000
2026-08-08 14:41,fc.temperature,9.6621
2026-08-08 14:42,fc.humidifier_duty,0.0000
2026-08-08 14:42,fc.humidity,92.0702
2026-08-08 14:42,fc.humidity_target,0.9150
2026-08-08 14:42,fc.pid_output,0.0000
2026-08-08 14:42,fc.temperature,9.6698
2026-08-08 14:43,fc.humidifier_duty,0.0000
2026-08-08 14:43,fc.humidity,92.0154
2026-08-08 14:43,fc.humidity_target,0.9150
2026-08-08 14:43,fc.pid_output,0.0000
2026-08-08 14:43,fc.temperature,9.6739
2026-08-08 14:44,fc.humidifier_duty,0.0000
2026-08-08 14:44,fc.humidity,91.9309
2026-08-08 14:44,fc.humidity_target,0.9150
2026-08-08 14:44,fc.pid_output,0.0000
2026-08-08 14:44,fc.temperature,9.6901
2026-08-08 14:45,fc.humidifier_duty,0.0000
2026-08-08 14:45,fc.humidity,91.8279
2026-08-08 14:45,fc.humidity_target,0.9150
2026-08-08 14:45,fc.pid_output,0.0000
2026-08-08 14:45,fc.temperature,9.6969
2026-08-08 14:46,fc.humidifier_duty,0.0000
2026-08-08 14:46,fc.humidity,91.7487
2026-08-08 14:46,fc.humidity_target,0.9150
2026-08-08 14:46,fc.pid_output,0.0000
2026-08-08 14:46,fc.temperature,9.7094
2026-08-08 14:47,fc.humidifier_duty,0.0000
2026-08-08 14:47,fc.humidity,91.6657
2026-08-08 14:47,fc.humidity_target,0.9150
2026-08-08 14:47,fc.pid_output,0.0000
2026-08-08 14:47,fc.temperature,9.7158
2026-08-08 14:48,fc.humidifier_duty,0.0000
2026-08-08 14:48,fc.humidity,91.5870
2026-08-08 14:48,fc.humidity_target,0.9150
2026-08-08 14:48,fc.pid_output,0.0000
2026-08-08 14:48,fc.temperature,9.7332
2026-08-08 14:49,fc.humidifier_duty,0.0032
2026-08-08 14:49,fc.humidity,91.4929
2026-08-08 14:49,fc.humidity_target,0.9070
2026-08-08 14:49,fc.pid_output,0.0032
2026-08-08 14:49,fc.temperature,9.7362
2026-08-08 14:50,fc.humidifier_duty,0.0023
2026-08-08 14:50,fc.humidity,91.4102
2026-08-08 14:50,fc.humidity_target,0.8886
2026-08-08 14:50,fc.pid_output,0.0023
2026-08-08 14:50,fc.temperature,9.7400
2026-08-08 14:51,fc.humidifier_duty,0.0009
2026-08-08 14:51,fc.humidity,91.3123
2026-08-08 14:51,fc.humidity_target,0.8855
2026-08-08 14:51,fc.pid_output,0.0009
2026-08-08 14:51,fc.temperature,9.7354
2026-08-08 14:52,fc.humidifier_duty,0.0003
2026-08-08 14:52,fc.humidity,91.2647
2026-08-08 14:52,fc.humidity_target,0.8851
2026-08-08 14:52,fc.pid_output,0.0003
2026-08-08 14:52,fc.temperature,9.7361
2026-08-08 14:53,fc.humidifier_duty,0.0001
2026-08-08 14:53,fc.humidity,91.1792
2026-08-08 14:53,fc.humidity_target,0.8850
2026-08-08 14:53,fc.pid_output,0.0001
2026-08-08 14:53,fc.temperature,9.7321
2026-08-08 14:54,fc.humidifier_duty,0.0000
2026-08-08 14:54,fc.humidity,91.1373
2026-08-08 14:54,fc.humidity_target,0.8850
2026-08-08 14:54,fc.pid_output,0.0000
2026-08-08 14:54,fc.temperature,9.7358
2026-08-08 14:55,fc.humidifier_duty,0.0000
2026-08-08 14:55,fc.humidity,91.1658
2026-08-08 14:55,fc.humidity_target,0.8850
2026-08-08 14:55,fc.pid_output,0.0000
2026-08-08 14:55,fc.temperature,9.7354
2026-08-08 14:56,fc.humidifier_duty,0.0000
2026-08-08 14:56,fc.humidity,91.1916
2026-08-08 14:56,fc.humidity_target,0.8850
2026-08-08 14:56,fc.pid_output,0.0000
2026-08-08 14:56,fc.temperature,9.7413
2026-08-08 14:57,fc.humidifier_duty,0.0000
2026-08-08 14:57,fc.humidity,91.2027
2026-08-08 14:57,fc.humidity_target,0.8850
2026-08-08 14:57,fc.pid_output,0.0000
2026-08-08 14:57,fc.temperature,9.7368
2026-08-08 14:58,fc.humidifier_duty,0.0000
2026-08-08 14:58,fc.humidity,91.1680
2026-08-08 14:58,fc.humidity_target,0.8850
2026-08-08 14:58,fc.pid_output,0.0000
2026-08-08 14:58,fc.temperature,9.7352
2026-08-08 14:59,fc.humidifier_duty,0.0000
2026-08-08 14:59,fc.humidity,91.1382
2026-08-08 14:59,fc.humidity_target,0.8850
2026-08-08 14:59,fc.pid_output,0.0000
2026-08-08 14:59,fc.temperature,9.7332
2026-08-08 15:00,fc.humidifier_duty,0.0000
2026-08-08 15:00,fc.humidity,91.0492
2026-08-08 15:00,fc.humidity_target,0.8850
2026-08-08 15:00,fc.pid_output,0.0000
2026-08-08 15:00,fc.temperature,9.7312
2026-08-08 15:01,fc.humidifier_duty,0.0000
2026-08-08 15:01,fc.humidity,90.9656
2026-08-08 15:01,fc.humidity_target,0.8850
2026-08-08 15:01,fc.pid_output,0.0000
2026-08-08 15:01,fc.temperature,9.7272
2026-08-08 15:02,fc.humidifier_duty,0.0000
2026-08-08 15:02,fc.humidity,90.9036
2026-08-08 15:02,fc.humidity_target,0.8850
2026-08-08 15:02,fc.pid_output,0.0000
2026-08-08 15:02,fc.temperature,9.7239
2026-08-08 15:03,fc.humidifier_duty,0.0000
2026-08-08 15:03,fc.humidity,90.8361
2026-08-08 15:03,fc.humidity_target,0.8850
2026-08-08 15:03,fc.pid_output,0.0000
2026-08-08 15:03,fc.temperature,9.7147
2026-08-08 15:04,fc.humidifier_duty,0.0000
2026-08-08 15:04,fc.humidity,90.7434
2026-08-08 15:04,fc.humidity_target,0.8850
2026-08-08 15:04,fc.pid_output,0.0000
2026-08-08 15:04,fc.temperature,9.6997
2026-08-08 15:05,fc.humidifier_duty,0.0000
2026-08-08 15:05,fc.humidity,90.6444
2026-08-08 15:05,fc.humidity_target,0.8850
2026-08-08 15:05,fc.pid_output,0.0000
2026-08-08 15:05,fc.temperature,9.6748
2026-08-08 15:06,fc.humidifier_duty,0.0000
2026-08-08 15:06,fc.humidity,90.4110
2026-08-08 15:06,fc.humidity_target,0.8850
2026-08-08 15:06,fc.pid_output,0.0000
2026-08-08 15:06,fc.temperature,9.6390
2026-08-08 15:07,fc.humidifier_duty,0.0000
2026-08-08 15:07,fc.humidity,90.0569
2026-08-08 15:07,fc.humidity_target,0.8850
2026-08-08 15:07,fc.pid_output,0.0000
2026-08-08 15:07,fc.temperature,9.5991
2026-08-08 15:08,fc.humidifier_duty,0.0010
2026-08-08 15:08,fc.humidity,89.9104
2026-08-08 15:08,fc.humidity_target,0.8850
2026-08-08 15:08,fc.pid_output,0.0011
2026-08-08 15:08,fc.temperature,9.5546
2026-08-08 15:09,fc.humidifier_duty,0.0027
2026-08-08 15:09,fc.humidity,89.8653
2026-08-08 15:09,fc.humidity_target,0.8850
2026-08-08 15:09,fc.pid_output,0.0027
2026-08-08 15:09,fc.temperature,9.5168
2026-08-08 15:10,fc.humidifier_duty,0.0050
2026-08-08 15:10,fc.humidity,89.8140
2026-08-08 15:10,fc.humidity_target,0.8850
2026-08-08 15:10,fc.pid_output,0.0051
2026-08-08 15:10,fc.temperature,9.4850
2026-08-08 15:11,fc.humidifier_duty,0.0088
2026-08-08 15:11,fc.humidity,89.7576
2026-08-08 15:11,fc.humidity_target,0.8850
2026-08-08 15:11,fc.pid_output,0.0089
2026-08-08 15:11,fc.temperature,9.4525
2026-08-08 15:12,fc.humidifier_duty,0.0222
2026-08-08 15:12,fc.humidity,89.6133
2026-08-08 15:12,fc.humidity_target,0.8850
2026-08-08 15:12,fc.pid_output,0.0222
2026-08-08 15:12,fc.temperature,9.4125
2026-08-08 15:13,fc.humidifier_duty,0.0390
2026-08-08 15:13,fc.humidity,89.4957
2026-08-08 15:13,fc.humidity_target,0.8850
2026-08-08 15:13,fc.pid_output,0.0389
2026-08-08 15:13,fc.temperature,9.3723
2026-08-08 15:14,fc.humidifier_duty,0.0528
2026-08-08 15:14,fc.humidity,89.4412
2026-08-08 15:14,fc.humidity_target,0.8850
2026-08-08 15:14,fc.pid_output,0.0528
2026-08-08 15:14,fc.temperature,9.3501
2026-08-08 15:15,fc.humidifier_duty,0.0517
2026-08-08 15:15,fc.humidity,89.4839
2026-08-08 15:15,fc.humidity_target,0.8850
2026-08-08 15:15,fc.pid_output,0.0517
2026-08-08 15:15,fc.temperature,9.3308
2026-08-08 15:16,fc.humidifier_duty,0.0587
2026-08-08 15:16,fc.humidity,89.4604
2026-08-08 15:16,fc.humidity_target,0.8850
2026-08-08 15:16,fc.pid_output,0.0588
2026-08-08 15:16,fc.temperature,9.3143
2026-08-08 15:17,fc.humidifier_duty,0.0700
2026-08-08 15:17,fc.humidity,89.4291
2026-08-08 15:17,fc.humidity_target,0.8850
2026-08-08 15:17,fc.pid_output,0.0700
2026-08-08 15:17,fc.temperature,9.3038
2026-08-08 15:18,fc.humidifier_duty,0.0771
2026-08-08 15:18,fc.humidity,89.4260
2026-08-08 15:18,fc.humidity_target,0.8850
2026-08-08 15:18,fc.pid_output,0.0771
2026-08-08 15:18,fc.temperature,9.2981
2026-08-08 15:19,fc.humidifier_duty,0.0862
2026-08-08 15:19,fc.humidity,89.4040
2026-08-08 15:19,fc.humidity_target,0.8850
2026-08-08 15:19,fc.pid_output,0.0865
2026-08-08 15:19,fc.temperature,9.2980
2026-08-08 15:20,fc.humidifier_duty,0.0998
2026-08-08 15:20,fc.humidity,89.3690
2026-08-08 15:20,fc.humidity_target,0.8850
2026-08-08 15:20,fc.pid_output,0.0999
2026-08-08 15:20,fc.temperature,9.2949
2026-08-08 15:21,fc.humidifier_duty,0.1082
2026-08-08 15:21,fc.humidity,89.3641
2026-08-08 15:21,fc.humidity_target,0.8850
2026-08-08 15:21,fc.pid_output,0.1081
2026-08-08 15:21,fc.temperature,9.2887
2026-08-08 15:22,fc.humidifier_duty,0.1163
2026-08-08 15:22,fc.humidity,89.3627
2026-08-08 15:22,fc.humidity_target,0.8850
2026-08-08 15:22,fc.pid_output,0.1162
2026-08-08 15:22,fc.temperature,9.2825
2026-08-08 15:23,fc.humidifier_duty,0.1261
2026-08-08 15:23,fc.humidity,89.3591
2026-08-08 15:23,fc.humidity_target,0.8850
2026-08-08 15:23,fc.pid_output,0.1260
2026-08-08 15:23,fc.temperature,9.2785
2026-08-08 15:24,fc.humidifier_duty,0.1235
2026-08-08 15:24,fc.humidity,89.4161
2026-08-08 15:24,fc.humidity_target,0.8850
2026-08-08 15:24,fc.pid_output,0.1235
2026-08-08 15:24,fc.temperature,9.2711
2026-08-08 15:25,fc.humidifier_duty,0.1293
2026-08-08 15:25,fc.humidity,89.4301
2026-08-08 15:25,fc.humidity_target,0.8850
2026-08-08 15:25,fc.pid_output,0.1292
2026-08-08 15:25,fc.temperature,9.2675
2026-08-08 15:26,fc.humidifier_duty,0.1186
2026-08-08 15:26,fc.humidity,89.5533
2026-08-08 15:26,fc.humidity_target,0.8850
2026-08-08 15:26,fc.pid_output,0.1186
2026-08-08 15:26,fc.temperature,9.2640
2026-08-08 15:27,fc.humidifier_duty,0.1195
2026-08-08 15:27,fc.humidity,89.5821
2026-08-08 15:27,fc.humidity_target,0.8850
2026-08-08 15:27,fc.pid_output,0.1194
2026-08-08 15:27,fc.temperature,9.2567
2026-08-08 15:28,fc.humidifier_duty,0.1151
2026-08-08 15:28,fc.humidity,89.6656
2026-08-08 15:28,fc.humidity_target,0.8850
2026-08-08 15:28,fc.pid_output,0.1151
2026-08-08 15:28,fc.temperature,9.2502
2026-08-08 15:29,fc.humidifier_duty,0.1151
2026-08-08 15:29,fc.humidity,89.6964
2026-08-08 15:29,fc.humidity_target,0.8850
2026-08-08 15:29,fc.pid_output,0.1151
2026-08-08 15:29,fc.temperature,9.2455
2026-08-08 15:30,fc.humidifier_duty,0.1101
2026-08-08 15:30,fc.humidity,89.7940
2026-08-08 15:30,fc.humidity_target,0.8850
2026-08-08 15:30,fc.pid_output,0.1101
2026-08-08 15:30,fc.temperature,9.2488
2026-08-08 15:31,fc.humidifier_duty,0.1108
2026-08-08 15:31,fc.humidity,89.8079
2026-08-08 15:31,fc.humidity_target,0.8850
2026-08-08 15:31,fc.pid_output,0.1108
2026-08-08 15:31,fc.temperature,9.2403
2026-08-08 15:32,fc.humidifier_duty,0.1087
2026-08-08 15:32,fc.humidity,89.8723
2026-08-08 15:32,fc.humidity_target,0.8850
2026-08-08 15:32,fc.pid_output,0.1087
2026-08-08 15:32,fc.temperature,9.2352
2026-08-08 15:33,fc.humidifier_duty,0.1090
2026-08-08 15:33,fc.humidity,89.8846
2026-08-08 15:33,fc.humidity_target,0.8850
2026-08-08 15:33,fc.pid_output,0.1090
2026-08-08 15:33,fc.temperature,9.2289
2026-08-08 15:34,fc.humidifier_duty,0.1069
2026-08-08 15:34,fc.humidity,90.0021
2026-08-08 15:34,fc.humidity_target,0.8850
2026-08-08 15:34,fc.pid_output,0.1069
2026-08-08 15:34,fc.temperature,9.2247
2026-08-08 15:35,fc.humidifier_duty,0.1039
2026-08-08 15:35,fc.humidity,90.0472
2026-08-08 15:35,fc.humidity_target,0.8850
2026-08-08 15:35,fc.pid_output,0.1039
2026-08-08 15:35,fc.temperature,9.2167
2026-08-08 15:36,fc.humidifier_duty,0.1005
2026-08-08 15:36,fc.humidity,90.1037
2026-08-08 15:36,fc.humidity_target,0.8850
2026-08-08 15:36,fc.pid_output,0.1005
2026-08-08 15:36,fc.temperature,9.2156
2026-08-08 15:37,fc.humidifier_duty,0.0973
2026-08-08 15:37,fc.humidity,90.1122
2026-08-08 15:37,fc.humidity_target,0.8850
2026-08-08 15:37,fc.pid_output,0.0973
2026-08-08 15:37,fc.temperature,9.2095
2026-08-08 15:38,fc.humidifier_duty,0.0941
2026-08-08 15:38,fc.humidity,90.1511
2026-08-08 15:38,fc.humidity_target,0.8850
2026-08-08 15:38,fc.pid_output,0.0941
2026-08-08 15:38,fc.temperature,9.2042
2026-08-08 15:39,fc.humidifier_duty,0.0910
2026-08-08 15:39,fc.humidity,90.1451
2026-08-08 15:39,fc.humidity_target,0.8850
2026-08-08 15:39,fc.pid_output,0.0910
2026-08-08 15:39,fc.temperature,9.2044
2026-08-08 15:40,fc.humidifier_duty,0.0880
2026-08-08 15:40,fc.humidity,90.1622
2026-08-08 15:40,fc.humidity_target,0.8850
2026-08-08 15:40,fc.pid_output,0.0880
2026-08-08 15:40,fc.temperature,9.2055
2026-08-08 15:41,fc.humidifier_duty,0.0851
2026-08-08 15:41,fc.humidity,90.1551
2026-08-08 15:41,fc.humidity_target,0.8850
2026-08-08 15:41,fc.pid_output,0.0851
2026-08-08 15:41,fc.temperature,9.2058
2026-08-08 15:42,fc.humidifier_duty,0.0823
2026-08-08 15:42,fc.humidity,90.1830
2026-08-08 15:42,fc.humidity_target,0.8850
2026-08-08 15:42,fc.pid_output,0.0823
2026-08-08 15:42,fc.temperature,9.2040
2026-08-08 15:43,fc.humidifier_duty,0.0796
2026-08-08 15:43,fc.humidity,90.1878
2026-08-08 15:43,fc.humidity_target,0.8850
2026-08-08 15:43,fc.pid_output,0.0796
2026-08-08 15:43,fc.temperature,9.2018
2026-08-08 15:44,fc.humidifier_duty,0.0770
2026-08-08 15:44,fc.humidity,90.2168
2026-08-08 15:44,fc.humidity_target,0.8850
2026-08-08 15:44,fc.pid_output,0.0770
2026-08-08 15:44,fc.temperature,9.2078
2026-08-08 15:45,fc.humidifier_duty,0.0745
2026-08-08 15:45,fc.humidity,90.2216
2026-08-08 15:45,fc.humidity_target,0.8850
2026-08-08 15:45,fc.pid_output,0.0745
2026-08-08 15:45,fc.temperature,9.2110
2026-08-08 15:46,fc.humidifier_duty,0.0720
2026-08-08 15:46,fc.humidity,90.2216
2026-08-08 15:46,fc.humidity_target,0.8850
2026-08-08 15:46,fc.pid_output,0.0720
2026-08-08 15:46,fc.temperature,9.2215
2026-08-08 15:47,fc.humidifier_duty,0.0697
2026-08-08 15:47,fc.humidity,90.2050
2026-08-08 15:47,fc.humidity_target,0.8850
2026-08-08 15:47,fc.pid_output,0.0697
2026-08-08 15:47,fc.temperature,9.2200
2026-08-08 15:48,fc.humidifier_duty,0.0674
2026-08-08 15:48,fc.humidity,90.1790
2026-08-08 15:48,fc.humidity_target,0.8850
2026-08-08 15:48,fc.pid_output,0.0674
2026-08-08 15:48,fc.temperature,9.2202
2026-08-08 15:49,fc.humidifier_duty,0.0652
2026-08-08 15:49,fc.humidity,90.1445
2026-08-08 15:49,fc.humidity_target,0.8850
2026-08-08 15:49,fc.pid_output,0.0652
2026-08-08 15:49,fc.temperature,9.2226
2026-08-08 15:50,fc.humidifier_duty,0.0631
2026-08-08 15:50,fc.humidity,90.1158
2026-08-08 15:50,fc.humidity_target,0.8850
2026-08-08 15:50,fc.pid_output,0.0631
2026-08-08 15:50,fc.temperature,9.2244
2026-08-08 15:51,fc.humidifier_duty,0.0610
2026-08-08 15:51,fc.humidity,90.0753
2026-08-08 15:51,fc.humidity_target,0.8850
2026-08-08 15:51,fc.pid_output,0.0610
2026-08-08 15:51,fc.temperature,9.2249
2026-08-08 15:52,fc.humidifier_duty,0.0590
2026-08-08 15:52,fc.humidity,90.0811
2026-08-08 15:52,fc.humidity_target,0.8850
2026-08-08 15:52,fc.pid_output,0.0590
2026-08-08 15:52,fc.temperature,9.2194
2026-08-08 15:53,fc.humidifier_duty,0.0571
2026-08-08 15:53,fc.humidity,90.0868
2026-08-08 15:53,fc.humidity_target,0.8850
2026-08-08 15:53,fc.pid_output,0.0571
2026-08-08 15:53,fc.temperature,9.2206
2026-08-08 15:54,fc.humidifier_duty,0.0552
2026-08-08 15:54,fc.humidity,90.0892
2026-08-08 15:54,fc.humidity_target,0.8850
2026-08-08 15:54,fc.pid_output,0.0552
2026-08-08 15:54,fc.temperature,9.2220
2026-08-08 15:55,fc.humidifier_duty,0.0534
2026-08-08 15:55,fc.humidity,90.0898
2026-08-08 15:55,fc.humidity_target,0.8850
2026-08-08 15:55,fc.pid_output,0.0534
2026-08-08 15:55,fc.temperature,9.2196
2026-08-08 15:56,fc.humidifier_duty,0.0516
2026-08-08 15:56,fc.humidity,90.0899
2026-08-08 15:56,fc.humidity_target,0.8850
2026-08-08 15:56,fc.pid_output,0.0516
2026-08-08 15:56,fc.temperature,9.2134
2026-08-08 15:57,fc.humidifier_duty,0.0499
2026-08-08 15:57,fc.humidity,90.0684
2026-08-08 15:57,fc.humidity_target,0.8850
2026-08-08 15:57,fc.pid_output,0.0500
2026-08-08 15:57,fc.temperature,9.2101
2026-08-08 15:58,fc.humidifier_duty,0.0484
2026-08-08 15:58,fc.humidity,89.9959
2026-08-08 15:58,fc.humidity_target,0.8850
2026-08-08 15:58,fc.pid_output,0.0484
2026-08-08 15:58,fc.temperature,9.2079
2026-08-08 15:59,fc.humidifier_duty,0.0498
2026-08-08 15:59,fc.humidity,89.8819
2026-08-08 15:59,fc.humidity_target,0.8850
2026-08-08 15:59,fc.pid_output,0.0498
2026-08-08 15:59,fc.temperature,9.1978
2026-08-08 16:00,fc.humidifier_duty,0.0552
2026-08-08 16:00,fc.humidity,89.7717
2026-08-08 16:00,fc.humidity_target,0.8850
2026-08-08 16:00,fc.pid_output,0.0552
2026-08-08 16:00,fc.temperature,9.1892
2026-08-08 16:01,fc.humidifier_duty,0.0689
2026-08-08 16:01,fc.humidity,89.6117
2026-08-08 16:01,fc.humidity_target,0.8850
2026-08-08 16:01,fc.pid_output,0.0688
2026-08-08 16:01,fc.temperature,9.1768
2026-08-08 16:02,fc.humidifier_duty,0.0935
2026-08-08 16:02,fc.humidity,89.4398
2026-08-08 16:02,fc.humidity_target,0.8850
2026-08-08 16:02,fc.pid_output,0.0931
2026-08-08 16:02,fc.temperature,9.1552
2026-08-08 16:03,fc.humidifier_duty,0.1347
2026-08-08 16:03,fc.humidity,89.2412
2026-08-08 16:03,fc.humidity_target,0.8850
2026-08-08 16:03,fc.pid_output,0.1348
2026-08-08 16:03,fc.temperature,9.1365
2026-08-08 16:04,fc.humidifier_duty,0.1730
2026-08-08 16:04,fc.humidity,89.1147
2026-08-08 16:04,fc.humidity_target,0.8850
2026-08-08 16:04,fc.pid_output,0.1731
2026-08-08 16:04,fc.temperature,9.1154
2026-08-08 16:05,fc.humidifier_duty,0.2221
2026-08-08 16:05,fc.humidity,88.9825
2026-08-08 16:05,fc.humidity_target,0.8850
2026-08-08 16:05,fc.pid_output,0.2213
2026-08-08 16:05,fc.temperature,9.0872
2026-08-08 16:06,fc.humidifier_duty,0.3238
2026-08-08 16:06,fc.humidity,88.7056
2026-08-08 16:06,fc.humidity_target,0.8850
2026-08-08 16:06,fc.pid_output,0.3245
2026-08-08 16:06,fc.temperature,9.0605
2026-08-08 16:07,fc.humidifier_duty,0.5334
2026-08-08 16:07,fc.humidity,88.2441
2026-08-08 16:07,fc.humidity_target,0.8850
2026-08-08 16:07,fc.pid_output,0.5364
2026-08-08 16:07,fc.temperature,9.0330
2026-08-08 16:08,fc.humidifier_duty,0.6555
2026-08-08 16:08,fc.humidity,88.1274
2026-08-08 16:08,fc.humidity_target,0.8850
2026-08-08 16:08,fc.pid_output,0.6553
2026-08-08 16:08,fc.temperature,9.0127
2026-08-08 16:09,fc.humidifier_duty,0.6719
2026-08-08 16:09,fc.humidity,88.1785
2026-08-08 16:09,fc.humidity_target,0.8850
2026-08-08 16:09,fc.pid_output,0.6731
2026-08-08 16:09,fc.temperature,9.0018
2026-08-08 16:10,fc.humidifier_duty,0.8851
2026-08-08 16:10,fc.humidity,87.8615
2026-08-08 16:10,fc.humidity_target,0.8850
2026-08-08 16:10,fc.pid_output,0.8845
2026-08-08 16:10,fc.temperature,8.9756
2026-08-08 16:11,fc.humidifier_duty,0.9306
2026-08-08 16:11,fc.humidity,87.8964
2026-08-08 16:11,fc.humidity_target,0.8850
2026-08-08 16:11,fc.pid_output,0.9303
2026-08-08 16:11,fc.temperature,8.9661
2026-08-08 16:12,fc.humidifier_duty,1.0000
2026-08-08 16:12,fc.humidity,87.6100
2026-08-08 16:12,fc.humidity_target,0.8850
2026-08-08 16:12,fc.pid_output,1.0000
2026-08-08 16:12,fc.temperature,8.9494
2026-08-08 16:13,fc.humidifier_duty,1.0000
2026-08-08 16:13,fc.humidity,87.8666
2026-08-08 16:13,fc.humidity_target,0.8850
2026-08-08 16:13,fc.pid_output,1.0000
2026-08-08 16:13,fc.temperature,8.9482
2026-08-08 16:14,fc.humidifier_duty,1.0000
2026-08-08 16:14,fc.humidity,88.2200
2026-08-08 16:14,fc.humidity_target,0.8850
2026-08-08 16:14,fc.pid_output,1.0000
2026-08-08 16:14,fc.temperature,8.9494
2026-08-08 16:15,fc.humidifier_duty,1.0000
2026-08-08 16:15,fc.humidity,88.4613
2026-08-08 16:15,fc.humidity_target,0.8850
2026-08-08 16:15,fc.pid_output,1.0000
2026-08-08 16:15,fc.temperature,8.9551
2026-08-08 16:16,fc.humidifier_duty,0.9962
2026-08-08 16:16,fc.humidity,88.6871
2026-08-08 16:16,fc.humidity_target,0.8850
2026-08-08 16:16,fc.pid_output,0.9963
2026-08-08 16:16,fc.temperature,8.9536
2026-08-08 16:17,fc.humidifier_duty,0.9741
2026-08-08 16:17,fc.humidity,88.8857
2026-08-08 16:17,fc.humidity_target,0.8850
2026-08-08 16:17,fc.pid_output,0.9740
2026-08-08 16:17,fc.temperature,8.9591
2026-08-08 16:18,fc.humidifier_duty,0.9620
2026-08-08 16:18,fc.humidity,89.0299
2026-08-08 16:18,fc.humidity_target,0.8850
2026-08-08 16:18,fc.pid_output,0.9621
2026-08-08 16:18,fc.temperature,8.9541
2026-08-08 16:19,fc.humidifier_duty,0.9533
2026-08-08 16:19,fc.humidity,89.1582
2026-08-08 16:19,fc.humidity_target,0.8850
2026-08-08 16:19,fc.pid_output,0.9532
2026-08-08 16:19,fc.temperature,8.9520
2026-08-08 16:20,fc.humidifier_duty,0.9473
2026-08-08 16:20,fc.humidity,89.2561
2026-08-08 16:20,fc.humidity_target,0.8850
2026-08-08 16:20,fc.pid_output,0.9473
2026-08-08 16:20,fc.temperature,8.9490
2026-08-08 16:21,fc.humidifier_duty,0.9397
2026-08-08 16:21,fc.humidity,89.3774
2026-08-08 16:21,fc.humidity_target,0.8850
2026-08-08 16:21,fc.pid_output,0.9396
2026-08-08 16:21,fc.temperature,8.9430
2026-08-08 16:22,fc.humidifier_duty,0.9224
2026-08-08 16:22,fc.humidity,89.5544
2026-08-08 16:22,fc.humidity_target,0.8850
2026-08-08 16:22,fc.pid_output,0.9224
2026-08-08 16:22,fc.temperature,8.9470
2026-08-08 16:23,fc.humidifier_duty,0.9151
2026-08-08 16:23,fc.humidity,89.6768
2026-08-08 16:23,fc.humidity_target,0.8850
2026-08-08 16:23,fc.pid_output,0.9150
2026-08-08 16:23,fc.temperature,8.9489
2026-08-08 16:24,fc.humidifier_duty,0.9072
2026-08-08 16:24,fc.humidity,89.8390
2026-08-08 16:24,fc.humidity_target,0.8850
2026-08-08 16:24,fc.pid_output,0.9072
2026-08-08 16:24,fc.temperature,8.9456
2026-08-08 16:25,fc.humidifier_duty,0.8993
2026-08-08 16:25,fc.humidity,90.0321
2026-08-08 16:25,fc.humidity_target,0.8850
2026-08-08 16:25,fc.pid_output,0.8994
2026-08-08 16:25,fc.temperature,8.9517
2026-08-08 16:26,fc.humidifier_duty,0.8730
2026-08-08 16:26,fc.humidity,90.1986
2026-08-08 16:26,fc.humidity_target,0.8850
2026-08-08 16:26,fc.pid_output,0.8730
2026-08-08 16:26,fc.temperature,8.9511
2026-08-08 16:27,fc.humidifier_duty,0.8446
2026-08-08 16:27,fc.humidity,90.3448
2026-08-08 16:27,fc.humidity_target,0.8850
2026-08-08 16:27,fc.pid_output,0.8444
2026-08-08 16:27,fc.temperature,8.9583
2026-08-08 16:28,fc.humidifier_duty,0.8170
2026-08-08 16:28,fc.humidity,90.5131
2026-08-08 16:28,fc.humidity_target,0.8850
2026-08-08 16:28,fc.pid_output,0.8170
2026-08-08 16:28,fc.temperature,8.9661
2026-08-08 16:29,fc.humidifier_duty,0.7902
2026-08-08 16:29,fc.humidity,90.6717
2026-08-08 16:29,fc.humidity_target,0.8850
2026-08-08 16:29,fc.pid_output,0.7902
2026-08-08 16:29,fc.temperature,8.9743
2026-08-08 16:30,fc.humidifier_duty,0.7645
2026-08-08 16:30,fc.humidity,90.7723
2026-08-08 16:30,fc.humidity_target,0.8850
2026-08-08 16:30,fc.pid_output,0.7643
2026-08-08 16:30,fc.temperature,8.9807
2026-08-08 16:31,fc.humidifier_duty,0.7392
2026-08-08 16:31,fc.humidity,90.8696
2026-08-08 16:31,fc.humidity_target,0.8850
2026-08-08 16:31,fc.pid_output,0.7393
2026-08-08 16:31,fc.temperature,8.9926
2026-08-08 16:32,fc.humidifier_duty,0.7152
2026-08-08 16:32,fc.humidity,90.9142
2026-08-08 16:32,fc.humidity_target,0.8850
2026-08-08 16:32,fc.pid_output,0.7151
2026-08-08 16:32,fc.temperature,9.0023
2026-08-08 16:33,fc.humidifier_duty,0.6918
2026-08-08 16:33,fc.humidity,90.9888
2026-08-08 16:33,fc.humidity_target,0.8850
2026-08-08 16:33,fc.pid_output,0.6916
2026-08-08 16:33,fc.temperature,9.0200
2026-08-08 16:34,fc.humidifier_duty,0.6684
2026-08-08 16:34,fc.humidity,91.0265
2026-08-08 16:34,fc.humidity_target,0.8850
2026-08-08 16:34,fc.pid_output,0.6688
2026-08-08 16:34,fc.temperature,9.0311
2026-08-08 16:35,fc.humidifier_duty,0.6463
2026-08-08 16:35,fc.humidity,91.0406
2026-08-08 16:35,fc.humidity_target,0.8850
2026-08-08 16:35,fc.pid_output,0.6470
2026-08-08 16:35,fc.temperature,9.0422
2026-08-08 16:36,fc.humidifier_duty,0.6256
2026-08-08 16:36,fc.humidity,91.0111
2026-08-08 16:36,fc.humidity_target,0.8850
2026-08-08 16:36,fc.pid_output,0.6258
2026-08-08 16:36,fc.temperature,9.0564
2026-08-08 16:37,fc.humidifier_duty,0.6054
2026-08-08 16:37,fc.humidity,91.0720
2026-08-08 16:37,fc.humidity_target,0.8850
2026-08-08 16:37,fc.pid_output,0.6053
2026-08-08 16:37,fc.temperature,9.0752
2026-08-08 16:38,fc.humidifier_duty,0.5853
2026-08-08 16:38,fc.humidity,91.1321
2026-08-08 16:38,fc.humidity_target,0.8850
2026-08-08 16:38,fc.pid_output,0.5854
2026-08-08 16:38,fc.temperature,9.0985
2026-08-08 16:39,fc.humidifier_duty,0.5660
2026-08-08 16:39,fc.humidity,91.1853
2026-08-08 16:39,fc.humidity_target,0.8850
2026-08-08 16:39,fc.pid_output,0.5662
2026-08-08 16:39,fc.temperature,9.1147
2026-08-08 16:40,fc.humidifier_duty,0.5477
2026-08-08 16:40,fc.humidity,91.2559
2026-08-08 16:40,fc.humidity_target,0.8850
2026-08-08 16:40,fc.pid_output,0.5477
2026-08-08 16:40,fc.temperature,9.1335
2026-08-08 16:41,fc.humidifier_duty,0.5296
2026-08-08 16:41,fc.humidity,91.3137
2026-08-08 16:41,fc.humidity_target,0.8850
2026-08-08 16:41,fc.pid_output,0.5297
2026-08-08 16:41,fc.temperature,9.1537
2026-08-08 16:42,fc.humidifier_duty,0.5123
2026-08-08 16:42,fc.humidity,91.3378
2026-08-08 16:42,fc.humidity_target,0.8850
2026-08-08 16:42,fc.pid_output,0.5123
2026-08-08 16:42,fc.temperature,9.1703
2026-08-08 16:43,fc.humidifier_duty,0.4954
2026-08-08 16:43,fc.humidity,91.3668
2026-08-08 16:43,fc.humidity_target,0.8850
2026-08-08 16:43,fc.pid_output,0.4956
2026-08-08 16:43,fc.temperature,9.1877
2026-08-08 16:44,fc.humidifier_duty,0.4793
2026-08-08 16:44,fc.humidity,91.3856
2026-08-08 16:44,fc.humidity_target,0.8850
2026-08-08 16:44,fc.pid_output,0.4793
2026-08-08 16:44,fc.temperature,9.2040
2026-08-08 16:45,fc.humidifier_duty,0.4638
2026-08-08 16:45,fc.humidity,91.4022
2026-08-08 16:45,fc.humidity_target,0.8850
2026-08-08 16:45,fc.pid_output,0.4636
2026-08-08 16:45,fc.temperature,9.2163
2026-08-08 16:46,fc.humidifier_duty,0.4483
2026-08-08 16:46,fc.humidity,91.4004
2026-08-08 16:46,fc.humidity_target,0.8850
2026-08-08 16:46,fc.pid_output,0.4484
2026-08-08 16:46,fc.temperature,9.2308
2026-08-08 16:47,fc.humidifier_duty,0.4332
2026-08-08 16:47,fc.humidity,91.3745
2026-08-08 16:47,fc.humidity_target,0.8850
2026-08-08 16:47,fc.pid_output,0.4337
2026-08-08 16:47,fc.temperature,9.2465
2026-08-08 16:48,fc.humidifier_duty,0.4195
2026-08-08 16:48,fc.humidity,91.3758
2026-08-08 16:48,fc.humidity_target,0.8850
2026-08-08 16:48,fc.pid_output,0.4195
2026-08-08 16:48,fc.temperature,9.2579
2026-08-08 16:49,fc.humidifier_duty,0.4058
2026-08-08 16:49,fc.humidity,91.3745
2026-08-08 16:49,fc.humidity_target,0.8850
2026-08-08 16:49,fc.pid_output,0.4057
2026-08-08 16:49,fc.temperature,9.2660
2026-08-08 16:50,fc.humidifier_duty,0.3927
2026-08-08 16:50,fc.humidity,91.3960
2026-08-08 16:50,fc.humidity_target,0.8850
2026-08-08 16:50,fc.pid_output,0.3924
2026-08-08 16:50,fc.temperature,9.2771
2026-08-08 16:51,fc.humidifier_duty,0.3795
2026-08-08 16:51,fc.humidity,91.4126
2026-08-08 16:51,fc.humidity_target,0.8850
2026-08-08 16:51,fc.pid_output,0.3796
2026-08-08 16:51,fc.temperature,9.2776
2026-08-08 16:52,fc.humidifier_duty,0.3655
2026-08-08 16:52,fc.humidity,91.4928
2026-08-08 16:52,fc.humidity_target,0.8888
2026-08-08 16:52,fc.pid_output,0.3659
2026-08-08 16:52,fc.temperature,9.2931
2026-08-08 16:53,fc.humidifier_duty,0.3610
2026-08-08 16:53,fc.humidity,91.5032
2026-08-08 16:53,fc.humidity_target,0.9051
2026-08-08 16:53,fc.pid_output,0.3609
2026-08-08 16:53,fc.temperature,9.2918
2026-08-08 16:54,fc.humidifier_duty,0.3497
2026-08-08 16:54,fc.humidity,91.5294
2026-08-08 16:54,fc.humidity_target,0.9064
2026-08-08 16:54,fc.pid_output,0.3495
2026-08-08 16:54,fc.temperature,9.2945
2026-08-08 16:55,fc.humidifier_duty,0.3531
2026-08-08 16:55,fc.humidity,91.4999
2026-08-08 16:55,fc.humidity_target,0.9078
2026-08-08 16:55,fc.pid_output,0.3529
2026-08-08 16:55,fc.temperature,9.2953
2026-08-08 16:56,fc.humidifier_duty,0.3460
2026-08-08 16:56,fc.humidity,91.4458
2026-08-08 16:56,fc.humidity_target,0.8892
2026-08-08 16:56,fc.pid_output,0.3461
2026-08-08 16:56,fc.temperature,9.2904
2026-08-08 16:57,fc.humidifier_duty,0.3344
2026-08-08 16:57,fc.humidity,91.3569
2026-08-08 16:57,fc.humidity_target,0.8856
2026-08-08 16:57,fc.pid_output,0.3345
2026-08-08 16:57,fc.temperature,9.2882
2026-08-08 16:58,fc.humidifier_duty,0.3234
2026-08-08 16:58,fc.humidity,91.3384
2026-08-08 16:58,fc.humidity_target,0.8851
2026-08-08 16:58,fc.pid_output,0.3234
2026-08-08 16:58,fc.temperature,9.2795
2026-08-08 16:59,fc.humidifier_duty,0.3128
2026-08-08 16:59,fc.humidity,91.2799
2026-08-08 16:59,fc.humidity_target,0.8850
2026-08-08 16:59,fc.pid_output,0.3128
2026-08-08 16:59,fc.temperature,9.2598
2026-08-08 17:00,fc.humidifier_duty,0.3025
2026-08-08 17:00,fc.humidity,91.3753
2026-08-08 17:00,fc.humidity_target,0.8850
2026-08-08 17:00,fc.pid_output,0.3025
2026-08-08 17:00,fc.temperature,9.2456
2026-08-08 17:01,fc.humidifier_duty,0.2926
2026-08-08 17:01,fc.humidity,91.4772
2026-08-08 17:01,fc.humidity_target,0.8850
2026-08-08 17:01,fc.pid_output,0.2926
2026-08-08 17:01,fc.temperature,9.2223
2026-08-08 17:02,fc.humidifier_duty,0.2567
2026-08-08 17:02,fc.humidity,91.5852
2026-08-08 17:02,fc.humidity_target,0.9020
2026-08-08 17:02,fc.pid_output,0.2557
2026-08-08 17:02,fc.temperature,9.1952
2026-08-08 17:03,fc.humidifier_duty,0.2113
2026-08-08 17:03,fc.humidity,91.6729
2026-08-08 17:03,fc.humidity_target,0.9133
2026-08-08 17:03,fc.pid_output,0.2112
2026-08-08 17:03,fc.temperature,9.1648
2026-08-08 17:04,fc.humidifier_duty,0.1757
2026-08-08 17:04,fc.humidity,91.7486
2026-08-08 17:04,fc.humidity_target,0.9148
2026-08-08 17:04,fc.pid_output,0.1759
2026-08-08 17:04,fc.temperature,9.1203
2026-08-08 17:05,fc.humidifier_duty,0.1212
2026-08-08 17:05,fc.humidity,91.8452
2026-08-08 17:05,fc.humidity_target,0.9150
2026-08-08 17:05,fc.pid_output,0.1212
2026-08-08 17:05,fc.temperature,9.0732
2026-08-08 17:06,fc.humidifier_duty,0.0722
2026-08-08 17:06,fc.humidity,91.9214
2026-08-08 17:06,fc.humidity_target,0.9150
2026-08-08 17:06,fc.pid_output,0.0728
2026-08-08 17:06,fc.temperature,9.0238
2026-08-08 17:07,fc.humidifier_duty,0.0372
2026-08-08 17:07,fc.humidity,91.9425
2026-08-08 17:07,fc.humidity_target,0.9150
2026-08-08 17:07,fc.pid_output,0.0371
2026-08-08 17:07,fc.temperature,8.9740
2026-08-08 17:08,fc.humidifier_duty,0.0101
2026-08-08 17:08,fc.humidity,91.9557
2026-08-08 17:08,fc.humidity_target,0.9150
2026-08-08 17:08,fc.pid_output,0.0102
2026-08-08 17:08,fc.temperature,8.9293
2026-08-08 17:09,fc.humidifier_duty,0.0000
2026-08-08 17:09,fc.humidity,91.9700
2026-08-08 17:09,fc.humidity_target,0.9150
2026-08-08 17:09,fc.pid_output,0.0000
2026-08-08 17:09,fc.temperature,8.8860
2026-08-08 17:10,fc.humidifier_duty,0.0000
2026-08-08 17:10,fc.humidity,91.9834
2026-08-08 17:10,fc.humidity_target,0.9150
2026-08-08 17:10,fc.pid_output,0.0000
2026-08-08 17:10,fc.temperature,8.8555
2026-08-08 17:11,fc.humidifier_duty,0.0000
2026-08-08 17:11,fc.humidity,91.9744
2026-08-08 17:11,fc.humidity_target,0.9150
2026-08-08 17:11,fc.pid_output,0.0000
2026-08-08 17:11,fc.temperature,8.8184
2026-08-08 17:12,fc.humidifier_duty,0.0000
2026-08-08 17:12,fc.humidity,91.9498
2026-08-08 17:12,fc.humidity_target,0.9150
2026-08-08 17:12,fc.pid_output,0.0000
2026-08-08 17:12,fc.temperature,8.7784
2026-08-08 17:13,fc.humidifier_duty,0.0000
2026-08-08 17:13,fc.humidity,91.8640
2026-08-08 17:13,fc.humidity_target,0.9150
2026-08-08 17:13,fc.pid_output,0.0000
2026-08-08 17:13,fc.temperature,8.7421
2026-08-08 17:14,fc.humidifier_duty,0.0000
2026-08-08 17:14,fc.humidity,91.8353
2026-08-08 17:14,fc.humidity_target,0.9150
2026-08-08 17:14,fc.pid_output,0.0000
2026-08-08 17:14,fc.temperature,8.7077
2026-08-08 17:15,fc.humidifier_duty,0.0000
2026-08-08 17:15,fc.humidity,91.8029
2026-08-08 17:15,fc.humidity_target,0.9150
2026-08-08 17:15,fc.pid_output,0.0000
2026-08-08 17:15,fc.temperature,8.6770
2026-08-08 17:16,fc.humidifier_duty,0.0000
2026-08-08 17:16,fc.humidity,91.7508
2026-08-08 17:16,fc.humidity_target,0.9150
2026-08-08 17:16,fc.pid_output,0.0000
2026-08-08 17:16,fc.temperature,8.6500
2026-08-08 17:17,fc.humidifier_duty,0.0000
2026-08-08 17:17,fc.humidity,91.7266
2026-08-08 17:17,fc.humidity_target,0.9150
2026-08-08 17:17,fc.pid_output,0.0000
2026-08-08 17:17,fc.temperature,8.6307
2026-08-08 17:18,fc.humidifier_duty,0.0000
2026-08-08 17:18,fc.humidity,91.6976
2026-08-08 17:18,fc.humidity_target,0.9150
2026-08-08 17:18,fc.pid_output,0.0000
2026-08-08 17:18,fc.temperature,8.6060
2026-08-08 17:19,fc.humidifier_duty,0.0000
2026-08-08 17:19,fc.humidity,91.6863
2026-08-08 17:19,fc.humidity_target,0.9150
2026-08-08 17:19,fc.pid_output,0.0000
2026-08-08 17:19,fc.temperature,8.5866
2026-08-08 17:20,fc.humidifier_duty,0.0000
2026-08-08 17:20,fc.humidity,91.6541
2026-08-08 17:20,fc.humidity_target,0.9150
2026-08-08 17:20,fc.pid_output,0.0000
2026-08-08 17:20,fc.temperature,8.5700
2026-08-08 17:21,fc.humidifier_duty,0.0000
2026-08-08 17:21,fc.humidity,91.6285
2026-08-08 17:21,fc.humidity_target,0.9150
2026-08-08 17:21,fc.pid_output,0.0000
2026-08-08 17:21,fc.temperature,8.5532
2026-08-08 17:22,fc.humidifier_duty,0.0000
2026-08-08 17:22,fc.humidity,91.5864
2026-08-08 17:22,fc.humidity_target,0.9150
2026-08-08 17:22,fc.pid_output,0.0000
2026-08-08 17:22,fc.temperature,8.5323
2026-08-08 17:23,fc.humidifier_duty,0.0001
2026-08-08 17:23,fc.humidity,91.5309
2026-08-08 17:23,fc.humidity_target,0.9150
2026-08-08 17:23,fc.pid_output,0.0001
2026-08-08 17:23,fc.temperature,8.5137
2026-08-08 17:24,fc.humidifier_duty,0.0020
2026-08-08 17:24,fc.humidity,91.4803
2026-08-08 17:24,fc.humidity_target,0.9036
2026-08-08 17:24,fc.pid_output,0.0020
2026-08-08 17:24,fc.temperature,8.4902
2026-08-08 17:25,fc.humidifier_duty,0.0010
2026-08-08 17:25,fc.humidity,91.4350
2026-08-08 17:25,fc.humidity_target,0.8880
2026-08-08 17:25,fc.pid_output,0.0010
2026-08-08 17:25,fc.temperature,8.4720
2026-08-08 17:26,fc.humidifier_duty,0.0004
2026-08-08 17:26,fc.humidity,91.3745
2026-08-08 17:26,fc.humidity_target,0.8854
2026-08-08 17:26,fc.pid_output,0.0004
2026-08-08 17:26,fc.temperature,8.4538
2026-08-08 17:27,fc.humidifier_duty,0.0001
2026-08-08 17:27,fc.humidity,91.3360
2026-08-08 17:27,fc.humidity_target,0.8851
2026-08-08 17:27,fc.pid_output,0.0001
2026-08-08 17:27,fc.temperature,8.4338
2026-08-08 17:28,fc.humidifier_duty,0.0000
2026-08-08 17:28,fc.humidity,91.3022
2026-08-08 17:28,fc.humidity_target,0.8850
2026-08-08 17:28,fc.pid_output,0.0001
2026-08-08 17:28,fc.temperature,8.4141
2026-08-08 17:29,fc.humidifier_duty,0.0000
2026-08-08 17:29,fc.humidity,91.2571
2026-08-08 17:29,fc.humidity_target,0.8850
2026-08-08 17:29,fc.pid_output,0.0000
2026-08-08 17:29,fc.temperature,8.3946
2026-08-08 17:30,fc.humidifier_duty,0.0000
2026-08-08 17:30,fc.humidity,91.1887
2026-08-08 17:30,fc.humidity_target,0.8850
2026-08-08 17:30,fc.pid_output,0.0000
2026-08-08 17:30,fc.temperature,8.3752
2026-08-08 17:31,fc.humidifier_duty,0.0000
2026-08-08 17:31,fc.humidity,91.1101
2026-08-08 17:31,fc.humidity_target,0.8850
2026-08-08 17:31,fc.pid_output,0.0000
2026-08-08 17:31,fc.temperature,8.3538
2026-08-08 17:32,fc.humidifier_duty,0.0000
2026-08-08 17:32,fc.humidity,91.0706
2026-08-08 17:32,fc.humidity_target,0.8850
2026-08-08 17:32,fc.pid_output,0.0000
2026-08-08 17:32,fc.temperature,8.3295
2026-08-08 17:33,fc.humidifier_duty,0.0000
2026-08-08 17:33,fc.humidity,91.0378
2026-08-08 17:33,fc.humidity_target,0.8850
2026-08-08 17:33,fc.pid_output,0.0000
2026-08-08 17:33,fc.temperature,8.3071
2026-08-08 17:34,fc.humidifier_duty,0.0000
2026-08-08 17:34,fc.humidity,91.0009
2026-08-08 17:34,fc.humidity_target,0.8850
2026-08-08 17:34,fc.pid_output,0.0000
2026-08-08 17:34,fc.temperature,8.2844
2026-08-08 17:35,fc.humidifier_duty,0.0000
2026-08-08 17:35,fc.humidity,90.9482
2026-08-08 17:35,fc.humidity_target,0.8850
2026-08-08 17:35,fc.pid_output,0.0000
2026-08-08 17:35,fc.temperature,8.2590
2026-08-08 17:36,fc.humidifier_duty,0.0000
2026-08-08 17:36,fc.humidity,90.8887
2026-08-08 17:36,fc.humidity_target,0.8850
2026-08-08 17:36,fc.pid_output,0.0000
2026-08-08 17:36,fc.temperature,8.2332
2026-08-08 17:37,fc.humidifier_duty,0.0000
2026-08-08 17:37,fc.humidity,90.8547
2026-08-08 17:37,fc.humidity_target,0.8850
2026-08-08 17:37,fc.pid_output,0.0000
2026-08-08 17:37,fc.temperature,8.2079
2026-08-08 17:38,fc.humidifier_duty,0.0000
2026-08-08 17:38,fc.humidity,90.7690
2026-08-08 17:38,fc.humidity_target,0.8850
2026-08-08 17:38,fc.pid_output,0.0000
2026-08-08 17:38,fc.temperature,8.1800
2026-08-08 17:39,fc.humidifier_duty,0.0000
2026-08-08 17:39,fc.humidity,90.6893
2026-08-08 17:39,fc.humidity_target,0.8850
2026-08-08 17:39,fc.pid_output,0.0000
2026-08-08 17:39,fc.temperature,8.1508
2026-08-08 17:40,fc.humidifier_duty,0.0000
2026-08-08 17:40,fc.humidity,90.6254
2026-08-08 17:40,fc.humidity_target,0.8850
2026-08-08 17:40,fc.pid_output,0.0000
2026-08-08 17:40,fc.temperature,8.1262
2026-08-08 17:41,fc.humidifier_duty,0.0000
2026-08-08 17:41,fc.humidity,90.5602
2026-08-08 17:41,fc.humidity_target,0.8850
2026-08-08 17:41,fc.pid_output,0.0000
2026-08-08 17:41,fc.temperature,8.1060
2026-08-08 17:42,fc.humidifier_duty,0.0000
2026-08-08 17:42,fc.humidity,90.4837
2026-08-08 17:42,fc.humidity_target,0.8850
2026-08-08 17:42,fc.pid_output,0.0000
2026-08-08 17:42,fc.temperature,8.0815
2026-08-08 17:43,fc.humidifier_duty,0.0000
2026-08-08 17:43,fc.humidity,90.4348
2026-08-08 17:43,fc.humidity_target,0.8850
2026-08-08 17:43,fc.pid_output,0.0000
2026-08-08 17:43,fc.temperature,8.0569
2026-08-08 17:44,fc.humidifier_duty,0.0000
2026-08-08 17:44,fc.humidity,90.4017
2026-08-08 17:44,fc.humidity_target,0.8850
2026-08-08 17:44,fc.pid_output,0.0000
2026-08-08 17:44,fc.temperature,8.0393
2026-08-08 17:45,fc.humidifier_duty,0.0000
2026-08-08 17:45,fc.humidity,90.3466
2026-08-08 17:45,fc.humidity_target,0.8850
2026-08-08 17:45,fc.pid_output,0.0000
2026-08-08 17:45,fc.temperature,8.0145
2026-08-08 17:46,fc.humidifier_duty,0.0000
2026-08-08 17:46,fc.humidity,90.2925
2026-08-08 17:46,fc.humidity_target,0.8850
2026-08-08 17:46,fc.pid_output,0.0000
2026-08-08 17:46,fc.temperature,7.9961
2026-08-08 17:47,fc.humidifier_duty,0.0000
2026-08-08 17:47,fc.humidity,90.2832
2026-08-08 17:47,fc.humidity_target,0.8850
2026-08-08 17:47,fc.pid_output,0.0000
2026-08-08 17:47,fc.temperature,7.9670
2026-08-08 17:48,fc.humidifier_duty,0.0000
2026-08-08 17:48,fc.humidity,90.2357
2026-08-08 17:48,fc.humidity_target,0.8850
2026-08-08 17:48,fc.pid_output,0.0000
2026-08-08 17:48,fc.temperature,7.9548
2026-08-08 17:49,fc.humidifier_duty,0.0000
2026-08-08 17:49,fc.humidity,90.1697
2026-08-08 17:49,fc.humidity_target,0.8850
2026-08-08 17:49,fc.pid_output,0.0000
2026-08-08 17:49,fc.temperature,7.9359
2026-08-08 17:50,fc.humidifier_duty,0.0000
2026-08-08 17:50,fc.humidity,90.1470
2026-08-08 17:50,fc.humidity_target,0.8850
2026-08-08 17:50,fc.pid_output,0.0000
2026-08-08 17:50,fc.temperature,7.9073
2026-08-08 17:51,fc.humidifier_duty,0.0000
2026-08-08 17:51,fc.humidity,90.1411
2026-08-08 17:51,fc.humidity_target,0.8850
2026-08-08 17:51,fc.pid_output,0.0000
2026-08-08 17:51,fc.temperature,7.8905
2026-08-08 17:52,fc.humidifier_duty,0.0000
2026-08-08 17:52,fc.humidity,90.0931
2026-08-08 17:52,fc.humidity_target,0.8850
2026-08-08 17:52,fc.pid_output,0.0000
2026-08-08 17:52,fc.temperature,7.8668
2026-08-08 17:53,fc.humidifier_duty,0.0000
2026-08-08 17:53,fc.humidity,90.0186
2026-08-08 17:53,fc.humidity_target,0.8850
2026-08-08 17:53,fc.pid_output,0.0000
2026-08-08 17:53,fc.temperature,7.8412
2026-08-08 17:54,fc.humidifier_duty,0.0003
2026-08-08 17:54,fc.humidity,89.9523
2026-08-08 17:54,fc.humidity_target,0.8850
2026-08-08 17:54,fc.pid_output,0.0003
2026-08-08 17:54,fc.temperature,7.8138
2026-08-08 17:55,fc.humidifier_duty,0.0009
2026-08-08 17:55,fc.humidity,89.9209
2026-08-08 17:55,fc.humidity_target,0.8850
2026-08-08 17:55,fc.pid_output,0.0009
2026-08-08 17:55,fc.temperature,7.7851
2026-08-08 17:56,fc.humidifier_duty,0.0016
2026-08-08 17:56,fc.humidity,89.8934
2026-08-08 17:56,fc.humidity_target,0.8850
2026-08-08 17:56,fc.pid_output,0.0016
2026-08-08 17:56,fc.temperature,7.7655
2026-08-08 17:57,fc.humidifier_duty,0.0028
2026-08-08 17:57,fc.humidity,89.8662
2026-08-08 17:57,fc.humidity_target,0.8850
2026-08-08 17:57,fc.pid_output,0.0028
2026-08-08 17:57,fc.temperature,7.7359
2026-08-08 17:58,fc.humidifier_duty,0.0047
2026-08-08 17:58,fc.humidity,89.8231
2026-08-08 17:58,fc.humidity_target,0.8850
2026-08-08 17:58,fc.pid_output,0.0047
2026-08-08 17:58,fc.temperature,7.7092
2026-08-08 17:59,fc.humidifier_duty,0.0076
2026-08-08 17:59,fc.humidity,89.7810
2026-08-08 17:59,fc.humidity_target,0.8850
2026-08-08 17:59,fc.pid_output,0.0076
2026-08-08 17:59,fc.temperature,7.6785
2026-08-08 18:00,fc.humidifier_duty,0.0115
2026-08-08 18:00,fc.humidity,89.7343
2026-08-08 18:00,fc.humidity_target,0.8850
2026-08-08 18:00,fc.pid_output,0.0115
2026-08-08 18:00,fc.temperature,7.6526
2026-08-08 18:01,fc.humidifier_duty,0.0169
2026-08-08 18:01,fc.humidity,89.6859
2026-08-08 18:01,fc.humidity_target,0.8850
2026-08-08 18:01,fc.pid_output,0.0169
2026-08-08 18:01,fc.temperature,7.6232
2026-08-08 18:02,fc.humidifier_duty,0.0261
2026-08-08 18:02,fc.humidity,89.6047
2026-08-08 18:02,fc.humidity_target,0.8850
2026-08-08 18:02,fc.pid_output,0.0261
2026-08-08 18:02,fc.temperature,7.5939
2026-08-08 18:03,fc.humidifier_duty,0.0339
2026-08-08 18:03,fc.humidity,89.5617
2026-08-08 18:03,fc.humidity_target,0.8850
2026-08-08 18:03,fc.pid_output,0.0340
2026-08-08 18:03,fc.temperature,7.5622
2026-08-08 18:04,fc.humidifier_duty,0.0459
2026-08-08 18:04,fc.humidity,89.4929
2026-08-08 18:04,fc.humidity_target,0.8850
2026-08-08 18:04,fc.pid_output,0.0459
2026-08-08 18:04,fc.temperature,7.5325
2026-08-08 18:05,fc.humidifier_duty,0.0628
2026-08-08 18:05,fc.humidity,89.4151
2026-08-08 18:05,fc.humidity_target,0.8850
2026-08-08 18:05,fc.pid_output,0.0629
2026-08-08 18:05,fc.temperature,7.4942
2026-08-08 18:06,fc.humidifier_duty,0.0813
2026-08-08 18:06,fc.humidity,89.3419
2026-08-08 18:06,fc.humidity_target,0.8850
2026-08-08 18:06,fc.pid_output,0.0813
2026-08-08 18:06,fc.temperature,7.4675
2026-08-08 18:07,fc.humidifier_duty,0.1034
2026-08-08 18:07,fc.humidity,89.2587
2026-08-08 18:07,fc.humidity_target,0.8850
2026-08-08 18:07,fc.pid_output,0.1033
2026-08-08 18:07,fc.temperature,7.4321
2026-08-08 18:08,fc.humidifier_duty,0.1440
2026-08-08 18:08,fc.humidity,89.1255
2026-08-08 18:08,fc.humidity_target,0.8850
2026-08-08 18:08,fc.pid_output,0.1440
2026-08-08 18:08,fc.temperature,7.3967
2026-08-08 18:09,fc.humidifier_duty,0.2232
2026-08-08 18:09,fc.humidity,88.8760
2026-08-08 18:09,fc.humidity_target,0.8850
2026-08-08 18:09,fc.pid_output,0.2241
2026-08-08 18:09,fc.temperature,7.3508
2026-08-08 18:10,fc.humidifier_duty,0.3237
2026-08-08 18:10,fc.humidity,88.6520
2026-08-08 18:10,fc.humidity_target,0.8850
2026-08-08 18:10,fc.pid_output,0.3249
2026-08-08 18:10,fc.temperature,7.3158
2026-08-08 18:11,fc.humidifier_duty,0.4023
2026-08-08 18:11,fc.humidity,88.5352
2026-08-08 18:11,fc.humidity_target,0.8850
2026-08-08 18:11,fc.pid_output,0.4023
2026-08-08 18:11,fc.temperature,7.2704
2026-08-08 18:12,fc.humidifier_duty,0.4953
2026-08-08 18:12,fc.humidity,88.4031
2026-08-08 18:12,fc.humidity_target,0.8850
2026-08-08 18:12,fc.pid_output,0.4958
2026-08-08 18:12,fc.temperature,7.2352
2026-08-08 18:13,fc.humidifier_duty,0.5649
2026-08-08 18:13,fc.humidity,88.3509
2026-08-08 18:13,fc.humidity_target,0.8850
2026-08-08 18:13,fc.pid_output,0.5664
2026-08-08 18:13,fc.temperature,7.2056
2026-08-08 18:14,fc.humidifier_duty,0.6686
2026-08-08 18:14,fc.humidity,88.2169
2026-08-08 18:14,fc.humidity_target,0.8850
2026-08-08 18:14,fc.pid_output,0.6706
2026-08-08 18:14,fc.temperature,7.1699
2026-08-08 18:15,fc.humidifier_duty,0.7428
2026-08-08 18:15,fc.humidity,88.1987
2026-08-08 18:15,fc.humidity_target,0.8850
2026-08-08 18:15,fc.pid_output,0.7428
2026-08-08 18:15,fc.temperature,7.1388
2026-08-08 18:16,fc.humidifier_duty,0.7974
2026-08-08 18:16,fc.humidity,88.2040
2026-08-08 18:16,fc.humidity_target,0.8850
2026-08-08 18:16,fc.pid_output,0.7976
2026-08-08 18:16,fc.temperature,7.1082
2026-08-08 18:17,fc.humidifier_duty,0.8625
2026-08-08 18:17,fc.humidity,88.2054
2026-08-08 18:17,fc.humidity_target,0.8850
2026-08-08 18:17,fc.pid_output,0.8627
2026-08-08 18:17,fc.temperature,7.0654
2026-08-08 18:18,fc.humidifier_duty,0.8868
2026-08-08 18:18,fc.humidity,88.2941
2026-08-08 18:18,fc.humidity_target,0.8850
2026-08-08 18:18,fc.pid_output,0.8875
2026-08-08 18:18,fc.temperature,7.0370
2026-08-08 18:19,fc.humidifier_duty,0.8980
2026-08-08 18:19,fc.humidity,88.4216
2026-08-08 18:19,fc.humidity_target,0.8850
2026-08-08 18:19,fc.pid_output,0.8981
2026-08-08 18:19,fc.temperature,7.0070
2026-08-08 18:20,fc.humidifier_duty,0.8682
2026-08-08 18:20,fc.humidity,88.6143
2026-08-08 18:20,fc.humidity_target,0.8850
2026-08-08 18:20,fc.pid_output,0.8682
2026-08-08 18:20,fc.temperature,6.9740
2026-08-08 18:21,fc.humidifier_duty,0.8356
2026-08-08 18:21,fc.humidity,88.8321
2026-08-08 18:21,fc.humidity_target,0.8850
2026-08-08 18:21,fc.pid_output,0.8357
2026-08-08 18:21,fc.temperature,6.9391
2026-08-08 18:22,fc.humidifier_duty,0.8100
2026-08-08 18:22,fc.humidity,89.0216
2026-08-08 18:22,fc.humidity_target,0.8850
2026-08-08 18:22,fc.pid_output,0.8102
2026-08-08 18:22,fc.temperature,6.8986
2026-08-08 18:23,fc.humidifier_duty,0.7844
2026-08-08 18:23,fc.humidity,89.2276
2026-08-08 18:23,fc.humidity_target,0.8850
2026-08-08 18:23,fc.pid_output,0.7846
2026-08-08 18:23,fc.temperature,6.8682
2026-08-08 18:24,fc.humidifier_duty,0.7634
2026-08-08 18:24,fc.humidity,89.4180
2026-08-08 18:24,fc.humidity_target,0.8850
2026-08-08 18:24,fc.pid_output,0.7633
2026-08-08 18:24,fc.temperature,6.8296
2026-08-08 18:25,fc.humidifier_duty,0.7435
2026-08-08 18:25,fc.humidity,89.6535
2026-08-08 18:25,fc.humidity_target,0.8850
2026-08-08 18:25,fc.pid_output,0.7436
2026-08-08 18:25,fc.temperature,6.7983
2026-08-08 18:26,fc.humidifier_duty,0.7333
2026-08-08 18:26,fc.humidity,89.8570
2026-08-08 18:26,fc.humidity_target,0.8850
2026-08-08 18:26,fc.pid_output,0.7334
2026-08-08 18:26,fc.temperature,6.7635
2026-08-08 18:27,fc.humidifier_duty,0.7276
2026-08-08 18:27,fc.humidity,90.0528
2026-08-08 18:27,fc.humidity_target,0.8850
2026-08-08 18:27,fc.pid_output,0.7276
2026-08-08 18:27,fc.temperature,6.7317
2026-08-08 18:28,fc.humidifier_duty,0.7063
2026-08-08 18:28,fc.humidity,90.2246
2026-08-08 18:28,fc.humidity_target,0.8850
2026-08-08 18:28,fc.pid_output,0.7063
2026-08-08 18:28,fc.temperature,6.6947
2026-08-08 18:29,fc.humidifier_duty,0.6834
2026-08-08 18:29,fc.humidity,90.3507
2026-08-08 18:29,fc.humidity_target,0.8850
2026-08-08 18:29,fc.pid_output,0.6832
2026-08-08 18:29,fc.temperature,6.6674
2026-08-08 18:30,fc.humidifier_duty,0.6611
2026-08-08 18:30,fc.humidity,90.4880
2026-08-08 18:30,fc.humidity_target,0.8850
2026-08-08 18:30,fc.pid_output,0.6612
2026-08-08 18:30,fc.temperature,6.6304
2026-08-08 18:31,fc.humidifier_duty,0.6396
2026-08-08 18:31,fc.humidity,90.6234
2026-08-08 18:31,fc.humidity_target,0.8850
2026-08-08 18:31,fc.pid_output,0.6393
2026-08-08 18:31,fc.temperature,6.5997
2026-08-08 18:32,fc.humidifier_duty,0.6186
2026-08-08 18:32,fc.humidity,90.7529
2026-08-08 18:32,fc.humidity_target,0.8850
2026-08-08 18:32,fc.pid_output,0.6184
2026-08-08 18:32,fc.temperature,6.5693
2026-08-08 18:33,fc.humidifier_duty,0.5983
2026-08-08 18:33,fc.humidity,90.8896
2026-08-08 18:33,fc.humidity_target,0.8850
2026-08-08 18:33,fc.pid_output,0.5984
2026-08-08 18:33,fc.temperature,6.5446
2026-08-08 18:34,fc.humidifier_duty,0.5787
2026-08-08 18:34,fc.humidity,91.0079
2026-08-08 18:34,fc.humidity_target,0.8850
2026-08-08 18:34,fc.pid_output,0.5789
2026-08-08 18:34,fc.temperature,6.5134
2026-08-08 18:35,fc.humidifier_duty,0.5598
2026-08-08 18:35,fc.humidity,91.1232
2026-08-08 18:35,fc.humidity_target,0.8850
2026-08-08 18:35,fc.pid_output,0.5598
2026-08-08 18:35,fc.temperature,6.4854
2026-08-08 18:36,fc.humidifier_duty,0.5413
2026-08-08 18:36,fc.humidity,91.2424
2026-08-08 18:36,fc.humidity_target,0.8850
2026-08-08 18:36,fc.pid_output,0.5415
2026-08-08 18:36,fc.temperature,6.4624
2026-08-08 18:37,fc.humidifier_duty,0.5235
2026-08-08 18:37,fc.humidity,91.3674
2026-08-08 18:37,fc.humidity_target,0.8850
2026-08-08 18:37,fc.pid_output,0.5237
2026-08-08 18:37,fc.temperature,6.4315
2026-08-08 18:38,fc.humidifier_duty,0.5057
2026-08-08 18:38,fc.humidity,91.4840
2026-08-08 18:38,fc.humidity_target,0.8862
2026-08-08 18:38,fc.pid_output,0.5056
2026-08-08 18:38,fc.temperature,6.4035
2026-08-08 18:39,fc.humidifier_duty,0.4720
2026-08-08 18:39,fc.humidity,91.5759
2026-08-08 18:39,fc.humidity_target,0.9071
2026-08-08 18:39,fc.pid_output,0.4715
2026-08-08 18:39,fc.temperature,6.3818
2026-08-08 18:40,fc.humidifier_duty,0.4275
2026-08-08 18:40,fc.humidity,91.6743
2026-08-08 18:40,fc.humidity_target,0.9140
2026-08-08 18:40,fc.pid_output,0.4274
2026-08-08 18:40,fc.temperature,6.3577
2026-08-08 18:41,fc.humidifier_duty,0.3817
2026-08-08 18:41,fc.humidity,91.7663
2026-08-08 18:41,fc.humidity_target,0.9149
2026-08-08 18:41,fc.pid_output,0.3810
2026-08-08 18:41,fc.temperature,6.3269
2026-08-08 18:42,fc.humidifier_duty,0.3352
2026-08-08 18:42,fc.humidity,91.8425
2026-08-08 18:42,fc.humidity_target,0.9150
2026-08-08 18:42,fc.pid_output,0.3353
2026-08-08 18:42,fc.temperature,6.2994
2026-08-08 18:43,fc.humidifier_duty,0.2904
2026-08-08 18:43,fc.humidity,91.9120
2026-08-08 18:43,fc.humidity_target,0.9150
2026-08-08 18:43,fc.pid_output,0.2902
2026-08-08 18:43,fc.temperature,6.2689
2026-08-08 18:44,fc.humidifier_duty,0.2298
2026-08-08 18:44,fc.humidity,92.0004
2026-08-08 18:44,fc.humidity_target,0.9150
2026-08-08 18:44,fc.pid_output,0.2294
2026-08-08 18:44,fc.temperature,6.2430
2026-08-08 18:45,fc.humidifier_duty,0.1725
2026-08-08 18:45,fc.humidity,92.0697
2026-08-08 18:45,fc.humidity_target,0.9150
2026-08-08 18:45,fc.pid_output,0.1719
2026-08-08 18:45,fc.temperature,6.2145
2026-08-08 18:46,fc.humidifier_duty,0.1193
2026-08-08 18:46,fc.humidity,92.1204
2026-08-08 18:46,fc.humidity_target,0.9150
2026-08-08 18:46,fc.pid_output,0.1187
2026-08-08 18:46,fc.temperature,6.1885
2026-08-08 18:47,fc.humidifier_duty,0.0713
2026-08-08 18:47,fc.humidity,92.1527
2026-08-08 18:47,fc.humidity_target,0.9150
2026-08-08 18:47,fc.pid_output,0.0711
2026-08-08 18:47,fc.temperature,6.1621
2026-08-08 18:48,fc.humidifier_duty,0.0166
2026-08-08 18:48,fc.humidity,92.2006
2026-08-08 18:48,fc.humidity_target,0.9150
2026-08-08 18:48,fc.pid_output,0.0158
2026-08-08 18:48,fc.temperature,6.1372
2026-08-08 18:49,fc.humidifier_duty,0.0000
2026-08-08 18:49,fc.humidity,92.2297
2026-08-08 18:49,fc.humidity_target,0.9150
2026-08-08 18:49,fc.pid_output,0.0000
2026-08-08 18:49,fc.temperature,6.1073
2026-08-08 18:50,fc.humidifier_duty,0.0000
2026-08-08 18:50,fc.humidity,92.2562
2026-08-08 18:50,fc.humidity_target,0.9150
2026-08-08 18:50,fc.pid_output,0.0000
2026-08-08 18:50,fc.temperature,6.0802
2026-08-08 18:51,fc.humidifier_duty,0.0000
2026-08-08 18:51,fc.humidity,92.2886
2026-08-08 18:51,fc.humidity_target,0.9150
2026-08-08 18:51,fc.pid_output,0.0000
2026-08-08 18:51,fc.temperature,6.0578
2026-08-08 18:52,fc.humidifier_duty,0.0000
2026-08-08 18:52,fc.humidity,92.3201
2026-08-08 18:52,fc.humidity_target,0.9150
2026-08-08 18:52,fc.pid_output,0.0000
2026-08-08 18:52,fc.temperature,6.0294
2026-08-08 18:53,fc.humidifier_duty,0.0000
2026-08-08 18:53,fc.humidity,92.3531
2026-08-08 18:53,fc.humidity_target,0.9150
2026-08-08 18:53,fc.pid_output,0.0000
2026-08-08 18:53,fc.temperature,6.0109
2026-08-08 18:54,fc.humidifier_duty,0.0000
2026-08-08 18:54,fc.humidity,92.3772
2026-08-08 18:54,fc.humidity_target,0.9150
2026-08-08 18:54,fc.pid_output,0.0000
2026-08-08 18:54,fc.temperature,5.9786
2026-08-08 18:55,fc.humidifier_duty,0.0000
2026-08-08 18:55,fc.humidity,92.3855
2026-08-08 18:55,fc.humidity_target,0.9150
2026-08-08 18:55,fc.pid_output,0.0000
2026-08-08 18:55,fc.temperature,5.9549
2026-08-08 18:56,fc.humidifier_duty,0.0000
2026-08-08 18:56,fc.humidity,92.4009
2026-08-08 18:56,fc.humidity_target,0.9150
2026-08-08 18:56,fc.pid_output,0.0000
2026-08-08 18:56,fc.temperature,5.9283
2026-08-08 18:57,fc.humidifier_duty,0.0000
2026-08-08 18:57,fc.humidity,92.4129
2026-08-08 18:57,fc.humidity_target,0.9150
2026-08-08 18:57,fc.pid_output,0.0000
2026-08-08 18:57,fc.temperature,5.9039
2026-08-08 18:58,fc.humidifier_duty,0.0000
2026-08-08 18:58,fc.humidity,92.4148
2026-08-08 18:58,fc.humidity_target,0.9150
2026-08-08 18:58,fc.pid_output,0.0000
2026-08-08 18:58,fc.temperature,5.8836
2026-08-08 18:59,fc.humidifier_duty,0.0000
2026-08-08 18:59,fc.humidity,92.4122
2026-08-08 18:59,fc.humidity_target,0.9150
2026-08-08 18:59,fc.pid_output,0.0000
2026-08-08 18:59,fc.temperature,5.8582
2026-08-08 19:00,fc.humidifier_duty,0.0000
2026-08-08 19:00,fc.humidity,92.4243
2026-08-08 19:00,fc.humidity_target,0.9150
2026-08-08 19:00,fc.pid_output,0.0000
2026-08-08 19:00,fc.temperature,5.8423
2026-08-08 19:01,fc.humidifier_duty,0.0000
2026-08-08 19:01,fc.humidity,92.4256
2026-08-08 19:01,fc.humidity_target,0.9150
2026-08-08 19:01,fc.pid_output,0.0000
2026-08-08 19:01,fc.temperature,5.8143
2026-08-08 19:02,fc.humidifier_duty,0.0000
2026-08-08 19:02,fc.humidity,92.4269
2026-08-08 19:02,fc.humidity_target,0.9150
2026-08-08 19:02,fc.pid_output,0.0000
2026-08-08 19:02,fc.temperature,5.8002
2026-08-08 19:03,fc.humidifier_duty,0.0000
2026-08-08 19:03,fc.humidity,92.4385
2026-08-08 19:03,fc.humidity_target,0.9150
2026-08-08 19:03,fc.pid_output,0.0000
2026-08-08 19:03,fc.temperature,5.7756
2026-08-08 19:04,fc.humidifier_duty,0.0000
2026-08-08 19:04,fc.humidity,92.4431
2026-08-08 19:04,fc.humidity_target,0.9150
2026-08-08 19:04,fc.pid_output,0.0000
2026-08-08 19:04,fc.temperature,5.7654
2026-08-08 19:05,fc.humidifier_duty,0.0000
2026-08-08 19:05,fc.humidity,92.4377
2026-08-08 19:05,fc.humidity_target,0.9150
2026-08-08 19:05,fc.pid_output,0.0000
2026-08-08 19:05,fc.temperature,5.7514
2026-08-08 19:06,fc.humidifier_duty,0.0000
2026-08-08 19:06,fc.humidity,92.4279
2026-08-08 19:06,fc.humidity_target,0.9150
2026-08-08 19:06,fc.pid_output,0.0000
2026-08-08 19:06,fc.temperature,5.7360
2026-08-08 19:07,fc.humidifier_duty,0.0000
2026-08-08 19:07,fc.humidity,92.3980
2026-08-08 19:07,fc.humidity_target,0.9150
2026-08-08 19:07,fc.pid_output,0.0000
2026-08-08 19:07,fc.temperature,5.7160
2026-08-08 19:08,fc.humidifier_duty,0.0000
2026-08-08 19:08,fc.humidity,92.3679
2026-08-08 19:08,fc.humidity_target,0.9150
2026-08-08 19:08,fc.pid_output,0.0000
2026-08-08 19:08,fc.temperature,5.7022
2026-08-08 19:09,fc.humidifier_duty,0.0000
2026-08-08 19:09,fc.humidity,92.3170
2026-08-08 19:09,fc.humidity_target,0.9150
2026-08-08 19:09,fc.pid_output,0.0000
2026-08-08 19:09,fc.temperature,5.6825
2026-08-08 19:10,fc.humidifier_duty,0.0000
2026-08-08 19:10,fc.humidity,92.2260
2026-08-08 19:10,fc.humidity_target,0.9150
2026-08-08 19:10,fc.pid_output,0.0000
2026-08-08 19:10,fc.temperature,5.6588
2026-08-08 19:11,fc.humidifier_duty,0.0000
2026-08-08 19:11,fc.humidity,92.1246
2026-08-08 19:11,fc.humidity_target,0.9150
2026-08-08 19:11,fc.pid_output,0.0000
2026-08-08 19:11,fc.temperature,5.6442
2026-08-08 19:12,fc.humidifier_duty,0.0000
2026-08-08 19:12,fc.humidity,92.0388
2026-08-08 19:12,fc.humidity_target,0.9150
2026-08-08 19:12,fc.pid_output,0.0000
2026-08-08 19:12,fc.temperature,5.6303
2026-08-08 19:13,fc.humidifier_duty,0.0000
2026-08-08 19:13,fc.humidity,91.9837
2026-08-08 19:13,fc.humidity_target,0.9150
2026-08-08 19:13,fc.pid_output,0.0000
2026-08-08 19:13,fc.temperature,5.6176
2026-08-08 19:14,fc.humidifier_duty,0.0000
2026-08-08 19:14,fc.humidity,91.9609
2026-08-08 19:14,fc.humidity_target,0.9150
2026-08-08 19:14,fc.pid_output,0.0000
2026-08-08 19:14,fc.temperature,5.6072
2026-08-08 19:15,fc.humidifier_duty,0.0000
2026-08-08 19:15,fc.humidity,91.9085
2026-08-08 19:15,fc.humidity_target,0.9150
2026-08-08 19:15,fc.pid_output,0.0000
2026-08-08 19:15,fc.temperature,5.5919
2026-08-08 19:16,fc.humidifier_duty,0.0000
2026-08-08 19:16,fc.humidity,91.8240
2026-08-08 19:16,fc.humidity_target,0.9150
2026-08-08 19:16,fc.pid_output,0.0000
2026-08-08 19:16,fc.temperature,5.5764
2026-08-08 19:17,fc.humidifier_duty,0.0000
2026-08-08 19:17,fc.humidity,91.7995
2026-08-08 19:17,fc.humidity_target,0.9150
2026-08-08 19:17,fc.pid_output,0.0000
2026-08-08 19:17,fc.temperature,5.5670
2026-08-08 19:18,fc.humidifier_duty,0.0000
2026-08-08 19:18,fc.humidity,91.7704
2026-08-08 19:18,fc.humidity_target,0.9150
2026-08-08 19:18,fc.pid_output,0.0000
2026-08-08 19:18,fc.temperature,5.5552
2026-08-08 19:19,fc.humidifier_duty,0.0000
2026-08-08 19:19,fc.humidity,91.6993
2026-08-08 19:19,fc.humidity_target,0.9150
2026-08-08 19:19,fc.pid_output,0.0000
2026-08-08 19:19,fc.temperature,5.5433
2026-08-08 19:20,fc.humidifier_duty,0.0000
2026-08-08 19:20,fc.humidity,91.6389
2026-08-08 19:20,fc.humidity_target,0.9150
2026-08-08 19:20,fc.pid_output,0.0000
2026-08-08 19:20,fc.temperature,5.5267
2026-08-08 19:21,fc.humidifier_duty,0.0000
2026-08-08 19:21,fc.humidity,91.6019
2026-08-08 19:21,fc.humidity_target,0.9150
2026-08-08 19:21,fc.pid_output,0.0000
2026-08-08 19:21,fc.temperature,5.5186
2026-08-08 19:22,fc.humidifier_duty,0.0000
2026-08-08 19:22,fc.humidity,91.5488
2026-08-08 19:22,fc.humidity_target,0.9150
2026-08-08 19:22,fc.pid_output,0.0000
2026-08-08 19:22,fc.temperature,5.5167
2026-08-08 19:23,fc.humidifier_duty,0.0009
2026-08-08 19:23,fc.humidity,91.5026
2026-08-08 19:23,fc.humidity_target,0.9129
2026-08-08 19:23,fc.pid_output,0.0009
2026-08-08 19:23,fc.temperature,5.5038
2026-08-08 19:24,fc.humidifier_duty,0.0014
2026-08-08 19:24,fc.humidity,91.4514
2026-08-08 19:24,fc.humidity_target,0.8921
2026-08-08 19:24,fc.pid_output,0.0014
2026-08-08 19:24,fc.temperature,5.4969
2026-08-08 19:25,fc.humidifier_duty,0.0005
2026-08-08 19:25,fc.humidity,91.3759
2026-08-08 19:25,fc.humidity_target,0.8859
2026-08-08 19:25,fc.pid_output,0.0005
2026-08-08 19:25,fc.temperature,5.4847
2026-08-08 19:26,fc.humidifier_duty,0.0002
2026-08-08 19:26,fc.humidity,91.3144
2026-08-08 19:26,fc.humidity_target,0.8851
2026-08-08 19:26,fc.pid_output,0.0002
2026-08-08 19:26,fc.temperature,5.4804
2026-08-08 19:27,fc.humidifier_duty,0.0001
2026-08-08 19:27,fc.humidity,91.2846
2026-08-08 19:27,fc.humidity_target,0.8850
2026-08-08 19:27,fc.pid_output,0.0001
2026-08-08 19:27,fc.temperature,5.4738
2026-08-08 19:28,fc.humidifier_duty,0.0000
2026-08-08 19:28,fc.humidity,91.2447
2026-08-08 19:28,fc.humidity_target,0.8850
2026-08-08 19:28,fc.pid_output,0.0000
2026-08-08 19:28,fc.temperature,5.4689
2026-08-08 19:29,fc.humidifier_duty,0.0000
2026-08-08 19:29,fc.humidity,91.2270
2026-08-08 19:29,fc.humidity_target,0.8850
2026-08-08 19:29,fc.pid_output,0.0000
2026-08-08 19:29,fc.temperature,5.4621
2026-08-08 19:30,fc.humidifier_duty,0.0000
2026-08-08 19:30,fc.humidity,91.1888
2026-08-08 19:30,fc.humidity_target,0.8850
2026-08-08 19:30,fc.pid_output,0.0000
2026-08-08 19:30,fc.temperature,5.4633
2026-08-08 19:31,fc.humidifier_duty,0.0000
2026-08-08 19:31,fc.humidity,91.1567
2026-08-08 19:31,fc.humidity_target,0.8850
2026-08-08 19:31,fc.pid_output,0.0000
2026-08-08 19:31,fc.temperature,5.4531
2026-08-08 19:32,fc.humidifier_duty,0.0000
2026-08-08 19:32,fc.humidity,91.1460
2026-08-08 19:32,fc.humidity_target,0.8850
2026-08-08 19:32,fc.pid_output,0.0000
2026-08-08 19:32,fc.temperature,5.4512
2026-08-08 19:33,fc.humidifier_duty,0.0000
2026-08-08 19:33,fc.humidity,91.1159
2026-08-08 19:33,fc.humidity_target,0.8850
2026-08-08 19:33,fc.pid_output,0.0000
2026-08-08 19:33,fc.temperature,5.4487
2026-08-08 19:34,fc.humidifier_duty,0.0000
2026-08-08 19:34,fc.humidity,91.0825
2026-08-08 19:34,fc.humidity_target,0.8850
2026-08-08 19:34,fc.pid_output,0.0000
2026-08-08 19:34,fc.temperature,5.4463
2026-08-08 19:35,fc.humidifier_duty,0.0000
2026-08-08 19:35,fc.humidity,91.0636
2026-08-08 19:35,fc.humidity_target,0.8850
2026-08-08 19:35,fc.pid_output,0.0000
2026-08-08 19:35,fc.temperature,5.4374
2026-08-08 19:36,fc.humidifier_duty,0.0000
2026-08-08 19:36,fc.humidity,91.0314
2026-08-08 19:36,fc.humidity_target,0.8850
2026-08-08 19:36,fc.pid_output,0.0000
2026-08-08 19:36,fc.temperature,5.4341
2026-08-08 19:37,fc.humidifier_duty,0.0000
2026-08-08 19:37,fc.humidity,90.9778
2026-08-08 19:37,fc.humidity_target,0.8850
2026-08-08 19:37,fc.pid_output,0.0000
2026-08-08 19:37,fc.temperature,5.4343
2026-08-08 19:38,fc.humidifier_duty,0.0000
2026-08-08 19:38,fc.humidity,90.9358
2026-08-08 19:38,fc.humidity_target,0.8850
2026-08-08 19:38,fc.pid_output,0.0000
2026-08-08 19:38,fc.temperature,5.4252
2026-08-08 19:39,fc.humidifier_duty,0.0000
2026-08-08 19:39,fc.humidity,90.8989
2026-08-08 19:39,fc.humidity_target,0.8850
2026-08-08 19:39,fc.pid_output,0.0000
2026-08-08 19:39,fc.temperature,5.4195
2026-08-08 19:40,fc.humidifier_duty,0.0000
2026-08-08 19:40,fc.humidity,90.8699
2026-08-08 19:40,fc.humidity_target,0.8850
2026-08-08 19:40,fc.pid_output,0.0000
2026-08-08 19:40,fc.temperature,5.4106
2026-08-08 19:41,fc.humidifier_duty,0.0000
2026-08-08 19:41,fc.humidity,90.8655
2026-08-08 19:41,fc.humidity_target,0.8850
2026-08-08 19:41,fc.pid_output,0.0000
2026-08-08 19:41,fc.temperature,5.4112
2026-08-08 19:42,fc.humidifier_duty,0.0000
2026-08-08 19:42,fc.humidity,90.8516
2026-08-08 19:42,fc.humidity_target,0.8850
2026-08-08 19:42,fc.pid_output,0.0000
2026-08-08 19:42,fc.temperature,5.4042
2026-08-08 19:43,fc.humidifier_duty,0.0000
2026-08-08 19:43,fc.humidity,90.8400
2026-08-08 19:43,fc.humidity_target,0.8850
2026-08-08 19:43,fc.pid_output,0.0000
2026-08-08 19:43,fc.temperature,5.3990
2026-08-08 19:44,fc.humidifier_duty,0.0000
2026-08-08 19:44,fc.humidity,90.8377
2026-08-08 19:44,fc.humidity_target,0.8850
2026-08-08 19:44,fc.pid_output,0.0000
2026-08-08 19:44,fc.temperature,5.3939
2026-08-08 19:45,fc.humidifier_duty,0.0000
2026-08-08 19:45,fc.humidity,90.7988
2026-08-08 19:45,fc.humidity_target,0.8850
2026-08-08 19:45,fc.pid_output,0.0000
2026-08-08 19:45,fc.temperature,5.3956
2026-08-08 19:46,fc.humidifier_duty,0.0000
2026-08-08 19:46,fc.humidity,90.7876
2026-08-08 19:46,fc.humidity_target,0.8850
2026-08-08 19:46,fc.pid_output,0.0000
2026-08-08 19:46,fc.temperature,5.3935
2026-08-08 19:47,fc.humidifier_duty,0.0000
2026-08-08 19:47,fc.humidity,90.7995
2026-08-08 19:47,fc.humidity_target,0.8850
2026-08-08 19:47,fc.pid_output,0.0000
2026-08-08 19:47,fc.temperature,5.3862
2026-08-08 19:48,fc.humidifier_duty,0.0000
2026-08-08 19:48,fc.humidity,90.8054
2026-08-08 19:48,fc.humidity_target,0.8850
2026-08-08 19:48,fc.pid_output,0.0000
2026-08-08 19:48,fc.temperature,5.3859
2026-08-08 19:49,fc.humidifier_duty,0.0000
2026-08-08 19:49,fc.humidity,90.8017
2026-08-08 19:49,fc.humidity_target,0.8850
2026-08-08 19:49,fc.pid_output,0.0000
2026-08-08 19:49,fc.temperature,5.3839
2026-08-08 19:50,fc.humidifier_duty,0.0000
2026-08-08 19:50,fc.humidity,90.7959
2026-08-08 19:50,fc.humidity_target,0.8850
2026-08-08 19:50,fc.pid_output,0.0000
2026-08-08 19:50,fc.temperature,5.3752
2026-08-08 19:51,fc.humidifier_duty,0.0000
2026-08-08 19:51,fc.humidity,90.7964
2026-08-08 19:51,fc.humidity_target,0.8850
2026-08-08 19:51,fc.pid_output,0.0000
2026-08-08 19:51,fc.temperature,5.3702
2026-08-08 19:52,fc.humidifier_duty,0.0000
2026-08-08 19:52,fc.humidity,90.7920
2026-08-08 19:52,fc.humidity_target,0.8850
2026-08-08 19:52,fc.pid_output,0.0000
2026-08-08 19:52,fc.temperature,5.3690
2026-08-08 19:53,fc.humidifier_duty,0.0000
2026-08-08 19:53,fc.humidity,90.8116
2026-08-08 19:53,fc.humidity_target,0.8850
2026-08-08 19:53,fc.pid_output,0.0000
2026-08-08 19:53,fc.temperature,5.3599
2026-08-08 19:54,fc.humidifier_duty,0.0000
2026-08-08 19:54,fc.humidity,90.8455
2026-08-08 19:54,fc.humidity_target,0.8850
2026-08-08 19:54,fc.pid_output,0.0000
2026-08-08 19:54,fc.temperature,5.3583
2026-08-08 19:55,fc.humidifier_duty,0.0000
2026-08-08 19:55,fc.humidity,90.8911
2026-08-08 19:55,fc.humidity_target,0.8850
2026-08-08 19:55,fc.pid_output,0.0000
2026-08-08 19:55,fc.temperature,5.3522
2026-08-08 19:56,fc.humidifier_duty,0.0000
2026-08-08 19:56,fc.humidity,90.9186
2026-08-08 19:56,fc.humidity_target,0.8850
2026-08-08 19:56,fc.pid_output,0.0000
2026-08-08 19:56,fc.temperature,5.3486
2026-08-08 19:57,fc.humidifier_duty,0.0000
2026-08-08 19:57,fc.humidity,90.9342
2026-08-08 19:57,fc.humidity_target,0.8850
2026-08-08 19:57,fc.pid_output,0.0000
2026-08-08 19:57,fc.temperature,5.3397
2026-08-08 19:58,fc.humidifier_duty,0.0000
2026-08-08 19:58,fc.humidity,90.9287
2026-08-08 19:58,fc.humidity_target,0.8850
2026-08-08 19:58,fc.pid_output,0.0000
2026-08-08 19:58,fc.temperature,5.3375
2026-08-08 19:59,fc.humidifier_duty,0.0000
2026-08-08 19:59,fc.humidity,90.9338
2026-08-08 19:59,fc.humidity_target,0.8850
2026-08-08 19:59,fc.pid_output,0.0000
2026-08-08 19:59,fc.temperature,5.3290
2026-08-08 20:00,fc.humidifier_duty,0.0000
2026-08-08 20:00,fc.humidity,90.9270
2026-08-08 20:00,fc.humidity_target,0.8850
2026-08-08 20:00,fc.pid_output,0.0000
2026-08-08 20:00,fc.temperature,5.3231
2026-08-08 20:01,fc.humidifier_duty,0.0000
2026-08-08 20:01,fc.humidity,90.9203
2026-08-08 20:01,fc.humidity_target,0.8850
2026-08-08 20:01,fc.pid_output,0.0000
2026-08-08 20:01,fc.temperature,5.3110
2026-08-08 20:02,fc.humidifier_duty,0.0000
2026-08-08 20:02,fc.humidity,90.8861
2026-08-08 20:02,fc.humidity_target,0.8850
2026-08-08 20:02,fc.pid_output,0.0000
2026-08-08 20:02,fc.temperature,5.3038
2026-08-08 20:03,fc.humidifier_duty,0.0000
2026-08-08 20:03,fc.humidity,90.8416
2026-08-08 20:03,fc.humidity_target,0.8850
2026-08-08 20:03,fc.pid_output,0.0000
2026-08-08 20:03,fc.temperature,5.2948
2026-08-08 20:04,fc.humidifier_duty,0.0000
2026-08-08 20:04,fc.humidity,90.8108
2026-08-08 20:04,fc.humidity_target,0.8850
2026-08-08 20:04,fc.pid_output,0.0000
2026-08-08 20:04,fc.temperature,5.2934
2026-08-08 20:05,fc.humidifier_duty,0.0000
2026-08-08 20:05,fc.humidity,90.7888
2026-08-08 20:05,fc.humidity_target,0.8850
2026-08-08 20:05,fc.pid_output,0.0000
2026-08-08 20:05,fc.temperature,5.2885
2026-08-08 20:06,fc.humidifier_duty,0.0000
2026-08-08 20:06,fc.humidity,90.7466
2026-08-08 20:06,fc.humidity_target,0.8850
2026-08-08 20:06,fc.pid_output,0.0000
2026-08-08 20:06,fc.temperature,5.2754
2026-08-08 20:07,fc.humidifier_duty,0.0000
2026-08-08 20:07,fc.humidity,90.7108
2026-08-08 20:07,fc.humidity_target,0.8850
2026-08-08 20:07,fc.pid_output,0.0000
2026-08-08 20:07,fc.temperature,5.2781
2026-08-08 20:08,fc.humidifier_duty,0.0000
2026-08-08 20:08,fc.humidity,90.6741
2026-08-08 20:08,fc.humidity_target,0.8850
2026-08-08 20:08,fc.pid_output,0.0000
2026-08-08 20:08,fc.temperature,5.2616
2026-08-08 20:09,fc.humidifier_duty,0.0000
2026-08-08 20:09,fc.humidity,90.6070
2026-08-08 20:09,fc.humidity_target,0.8850
2026-08-08 20:09,fc.pid_output,0.0000
2026-08-08 20:09,fc.temperature,5.2583
2026-08-08 20:10,fc.humidifier_duty,0.0000
2026-08-08 20:10,fc.humidity,90.4821
2026-08-08 20:10,fc.humidity_target,0.8850
2026-08-08 20:10,fc.pid_output,0.0000
2026-08-08 20:10,fc.temperature,5.2551
2026-08-08 20:11,fc.humidifier_duty,0.0000
2026-08-08 20:11,fc.humidity,90.3605
2026-08-08 20:11,fc.humidity_target,0.8850
2026-08-08 20:11,fc.pid_output,0.0000
2026-08-08 20:11,fc.temperature,5.2490
2026-08-08 20:12,fc.humidifier_duty,0.0000
2026-08-08 20:12,fc.humidity,90.2413
2026-08-08 20:12,fc.humidity_target,0.8850
2026-08-08 20:12,fc.pid_output,0.0000
2026-08-08 20:12,fc.temperature,5.2458
2026-08-08 20:13,fc.humidifier_duty,0.0000
2026-08-08 20:13,fc.humidity,90.1352
2026-08-08 20:13,fc.humidity_target,0.8850
2026-08-08 20:13,fc.pid_output,0.0000
2026-08-08 20:13,fc.temperature,5.2411
2026-08-08 20:14,fc.humidifier_duty,0.0000
2026-08-08 20:14,fc.humidity,90.0419
2026-08-08 20:14,fc.humidity_target,0.8850
2026-08-08 20:14,fc.pid_output,0.0000
2026-08-08 20:14,fc.temperature,5.2351
2026-08-08 20:15,fc.humidifier_duty,0.0001
2026-08-08 20:15,fc.humidity,89.9730
2026-08-08 20:15,fc.humidity_target,0.8850
2026-08-08 20:15,fc.pid_output,0.0001
2026-08-08 20:15,fc.temperature,5.2211
2026-08-08 20:16,fc.humidifier_duty,0.0015
2026-08-08 20:16,fc.humidity,89.8964
2026-08-08 20:16,fc.humidity_target,0.8850
2026-08-08 20:16,fc.pid_output,0.0015
2026-08-08 20:16,fc.temperature,5.2150
2026-08-08 20:17,fc.humidifier_duty,0.0031
2026-08-08 20:17,fc.humidity,89.8540
2026-08-08 20:17,fc.humidity_target,0.8850
2026-08-08 20:17,fc.pid_output,0.0032
2026-08-08 20:17,fc.temperature,5.2062
2026-08-08 20:18,fc.humidifier_duty,0.0051
2026-08-08 20:18,fc.humidity,89.8123
2026-08-08 20:18,fc.humidity_target,0.8850
2026-08-08 20:18,fc.pid_output,0.0052
2026-08-08 20:18,fc.temperature,5.1947
2026-08-08 20:19,fc.humidifier_duty,0.0073
2026-08-08 20:19,fc.humidity,89.7896
2026-08-08 20:19,fc.humidity_target,0.8850
2026-08-08 20:19,fc.pid_output,0.0074
2026-08-08 20:19,fc.temperature,5.1846
2026-08-08 20:20,fc.humidifier_duty,0.0105
2026-08-08 20:20,fc.humidity,89.7495
2026-08-08 20:20,fc.humidity_target,0.8850
2026-08-08 20:20,fc.pid_output,0.0104
2026-08-08 20:20,fc.temperature,5.1808
2026-08-08 20:21,fc.humidifier_duty,0.0128
2026-08-08 20:21,fc.humidity,89.7322
2026-08-08 20:21,fc.humidity_target,0.8850
2026-08-08 20:21,fc.pid_output,0.0128
2026-08-08 20:21,fc.temperature,5.1660
2026-08-08 20:22,fc.humidifier_duty,0.0144
2026-08-08 20:22,fc.humidity,89.7316
2026-08-08 20:22,fc.humidity_target,0.8850
2026-08-08 20:22,fc.pid_output,0.0144
2026-08-08 20:22,fc.temperature,5.1480
2026-08-08 20:23,fc.humidifier_duty,0.0133
2026-08-08 20:23,fc.humidity,89.7656
2026-08-08 20:23,fc.humidity_target,0.8850
2026-08-08 20:23,fc.pid_output,0.0133
2026-08-08 20:23,fc.temperature,5.1417
2026-08-08 20:24,fc.humidifier_duty,0.0163
2026-08-08 20:24,fc.humidity,89.7381
2026-08-08 20:24,fc.humidity_target,0.8850
2026-08-08 20:24,fc.pid_output,0.0163
2026-08-08 20:24,fc.temperature,5.1275
2026-08-08 20:25,fc.humidifier_duty,0.0186
2026-08-08 20:25,fc.humidity,89.7282
2026-08-08 20:25,fc.humidity_target,0.8850
2026-08-08 20:25,fc.pid_output,0.0186
2026-08-08 20:25,fc.temperature,5.1176
2026-08-08 20:26,fc.humidifier_duty,0.0195
2026-08-08 20:26,fc.humidity,89.7313
2026-08-08 20:26,fc.humidity_target,0.8850
2026-08-08 20:26,fc.pid_output,0.0195
2026-08-08 20:26,fc.temperature,5.1036
2026-08-08 20:27,fc.humidifier_duty,0.0229
2026-08-08 20:27,fc.humidity,89.7049
2026-08-08 20:27,fc.humidity_target,0.8850
2026-08-08 20:27,fc.pid_output,0.0229
2026-08-08 20:27,fc.temperature,5.0892
2026-08-08 20:28,fc.humidifier_duty,0.0291
2026-08-08 20:28,fc.humidity,89.6542
2026-08-08 20:28,fc.humidity_target,0.8850
2026-08-08 20:28,fc.pid_output,0.0291
2026-08-08 20:28,fc.temperature,5.0778
2026-08-08 20:29,fc.humidifier_duty,0.0320
2026-08-08 20:29,fc.humidity,89.6476
2026-08-08 20:29,fc.humidity_target,0.8850
2026-08-08 20:29,fc.pid_output,0.0321
2026-08-08 20:29,fc.temperature,5.0651
2026-08-08 20:30,fc.humidifier_duty,0.0325
2026-08-08 20:30,fc.humidity,89.6268
2026-08-08 20:30,fc.humidity_target,0.8850
2026-08-08 20:30,fc.pid_output,0.0358
2026-08-08 20:30,fc.temperature,5.0519
2026-08-08 20:32,fc.humidifier_duty,0.0238
2026-08-08 20:32,fc.humidity,89.5768
2026-08-08 20:32,fc.humidity_target,0.9152
2026-08-08 20:32,fc.pid_output,0.0238
2026-08-08 20:32,fc.temperature,5.0307
2026-08-08 20:33,fc.humidifier_duty,0.0287
2026-08-08 20:33,fc.humidity,89.5572
2026-08-08 20:33,fc.humidity_target,0.8900
2026-08-08 20:33,fc.pid_output,0.0288
2026-08-08 20:33,fc.temperature,5.0197
2026-08-08 20:34,fc.humidifier_duty,0.0383
2026-08-08 20:34,fc.humidity,89.5115
2026-08-08 20:34,fc.humidity_target,0.8857
2026-08-08 20:34,fc.pid_output,0.0383
2026-08-08 20:34,fc.temperature,5.0028
2026-08-08 20:35,fc.humidifier_duty,0.0500
2026-08-08 20:35,fc.humidity,89.4607
2026-08-08 20:35,fc.humidity_target,0.8851
2026-08-08 20:35,fc.pid_output,0.0500
2026-08-08 20:35,fc.temperature,5.0010
2026-08-08 20:36,fc.humidifier_duty,0.0594
2026-08-08 20:36,fc.humidity,89.4364
2026-08-08 20:36,fc.humidity_target,0.8850
2026-08-08 20:36,fc.pid_output,0.0594
2026-08-08 20:36,fc.temperature,4.9941
2026-08-08 20:37,fc.humidifier_duty,0.0702
2026-08-08 20:37,fc.humidity,89.4074
2026-08-08 20:37,fc.humidity_target,0.8850
2026-08-08 20:37,fc.pid_output,0.0702
2026-08-08 20:37,fc.temperature,4.9877
2026-08-08 20:38,fc.humidifier_duty,0.0813
2026-08-08 20:38,fc.humidity,89.3755
2026-08-08 20:38,fc.humidity_target,0.8850
2026-08-08 20:38,fc.pid_output,0.0813
2026-08-08 20:38,fc.temperature,4.9776
2026-08-08 20:39,fc.humidifier_duty,0.0996
2026-08-08 20:39,fc.humidity,89.3187
2026-08-08 20:39,fc.humidity_target,0.8850
2026-08-08 20:39,fc.pid_output,0.0996
2026-08-08 20:39,fc.temperature,4.9708
2026-08-08 20:40,fc.humidifier_duty,0.1132
2026-08-08 20:40,fc.humidity,89.2918
2026-08-08 20:40,fc.humidity_target,0.8850
2026-08-08 20:40,fc.pid_output,0.1132
2026-08-08 20:40,fc.temperature,4.9647
2026-08-08 20:41,fc.humidifier_duty,0.1223
2026-08-08 20:41,fc.humidity,89.2962
2026-08-08 20:41,fc.humidity_target,0.8850
2026-08-08 20:41,fc.pid_output,0.1223
2026-08-08 20:41,fc.temperature,4.9595
2026-08-08 20:42,fc.humidifier_duty,0.1367
2026-08-08 20:42,fc.humidity,89.2743
2026-08-08 20:42,fc.humidity_target,0.8850
2026-08-08 20:42,fc.pid_output,0.1367
2026-08-08 20:42,fc.temperature,4.9516
2026-08-08 20:43,fc.humidifier_duty,0.1508
2026-08-08 20:43,fc.humidity,89.2530
2026-08-08 20:43,fc.humidity_target,0.8850
2026-08-08 20:43,fc.pid_output,0.1506
2026-08-08 20:43,fc.temperature,4.9449
2026-08-08 20:44,fc.humidifier_duty,0.1646
2026-08-08 20:44,fc.humidity,89.2400
2026-08-08 20:44,fc.humidity_target,0.8850
2026-08-08 20:44,fc.pid_output,0.1646
2026-08-08 20:44,fc.temperature,4.9389
2026-08-08 20:45,fc.humidifier_duty,0.1824
2026-08-08 20:45,fc.humidity,89.2083
2026-08-08 20:45,fc.humidity_target,0.8850
2026-08-08 20:45,fc.pid_output,0.1824
2026-08-08 20:45,fc.temperature,4.9279
2026-08-08 20:46,fc.humidifier_duty,0.1963
2026-08-08 20:46,fc.humidity,89.2055
2026-08-08 20:46,fc.humidity_target,0.8850
2026-08-08 20:46,fc.pid_output,0.1963
2026-08-08 20:46,fc.temperature,4.9282
2026-08-08 20:47,fc.humidifier_duty,0.2097
2026-08-08 20:47,fc.humidity,89.2020
2026-08-08 20:47,fc.humidity_target,0.8850
2026-08-08 20:47,fc.pid_output,0.2097
2026-08-08 20:47,fc.temperature,4.9213
2026-08-08 20:48,fc.humidifier_duty,0.2205
2026-08-08 20:48,fc.humidity,89.2011
2026-08-08 20:48,fc.humidity_target,0.8850
2026-08-08 20:48,fc.pid_output,0.2205
2026-08-08 20:48,fc.temperature,4.9159
2026-08-08 20:49,fc.humidifier_duty,0.2335
2026-08-08 20:49,fc.humidity,89.2060
2026-08-08 20:49,fc.humidity_target,0.8850
2026-08-08 20:49,fc.pid_output,0.2335
2026-08-08 20:49,fc.temperature,4.9142
2026-08-08 20:50,fc.humidifier_duty,0.2450
2026-08-08 20:50,fc.humidity,89.2098
2026-08-08 20:50,fc.humidity_target,0.8850
2026-08-08 20:50,fc.pid_output,0.2450
2026-08-08 20:50,fc.temperature,4.9141
2026-08-08 20:51,fc.humidifier_duty,0.2535
2026-08-08 20:51,fc.humidity,89.2343
2026-08-08 20:51,fc.humidity_target,0.8850
2026-08-08 20:51,fc.pid_output,0.2536
2026-08-08 20:51,fc.temperature,4.9166
2026-08-08 20:52,fc.humidifier_duty,0.2497
2026-08-08 20:52,fc.humidity,89.3143
2026-08-08 20:52,fc.humidity_target,0.8850
2026-08-08 20:52,fc.pid_output,0.2496
2026-08-08 20:52,fc.temperature,4.9094
2026-08-08 20:53,fc.humidifier_duty,0.2432
2026-08-08 20:53,fc.humidity,89.4074
2026-08-08 20:53,fc.humidity_target,0.8850
2026-08-08 20:53,fc.pid_output,0.2432
2026-08-08 20:53,fc.temperature,4.9131
2026-08-08 20:54,fc.humidifier_duty,0.2374
2026-08-08 20:54,fc.humidity,89.4973
2026-08-08 20:54,fc.humidity_target,0.8850
2026-08-08 20:54,fc.pid_output,0.2373
2026-08-08 20:54,fc.temperature,4.9069
2026-08-08 20:55,fc.humidifier_duty,0.2286
2026-08-08 20:55,fc.humidity,89.6176
2026-08-08 20:55,fc.humidity_target,0.8850
2026-08-08 20:55,fc.pid_output,0.2286
2026-08-08 20:55,fc.temperature,4.8995
2026-08-08 20:56,fc.humidifier_duty,0.2245
2026-08-08 20:56,fc.humidity,89.7001
2026-08-08 20:56,fc.humidity_target,0.8850
2026-08-08 20:56,fc.pid_output,0.2244
2026-08-08 20:56,fc.temperature,4.8960
2026-08-08 20:57,fc.humidifier_duty,0.2205
2026-08-08 20:57,fc.humidity,89.7958
2026-08-08 20:57,fc.humidity_target,0.8850
2026-08-08 20:57,fc.pid_output,0.2204
2026-08-08 20:57,fc.temperature,4.8870
2026-08-08 20:58,fc.humidifier_duty,0.2187
2026-08-08 20:58,fc.humidity,89.8574
2026-08-08 20:58,fc.humidity_target,0.8850
2026-08-08 20:58,fc.pid_output,0.2187
2026-08-08 20:58,fc.temperature,4.8844
2026-08-08 20:59,fc.humidifier_duty,0.2175
2026-08-08 20:59,fc.humidity,89.9158
2026-08-08 20:59,fc.humidity_target,0.8850
2026-08-08 20:59,fc.pid_output,0.2175
2026-08-08 20:59,fc.temperature,4.8802
2026-08-08 21:00,fc.humidifier_duty,0.2173
2026-08-08 21:00,fc.humidity,89.9475
2026-08-08 21:00,fc.humidity_target,0.8850
2026-08-08 21:00,fc.pid_output,0.2173
2026-08-08 21:00,fc.temperature,4.8712
2026-08-08 21:01,fc.humidifier_duty,0.2163
2026-08-08 21:01,fc.humidity,89.9923
2026-08-08 21:01,fc.humidity_target,0.8850
2026-08-08 21:01,fc.pid_output,0.2163
2026-08-08 21:01,fc.temperature,4.8698
2026-08-08 21:02,fc.humidifier_duty,0.2104
2026-08-08 21:02,fc.humidity,90.0351
2026-08-08 21:02,fc.humidity_target,0.8850
2026-08-08 21:02,fc.pid_output,0.2104
2026-08-08 21:02,fc.temperature,4.8582
2026-08-08 21:03,fc.humidifier_duty,0.2035
2026-08-08 21:03,fc.humidity,90.0667
2026-08-08 21:03,fc.humidity_target,0.8850
2026-08-08 21:03,fc.pid_output,0.2035
2026-08-08 21:03,fc.temperature,4.8579
2026-08-08 21:04,fc.humidifier_duty,0.1969
2026-08-08 21:04,fc.humidity,90.0925
2026-08-08 21:04,fc.humidity_target,0.8850
2026-08-08 21:04,fc.pid_output,0.1969
2026-08-08 21:04,fc.temperature,4.8557
2026-08-08 21:05,fc.humidifier_duty,0.1904
2026-08-08 21:05,fc.humidity,90.1193
2026-08-08 21:05,fc.humidity_target,0.8850
2026-08-08 21:05,fc.pid_output,0.1904
2026-08-08 21:05,fc.temperature,4.8514
2026-08-08 21:06,fc.humidifier_duty,0.1842
2026-08-08 21:06,fc.humidity,90.1375
2026-08-08 21:06,fc.humidity_target,0.8850
2026-08-08 21:06,fc.pid_output,0.1842
2026-08-08 21:06,fc.temperature,4.8486
2026-08-08 21:07,fc.humidifier_duty,0.1781
2026-08-08 21:07,fc.humidity,90.1581
2026-08-08 21:07,fc.humidity_target,0.8850
2026-08-08 21:07,fc.pid_output,0.1781
2026-08-08 21:07,fc.temperature,4.8469
2026-08-08 21:08,fc.humidifier_duty,0.1723
2026-08-08 21:08,fc.humidity,90.1854
2026-08-08 21:08,fc.humidity_target,0.8850
2026-08-08 21:08,fc.pid_output,0.1723
2026-08-08 21:08,fc.temperature,4.8493
2026-08-08 21:09,fc.humidifier_duty,0.1667
2026-08-08 21:09,fc.humidity,90.1928
2026-08-08 21:09,fc.humidity_target,0.8850
2026-08-08 21:09,fc.pid_output,0.1667
2026-08-08 21:09,fc.temperature,4.8409
2026-08-08 21:10,fc.humidifier_duty,0.1612
2026-08-08 21:10,fc.humidity,90.1609
2026-08-08 21:10,fc.humidity_target,0.8850
2026-08-08 21:10,fc.pid_output,0.1612
2026-08-08 21:10,fc.temperature,4.8395
2026-08-08 21:11,fc.humidifier_duty,0.1559
2026-08-08 21:11,fc.humidity,90.1240
2026-08-08 21:11,fc.humidity_target,0.8850
2026-08-08 21:11,fc.pid_output,0.1559
2026-08-08 21:11,fc.temperature,4.8449
2026-08-08 21:12,fc.humidifier_duty,0.1508
2026-08-08 21:12,fc.humidity,90.0818
2026-08-08 21:12,fc.humidity_target,0.8850
2026-08-08 21:12,fc.pid_output,0.1508
2026-08-08 21:12,fc.temperature,4.8369
2026-08-08 21:13,fc.humidifier_duty,0.1459
2026-08-08 21:13,fc.humidity,90.0452
2026-08-08 21:13,fc.humidity_target,0.8850
2026-08-08 21:13,fc.pid_output,0.1459
2026-08-08 21:13,fc.temperature,4.8461
2026-08-08 21:14,fc.humidifier_duty,0.1411
2026-08-08 21:14,fc.humidity,90.0199
2026-08-08 21:14,fc.humidity_target,0.8850
2026-08-08 21:14,fc.pid_output,0.1411
2026-08-08 21:14,fc.temperature,4.8387
2026-08-08 21:15,fc.humidifier_duty,0.1368
2026-08-08 21:15,fc.humidity,90.0016
2026-08-08 21:15,fc.humidity_target,0.8850
2026-08-08 21:15,fc.pid_output,0.1368
2026-08-08 21:15,fc.temperature,4.8395
2026-08-08 21:16,fc.humidifier_duty,0.1361
2026-08-08 21:16,fc.humidity,89.9837
2026-08-08 21:16,fc.humidity_target,0.8850
2026-08-08 21:16,fc.pid_output,0.1361
2026-08-08 21:16,fc.temperature,4.8426
2026-08-08 21:17,fc.humidifier_duty,0.1363
2026-08-08 21:17,fc.humidity,89.9517
2026-08-08 21:17,fc.humidity_target,0.8850
2026-08-08 21:17,fc.pid_output,0.1363
2026-08-08 21:17,fc.temperature,4.8436
2026-08-08 21:18,fc.humidifier_duty,0.1368
2026-08-08 21:18,fc.humidity,89.9307
2026-08-08 21:18,fc.humidity_target,0.8850
2026-08-08 21:18,fc.pid_output,0.1368
2026-08-08 21:18,fc.temperature,4.8446
2026-08-08 21:19,fc.humidifier_duty,0.1382
2026-08-08 21:19,fc.humidity,89.8754
2026-08-08 21:19,fc.humidity_target,0.8850
2026-08-08 21:19,fc.pid_output,0.1382
2026-08-08 21:19,fc.temperature,4.8414
2026-08-08 21:20,fc.humidifier_duty,0.1401
2026-08-08 21:20,fc.humidity,89.8331
2026-08-08 21:20,fc.humidity_target,0.8850
2026-08-08 21:20,fc.pid_output,0.1401
2026-08-08 21:20,fc.temperature,4.8439
2026-08-08 21:21,fc.humidifier_duty,0.1435
2026-08-08 21:21,fc.humidity,89.7789
2026-08-08 21:21,fc.humidity_target,0.8850
2026-08-08 21:21,fc.pid_output,0.1435
2026-08-08 21:21,fc.temperature,4.8436
2026-08-08 21:22,fc.humidifier_duty,0.1483
2026-08-08 21:22,fc.humidity,89.7194
2026-08-08 21:22,fc.humidity_target,0.8850
2026-08-08 21:22,fc.pid_output,0.1483
2026-08-08 21:22,fc.temperature,4.8435
2026-08-08 21:23,fc.humidifier_duty,0.1572
2026-08-08 21:23,fc.humidity,89.6349
2026-08-08 21:23,fc.humidity_target,0.8850
2026-08-08 21:23,fc.pid_output,0.1572
2026-08-08 21:23,fc.temperature,4.8462
2026-08-08 21:24,fc.humidifier_duty,0.1648
2026-08-08 21:24,fc.humidity,89.5841
2026-08-08 21:24,fc.humidity_target,0.8850
2026-08-08 21:24,fc.pid_output,0.1648
2026-08-08 21:24,fc.temperature,4.8477
2026-08-08 21:25,fc.humidifier_duty,0.1711
2026-08-08 21:25,fc.humidity,89.5594
2026-08-08 21:25,fc.humidity_target,0.8850
2026-08-08 21:25,fc.pid_output,0.1711
2026-08-08 21:25,fc.temperature,4.8506
2026-08-08 21:26,fc.humidifier_duty,0.1792
2026-08-08 21:26,fc.humidity,89.5166
2026-08-08 21:26,fc.humidity_target,0.8850
2026-08-08 21:26,fc.pid_output,0.1792
2026-08-08 21:26,fc.temperature,4.8565
2026-08-08 21:27,fc.humidifier_duty,0.1927
2026-08-08 21:27,fc.humidity,89.4532
2026-08-08 21:27,fc.humidity_target,0.8850
2026-08-08 21:27,fc.pid_output,0.1927
2026-08-08 21:27,fc.temperature,4.8534
2026-08-08 21:28,fc.humidifier_duty,0.2137
2026-08-08 21:28,fc.humidity,89.3552
2026-08-08 21:28,fc.humidity_target,0.8850
2026-08-08 21:28,fc.pid_output,0.2137
2026-08-08 21:28,fc.temperature,4.8578
2026-08-08 21:29,fc.humidifier_duty,0.2331
2026-08-08 21:29,fc.humidity,89.2939
2026-08-08 21:29,fc.humidity_target,0.8850
2026-08-08 21:29,fc.pid_output,0.2331
2026-08-08 21:29,fc.temperature,4.8511
2026-08-08 21:30,fc.humidifier_duty,0.2553
2026-08-08 21:30,fc.humidity,89.2274
2026-08-08 21:30,fc.humidity_target,0.8850
2026-08-08 21:30,fc.pid_output,0.2553
2026-08-08 21:30,fc.temperature,4.8524
2026-08-08 21:31,fc.humidifier_duty,0.2799
2026-08-08 21:31,fc.humidity,89.1665
2026-08-08 21:31,fc.humidity_target,0.8850
2026-08-08 21:31,fc.pid_output,0.2799
2026-08-08 21:31,fc.temperature,4.8593
2026-08-08 21:32,fc.humidifier_duty,0.3060
2026-08-08 21:32,fc.humidity,89.1168
2026-08-08 21:32,fc.humidity_target,0.8850
2026-08-08 21:32,fc.pid_output,0.3060
2026-08-08 21:32,fc.temperature,4.8606
2026-08-08 21:33,fc.humidifier_duty,0.3152
2026-08-08 21:33,fc.humidity,89.1428
2026-08-08 21:33,fc.humidity_target,0.8850
2026-08-08 21:33,fc.pid_output,0.3152
2026-08-08 21:33,fc.temperature,4.8684
2026-08-08 21:34,fc.humidifier_duty,0.3326
2026-08-08 21:34,fc.humidity,89.1200
2026-08-08 21:34,fc.humidity_target,0.8850
2026-08-08 21:34,fc.pid_output,0.3326
2026-08-08 21:34,fc.temperature,4.8752
2026-08-08 21:35,fc.humidifier_duty,0.3590
2026-08-08 21:35,fc.humidity,89.0844
2026-08-08 21:35,fc.humidity_target,0.8850
2026-08-08 21:35,fc.pid_output,0.3590
2026-08-08 21:35,fc.temperature,4.8801
2026-08-08 21:36,fc.humidifier_duty,0.3824
2026-08-08 21:36,fc.humidity,89.0493
2026-08-08 21:36,fc.humidity_target,0.8850
2026-08-08 21:36,fc.pid_output,0.3824
2026-08-08 21:36,fc.temperature,4.8822
2026-08-08 21:37,fc.humidifier_duty,0.4156
2026-08-08 21:37,fc.humidity,89.0024
2026-08-08 21:37,fc.humidity_target,0.8850
2026-08-08 21:37,fc.pid_output,0.4156
2026-08-08 21:37,fc.temperature,4.8947
2026-08-08 21:38,fc.humidifier_duty,0.4205
2026-08-08 21:38,fc.humidity,89.0501
2026-08-08 21:38,fc.humidity_target,0.8850
2026-08-08 21:38,fc.pid_output,0.4205
2026-08-08 21:38,fc.temperature,4.9011
2026-08-08 21:39,fc.humidifier_duty,0.4321
2026-08-08 21:39,fc.humidity,89.0822
2026-08-08 21:39,fc.humidity_target,0.8850
2026-08-08 21:39,fc.pid_output,0.4321
2026-08-08 21:39,fc.temperature,4.9078
2026-08-08 21:40,fc.humidifier_duty,0.4333
2026-08-08 21:40,fc.humidity,89.1445
2026-08-08 21:40,fc.humidity_target,0.8850
2026-08-08 21:40,fc.pid_output,0.4333
2026-08-08 21:40,fc.temperature,4.9192
2026-08-08 21:41,fc.humidifier_duty,0.4442
2026-08-08 21:41,fc.humidity,89.1637
2026-08-08 21:41,fc.humidity_target,0.8850
2026-08-08 21:41,fc.pid_output,0.4442
2026-08-08 21:41,fc.temperature,4.9248
2026-08-08 21:42,fc.humidifier_duty,0.4436
2026-08-08 21:42,fc.humidity,89.2254
2026-08-08 21:42,fc.humidity_target,0.8850
2026-08-08 21:42,fc.pid_output,0.4436
2026-08-08 21:42,fc.temperature,4.9297
2026-08-08 21:43,fc.humidifier_duty,0.4566
2026-08-08 21:43,fc.humidity,89.2365
2026-08-08 21:43,fc.humidity_target,0.8850
2026-08-08 21:43,fc.pid_output,0.4566
2026-08-08 21:43,fc.temperature,4.9362
2026-08-08 21:44,fc.humidifier_duty,0.4440
2026-08-08 21:44,fc.humidity,89.3673
2026-08-08 21:44,fc.humidity_target,0.8850
2026-08-08 21:44,fc.pid_output,0.4440
2026-08-08 21:44,fc.temperature,4.9441
2026-08-08 21:45,fc.humidifier_duty,0.4392
2026-08-08 21:45,fc.humidity,89.4394
2026-08-08 21:45,fc.humidity_target,0.8850
2026-08-08 21:45,fc.pid_output,0.4392
2026-08-08 21:45,fc.temperature,4.9458
2026-08-08 21:46,fc.humidifier_duty,0.4392
2026-08-08 21:46,fc.humidity,89.4896
2026-08-08 21:46,fc.humidity_target,0.8850
2026-08-08 21:46,fc.pid_output,0.4392
2026-08-08 21:46,fc.temperature,4.9489
2026-08-08 21:47,fc.humidifier_duty,0.4382
2026-08-08 21:47,fc.humidity,89.5404
2026-08-08 21:47,fc.humidity_target,0.8850
2026-08-08 21:47,fc.pid_output,0.4382
2026-08-08 21:47,fc.temperature,4.9494
2026-08-08 21:48,fc.humidifier_duty,0.4362
2026-08-08 21:48,fc.humidity,89.6055
2026-08-08 21:48,fc.humidity_target,0.8850
2026-08-08 21:48,fc.pid_output,0.4362
2026-08-08 21:48,fc.temperature,4.9462
2026-08-08 21:49,fc.humidifier_duty,0.4341
2026-08-08 21:49,fc.humidity,89.6511
2026-08-08 21:49,fc.humidity_target,0.8850
2026-08-08 21:49,fc.pid_output,0.4341
2026-08-08 21:49,fc.temperature,4.9471
2026-08-08 21:50,fc.humidifier_duty,0.4316
2026-08-08 21:50,fc.humidity,89.7184
2026-08-08 21:50,fc.humidity_target,0.8850
2026-08-08 21:50,fc.pid_output,0.4316
2026-08-08 21:50,fc.temperature,4.9477
2026-08-08 21:51,fc.humidifier_duty,0.4291
2026-08-08 21:51,fc.humidity,89.7809
2026-08-08 21:51,fc.humidity_target,0.8850
2026-08-08 21:51,fc.pid_output,0.4291
2026-08-08 21:51,fc.temperature,4.9409
2026-08-08 21:52,fc.humidifier_duty,0.4263
2026-08-08 21:52,fc.humidity,89.8678
2026-08-08 21:52,fc.humidity_target,0.8850
2026-08-08 21:52,fc.pid_output,0.4263
2026-08-08 21:52,fc.temperature,4.9382
2026-08-08 21:53,fc.humidifier_duty,0.4248
2026-08-08 21:53,fc.humidity,89.9402
2026-08-08 21:53,fc.humidity_target,0.8850
2026-08-08 21:53,fc.pid_output,0.4248
2026-08-08 21:53,fc.temperature,4.9373
2026-08-08 21:54,fc.humidifier_duty,0.4239
2026-08-08 21:54,fc.humidity,90.0024
2026-08-08 21:54,fc.humidity_target,0.8850
2026-08-08 21:54,fc.pid_output,0.4239
2026-08-08 21:54,fc.temperature,4.9349
2026-08-08 21:55,fc.humidifier_duty,0.4134
2026-08-08 21:55,fc.humidity,90.1140
2026-08-08 21:55,fc.humidity_target,0.8850
2026-08-08 21:55,fc.pid_output,0.4134
2026-08-08 21:55,fc.temperature,4.9307
2026-08-08 21:56,fc.humidifier_duty,0.3999
2026-08-08 21:56,fc.humidity,90.2398
2026-08-08 21:56,fc.humidity_target,0.8850
2026-08-08 21:56,fc.pid_output,0.4000
2026-08-08 21:56,fc.temperature,4.9258
2026-08-08 21:57,fc.humidifier_duty,0.3868
2026-08-08 21:57,fc.humidity,90.3747
2026-08-08 21:57,fc.humidity_target,0.8850
2026-08-08 21:57,fc.pid_output,0.3868
2026-08-08 21:57,fc.temperature,4.9197
2026-08-08 21:58,fc.humidifier_duty,0.3741
2026-08-08 21:58,fc.humidity,90.4772
2026-08-08 21:58,fc.humidity_target,0.8850
2026-08-08 21:58,fc.pid_output,0.3741
2026-08-08 21:58,fc.temperature,4.9116
2026-08-08 21:59,fc.humidifier_duty,0.3619
2026-08-08 21:59,fc.humidity,90.5910
2026-08-08 21:59,fc.humidity_target,0.8850
2026-08-08 21:59,fc.pid_output,0.3619
2026-08-08 21:59,fc.temperature,4.9100
2026-08-08 22:00,fc.humidifier_duty,0.3500
2026-08-08 22:00,fc.humidity,90.6903
2026-08-08 22:00,fc.humidity_target,0.8850
2026-08-08 22:00,fc.pid_output,0.3500
2026-08-08 22:00,fc.temperature,4.9021
2026-08-08 22:01,fc.humidifier_duty,0.3385
2026-08-08 22:01,fc.humidity,90.8019
2026-08-08 22:01,fc.humidity_target,0.8850
2026-08-08 22:01,fc.pid_output,0.3385
2026-08-08 22:01,fc.temperature,4.8938
2026-08-08 22:02,fc.humidifier_duty,0.3274
2026-08-08 22:02,fc.humidity,90.8948
2026-08-08 22:02,fc.humidity_target,0.8850
2026-08-08 22:02,fc.pid_output,0.3274
2026-08-08 22:02,fc.temperature,4.8843
2026-08-08 22:03,fc.humidifier_duty,0.3167
2026-08-08 22:03,fc.humidity,90.9683
2026-08-08 22:03,fc.humidity_target,0.8850
2026-08-08 22:03,fc.pid_output,0.3167
2026-08-08 22:03,fc.temperature,4.8746
2026-08-08 22:04,fc.humidifier_duty,0.3063
2026-08-08 22:04,fc.humidity,91.0205
2026-08-08 22:04,fc.humidity_target,0.8850
2026-08-08 22:04,fc.pid_output,0.3063
2026-08-08 22:04,fc.temperature,4.8669
2026-08-08 22:05,fc.humidifier_duty,0.2963
2026-08-08 22:05,fc.humidity,91.0738
2026-08-08 22:05,fc.humidity_target,0.8850
2026-08-08 22:05,fc.pid_output,0.2963
2026-08-08 22:05,fc.temperature,4.8553
2026-08-08 22:06,fc.humidifier_duty,0.2866
2026-08-08 22:06,fc.humidity,91.1205
2026-08-08 22:06,fc.humidity_target,0.8850
2026-08-08 22:06,fc.pid_output,0.2866
2026-08-08 22:06,fc.temperature,4.8525
2026-08-08 22:07,fc.humidifier_duty,0.2772
2026-08-08 22:07,fc.humidity,91.1598
2026-08-08 22:07,fc.humidity_target,0.8850
2026-08-08 22:07,fc.pid_output,0.2772
2026-08-08 22:07,fc.temperature,4.8404
2026-08-08 22:08,fc.humidifier_duty,0.2681
2026-08-08 22:08,fc.humidity,91.1803
2026-08-08 22:08,fc.humidity_target,0.8850
2026-08-08 22:08,fc.pid_output,0.2681
2026-08-08 22:08,fc.temperature,4.8350
2026-08-08 22:09,fc.humidifier_duty,0.2593
2026-08-08 22:09,fc.humidity,91.2150
2026-08-08 22:09,fc.humidity_target,0.8850
2026-08-08 22:09,fc.pid_output,0.2593
2026-08-08 22:09,fc.temperature,4.8227
2026-08-08 22:10,fc.humidifier_duty,0.2508
2026-08-08 22:10,fc.humidity,91.2272
2026-08-08 22:10,fc.humidity_target,0.8850
2026-08-08 22:10,fc.pid_output,0.2508
2026-08-08 22:10,fc.temperature,4.8255
2026-08-08 22:11,fc.humidifier_duty,0.2426
2026-08-08 22:11,fc.humidity,91.2119
2026-08-08 22:11,fc.humidity_target,0.8850
2026-08-08 22:11,fc.pid_output,0.2426
2026-08-08 22:11,fc.temperature,4.8129
2026-08-08 22:12,fc.humidifier_duty,0.2346
2026-08-08 22:12,fc.humidity,91.1872
2026-08-08 22:12,fc.humidity_target,0.8850
2026-08-08 22:12,fc.pid_output,0.2346
2026-08-08 22:12,fc.temperature,4.8088
2026-08-08 22:13,fc.humidifier_duty,0.2269
2026-08-08 22:13,fc.humidity,91.1657
2026-08-08 22:13,fc.humidity_target,0.8850
2026-08-08 22:13,fc.pid_output,0.2269
2026-08-08 22:13,fc.temperature,4.7974
2026-08-08 22:14,fc.humidifier_duty,0.2195
2026-08-08 22:14,fc.humidity,91.1220
2026-08-08 22:14,fc.humidity_target,0.8850
2026-08-08 22:14,fc.pid_output,0.2195
2026-08-08 22:14,fc.temperature,4.7934
2026-08-08 22:15,fc.humidifier_duty,0.2123
2026-08-08 22:15,fc.humidity,91.0905
2026-08-08 22:15,fc.humidity_target,0.8850
2026-08-08 22:15,fc.pid_output,0.2123
2026-08-08 22:15,fc.temperature,4.7853
2026-08-08 22:16,fc.humidifier_duty,0.2053
2026-08-08 22:16,fc.humidity,91.0716
2026-08-08 22:16,fc.humidity_target,0.8850
2026-08-08 22:16,fc.pid_output,0.2053
2026-08-08 22:16,fc.temperature,4.7807
2026-08-08 22:17,fc.humidifier_duty,0.1986
2026-08-08 22:17,fc.humidity,91.0759
2026-08-08 22:17,fc.humidity_target,0.8850
2026-08-08 22:17,fc.pid_output,0.1986
2026-08-08 22:17,fc.temperature,4.7775
2026-08-08 22:18,fc.humidifier_duty,0.1921
2026-08-08 22:18,fc.humidity,91.0657
2026-08-08 22:18,fc.humidity_target,0.8850
2026-08-08 22:18,fc.pid_output,0.1921
2026-08-08 22:18,fc.temperature,4.7740
2026-08-08 22:19,fc.humidifier_duty,0.1858
2026-08-08 22:19,fc.humidity,91.0257
2026-08-08 22:19,fc.humidity_target,0.8850
2026-08-08 22:19,fc.pid_output,0.1858
2026-08-08 22:19,fc.temperature,4.7629
2026-08-08 22:20,fc.humidifier_duty,0.1797
2026-08-08 22:20,fc.humidity,91.0101
2026-08-08 22:20,fc.humidity_target,0.8850
2026-08-08 22:20,fc.pid_output,0.1797
2026-08-08 22:20,fc.temperature,4.7631
2026-08-08 22:21,fc.humidifier_duty,0.1738
2026-08-08 22:21,fc.humidity,90.9820
2026-08-08 22:21,fc.humidity_target,0.8850
2026-08-08 22:21,fc.pid_output,0.1738
2026-08-08 22:21,fc.temperature,4.7598
2026-08-08 22:22,fc.humidifier_duty,0.1681
2026-08-08 22:22,fc.humidity,90.9355
2026-08-08 22:22,fc.humidity_target,0.8850
2026-08-08 22:22,fc.pid_output,0.1681
2026-08-08 22:22,fc.temperature,4.7602
2026-08-08 22:23,fc.humidifier_duty,0.1626
2026-08-08 22:23,fc.humidity,90.8972
2026-08-08 22:23,fc.humidity_target,0.8850
2026-08-08 22:23,fc.pid_output,0.1626
2026-08-08 22:23,fc.temperature,4.7529
2026-08-08 22:24,fc.humidifier_duty,0.1573
2026-08-08 22:24,fc.humidity,90.8621
2026-08-08 22:24,fc.humidity_target,0.8850
2026-08-08 22:24,fc.pid_output,0.1572
2026-08-08 22:24,fc.temperature,4.7471
2026-08-08 22:25,fc.humidifier_duty,0.1521
2026-08-08 22:25,fc.humidity,90.8335
2026-08-08 22:25,fc.humidity_target,0.8850
2026-08-08 22:25,fc.pid_output,0.1521
2026-08-08 22:25,fc.temperature,4.7442
2026-08-08 22:26,fc.humidifier_duty,0.1471
2026-08-08 22:26,fc.humidity,90.7975
2026-08-08 22:26,fc.humidity_target,0.8850
2026-08-08 22:26,fc.pid_output,0.1471
2026-08-08 22:26,fc.temperature,4.7425
2026-08-08 22:27,fc.humidifier_duty,0.1423
2026-08-08 22:27,fc.humidity,90.7591
2026-08-08 22:27,fc.humidity_target,0.8850
2026-08-08 22:27,fc.pid_output,0.1423
2026-08-08 22:27,fc.temperature,4.7383
2026-08-08 22:28,fc.humidifier_duty,0.1376
2026-08-08 22:28,fc.humidity,90.7007
2026-08-08 22:28,fc.humidity_target,0.8850
2026-08-08 22:28,fc.pid_output,0.1376
2026-08-08 22:28,fc.temperature,4.7343
2026-08-08 22:29,fc.humidifier_duty,0.1331
2026-08-08 22:29,fc.humidity,90.6636
2026-08-08 22:29,fc.humidity_target,0.8850
2026-08-08 22:29,fc.pid_output,0.1331
2026-08-08 22:29,fc.temperature,4.7218
2026-08-08 22:30,fc.humidifier_duty,0.1288
2026-08-08 22:30,fc.humidity,90.6020
2026-08-08 22:30,fc.humidity_target,0.8850
2026-08-08 22:30,fc.pid_output,0.1288
2026-08-08 22:30,fc.temperature,4.7193
2026-08-08 22:31,fc.humidifier_duty,0.1245
2026-08-08 22:31,fc.humidity,90.5602
2026-08-08 22:31,fc.humidity_target,0.8850
2026-08-08 22:31,fc.pid_output,0.1245
2026-08-08 22:31,fc.temperature,4.7074
2026-08-08 22:32,fc.humidifier_duty,0.1205
2026-08-08 22:32,fc.humidity,90.4942
2026-08-08 22:32,fc.humidity_target,0.8850
2026-08-08 22:32,fc.pid_output,0.1205
2026-08-08 22:32,fc.temperature,4.7040
2026-08-08 22:33,fc.humidifier_duty,0.1165
2026-08-08 22:33,fc.humidity,90.4209
2026-08-08 22:33,fc.humidity_target,0.8850
2026-08-08 22:33,fc.pid_output,0.1166
2026-08-08 22:33,fc.temperature,4.6977
2026-08-08 22:34,fc.humidifier_duty,0.1127
2026-08-08 22:34,fc.humidity,90.3619
2026-08-08 22:34,fc.humidity_target,0.8850
2026-08-08 22:34,fc.pid_output,0.1127
2026-08-08 22:34,fc.temperature,4.6927
2026-08-08 22:35,fc.humidifier_duty,0.1090
2026-08-08 22:35,fc.humidity,90.3085
2026-08-08 22:35,fc.humidity_target,0.8850
2026-08-08 22:35,fc.pid_output,0.1090
2026-08-08 22:35,fc.temperature,4.6883
2026-08-08 22:36,fc.humidifier_duty,0.1054
2026-08-08 22:36,fc.humidity,90.2246
2026-08-08 22:36,fc.humidity_target,0.8850
2026-08-08 22:36,fc.pid_output,0.1054
2026-08-08 22:36,fc.temperature,4.6811
2026-08-08 22:37,fc.humidifier_duty,0.1020
2026-08-08 22:37,fc.humidity,90.1042
2026-08-08 22:37,fc.humidity_target,0.8850
2026-08-08 22:37,fc.pid_output,0.1019
2026-08-08 22:37,fc.temperature,4.6795
2026-08-08 22:38,fc.humidifier_duty,0.0986
2026-08-08 22:38,fc.humidity,90.0607
2026-08-08 22:38,fc.humidity_target,0.8850
2026-08-08 22:38,fc.pid_output,0.0986
2026-08-08 22:38,fc.temperature,4.6820
2026-08-08 22:39,fc.humidifier_duty,0.0960
2026-08-08 22:39,fc.humidity,89.9825
2026-08-08 22:39,fc.humidity_target,0.8850
2026-08-08 22:39,fc.pid_output,0.0960
2026-08-08 22:39,fc.temperature,4.6794
2026-08-08 22:40,fc.humidifier_duty,0.0975
2026-08-08 22:40,fc.humidity,89.8837
2026-08-08 22:40,fc.humidity_target,0.8850
2026-08-08 22:40,fc.pid_output,0.0975
2026-08-08 22:40,fc.temperature,4.6866
2026-08-08 22:41,fc.humidifier_duty,0.0977
2026-08-08 22:41,fc.humidity,89.8885
2026-08-08 22:41,fc.humidity_target,0.8850
2026-08-08 22:41,fc.pid_output,0.0977
2026-08-08 22:41,fc.temperature,4.6905
2026-08-08 22:42,fc.humidifier_duty,0.0966
2026-08-08 22:42,fc.humidity,89.9391
2026-08-08 22:42,fc.humidity_target,0.8850
2026-08-08 22:42,fc.pid_output,0.0966
2026-08-08 22:42,fc.temperature,4.7012
2026-08-08 22:43,fc.humidifier_duty,0.0968
2026-08-08 22:43,fc.humidity,89.9289
2026-08-08 22:43,fc.humidity_target,0.8850
2026-08-08 22:43,fc.pid_output,0.0969
2026-08-08 22:43,fc.temperature,4.7157
2026-08-08 22:44,fc.humidifier_duty,0.0973
2026-08-08 22:44,fc.humidity,89.9170
2026-08-08 22:44,fc.humidity_target,0.8850
2026-08-08 22:44,fc.pid_output,0.0973
2026-08-08 22:44,fc.temperature,4.7260
2026-08-08 22:45,fc.humidifier_duty,0.0969
2026-08-08 22:45,fc.humidity,89.9458
2026-08-08 22:45,fc.humidity_target,0.8850
2026-08-08 22:45,fc.pid_output,0.0969
2026-08-08 22:45,fc.temperature,4.7385
2026-08-08 22:46,fc.humidifier_duty,0.0966
2026-08-08 22:46,fc.humidity,89.9704
2026-08-08 22:46,fc.humidity_target,0.8850
2026-08-08 22:46,fc.pid_output,0.0966
2026-08-08 22:46,fc.temperature,4.7562
2026-08-08 22:47,fc.humidifier_duty,0.0968
2026-08-08 22:47,fc.humidity,89.9663
2026-08-08 22:47,fc.humidity_target,0.8850
2026-08-08 22:47,fc.pid_output,0.0968
2026-08-08 22:47,fc.temperature,4.7699
2026-08-08 22:48,fc.humidifier_duty,0.0966
2026-08-08 22:48,fc.humidity,89.9793
2026-08-08 22:48,fc.humidity_target,0.8850
2026-08-08 22:48,fc.pid_output,0.0966
2026-08-08 22:48,fc.temperature,4.7807
2026-08-08 22:49,fc.humidifier_duty,0.0970
2026-08-08 22:49,fc.humidity,89.9398
2026-08-08 22:49,fc.humidity_target,0.8850
2026-08-08 22:49,fc.pid_output,0.0970
2026-08-08 22:49,fc.temperature,4.7935
2026-08-08 22:50,fc.humidifier_duty,0.0990
2026-08-08 22:50,fc.humidity,89.8683
2026-08-08 22:50,fc.humidity_target,0.8850
2026-08-08 22:50,fc.pid_output,0.0990
2026-08-08 22:50,fc.temperature,4.8035
2026-08-08 22:51,fc.humidifier_duty,0.1015
2026-08-08 22:51,fc.humidity,89.8154
2026-08-08 22:51,fc.humidity_target,0.8850
2026-08-08 22:51,fc.pid_output,0.1016
2026-08-08 22:51,fc.temperature,4.8132
2026-08-08 22:52,fc.humidifier_duty,0.1072
2026-08-08 22:52,fc.humidity,89.7280
2026-08-08 22:52,fc.humidity_target,0.8850
2026-08-08 22:52,fc.pid_output,0.1072
2026-08-08 22:52,fc.temperature,4.8193
2026-08-08 22:53,fc.humidifier_duty,0.1184
2026-08-08 22:53,fc.humidity,89.6155
2026-08-08 22:53,fc.humidity_target,0.8850
2026-08-08 22:53,fc.pid_output,0.1183
2026-08-08 22:53,fc.temperature,4.8220
2026-08-08 22:54,fc.humidifier_duty,0.1283
2026-08-08 22:54,fc.humidity,89.5516
2026-08-08 22:54,fc.humidity_target,0.8850
2026-08-08 22:54,fc.pid_output,0.1283
2026-08-08 22:54,fc.temperature,4.8296
2026-08-08 22:55,fc.humidifier_duty,0.1382
2026-08-08 22:55,fc.humidity,89.5032
2026-08-08 22:55,fc.humidity_target,0.8850
2026-08-08 22:55,fc.pid_output,0.1382
2026-08-08 22:55,fc.temperature,4.8286
2026-08-08 22:56,fc.humidifier_duty,0.1480
2026-08-08 22:56,fc.humidity,89.4655
2026-08-08 22:56,fc.humidity_target,0.8850
2026-08-08 22:56,fc.pid_output,0.1480
2026-08-08 22:56,fc.temperature,4.8319
2026-08-08 22:57,fc.humidifier_duty,0.1492
2026-08-08 22:57,fc.humidity,89.5025
2026-08-08 22:57,fc.humidity_target,0.8850
2026-08-08 22:57,fc.pid_output,0.1492
2026-08-08 22:57,fc.temperature,4.8346
2026-08-08 22:58,fc.humidifier_duty,0.1442
2026-08-08 22:58,fc.humidity,89.5784
2026-08-08 22:58,fc.humidity_target,0.8850
2026-08-08 22:58,fc.pid_output,0.1442
2026-08-08 22:58,fc.temperature,4.8328
2026-08-08 22:59,fc.humidifier_duty,0.1426
2026-08-08 22:59,fc.humidity,89.6253
2026-08-08 22:59,fc.humidity_target,0.8850
2026-08-08 22:59,fc.pid_output,0.1426
2026-08-08 22:59,fc.temperature,4.8315
2026-08-08 23:00,fc.humidifier_duty,0.1455
2026-08-08 23:00,fc.humidity,89.6302
2026-08-08 23:00,fc.humidity_target,0.8850
2026-08-08 23:00,fc.pid_output,0.1455
2026-08-08 23:00,fc.temperature,4.8328
2026-08-08 23:01,fc.humidifier_duty,0.1466
2026-08-08 23:01,fc.humidity,89.6475
2026-08-08 23:01,fc.humidity_target,0.8850
2026-08-08 23:01,fc.pid_output,0.1466
2026-08-08 23:01,fc.temperature,4.8340
2026-08-08 23:02,fc.humidifier_duty,0.1485
2026-08-08 23:02,fc.humidity,89.6557
2026-08-08 23:02,fc.humidity_target,0.8850
2026-08-08 23:02,fc.pid_output,0.1485
2026-08-08 23:02,fc.temperature,4.8297
2026-08-08 23:03,fc.humidifier_duty,0.1501
2026-08-08 23:03,fc.humidity,89.6637
2026-08-08 23:03,fc.humidity_target,0.8850
2026-08-08 23:03,fc.pid_output,0.1500
2026-08-08 23:03,fc.temperature,4.8318
2026-08-08 23:04,fc.humidifier_duty,0.1529
2026-08-08 23:04,fc.humidity,89.6619
2026-08-08 23:04,fc.humidity_target,0.8850
2026-08-08 23:04,fc.pid_output,0.1529
2026-08-08 23:04,fc.temperature,4.8278
2026-08-08 23:05,fc.humidifier_duty,0.1563
2026-08-08 23:05,fc.humidity,89.6457
2026-08-08 23:05,fc.humidity_target,0.8850
2026-08-08 23:05,fc.pid_output,0.1563
2026-08-08 23:05,fc.temperature,4.8263
2026-08-08 23:06,fc.humidifier_duty,0.1611
2026-08-08 23:06,fc.humidity,89.6235
2026-08-08 23:06,fc.humidity_target,0.8850
2026-08-08 23:06,fc.pid_output,0.1611
2026-08-08 23:06,fc.temperature,4.8214
2026-08-08 23:07,fc.humidifier_duty,0.1660
2026-08-08 23:07,fc.humidity,89.5990
2026-08-08 23:07,fc.humidity_target,0.8850
2026-08-08 23:07,fc.pid_output,0.1660
2026-08-08 23:07,fc.temperature,4.8161
2026-08-08 23:08,fc.humidifier_duty,0.1723
2026-08-08 23:08,fc.humidity,89.5754
2026-08-08 23:08,fc.humidity_target,0.8850
2026-08-08 23:08,fc.pid_output,0.1723
2026-08-08 23:08,fc.temperature,4.8185
2026-08-08 23:09,fc.humidifier_duty,0.1760
2026-08-08 23:09,fc.humidity,89.5719
2026-08-08 23:09,fc.humidity_target,0.8850
2026-08-08 23:09,fc.pid_output,0.1760
2026-08-08 23:09,fc.temperature,4.8169
2026-08-08 23:10,fc.humidifier_duty,0.1846
2026-08-08 23:10,fc.humidity,89.5254
2026-08-08 23:10,fc.humidity_target,0.8850
2026-08-08 23:10,fc.pid_output,0.1847
2026-08-08 23:10,fc.temperature,4.8157
2026-08-08 23:11,fc.humidifier_duty,0.2030
2026-08-08 23:11,fc.humidity,89.4275
2026-08-08 23:11,fc.humidity_target,0.8850
2026-08-08 23:11,fc.pid_output,0.2030
2026-08-08 23:11,fc.temperature,4.8145
2026-08-08 23:12,fc.humidifier_duty,0.2224
2026-08-08 23:12,fc.humidity,89.3502
2026-08-08 23:12,fc.humidity_target,0.8850
2026-08-08 23:12,fc.pid_output,0.2221
2026-08-08 23:12,fc.temperature,4.8076
2026-08-08 23:13,fc.humidifier_duty,0.2416
2026-08-08 23:13,fc.humidity,89.2888
2026-08-08 23:13,fc.humidity_target,0.8850
2026-08-08 23:13,fc.pid_output,0.2415
2026-08-08 23:13,fc.temperature,4.8064
2026-08-08 23:14,fc.humidifier_duty,0.2601
2026-08-08 23:14,fc.humidity,89.2429
2026-08-08 23:14,fc.humidity_target,0.8850
2026-08-08 23:14,fc.pid_output,0.2602
2026-08-08 23:14,fc.temperature,4.7992
2026-08-08 23:15,fc.humidifier_duty,0.2731
2026-08-08 23:15,fc.humidity,89.2391
2026-08-08 23:15,fc.humidity_target,0.8850
2026-08-08 23:15,fc.pid_output,0.2730
2026-08-08 23:15,fc.temperature,4.7979
2026-08-08 23:16,fc.humidifier_duty,0.2793
2026-08-08 23:16,fc.humidity,89.2591
2026-08-08 23:16,fc.humidity_target,0.8850
2026-08-08 23:16,fc.pid_output,0.2795
2026-08-08 23:16,fc.temperature,4.7922
2026-08-08 23:17,fc.humidifier_duty,0.2869
2026-08-08 23:17,fc.humidity,89.2775
2026-08-08 23:17,fc.humidity_target,0.8850
2026-08-08 23:17,fc.pid_output,0.2870
2026-08-08 23:17,fc.temperature,4.7903
2026-08-08 23:18,fc.humidifier_duty,0.2896
2026-08-08 23:18,fc.humidity,89.3174
2026-08-08 23:18,fc.humidity_target,0.8850
2026-08-08 23:18,fc.pid_output,0.2896
2026-08-08 23:18,fc.temperature,4.7884
2026-08-08 23:19,fc.humidifier_duty,0.3013
2026-08-08 23:19,fc.humidity,89.3037
2026-08-08 23:19,fc.humidity_target,0.8850
2026-08-08 23:19,fc.pid_output,0.3009
2026-08-08 23:19,fc.temperature,4.7812
2026-08-08 23:20,fc.humidifier_duty,0.3119
2026-08-08 23:20,fc.humidity,89.3085
2026-08-08 23:20,fc.humidity_target,0.8850
2026-08-08 23:20,fc.pid_output,0.3118
2026-08-08 23:20,fc.temperature,4.7780
2026-08-08 23:21,fc.humidifier_duty,0.3202
2026-08-08 23:21,fc.humidity,89.3064
2026-08-08 23:21,fc.humidity_target,0.8850
2026-08-08 23:21,fc.pid_output,0.3201
2026-08-08 23:21,fc.temperature,4.7705
2026-08-08 23:22,fc.humidifier_duty,0.3266
2026-08-08 23:22,fc.humidity,89.3288
2026-08-08 23:22,fc.humidity_target,0.8850
2026-08-08 23:22,fc.pid_output,0.3266
2026-08-08 23:22,fc.temperature,4.7671
2026-08-08 23:23,fc.humidifier_duty,0.3290
2026-08-08 23:23,fc.humidity,89.3670
2026-08-08 23:23,fc.humidity_target,0.8850
2026-08-08 23:23,fc.pid_output,0.3289
2026-08-08 23:23,fc.temperature,4.7684
2026-08-08 23:24,fc.humidifier_duty,0.3335
2026-08-08 23:24,fc.humidity,89.3875
2026-08-08 23:24,fc.humidity_target,0.8850
2026-08-08 23:24,fc.pid_output,0.3334
2026-08-08 23:24,fc.temperature,4.7681
2026-08-08 23:25,fc.humidifier_duty,0.3374
2026-08-08 23:25,fc.humidity,89.4101
2026-08-08 23:25,fc.humidity_target,0.8850
2026-08-08 23:25,fc.pid_output,0.3374
2026-08-08 23:25,fc.temperature,4.7597
2026-08-08 23:26,fc.humidifier_duty,0.3417
2026-08-08 23:26,fc.humidity,89.4295
2026-08-08 23:26,fc.humidity_target,0.8850
2026-08-08 23:26,fc.pid_output,0.3417
2026-08-08 23:26,fc.temperature,4.7581
2026-08-08 23:27,fc.humidifier_duty,0.3419
2026-08-08 23:27,fc.humidity,89.4722
2026-08-08 23:27,fc.humidity_target,0.8850
2026-08-08 23:27,fc.pid_output,0.3418
2026-08-08 23:27,fc.temperature,4.7553
2026-08-08 23:28,fc.humidifier_duty,0.3454
2026-08-08 23:28,fc.humidity,89.4850
2026-08-08 23:28,fc.humidity_target,0.8850
2026-08-08 23:28,fc.pid_output,0.3453
2026-08-08 23:28,fc.temperature,4.7512
2026-08-08 23:29,fc.humidifier_duty,0.3492
2026-08-08 23:29,fc.humidity,89.5013
2026-08-08 23:29,fc.humidity_target,0.8850
2026-08-08 23:29,fc.pid_output,0.3492
2026-08-08 23:29,fc.temperature,4.7485
2026-08-08 23:30,fc.humidifier_duty,0.3547
2026-08-08 23:30,fc.humidity,89.4953
2026-08-08 23:30,fc.humidity_target,0.8850
2026-08-08 23:30,fc.pid_output,0.3546
2026-08-08 23:30,fc.temperature,4.7417
2026-08-08 23:31,fc.humidifier_duty,0.3697
2026-08-08 23:31,fc.humidity,89.4259
2026-08-08 23:31,fc.humidity_target,0.8850
2026-08-08 23:31,fc.pid_output,0.3696
2026-08-08 23:31,fc.temperature,4.7387
2026-08-08 23:32,fc.humidifier_duty,0.3844
2026-08-08 23:32,fc.humidity,89.3749
2026-08-08 23:32,fc.humidity_target,0.8850
2026-08-08 23:32,fc.pid_output,0.3843
2026-08-08 23:32,fc.temperature,4.7328
2026-08-08 23:33,fc.humidifier_duty,0.4057
2026-08-08 23:33,fc.humidity,89.3066
2026-08-08 23:33,fc.humidity_target,0.8850
2026-08-08 23:33,fc.pid_output,0.4057
2026-08-08 23:33,fc.temperature,4.7350
2026-08-08 23:34,fc.humidifier_duty,0.4001
2026-08-08 23:34,fc.humidity,89.3855
2026-08-08 23:34,fc.humidity_target,0.8850
2026-08-08 23:34,fc.pid_output,0.4000
2026-08-08 23:34,fc.temperature,4.7306
2026-08-08 23:35,fc.humidifier_duty,0.4104
2026-08-08 23:35,fc.humidity,89.3668
2026-08-08 23:35,fc.humidity_target,0.8850
2026-08-08 23:35,fc.pid_output,0.4104
2026-08-08 23:35,fc.temperature,4.7355
2026-08-08 23:36,fc.humidifier_duty,0.4054
2026-08-08 23:36,fc.humidity,89.4587
2026-08-08 23:36,fc.humidity_target,0.8850
2026-08-08 23:36,fc.pid_output,0.4055
2026-08-08 23:36,fc.temperature,4.7399
2026-08-08 23:37,fc.humidifier_duty,0.3998
2026-08-08 23:37,fc.humidity,89.5362
2026-08-08 23:37,fc.humidity_target,0.8850
2026-08-08 23:37,fc.pid_output,0.3998
2026-08-08 23:37,fc.temperature,4.7417
2026-08-08 23:38,fc.humidifier_duty,0.3996
2026-08-08 23:38,fc.humidity,89.5872
2026-08-08 23:38,fc.humidity_target,0.8850
2026-08-08 23:38,fc.pid_output,0.3996
2026-08-08 23:38,fc.temperature,4.7795
2026-08-08 23:39,fc.humidifier_duty,0.3904
2026-08-08 23:39,fc.humidity,89.7053
2026-08-08 23:39,fc.humidity_target,0.8850
2026-08-08 23:39,fc.pid_output,0.3904
2026-08-08 23:39,fc.temperature,4.7585
2026-08-08 23:40,fc.humidifier_duty,0.3908
2026-08-08 23:40,fc.humidity,89.7427
2026-08-08 23:40,fc.humidity_target,0.8850
2026-08-08 23:40,fc.pid_output,0.3908
2026-08-08 23:40,fc.temperature,4.7586
2026-08-08 23:41,fc.humidifier_duty,0.5910
2026-08-08 23:41,fc.humidity,89.0371
2026-08-08 23:41,fc.humidity_target,0.8850
2026-08-08 23:41,fc.pid_output,0.5874
2026-08-08 23:41,fc.temperature,5.0920
2026-08-08 23:42,fc.humidifier_duty,0.7793
2026-08-08 23:42,fc.humidity,88.2867
2026-08-08 23:42,fc.humidity_target,0.8850
2026-08-08 23:42,fc.pid_output,0.7799
2026-08-08 23:42,fc.temperature,5.1794
2026-08-08 23:43,fc.humidifier_duty,0.4817
2026-08-08 23:43,fc.humidity,89.6213
2026-08-08 23:43,fc.humidity_target,0.8850
2026-08-08 23:43,fc.pid_output,0.4828
2026-08-08 23:43,fc.temperature,4.8191
2026-08-08 23:44,fc.humidifier_duty,0.4681
2026-08-08 23:44,fc.humidity,89.9455
2026-08-08 23:44,fc.humidity_target,0.8850
2026-08-08 23:44,fc.pid_output,0.4679
2026-08-08 23:44,fc.temperature,4.7922
2026-08-08 23:45,fc.humidifier_duty,0.4667
2026-08-08 23:45,fc.humidity,90.0460
2026-08-08 23:45,fc.humidity_target,0.8850
2026-08-08 23:45,fc.pid_output,0.4667
2026-08-08 23:45,fc.temperature,4.7861
2026-08-08 23:46,fc.humidifier_duty,0.4546
2026-08-08 23:46,fc.humidity,90.0732
2026-08-08 23:46,fc.humidity_target,0.8850
2026-08-08 23:46,fc.pid_output,0.4547
2026-08-08 23:46,fc.temperature,4.7731
2026-08-08 23:47,fc.humidifier_duty,0.4410
2026-08-08 23:47,fc.humidity,90.1009
2026-08-08 23:47,fc.humidity_target,0.8850
2026-08-08 23:47,fc.pid_output,0.4409
2026-08-08 23:47,fc.temperature,4.7712
2026-08-08 23:48,fc.humidifier_duty,0.4270
2026-08-08 23:48,fc.humidity,90.1740
2026-08-08 23:48,fc.humidity_target,0.8850
2026-08-08 23:48,fc.pid_output,0.4269
2026-08-08 23:48,fc.temperature,4.7642
2026-08-08 23:49,fc.humidifier_duty,0.4131
2026-08-08 23:49,fc.humidity,90.2570
2026-08-08 23:49,fc.humidity_target,0.8850
2026-08-08 23:49,fc.pid_output,0.4131
2026-08-08 23:49,fc.temperature,4.7597
2026-08-08 23:50,fc.humidifier_duty,0.3996
2026-08-08 23:50,fc.humidity,90.2996
2026-08-08 23:50,fc.humidity_target,0.8850
2026-08-08 23:50,fc.pid_output,0.3997
2026-08-08 23:50,fc.temperature,4.7451
2026-08-08 23:51,fc.humidifier_duty,0.3866
2026-08-08 23:51,fc.humidity,90.3949
2026-08-08 23:51,fc.humidity_target,0.8850
2026-08-08 23:51,fc.pid_output,0.3865
2026-08-08 23:51,fc.temperature,4.7387
2026-08-08 23:52,fc.humidifier_duty,0.3739
2026-08-08 23:52,fc.humidity,90.4471
2026-08-08 23:52,fc.humidity_target,0.8850
2026-08-08 23:52,fc.pid_output,0.3739
2026-08-08 23:52,fc.temperature,4.7352
2026-08-08 23:53,fc.humidifier_duty,0.3616
2026-08-08 23:53,fc.humidity,90.5010
2026-08-08 23:53,fc.humidity_target,0.8850
2026-08-08 23:53,fc.pid_output,0.3616
2026-08-08 23:53,fc.temperature,4.7247
2026-08-08 23:54,fc.humidifier_duty,0.3498
2026-08-08 23:54,fc.humidity,90.5504
2026-08-08 23:54,fc.humidity_target,0.8850
2026-08-08 23:54,fc.pid_output,0.3498
2026-08-08 23:54,fc.temperature,4.7150
2026-08-08 23:55,fc.humidifier_duty,0.3383
2026-08-08 23:55,fc.humidity,90.6240
2026-08-08 23:55,fc.humidity_target,0.8850
2026-08-08 23:55,fc.pid_output,0.3383
2026-08-08 23:55,fc.temperature,4.7057
2026-08-08 23:56,fc.humidifier_duty,0.3272
2026-08-08 23:56,fc.humidity,90.6766
2026-08-08 23:56,fc.humidity_target,0.8850
2026-08-08 23:56,fc.pid_output,0.3273
2026-08-08 23:56,fc.temperature,4.6938
2026-08-08 23:57,fc.humidifier_duty,0.3165
2026-08-08 23:57,fc.humidity,90.7562
2026-08-08 23:57,fc.humidity_target,0.8850
2026-08-08 23:57,fc.pid_output,0.3165
2026-08-08 23:57,fc.temperature,4.6881
2026-08-08 23:58,fc.humidifier_duty,0.3061
2026-08-08 23:58,fc.humidity,90.8655
2026-08-08 23:58,fc.humidity_target,0.8850
2026-08-08 23:58,fc.pid_output,0.3062
2026-08-08 23:58,fc.temperature,4.6807
2026-08-08 23:59,fc.humidifier_duty,0.2961
2026-08-08 23:59,fc.humidity,90.9382
2026-08-08 23:59,fc.humidity_target,0.8850
2026-08-08 23:59,fc.pid_output,0.2961
2026-08-08 23:59,fc.temperature,4.6721
2026-08-09 00:00,fc.humidifier_duty,0.2864
2026-08-09 00:00,fc.humidity,91.0050
2026-08-09 00:00,fc.humidity_target,0.8850
2026-08-09 00:00,fc.pid_output,0.2864
2026-08-09 00:00,fc.temperature,4.6628
2026-08-09 00:01,fc.humidifier_duty,0.2770
2026-08-09 00:01,fc.humidity,91.0677
2026-08-09 00:01,fc.humidity_target,0.8850
2026-08-09 00:01,fc.pid_output,0.2769
2026-08-09 00:01,fc.temperature,4.6532
2026-08-09 00:02,fc.humidifier_duty,0.2693
2026-08-09 00:02,fc.humidity,91.1140
2026-08-09 00:02,fc.humidity_target,0.8850
2026-08-09 00:02,fc.pid_output,0.2692
2026-08-09 00:02,fc.temperature,4.6466
